reward_id,spin_id,slot_index,timestamp,reward_type,raw_ocr,normalized_text,classification_confidence,rarity,card_color,credits_value,year,manufacturer,model,display_name,pi_class,pi,forza_edition,wheelspin_exclusive,protected,duplicate,decision,decision_confidence,action_attempted,action_verified,sell_value_if_known,full_screen_path,slot_crop_path,duplicate_dialog_path,association_confidence
6,20260919_023755_1d4d8f4f:000002,3,2026-09-18T17:38:08.128+00:00,CAR,Sux 510,sux 510,0.55,,NEUTRAL,,,,DATSUN 510,DATSUN 510,,,,0,0,1,SELL,1.0,SELL,1,43000,wheelspin_lab/20260919_023755_1d4d8f4f/spin_000002/full.png,wheelspin_lab/20260919_023755_1d4d8f4f/spin_000002/slot_3.png,wheelspin_lab/20260919_023755_1d4d8f4f/20260919_023755_1d4d8f4f_000002/duplicate_023808_543421.png,1.0
10,20260919_023755_1d4d8f4f:000004,1,2026-09-18T17:38:20.650+00:00,CAR,2001 RS 4 Avant,2001 rs 4 avant,0.78,,NEUTRAL,,2001,RS,4 AVANT,AUDI RS 4 01,,,0,0,0,1,SELL,1.0,SELL,1,87500,wheelspin_lab/20260919_023755_1d4d8f4f/spin_000004/full.png,wheelspin_lab/20260919_023755_1d4d8f4f/spin_000004/slot_1.png,wheelspin_lab/20260919_023755_1d4d8f4f/20260919_023755_1d4d8f4f_000004/duplicate_023821_072639.png,1.0
14,20260919_023755_1d4d8f4f:000005,2,2026-09-18T17:38:28.187+00:00,CAR,Silvia K's,silvia k s,0.55,,OTHER,,,,SILVIA 94,SILVIA 94,,,,0,0,1,SELL,1.0,SELL,1,10000,wheelspin_lab/20260919_023755_1d4d8f4f/spin_000005/full.png,wheelspin_lab/20260919_023755_1d4d8f4f/spin_000005/slot_2.png,wheelspin_lab/20260919_023755_1d4d8f4f/20260919_023755_1d4d8f4f_000005/duplicate_023828_615473.png,1.0
17,20260919_023755_1d4d8f4f:000006,2,2026-09-18T17:38:35.670+00:00,CAR,2018 HONDA Civic Type R,2018 honda civic type r,0.78,,NEUTRAL,,2018,HONDA,CIVIC TYPE R,HONDA CIVIC 18,,,0,0,0,1,SELL,1.0,SELL,1,17500,wheelspin_lab/20260919_023755_1d4d8f4f/spin_000006/full.png,wheelspin_lab/20260919_023755_1d4d8f4f/spin_000006/slot_2.png,wheelspin_lab/20260919_023755_1d4d8f4f/20260919_023755_1d4d8f4f_000006/duplicate_023836_106031.png,1.0
26,20260919_023755_1d4d8f4f:000009,2,2026-09-18T17:38:53.734+00:00,CAR,"20,000",20 000,0.55,,NEUTRAL,,,,CHEVY 150 SEDAN,CHEVY 150 SEDAN,,,,0,0,1,SELL,1.0,SELL,1,70000,wheelspin_lab/20260919_023755_1d4d8f4f/spin_000009/full.png,wheelspin_lab/20260919_023755_1d4d8f4f/spin_000009/slot_2.png,wheelspin_lab/20260919_023755_1d4d8f4f/20260919_023755_1d4d8f4f_000009/duplicate_023854_144562.png,1.0
30,20260919_023755_1d4d8f4f:000010,3,2026-09-18T17:39:01.420+00:00,CAR,2009 FERRARI 458 Italia,2009 ferrari 458 italia,0.78,,PURPLE,,2009,FERRARI,458 ITALIA,FERRARI 458,,,0,0,0,1,SELL,1.0,SELL,1,105000,wheelspin_lab/20260919_023755_1d4d8f4f/spin_000010/full.png,wheelspin_lab/20260919_023755_1d4d8f4f/spin_000010/slot_3.png,wheelspin_lab/20260919_023755_1d4d8f4f/20260919_023755_1d4d8f4f_000010/duplicate_023901_821699.png,1.0
36,20260919_023755_1d4d8f4f:000012,3,2026-09-18T17:39:14.108+00:00,CAR,2003 FORD Focus RS,2003 ford focus rs,0.78,,OTHER,,2003,FORD,FOCUS RS,FORD FOCUS 03,,,0,0,0,1,SELL,1.0,SELL,1,17500,wheelspin_lab/20260919_023755_1d4d8f4f/spin_000012/full.png,wheelspin_lab/20260919_023755_1d4d8f4f/spin_000012/slot_3.png,wheelspin_lab/20260919_023755_1d4d8f4f/20260919_023755_1d4d8f4f_000012/duplicate_023914_501524.png,1.0
42,20260919_023755_1d4d8f4f:000014,3,2026-09-18T17:39:27.270+00:00,CAR,2018 KTM X-Bow GT4,2018 ktm x bow gt4,0.78,,PURPLE,,2018,KTM,X BOW GT4,KTM X BOW GT4,,,0,0,0,1,SELL,1.0,SELL,1,45000,wheelspin_lab/20260919_023755_1d4d8f4f/spin_000014/full.png,wheelspin_lab/20260919_023755_1d4d8f4f/spin_000014/slot_3.png,wheelspin_lab/20260919_023755_1d4d8f4f/20260919_023755_1d4d8f4f_000014/duplicate_023927_662963.png,1.0
45,20260919_023755_1d4d8f4f:000015,3,2026-09-18T17:39:34.717+00:00,CAR,2001 FORD #4 Ford Focus RS,2001 ford 4 ford focus rs,0.78,,BLUE,,2001,FORD,4 FORD FOCUS RS,4 FORD FOCUS,,,0,0,0,1,SELL,1.0,SELL,1,207500,wheelspin_lab/20260919_023755_1d4d8f4f/spin_000015/full.png,wheelspin_lab/20260919_023755_1d4d8f4f/spin_000015/slot_3.png,wheelspin_lab/20260919_023755_1d4d8f4f/20260919_023755_1d4d8f4f_000015/duplicate_023935_129037.png,1.0
47,20260919_023755_1d4d8f4f:000016,2,2026-09-18T17:39:42.217+00:00,CAR,FORMULA DRIFT MI Toyota Corolla Hatchba(,formula drift mi toyota corolla hatchba,0.55,,NEUTRAL,,,,411 FD COROLLA,411 FD COROLLA,,,,0,0,1,SELL,1.0,SELL,1,75000,wheelspin_lab/20260919_023755_1d4d8f4f/spin_000016/full.png,wheelspin_lab/20260919_023755_1d4d8f4f/spin_000016/slot_2.png,wheelspin_lab/20260919_023755_1d4d8f4f/20260919_023755_1d4d8f4f_000016/duplicate_023942_628447.png,1.0
49,20260919_023755_1d4d8f4f:000017,1,2026-09-18T17:39:49.637+00:00,CAR,FORD Mustang SVT Cobra R,ford mustang svt cobra r,0.55,,NEUTRAL,,,,FORD MUSTANG 00,FORD MUSTANG 00,,,,0,0,1,SELL,1.0,SELL,1,76500,wheelspin_lab/20260919_023755_1d4d8f4f/spin_000017/full.png,wheelspin_lab/20260919_023755_1d4d8f4f/spin_000017/slot_1.png,wheelspin_lab/20260919_023755_1d4d8f4f/20260919_023755_1d4d8f4f_000017/duplicate_023950_114555.png,1.0
58,20260919_023755_1d4d8f4f:000020,1,2026-09-18T17:40:07.580+00:00,CAR,1965 TOYOTA Sports 800,1965 toyota sports 800,0.78,,NEUTRAL,,1965,TOYOTA,SPORTS 800,SPORTS 800 65,,,0,0,0,1,SELL,1.0,SELL,1,125000,wheelspin_lab/20260919_023755_1d4d8f4f/spin_000020/full.png,wheelspin_lab/20260919_023755_1d4d8f4f/spin_000020/slot_1.png,wheelspin_lab/20260919_023755_1d4d8f4f/20260919_023755_1d4d8f4f_000020/duplicate_024007_987614.png,1.0
61,20260919_023755_1d4d8f4f:000021,1,2026-09-18T17:40:14.934+00:00,CAR,1995 TOYOTA MR2 GT,1995 toyota mr2 gt,0.78,,BLUE,,1995,TOYOTA,MR2 GT,TOYOTA MR2 95,,,0,0,0,1,SELL,1.0,SELL,1,14000,wheelspin_lab/20260919_023755_1d4d8f4f/spin_000021/full.png,wheelspin_lab/20260919_023755_1d4d8f4f/spin_000021/slot_1.png,wheelspin_lab/20260919_023755_1d4d8f4f/20260919_023755_1d4d8f4f_000021/duplicate_024015_415571.png,1.0
68,20260919_023755_1d4d8f4f:000023,2,2026-09-18T17:40:27.312+00:00,CAR,JPN Taxi,jpn taxi,0.55,,NEUTRAL,,,,TOYOTA JPN TAXI,TOYOTA JPN TAXI,,,,0,0,1,SELL,1.0,SELL,1,12500,wheelspin_lab/20260919_023755_1d4d8f4f/spin_000023/full.png,wheelspin_lab/20260919_023755_1d4d8f4f/spin_000023/slot_2.png,wheelspin_lab/20260919_023755_1d4d8f4f/20260919_023755_1d4d8f4f_000023/duplicate_024027_694321.png,1.0
73,20260919_023755_1d4d8f4f:000025,1,2026-09-18T17:40:40.246+00:00,CAR,1991 HONDA Beat,1991 honda beat,0.78,,NEUTRAL,,1991,HONDA,BEAT,HONDA BEAT 91,,,0,0,0,1,SELL,1.0,SELL,1,7500,wheelspin_lab/20260919_023755_1d4d8f4f/spin_000025/full.png,wheelspin_lab/20260919_023755_1d4d8f4f/spin_000025/slot_1.png,wheelspin_lab/20260919_023755_1d4d8f4f/20260919_023755_1d4d8f4f_000025/duplicate_024040_645322.png,1.0
78,20260919_023755_1d4d8f4f:000026,3,2026-09-18T17:40:47.623+00:00,CAR,1995 VOLKSWAGEN Corrado VR6,1995 volkswagen corrado vr6,0.78,,OTHER,,1995,VOLKSWAGEN,CORRADO VR6,VW CORRADO,,,0,0,0,1,SELL,1.0,SELL,1,15000,wheelspin_lab/20260919_023755_1d4d8f4f/spin_000026/full.png,wheelspin_lab/20260919_023755_1d4d8f4f/spin_000026/slot_3.png,wheelspin_lab/20260919_023755_1d4d8f4f/20260919_023755_1d4d8f4f_000026/duplicate_024048_017108.png,1.0
79,20260919_023755_1d4d8f4f:000027,1,2026-09-18T17:40:55.078+00:00,CAR,1986 FORD -150 XLT Lariat Forza Editio STUNT SKILLS BOOST,1986 ford 150 xlt lariat forza editio stunt skills boost,0.78,,NEUTRAL,,1986,FORD,150 XLT LARIAT FORZA EDITIO STUNT SKILLS BOOST,FORD F 150 FE,,,0,0,0,1,SELL,1.0,SELL,1,250000,wheelspin_lab/20260919_023755_1d4d8f4f/spin_000027/full.png,wheelspin_lab/20260919_023755_1d4d8f4f/spin_000027/slot_1.png,wheelspin_lab/20260919_023755_1d4d8f4f/20260919_023755_1d4d8f4f_000027/duplicate_024055_476483.png,1.0
89,20260919_023755_1d4d8f4f:000030,2,2026-09-18T17:41:13.556+00:00,CAR,2021 SIERRA CARS 700R,2021 sierra cars 700r,0.78,,BLUE,,2021,SIERRA,CARS 700R,SIERRA 700R,,,0,0,0,1,SELL,1.0,SELL,1,37500,wheelspin_lab/20260919_023755_1d4d8f4f/spin_000030/full.png,wheelspin_lab/20260919_023755_1d4d8f4f/spin_000030/slot_2.png,wheelspin_lab/20260919_023755_1d4d8f4f/20260919_023755_1d4d8f4f_000030/duplicate_024113_970740.png,1.0
91,20260919_023755_1d4d8f4f:000031,1,2026-09-18T17:41:21.187+00:00,CAR,2013 FORD Mustang Shelby GT500,2013 ford mustang shelby gt500,0.78,,BLUE,,2013,FORD,MUSTANG SHELBY GT500,FORD MUSTANG 13,,,0,0,0,1,SELL,1.0,SELL,1,30000,wheelspin_lab/20260919_023755_1d4d8f4f/spin_000031/full.png,wheelspin_lab/20260919_023755_1d4d8f4f/spin_000031/slot_1.png,wheelspin_lab/20260919_023755_1d4d8f4f/20260919_023755_1d4d8f4f_000031/duplicate_024121_589161.png,1.0
94,20260919_023755_1d4d8f4f:000032,1,2026-09-18T17:41:28.595+00:00,CAR,1997 MITSUBISHI GTO,1997 mitsubishi gto,0.78,,OTHER,,1997,MITSUBISHI,GTO,MITSUBISHI GTO,,,0,0,0,1,SELL,1.0,SELL,1,10000,wheelspin_lab/20260919_023755_1d4d8f4f/spin_000032/full.png,wheelspin_lab/20260919_023755_1d4d8f4f/spin_000032/slot_1.png,wheelspin_lab/20260919_023755_1d4d8f4f/20260919_023755_1d4d8f4f_000032/duplicate_024128_953235.png,1.0
103,20260919_023755_1d4d8f4f:000035,1,2026-09-18T17:41:46.866+00:00,CAR,2007 HONDA Civic Type R,2007 honda civic type r,0.78,,NEUTRAL,,2007,HONDA,CIVIC TYPE R,HONDA CIVIC 07,,,0,0,0,1,SELL,1.0,SELL,1,8500,wheelspin_lab/20260919_023755_1d4d8f4f/spin_000035/full.png,wheelspin_lab/20260919_023755_1d4d8f4f/spin_000035/slot_1.png,wheelspin_lab/20260919_023755_1d4d8f4f/20260919_023755_1d4d8f4f_000035/duplicate_024147_341394.png,1.0
106,20260919_023755_1d4d8f4f:000036,1,2026-09-18T17:41:54.180+00:00,CAR,Challenger R/ T,challenger r t,0.55,,NEUTRAL,,,,CHALLENGER 70,CHALLENGER 70,,,,0,0,1,SELL,1.0,SELL,1,262500,wheelspin_lab/20260919_023755_1d4d8f4f/spin_000036/full.png,wheelspin_lab/20260919_023755_1d4d8f4f/spin_000036/slot_1.png,wheelspin_lab/20260919_023755_1d4d8f4f/20260919_023755_1d4d8f4f_000036/duplicate_024154_566116.png,1.0
107,20260919_023755_1d4d8f4f:000036,2,2026-09-18T17:41:54.180+00:00,CAR,Pulsar GTI*,pulsar gti,0.55,,NEUTRAL,,,,NISSAN PULSAR,NISSAN PULSAR,,,,0,0,1,SELL,1.0,SELL,1,14000,wheelspin_lab/20260919_023755_1d4d8f4f/spin_000036/full.png,wheelspin_lab/20260919_023755_1d4d8f4f/spin_000036/slot_2.png,wheelspin_lab/20260919_023755_1d4d8f4f/20260919_023755_1d4d8f4f_000036/duplicate_024156_219941.png,1.0
114,20260919_023755_1d4d8f4f:000038,3,2026-09-18T17:42:08.255+00:00,CAR,2018 CAN-AM Maverick X RS Turbo R,2018 can am maverick x rs turbo r,0.78,,PURPLE,,2018,CAN,AM MAVERICK X RS TURBO R,CAN AM MAVERICK,,,0,0,0,1,SELL,1.0,SELL,1,8000,wheelspin_lab/20260919_023755_1d4d8f4f/spin_000038/full.png,wheelspin_lab/20260919_023755_1d4d8f4f/spin_000038/slot_3.png,wheelspin_lab/20260919_023755_1d4d8f4f/20260919_023755_1d4d8f4f_000038/duplicate_024208_664654.png,1.0
119,20260919_023755_1d4d8f4f:000040,2,2026-09-18T17:42:21.173+00:00,CAR,1970 HONDA S800,1970 honda s800,0.78,,OTHER,,1970,HONDA,S800,HONDA S800,,,0,0,0,1,SELL,1.0,SELL,1,20000,wheelspin_lab/20260919_023755_1d4d8f4f/spin_000040/full.png,wheelspin_lab/20260919_023755_1d4d8f4f/spin_000040/slot_2.png,wheelspin_lab/20260919_023755_1d4d8f4f/20260919_023755_1d4d8f4f_000040/duplicate_024221_569164.png,1.0
120,20260919_023755_1d4d8f4f:000040,3,2026-09-18T17:42:21.173+00:00,CAR,2011 LAMBORGHINI Sesto Elemento,2011 lamborghini sesto elemento,1.0,,OTHER,,2011,Lamborghini,Sesto Elemento,LAMBO SESTO,,,0,0,1,1,SELL,1.0,SELL,1,1250000,wheelspin_lab/20260919_023755_1d4d8f4f/spin_000040/full.png,wheelspin_lab/20260919_023755_1d4d8f4f/spin_000040/slot_3.png,wheelspin_lab/20260919_023755_1d4d8f4f/20260919_023755_1d4d8f4f_000040/duplicate_024223_181532.png,1.0
124,20260919_023755_1d4d8f4f:000042,1,2026-09-18T17:42:35.474+00:00,CAR,2013 MAZDA MX-5,2013 mazda mx 5,0.78,,OTHER,,2013,MAZDA,MX 5,MAZDA MX 5 13,,,0,0,0,1,SELL,1.0,SELL,1,14000,wheelspin_lab/20260919_023755_1d4d8f4f/spin_000042/full.png,wheelspin_lab/20260919_023755_1d4d8f4f/spin_000042/slot_1.png,wheelspin_lab/20260919_023755_1d4d8f4f/20260919_023755_1d4d8f4f_000042/duplicate_024235_899069.png,1.0
125,20260919_023755_1d4d8f4f:000042,2,2026-09-18T17:42:35.474+00:00,CAR,1954 MERCEDES-BENZ 300 SL coupé,1954 mercedes benz 300 sl coup,0.78,,OTHER,,1954,MERCEDES,BENZ 300 SL COUPE,M B 300SL,,,0,0,0,1,SELL,1.0,SELL,1,850000,wheelspin_lab/20260919_023755_1d4d8f4f/spin_000042/full.png,wheelspin_lab/20260919_023755_1d4d8f4f/spin_000042/slot_2.png,wheelspin_lab/20260919_023755_1d4d8f4f/20260919_023755_1d4d8f4f_000042/duplicate_024237_504909.png,1.0
126,20260919_023755_1d4d8f4f:000042,3,2026-09-18T17:42:35.474+00:00,CAR,1990 MERCEDES-BENZ 2.5-16 Evolution II Forza CLEAN SKILLS BOOST,1990 mercedes benz 2 5 16 evolution ii forza clean skills boost,0.78,,NEUTRAL,,1990,MERCEDES,BENZ 2 5 16 EVOLUTION II FORZA CLEAN SKILLS BOOST,MB 190 E FE,,,0,0,0,1,SELL,1.0,SELL,1,375000,wheelspin_lab/20260919_023755_1d4d8f4f/spin_000042/full.png,wheelspin_lab/20260919_023755_1d4d8f4f/spin_000042/slot_3.png,wheelspin_lab/20260919_023755_1d4d8f4f/20260919_023755_1d4d8f4f_000042/duplicate_024239_158946.png,1.0
131,20260919_023755_1d4d8f4f:000044,2,2026-09-18T17:42:51.859+00:00,CAR,2010 BMW M3 GTS,2010 bmw m3 gts,0.78,,PURPLE,,2010,BMW,M3 GTS,BMW E92 M3 GTS,,,0,0,0,1,SELL,1.0,SELL,1,99000,wheelspin_lab/20260919_023755_1d4d8f4f/spin_000044/full.png,wheelspin_lab/20260919_023755_1d4d8f4f/spin_000044/slot_2.png,wheelspin_lab/20260919_023755_1d4d8f4f/20260919_023755_1d4d8f4f_000044/duplicate_024252_408658.png,1.0
139,20260919_023755_1d4d8f4f:000047,1,2026-09-18T17:43:09.901+00:00,CAR,2018 VERCEDES-BENZ X-Class,2018 vercedes benz x class,0.78,,NEUTRAL,,2018,VERCEDES,BENZ X CLASS,M B X CLASS,,,0,0,0,1,SELL,1.0,SELL,1,25000,wheelspin_lab/20260919_023755_1d4d8f4f/spin_000047/full.png,wheelspin_lab/20260919_023755_1d4d8f4f/spin_000047/slot_1.png,wheelspin_lab/20260919_023755_1d4d8f4f/20260919_023755_1d4d8f4f_000047/duplicate_024310_274862.png,1.0
141,20260919_023755_1d4d8f4f:000047,3,2026-09-18T17:43:09.901+00:00,CAR,1080 SUBARU BRAT GL,1080 subaru brat gl,0.55,,NEUTRAL,,,,SUBARU BRAT,SUBARU BRAT,,,,0,0,1,SELL,1.0,SELL,1,10000,wheelspin_lab/20260919_023755_1d4d8f4f/spin_000047/full.png,wheelspin_lab/20260919_023755_1d4d8f4f/spin_000047/slot_3.png,wheelspin_lab/20260919_023755_1d4d8f4f/20260919_023755_1d4d8f4f_000047/duplicate_024311_870654.png,1.0
144,20260919_023755_1d4d8f4f:000048,3,2026-09-18T17:43:18.854+00:00,CAR,2018 HONDA Civic Type R,2018 honda civic type r,0.78,,BLUE,,2018,HONDA,CIVIC TYPE R,HONDA CIVIC 18,,,0,0,0,1,SELL,1.0,SELL,1,17500,wheelspin_lab/20260919_023755_1d4d8f4f/spin_000048/full.png,wheelspin_lab/20260919_023755_1d4d8f4f/spin_000048/slot_3.png,wheelspin_lab/20260919_023755_1d4d8f4f/20260919_023755_1d4d8f4f_000048/duplicate_024319_240237.png,1.0
149,20260919_023755_1d4d8f4f:000050,2,2026-09-18T17:43:31.896+00:00,CAR,2001 ACURA Integra Type R,2001 acura integra type r,0.78,,GREEN,,2001,ACURA,INTEGRA TYPE R,ACURA INTEGRA,,,0,0,0,1,SELL,1.0,SELL,1,32500,wheelspin_lab/20260919_023755_1d4d8f4f/spin_000050/full.png,wheelspin_lab/20260919_023755_1d4d8f4f/spin_000050/slot_2.png,wheelspin_lab/20260919_023755_1d4d8f4f/20260919_023755_1d4d8f4f_000050/duplicate_024332_376153.png,1.0
153,20260919_023755_1d4d8f4f:000051,3,2026-09-18T17:54:07.318+00:00,CAR,2020 FORD 69 Ford Performance Brom,2020 ford 69 ford performance brom,0.78,,NEUTRAL,,2020,FORD,69 FORD PERFORMANCE BROM,2069 BRONCO R,,,0,0,0,1,SELL,1.0,SELL,1,225000,wheelspin_lab/20260919_023755_1d4d8f4f/spin_000051/full.png,wheelspin_lab/20260919_023755_1d4d8f4f/spin_000051/slot_3.png,wheelspin_lab/20260919_023755_1d4d8f4f/20260919_023755_1d4d8f4f_000051/duplicate_025407_719587.png,1.0
154,20260919_023755_1d4d8f4f:000052,1,2026-09-18T17:54:14.918+00:00,CAR,1997 NISSAN stagea RS FOUR V,1997 nissan stagea rs four v,0.78,,PURPLE,,1997,NISSAN,STAGEA RS FOUR V,N STAGEA 97,,,0,0,0,1,SELL,1.0,SELL,1,10000,wheelspin_lab/20260919_023755_1d4d8f4f/spin_000052/full.png,wheelspin_lab/20260919_023755_1d4d8f4f/spin_000052/slot_1.png,wheelspin_lab/20260919_023755_1d4d8f4f/20260919_023755_1d4d8f4f_000052/duplicate_025415_357626.png,1.0
156,20260919_023755_1d4d8f4f:000052,3,2026-09-18T17:54:14.919+00:00,CAR,2004 SUBARU IMPREZA WRX STI,2004 subaru impreza wrx sti,0.78,,PURPLE,,2004,SUBARU,IMPREZA WRX STI,SUBARU WRX 04,,,0,0,0,1,SELL,1.0,SELL,1,15000,wheelspin_lab/20260919_023755_1d4d8f4f/spin_000052/full.png,wheelspin_lab/20260919_023755_1d4d8f4f/spin_000052/slot_3.png,wheelspin_lab/20260919_023755_1d4d8f4f/20260919_023755_1d4d8f4f_000052/duplicate_025416_901299.png,1.0
157,20260919_023755_1d4d8f4f:000053,1,2026-09-18T17:54:23.747+00:00,CAR,2015 MERCEDES-AMG GTS,2015 mercedes amg gts,0.78,,NEUTRAL,,2015,MERCEDES,AMG GTS,M B AMG GT,,,0,0,0,1,SELL,1.0,SELL,1,45000,wheelspin_lab/20260919_023755_1d4d8f4f/spin_000053/full.png,wheelspin_lab/20260919_023755_1d4d8f4f/spin_000053/slot_1.png,wheelspin_lab/20260919_023755_1d4d8f4f/20260919_023755_1d4d8f4f_000053/duplicate_025424_146128.png,1.0
163,20260919_023755_1d4d8f4f:000055,1,2026-09-18T17:54:36.739+00:00,CAR,1970 CHEVROLET Corvette ZR-I,1970 chevrolet corvette zr i,0.78,,PURPLE,,1970,CHEVROLET,CORVETTE ZR I,CORVETTE 70,,,0,0,0,1,SELL,1.0,SELL,1,125000,wheelspin_lab/20260919_023755_1d4d8f4f/spin_000055/full.png,wheelspin_lab/20260919_023755_1d4d8f4f/spin_000055/slot_1.png,wheelspin_lab/20260919_023755_1d4d8f4f/20260919_023755_1d4d8f4f_000055/duplicate_025437_123266.png,1.0
165,20260919_023755_1d4d8f4f:000055,3,2026-09-18T17:54:36.739+00:00,CAR,2010 RENAULT Megane RS 250,2010 renault megane rs 250,0.78,,OTHER,,2010,RENAULT,MEGANE RS 250,MEGANE RS 250,,,0,0,0,1,SELL,1.0,SELL,1,7000,wheelspin_lab/20260919_023755_1d4d8f4f/spin_000055/full.png,wheelspin_lab/20260919_023755_1d4d8f4f/spin_000055/slot_3.png,wheelspin_lab/20260919_023755_1d4d8f4f/20260919_023755_1d4d8f4f_000055/duplicate_025438_705655.png,1.0
170,20260919_023755_1d4d8f4f:000057,2,2026-09-18T17:54:51.384+00:00,CAR,2011 MCLAREN 12C coupé,2011 mclaren 12c coup,0.78,,PURPLE,,2011,MCLAREN,12C COUPE,MCLAREN 12C,,,0,0,0,1,SELL,1.0,SELL,1,52500,wheelspin_lab/20260919_023755_1d4d8f4f/spin_000057/full.png,wheelspin_lab/20260919_023755_1d4d8f4f/spin_000057/slot_2.png,wheelspin_lab/20260919_023755_1d4d8f4f/20260919_023755_1d4d8f4f_000057/duplicate_025451_862313.png,1.0
181,20260919_023755_1d4d8f4f:000061,1,2026-09-18T17:55:15.324+00:00,CAR,2019 BMW Z4 Roadster,2019 bmw z4 roadster,0.78,,GREEN,,2019,BMW,Z4 ROADSTER,BMW Z4 19,,,0,0,0,1,SELL,1.0,SELL,1,19000,wheelspin_lab/20260919_023755_1d4d8f4f/spin_000061/full.png,wheelspin_lab/20260919_023755_1d4d8f4f/spin_000061/slot_1.png,wheelspin_lab/20260919_023755_1d4d8f4f/20260919_023755_1d4d8f4f_000061/duplicate_025515_680364.png,1.0
187,20260919_023755_1d4d8f4f:000063,1,2026-09-18T17:55:28.162+00:00,CAR,1993 JAGUAR XJ220S TWR,1993 jaguar xj220s twr,0.78,,BLUE,,1993,JAGUAR,XJ220S TWR,JAGUAR XJ220S,,,0,0,0,1,SELL,1.0,SELL,1,270000,wheelspin_lab/20260919_023755_1d4d8f4f/spin_000063/full.png,wheelspin_lab/20260919_023755_1d4d8f4f/spin_000063/slot_1.png,wheelspin_lab/20260919_023755_1d4d8f4f/20260919_023755_1d4d8f4f_000063/duplicate_025528_588966.png,1.0
190,20260919_023755_1d4d8f4f:000064,1,2026-09-18T17:55:35.649+00:00,CAR,10/3 2002 Turbo,10 3 2002 turbo,0.45,,NEUTRAL,,2002,TURBO,BMW 2002 TURBO,BMW 2002 TURBO,,,0,0,0,1,SELL,1.0,SELL,1,63500,wheelspin_lab/20260919_023755_1d4d8f4f/spin_000064/full.png,wheelspin_lab/20260919_023755_1d4d8f4f/spin_000064/slot_1.png,wheelspin_lab/20260919_023755_1d4d8f4f/20260919_023755_1d4d8f4f_000064/duplicate_025536_181074.png,1.0
200,20260919_023755_1d4d8f4f:000067,2,2026-09-18T17:55:53.974+00:00,CAR,2020 PORSCHE Taycan Turbo S,2020 porsche taycan turbo s,0.78,,GREEN,,2020,PORSCHE,TAYCAN TURBO S,PORSCHE TAYCAN S,,,0,0,0,1,SELL,1.0,SELL,1,100000,wheelspin_lab/20260919_023755_1d4d8f4f/spin_000067/full.png,wheelspin_lab/20260919_023755_1d4d8f4f/spin_000067/slot_2.png,wheelspin_lab/20260919_023755_1d4d8f4f/20260919_023755_1d4d8f4f_000067/duplicate_025554_360075.png,1.0
202,20260919_023755_1d4d8f4f:000068,1,2026-09-18T17:56:01.063+00:00,CAR,2015 ULTIMA Evolution coupe 1020,2015 ultima evolution coupe 1020,0.78,,NEUTRAL,,2015,ULTIMA,EVOLUTION COUPE 1020,ULTIMA 1020,,,0,0,0,1,SELL,1.0,SELL,1,75000,wheelspin_lab/20260919_023755_1d4d8f4f/spin_000068/full.png,wheelspin_lab/20260919_023755_1d4d8f4f/spin_000068/slot_1.png,wheelspin_lab/20260919_023755_1d4d8f4f/20260919_023755_1d4d8f4f_000068/duplicate_025601_531336.png,1.0
207,20260919_023755_1d4d8f4f:000069,3,2026-09-18T17:56:08.160+00:00,CAR,2012 NISSAN GT-R Black Edition (R35),2012 nissan gt r black edition r35,0.78,,NEUTRAL,,2012,NISSAN,GT R BLACK EDITION R35,NISSAN GT R 12,,,0,0,0,1,SELL,1.0,SELL,1,40000,wheelspin_lab/20260919_023755_1d4d8f4f/spin_000069/full.png,wheelspin_lab/20260919_023755_1d4d8f4f/spin_000069/slot_3.png,wheelspin_lab/20260919_023755_1d4d8f4f/20260919_023755_1d4d8f4f_000069/duplicate_025608_554964.png,1.0
208,20260919_023755_1d4d8f4f:000070,1,2026-09-18T17:56:15.475+00:00,CAR,1994 SUBARU Vivio RX-R,1994 subaru vivio rx r,0.78,,PURPLE,,1994,SUBARU,VIVIO RX R,SUBARU VIVIO 94,,,0,0,0,1,SELL,1.0,SELL,1,5000,wheelspin_lab/20260919_023755_1d4d8f4f/spin_000070/full.png,wheelspin_lab/20260919_023755_1d4d8f4f/spin_000070/slot_1.png,wheelspin_lab/20260919_023755_1d4d8f4f/20260919_023755_1d4d8f4f_000070/duplicate_025615_860275.png,1.0
218,20260919_023755_1d4d8f4f:000073,2,2026-09-18T17:56:33.806+00:00,CAR,1995 BMW,1995 bmw,0.45,,ORANGE,,1995,BMW,BMW M5 95,BMW M5 95,,,0,0,0,1,SELL,1.0,SELL,1,24000,wheelspin_lab/20260919_023755_1d4d8f4f/spin_000073/full.png,wheelspin_lab/20260919_023755_1d4d8f4f/spin_000073/slot_2.png,wheelspin_lab/20260919_023755_1d4d8f4f/20260919_023755_1d4d8f4f_000073/duplicate_025634_301149.png,1.0
221,20260919_023755_1d4d8f4f:000074,2,2026-09-18T17:56:41.288+00:00,CAR,2013 CADILLAC XTS Limousine,2013 cadillac xts limousine,0.78,,BLUE,,2013,CADILLAC,XTS LIMOUSINE,CADDY LIMO,,,0,0,0,1,SELL,1.0,SELL,1,22000,wheelspin_lab/20260919_023755_1d4d8f4f/spin_000074/full.png,wheelspin_lab/20260919_023755_1d4d8f4f/spin_000074/slot_2.png,wheelspin_lab/20260919_023755_1d4d8f4f/20260919_023755_1d4d8f4f_000074/duplicate_025641_697637.png,1.0
224,20260919_023755_1d4d8f4f:000075,2,2026-09-18T17:56:48.774+00:00,CAR,1970 DATSUN 510,1970 datsun 510,0.78,,OTHER,,1970,DATSUN,510,DATSUN 510,,,0,0,0,1,SELL,1.0,SELL,1,43000,wheelspin_lab/20260919_023755_1d4d8f4f/spin_000075/full.png,wheelspin_lab/20260919_023755_1d4d8f4f/spin_000075/slot_2.png,wheelspin_lab/20260919_023755_1d4d8f4f/20260919_023755_1d4d8f4f_000075/duplicate_025649_239968.png,1.0
227,20260919_023755_1d4d8f4f:000076,2,2026-09-18T17:56:56.281+00:00,CAR,2013 AUDI RS 7 Sportback,2013 audi rs 7 sportback,0.78,,PURPLE,,2013,AUDI,RS 7 SPORTBACK,AUDI RS 7,,,0,0,0,1,SELL,1.0,SELL,1,27500,wheelspin_lab/20260919_023755_1d4d8f4f/spin_000076/full.png,wheelspin_lab/20260919_023755_1d4d8f4f/spin_000076/slot_2.png,wheelspin_lab/20260919_023755_1d4d8f4f/20260919_023755_1d4d8f4f_000076/duplicate_025656_777281.png,1.0
228,20260919_023755_1d4d8f4f:000076,3,2026-09-18T17:56:56.281+00:00,CAR,1989 FORMULA DRIFT #98 BMW 325i,1989 formula drift 98 bmw 325i,0.78,,PURPLE,,1989,FORMULA,DRIFT 98 BMW 325I,98 BMW 325I,,,0,0,0,1,SELL,1.0,SELL,1,75000,wheelspin_lab/20260919_023755_1d4d8f4f/spin_000076/full.png,wheelspin_lab/20260919_023755_1d4d8f4f/spin_000076/slot_3.png,wheelspin_lab/20260919_023755_1d4d8f4f/20260919_023755_1d4d8f4f_000076/duplicate_025658_171962.png,1.0
242,20260919_023755_1d4d8f4f:000081,2,2026-09-18T18:00:22.671+00:00,CAR,1954 MERCEDES-BENZ 300 SL coupé,1954 mercedes benz 300 sl coup,0.78,,OTHER,,1954,MERCEDES,BENZ 300 SL COUPE,M B 300SL,,,0,0,0,1,SELL,1.0,SELL,1,850000,wheelspin_lab/20260919_023755_1d4d8f4f/spin_000081/full.png,wheelspin_lab/20260919_023755_1d4d8f4f/spin_000081/slot_2.png,wheelspin_lab/20260919_023755_1d4d8f4f/20260919_023755_1d4d8f4f_000081/duplicate_030023_085042.png,1.0
244,20260919_023755_1d4d8f4f:000082,1,2026-09-18T18:00:30.114+00:00,CAR,Isetta 300 Export,isetta 300 export,0.55,,NEUTRAL,,,,TAXI,BMW ISETTA,,,,0,0,1,SELL,1.0,SELL,1,42000,wheelspin_lab/20260919_023755_1d4d8f4f/spin_000082/full.png,wheelspin_lab/20260919_023755_1d4d8f4f/spin_000082/slot_1.png,wheelspin_lab/20260919_023755_1d4d8f4f/20260919_023755_1d4d8f4f_000082/duplicate_030030_506759.png,1.0
246,20260919_023755_1d4d8f4f:000082,3,2026-09-18T18:00:30.115+00:00,CAR,2011 JPN Taxi,2011 jpn taxi,0.78,,NEUTRAL,,2011,JPN,TOYOTA JPN TAXI,TOYOTA JPN TAXI,,,0,0,0,1,SELL,1.0,SELL,1,12500,wheelspin_lab/20260919_023755_1d4d8f4f/spin_000082/full.png,wheelspin_lab/20260919_023755_1d4d8f4f/spin_000082/slot_3.png,wheelspin_lab/20260919_023755_1d4d8f4f/20260919_023755_1d4d8f4f_000082/duplicate_030032_194853.png,1.0
255,20260919_023755_1d4d8f4f:000085,3,2026-09-18T18:00:49.955+00:00,CAR,2020 WULING Sunshine S Forza Edition CREDITS BOOST,2020 wuling sunshine s forza edition credits boost,0.78,,NEUTRAL,,2020,WULING,SUNSHINE S FORZA EDITION CREDITS BOOST,SUNSHINE FE,,,1,0,0,1,SELL,1.0,SELL,1,250000,wheelspin_lab/20260919_023755_1d4d8f4f/spin_000085/full.png,wheelspin_lab/20260919_023755_1d4d8f4f/spin_000085/slot_3.png,wheelspin_lab/20260919_023755_1d4d8f4f/20260919_023755_1d4d8f4f_000085/duplicate_030050_457795.png,1.0
257,20260919_023755_1d4d8f4f:000086,2,2026-09-18T18:00:57.290+00:00,CAR,2020 NISSAN GT-R NISMO 835),2020 nissan gt r nismo 835,0.78,,PURPLE,,2020,NISSAN,GT R NISMO 835,NISSAN GTR 20,,,0,0,0,1,SELL,1.0,SELL,1,135000,wheelspin_lab/20260919_023755_1d4d8f4f/spin_000086/full.png,wheelspin_lab/20260919_023755_1d4d8f4f/spin_000086/slot_2.png,wheelspin_lab/20260919_023755_1d4d8f4f/20260919_023755_1d4d8f4f_000086/duplicate_030057_810420.png,1.0
260,20260919_023755_1d4d8f4f:000087,2,2026-09-18T18:01:04.745+00:00,CAR,1972 CHEVROLET K-10 Custom,1972 chevrolet k 10 custom,0.78,,GREEN,,1972,CHEVROLET,K 10 CUSTOM,CHEVY KIO 72,,,0,0,0,1,SELL,1.0,SELL,1,24500,wheelspin_lab/20260919_023755_1d4d8f4f/spin_000087/full.png,wheelspin_lab/20260919_023755_1d4d8f4f/spin_000087/slot_2.png,wheelspin_lab/20260919_023755_1d4d8f4f/20260919_023755_1d4d8f4f_000087/duplicate_030105_132316.png,1.0
262,20260919_023755_1d4d8f4f:000088,1,2026-09-18T18:01:12.140+00:00,CAR,Z4 Roadster,z4 roadster,0.55,,NEUTRAL,,,,BMW Z4 19,BMW Z4 19,,,,0,0,1,SELL,1.0,SELL,1,19000,wheelspin_lab/20260919_023755_1d4d8f4f/spin_000088/full.png,wheelspin_lab/20260919_023755_1d4d8f4f/spin_000088/slot_1.png,wheelspin_lab/20260919_023755_1d4d8f4f/20260919_023755_1d4d8f4f_000088/duplicate_030112_540782.png,1.0
263,20260919_023755_1d4d8f4f:000088,2,2026-09-18T18:01:12.140+00:00,CAR,FORD -150 XL T Lariat Forza Editio STUNT SKILLS BOOST,ford 150 xl t lariat forza editio stunt skills boost,0.55,,NEUTRAL,,,,FORD F 150 FE,FORD F 150 FE,,,,0,0,1,SELL,1.0,SELL,1,250000,wheelspin_lab/20260919_023755_1d4d8f4f/spin_000088/full.png,wheelspin_lab/20260919_023755_1d4d8f4f/spin_000088/slot_2.png,wheelspin_lab/20260919_023755_1d4d8f4f/20260919_023755_1d4d8f4f_000088/duplicate_030114_222376.png,1.0
270,20260919_023755_1d4d8f4f:000090,3,2026-09-18T18:01:26.785+00:00,CAR,2020 TOYOTA GR supra,2020 toyota gr supra,0.78,,NEUTRAL,,2020,TOYOTA,GR SUPRA,TOYOTA SUPRA 20,,,0,0,0,1,SELL,1.0,SELL,1,22500,wheelspin_lab/20260919_023755_1d4d8f4f/spin_000090/full.png,wheelspin_lab/20260919_023755_1d4d8f4f/spin_000090/slot_3.png,wheelspin_lab/20260919_023755_1d4d8f4f/20260919_023755_1d4d8f4f_000090/duplicate_030127_194896.png,1.0
271,20260919_023755_1d4d8f4f:000091,1,2026-09-18T18:01:34.702+00:00,CAR,1969 CHEVROLET Nova Super Sport 396,1969 chevrolet nova super sport 396,0.78,,BLUE,,1969,CHEVROLET,NOVA SUPER SPORT 396,CHEVY NOVA 69,,,0,0,0,1,SELL,1.0,SELL,1,20000,wheelspin_lab/20260919_023755_1d4d8f4f/spin_000091/full.png,wheelspin_lab/20260919_023755_1d4d8f4f/spin_000091/slot_1.png,wheelspin_lab/20260919_023755_1d4d8f4f/20260919_023755_1d4d8f4f_000091/duplicate_030135_109897.png,1.0
274,20260919_023755_1d4d8f4f:000092,1,2026-09-18T18:01:42.356+00:00,CAR,1993 FORD Mustang SVT Cobra R,1993 ford mustang svt cobra r,0.78,,BLUE,,1993,FORD,MUSTANG SVT COBRA R,FORD MUSTANG 93,,,0,0,0,1,SELL,1.0,SELL,1,42000,wheelspin_lab/20260919_023755_1d4d8f4f/spin_000092/full.png,wheelspin_lab/20260919_023755_1d4d8f4f/spin_000092/slot_1.png,wheelspin_lab/20260919_023755_1d4d8f4f/20260919_023755_1d4d8f4f_000092/duplicate_030142_749648.png,1.0
282,20260919_023755_1d4d8f4f:000094,3,2026-09-18T18:01:55.275+00:00,CAR,1980 ABARTH Fiat 131,1980 abarth fiat 131,0.78,,OTHER,,1980,ABARTH,FIAT 131,ABARTH 131,,,0,0,0,1,SELL,1.0,SELL,1,62500,wheelspin_lab/20260919_023755_1d4d8f4f/spin_000094/full.png,wheelspin_lab/20260919_023755_1d4d8f4f/spin_000094/slot_3.png,wheelspin_lab/20260919_023755_1d4d8f4f/20260919_023755_1d4d8f4f_000094/duplicate_030155_756863.png,1.0
286,20260919_023755_1d4d8f4f:000096,1,2026-09-18T18:02:08.093+00:00,CAR,2005 TVR Sagaris 6,2005 tvr sagaris 6,0.78,,NEUTRAL,,2005,TVR,SAGARIS 6,TVR SAGARIS,,,0,0,0,1,SELL,1.0,SELL,1,57500,wheelspin_lab/20260919_023755_1d4d8f4f/spin_000096/full.png,wheelspin_lab/20260919_023755_1d4d8f4f/spin_000096/slot_1.png,wheelspin_lab/20260919_023755_1d4d8f4f/20260919_023755_1d4d8f4f_000096/duplicate_030208_516658.png,1.0
287,20260919_023755_1d4d8f4f:000096,2,2026-09-18T18:02:08.093+00:00,CAR,2023 FORD Fiesta ST,2023 ford fiesta st,0.78,,OTHER,,2023,FORD,FIESTA ST,FORD FIESTA 23,,,0,0,0,1,SELL,1.0,SELL,1,13000,wheelspin_lab/20260919_023755_1d4d8f4f/spin_000096/full.png,wheelspin_lab/20260919_023755_1d4d8f4f/spin_000096/slot_2.png,wheelspin_lab/20260919_023755_1d4d8f4f/20260919_023755_1d4d8f4f_000096/duplicate_030210_115537.png,1.0
290,20260919_023755_1d4d8f4f:000097,2,2026-09-18T18:02:17.062+00:00,CAR,650s spicier,650s spicier,0.55,,NEUTRAL,,,,V BLACKWING,650S SPIDER,,,,0,0,1,SELL,1.0,SELL,1,65000,wheelspin_lab/20260919_023755_1d4d8f4f/spin_000097/full.png,wheelspin_lab/20260919_023755_1d4d8f4f/spin_000097/slot_2.png,wheelspin_lab/20260919_023755_1d4d8f4f/20260919_023755_1d4d8f4f_000097/duplicate_030217_462238.png,1.0
291,20260919_023755_1d4d8f4f:000097,3,2026-09-18T18:02:17.062+00:00,CAR,2022 CT5-v Blackwing,2022 ct5 v blackwing,0.78,,NEUTRAL,,2022,CT5,CADILLAC CT5 V,CADILLAC CT5 V,,,0,0,0,1,SELL,1.0,SELL,1,45000,wheelspin_lab/20260919_023755_1d4d8f4f/spin_000097/full.png,wheelspin_lab/20260919_023755_1d4d8f4f/spin_000097/slot_3.png,wheelspin_lab/20260919_023755_1d4d8f4f/20260919_023755_1d4d8f4f_000097/duplicate_030219_259416.png,1.0
295,20260919_023755_1d4d8f4f:000099,1,2026-09-18T18:02:31.990+00:00,CAR,2015 CHEVROLET Camaro Z/28,2015 chevrolet camaro z 28,0.78,,BLUE,,2015,CHEVROLET,CAMARO Z 28,CHEVY CAMARO 15,,,0,0,0,1,SELL,1.0,SELL,1,32500,wheelspin_lab/20260919_023755_1d4d8f4f/spin_000099/full.png,wheelspin_lab/20260919_023755_1d4d8f4f/spin_000099/slot_1.png,wheelspin_lab/20260919_023755_1d4d8f4f/20260919_023755_1d4d8f4f_000099/duplicate_030232_388170.png,1.0
297,20260919_023755_1d4d8f4f:000099,3,2026-09-18T18:02:31.990+00:00,CAR,1997 HONDA Civic Type R,1997 honda civic type r,0.78,,OTHER,,1997,HONDA,CIVIC TYPE R,HONDA CIVIC 97,,,0,0,0,1,SELL,1.0,SELL,1,15000,wheelspin_lab/20260919_023755_1d4d8f4f/spin_000099/full.png,wheelspin_lab/20260919_023755_1d4d8f4f/spin_000099/slot_3.png,wheelspin_lab/20260919_023755_1d4d8f4f/20260919_023755_1d4d8f4f_000099/duplicate_030233_941928.png,1.0
308,20260919_023755_1d4d8f4f:000103,2,2026-09-18T18:02:57.609+00:00,CAR,1997 HONDA Civic Type R,1997 honda civic type r,0.78,,OTHER,,1997,HONDA,CIVIC TYPE R,HONDA CIVIC 97,,,0,0,0,1,SELL,1.0,SELL,1,15000,wheelspin_lab/20260919_023755_1d4d8f4f/spin_000103/full.png,wheelspin_lab/20260919_023755_1d4d8f4f/spin_000103/slot_2.png,wheelspin_lab/20260919_023755_1d4d8f4f/20260919_023755_1d4d8f4f_000103/duplicate_030258_015552.png,1.0
310,20260919_023755_1d4d8f4f:000104,1,2026-09-18T18:03:05.048+00:00,CAR,2013 MCLAREN,2013 mclaren,0.45,,NEUTRAL,,2013,MCLAREN,MCLAREN PL,MCLAREN PL,,,0,0,0,1,SELL,1.0,SELL,1,775000,wheelspin_lab/20260919_023755_1d4d8f4f/spin_000104/full.png,wheelspin_lab/20260919_023755_1d4d8f4f/spin_000104/slot_1.png,wheelspin_lab/20260919_023755_1d4d8f4f/20260919_023755_1d4d8f4f_000104/duplicate_030305_528695.png,1.0
315,20260919_023755_1d4d8f4f:000105,3,2026-09-18T18:03:12.591+00:00,CAR,1999 FORD Racing Puma,1999 ford racing puma,0.78,,BLUE,,1999,FORD,RACING PUMA,FORD RACING PUMA,,,0,0,0,1,SELL,1.0,SELL,1,15000,wheelspin_lab/20260919_023755_1d4d8f4f/spin_000105/full.png,wheelspin_lab/20260919_023755_1d4d8f4f/spin_000105/slot_3.png,wheelspin_lab/20260919_023755_1d4d8f4f/20260919_023755_1d4d8f4f_000105/duplicate_030312_988440.png,1.0
317,20260919_023755_1d4d8f4f:000106,2,2026-09-18T18:03:19.856+00:00,CAR,1986 FORD -150 XLT Lariat Forza Editio STUNT SKILLS BOOST,1986 ford 150 xlt lariat forza editio stunt skills boost,0.78,,NEUTRAL,,1986,FORD,150 XLT LARIAT FORZA EDITIO STUNT SKILLS BOOST,FORD F 150 FE,,,0,0,0,1,SELL,1.0,SELL,1,250000,wheelspin_lab/20260919_023755_1d4d8f4f/spin_000106/full.png,wheelspin_lab/20260919_023755_1d4d8f4f/spin_000106/slot_2.png,wheelspin_lab/20260919_023755_1d4d8f4f/20260919_023755_1d4d8f4f_000106/duplicate_030320_249739.png,1.0
318,20260919_023755_1d4d8f4f:000106,3,2026-09-18T18:03:19.856+00:00,CAR,2019 TOYOTA Tacoma TRD Pro,2019 toyota tacoma trd pro,0.78,,NEUTRAL,,2019,TOYOTA,TACOMA TRD PRO,TOYOTA TACOMA,,,0,0,0,1,SELL,1.0,SELL,1,17000,wheelspin_lab/20260919_023755_1d4d8f4f/spin_000106/full.png,wheelspin_lab/20260919_023755_1d4d8f4f/spin_000106/slot_3.png,wheelspin_lab/20260919_023755_1d4d8f4f/20260919_023755_1d4d8f4f_000106/duplicate_030321_850727.png,1.0
324,20260919_023755_1d4d8f4f:000108,3,2026-09-18T18:03:34.095+00:00,CAR,1980 SUBARU BRAT GL,1980 subaru brat gl,0.78,,OTHER,,1980,SUBARU,BRAT GL,SUBARU BRAT,,,0,0,0,1,SELL,1.0,SELL,1,10000,wheelspin_lab/20260919_023755_1d4d8f4f/spin_000108/full.png,wheelspin_lab/20260919_023755_1d4d8f4f/spin_000108/slot_3.png,wheelspin_lab/20260919_023755_1d4d8f4f/20260919_023755_1d4d8f4f_000108/duplicate_030334_499997.png,1.0
326,20260919_023755_1d4d8f4f:000109,2,2026-09-18T18:03:41.681+00:00,CAR,1987 PONTIAC Firebird Trans Am GTA,1987 pontiac firebird trans am gta,0.78,,GREEN,,1987,PONTIAC,FIREBIRD TRANS AM GTA,PONTIAC WA 87,,,0,0,0,1,SELL,1.0,SELL,1,12500,wheelspin_lab/20260919_023755_1d4d8f4f/spin_000109/full.png,wheelspin_lab/20260919_023755_1d4d8f4f/spin_000109/slot_2.png,wheelspin_lab/20260919_023755_1d4d8f4f/20260919_023755_1d4d8f4f_000109/duplicate_030342_160075.png,1.0
329,20260919_023755_1d4d8f4f:000110,2,2026-09-18T18:03:49.225+00:00,CAR,2018 MERCEDES-AMG E 63 S,2018 mercedes amg e 63 s,0.78,,ORANGE,,2018,MERCEDES,AMG E 63 S,MERCEDES AMG E63,,,0,0,0,1,SELL,1.0,SELL,1,31500,wheelspin_lab/20260919_023755_1d4d8f4f/spin_000110/full.png,wheelspin_lab/20260919_023755_1d4d8f4f/spin_000110/slot_2.png,wheelspin_lab/20260919_023755_1d4d8f4f/20260919_023755_1d4d8f4f_000110/duplicate_030349_705752.png,1.0
330,20260919_023755_1d4d8f4f:000110,3,2026-09-18T18:03:49.225+00:00,CAR,1962 PEEL P50,1962 peel p50,0.78,,ORANGE,,1962,PEEL,P50,PEEL P50,,,0,0,0,1,SELL,1.0,SELL,1,10500,wheelspin_lab/20260919_023755_1d4d8f4f/spin_000110/full.png,wheelspin_lab/20260919_023755_1d4d8f4f/spin_000110/slot_3.png,wheelspin_lab/20260919_023755_1d4d8f4f/20260919_023755_1d4d8f4f_000110/duplicate_030351_088714.png,1.0
337,20260919_023755_1d4d8f4f:000113,1,2026-09-18T18:04:08.863+00:00,CAR,1970 DODGE Challenger RIT,1970 dodge challenger rit,0.78,,PURPLE,,1970,DODGE,CHALLENGER RIT,CHALLENGER 70,,,0,0,0,1,SELL,1.0,SELL,1,262500,wheelspin_lab/20260919_023755_1d4d8f4f/spin_000113/full.png,wheelspin_lab/20260919_023755_1d4d8f4f/spin_000113/slot_1.png,wheelspin_lab/20260919_023755_1d4d8f4f/20260919_023755_1d4d8f4f_000113/duplicate_030409_268326.png,1.0
338,20260919_023755_1d4d8f4f:000113,2,2026-09-18T18:04:08.863+00:00,CAR,2016 JEEP Trailcat,2016 jeep trailcat,0.78,,PURPLE,,2016,JEEP,TRAILCAT,JEEP TRAILCAT,,,0,0,0,1,SELL,1.0,SELL,1,35000,wheelspin_lab/20260919_023755_1d4d8f4f/spin_000113/full.png,wheelspin_lab/20260919_023755_1d4d8f4f/spin_000113/slot_2.png,wheelspin_lab/20260919_023755_1d4d8f4f/20260919_023755_1d4d8f4f_000113/duplicate_030410_739791.png,1.0
340,20260919_023755_1d4d8f4f:000114,1,2026-09-18T18:04:17.826+00:00,CAR,2019 TOYOTA Tacoma TRD Pro,2019 toyota tacoma trd pro,0.78,,BLUE,,2019,TOYOTA,TACOMA TRD PRO,TOYOTA TACOMA,,,0,0,0,1,SELL,1.0,SELL,1,17000,wheelspin_lab/20260919_023755_1d4d8f4f/spin_000114/full.png,wheelspin_lab/20260919_023755_1d4d8f4f/spin_000114/slot_1.png,wheelspin_lab/20260919_023755_1d4d8f4f/20260919_023755_1d4d8f4f_000114/duplicate_030418_218929.png,1.0
341,20260919_023755_1d4d8f4f:000114,2,2026-09-18T18:04:17.826+00:00,CAR,1957 BMW Isetta 300 Export,1957 bmw isetta 300 export,0.78,,OTHER,,1957,BMW,ISETTA 300 EXPORT,BMW SETTA,,,0,0,0,1,SELL,1.0,SELL,1,42000,wheelspin_lab/20260919_023755_1d4d8f4f/spin_000114/full.png,wheelspin_lab/20260919_023755_1d4d8f4f/spin_000114/slot_2.png,wheelspin_lab/20260919_023755_1d4d8f4f/20260919_023755_1d4d8f4f_000114/duplicate_030419_995515.png,1.0
346,20260919_023755_1d4d8f4f:000116,1,2026-09-18T18:04:32.686+00:00,CAR,8C Collipetizione,8c collipetizione,0.55,,NEUTRAL,,,,ALFA ROMEO 8C,ALFA ROMEO 8C,,,,0,0,1,SELL,1.0,SELL,1,156000,wheelspin_lab/20260919_023755_1d4d8f4f/spin_000116/full.png,wheelspin_lab/20260919_023755_1d4d8f4f/spin_000116/slot_1.png,wheelspin_lab/20260919_023755_1d4d8f4f/20260919_023755_1d4d8f4f_000116/duplicate_030433_096944.png,1.0
349,20260919_023755_1d4d8f4f:000117,1,2026-09-18T18:04:39.957+00:00,CAR,2005 BMW M3,2005 bmw m3,0.78,,PURPLE,,2005,BMW,M3,BMW M3 05,,,0,0,0,1,SELL,1.0,SELL,1,17500,wheelspin_lab/20260919_023755_1d4d8f4f/spin_000117/full.png,wheelspin_lab/20260919_023755_1d4d8f4f/spin_000117/slot_1.png,wheelspin_lab/20260919_023755_1d4d8f4f/20260919_023755_1d4d8f4f_000117/duplicate_030440_372668.png,1.0
361,20260919_023755_1d4d8f4f:000121,1,2026-09-18T18:05:03.461+00:00,CAR,2002 ACURA RSX Type S,2002 acura rsx type s,0.78,,NEUTRAL,,2002,ACURA,RSX TYPE S,ACURA RSX,,,0,0,0,1,SELL,1.0,SELL,1,9000,wheelspin_lab/20260919_023755_1d4d8f4f/spin_000121/full.png,wheelspin_lab/20260919_023755_1d4d8f4f/spin_000121/slot_1.png,wheelspin_lab/20260919_023755_1d4d8f4f/20260919_023755_1d4d8f4f_000121/duplicate_030503_940968.png,1.0
365,20260919_023755_1d4d8f4f:000122,2,2026-09-18T18:05:10.851+00:00,CAR,2008 BMW M3,2008 bmw m3,0.78,,ORANGE,,2008,BMW,M3,BMW M3 08,,,0,0,0,1,SELL,1.0,SELL,1,21500,wheelspin_lab/20260919_023755_1d4d8f4f/spin_000122/full.png,wheelspin_lab/20260919_023755_1d4d8f4f/spin_000122/slot_2.png,wheelspin_lab/20260919_023755_1d4d8f4f/20260919_023755_1d4d8f4f_000122/duplicate_030511_312080.png,1.0
372,20260919_023755_1d4d8f4f:000124,3,2026-09-18T18:05:23.652+00:00,CAR,2020 WULING Sunshine S Forza Edition CREDITS BOOST,2020 wuling sunshine s forza edition credits boost,0.78,,PURPLE,,2020,WULING,SUNSHINE S FORZA EDITION CREDITS BOOST,SUNSHINE FE,,,1,0,0,1,SELL,1.0,SELL,1,250000,wheelspin_lab/20260919_023755_1d4d8f4f/spin_000124/full.png,wheelspin_lab/20260919_023755_1d4d8f4f/spin_000124/slot_3.png,wheelspin_lab/20260919_023755_1d4d8f4f/20260919_023755_1d4d8f4f_000124/duplicate_030524_041361.png,1.0
377,20260919_023755_1d4d8f4f:000126,2,2026-09-18T18:05:36.726+00:00,CAR,2015 AUDI,2015 audi,0.45,,PURPLE,,2015,AUDI,AUDI SL,AUDI SL,,,0,0,0,1,SELL,1.0,SELL,1,10500,wheelspin_lab/20260919_023755_1d4d8f4f/spin_000126/full.png,wheelspin_lab/20260919_023755_1d4d8f4f/spin_000126/slot_2.png,wheelspin_lab/20260919_023755_1d4d8f4f/20260919_023755_1d4d8f4f_000126/duplicate_030537_193795.png,1.0
380,20260919_023755_1d4d8f4f:000127,2,2026-09-18T18:05:44.178+00:00,CAR,2009 BMW,2009 bmw,0.45,,ORANGE,,2009,BMW,BMW M5 09,BMW M5 09,,,0,0,0,1,SELL,1.0,SELL,1,27000,wheelspin_lab/20260919_023755_1d4d8f4f/spin_000127/full.png,wheelspin_lab/20260919_023755_1d4d8f4f/spin_000127/slot_2.png,wheelspin_lab/20260919_023755_1d4d8f4f/20260919_023755_1d4d8f4f_000127/duplicate_030544_589485.png,1.0
384,20260919_023755_1d4d8f4f:000128,3,2026-09-18T18:05:51.649+00:00,CAR,2018 MERCEDES-AMG E 63 s,2018 mercedes amg e 63 s,0.78,,PURPLE,,2018,MERCEDES,AMG E 63 S,MERCEDES AMG E63,,,0,0,0,1,SELL,1.0,SELL,1,31500,wheelspin_lab/20260919_023755_1d4d8f4f/spin_000128/full.png,wheelspin_lab/20260919_023755_1d4d8f4f/spin_000128/slot_3.png,wheelspin_lab/20260919_023755_1d4d8f4f/20260919_023755_1d4d8f4f_000128/duplicate_030552_128049.png,1.0
390,20260919_023755_1d4d8f4f:000130,3,2026-09-18T18:06:04.900+00:00,CAR,2012 JEEP Wrangler Rubicon,2012 jeep wrangler rubicon,0.78,,GREEN,,2012,JEEP,WRANGLER RUBICON,JEEP WRANGLER,,,0,0,0,1,SELL,1.0,SELL,1,8000,wheelspin_lab/20260919_023755_1d4d8f4f/spin_000130/full.png,wheelspin_lab/20260919_023755_1d4d8f4f/spin_000130/slot_3.png,wheelspin_lab/20260919_023755_1d4d8f4f/20260919_023755_1d4d8f4f_000130/duplicate_030605_358512.png,1.0
391,20260919_023755_1d4d8f4f:000131,1,2026-09-18T18:06:12.416+00:00,CAR,2003 HONDA,2003 honda,0.45,,OTHER,,2003,HONDA,HONDA S2000,HONDA S2000,,,0,0,0,1,SELL,1.0,SELL,1,27500,wheelspin_lab/20260919_023755_1d4d8f4f/spin_000131/full.png,wheelspin_lab/20260919_023755_1d4d8f4f/spin_000131/slot_1.png,wheelspin_lab/20260919_023755_1d4d8f4f/20260919_023755_1d4d8f4f_000131/duplicate_030612_815717.png,1.0
392,20260919_023755_1d4d8f4f:000131,2,2026-09-18T18:06:12.416+00:00,CAR,2015 MERCEDES-AMG GTS,2015 mercedes amg gts,0.78,,NEUTRAL,,2015,MERCEDES,AMG GTS,M B AMG GT,,,0,0,0,1,SELL,1.0,SELL,1,45000,wheelspin_lab/20260919_023755_1d4d8f4f/spin_000131/full.png,wheelspin_lab/20260919_023755_1d4d8f4f/spin_000131/slot_2.png,wheelspin_lab/20260919_023755_1d4d8f4f/20260919_023755_1d4d8f4f_000131/duplicate_030614_320958.png,1.0
395,20260919_023755_1d4d8f4f:000132,2,2026-09-18T18:06:21.039+00:00,CAR,1969 CHEVROLET Camaro Super Sport Coupe,1969 chevrolet camaro super sport coupe,0.78,,BLUE,,1969,CHEVROLET,CAMARO SUPER SPORT COUPE,CHEVY CAMARO 69,,,0,0,0,1,SELL,1.0,SELL,1,37500,wheelspin_lab/20260919_023755_1d4d8f4f/spin_000132/full.png,wheelspin_lab/20260919_023755_1d4d8f4f/spin_000132/slot_2.png,wheelspin_lab/20260919_023755_1d4d8f4f/20260919_023755_1d4d8f4f_000132/duplicate_030621_418276.png,1.0
403,20260919_023755_1d4d8f4f:000135,1,2026-09-18T18:06:39.459+00:00,CAR,HUMMER EV Pickup,hummer ev pickup,0.55,,NEUTRAL,,,,HUMMER EV TRUCK,HUMMER EV TRUCK,,,,0,0,1,SELL,1.0,SELL,1,47500,wheelspin_lab/20260919_023755_1d4d8f4f/spin_000135/full.png,wheelspin_lab/20260919_023755_1d4d8f4f/spin_000135/slot_1.png,wheelspin_lab/20260919_023755_1d4d8f4f/20260919_023755_1d4d8f4f_000135/duplicate_030639_960979.png,1.0
409,20260919_023755_1d4d8f4f:000137,1,2026-09-18T18:06:52.392+00:00,CAR,2019 CHEVROLET Corvette ZRI,2019 chevrolet corvette zri,0.78,,PURPLE,,2019,CHEVROLET,CORVETTE ZRI,CORVETTE 19,,,0,0,0,1,SELL,1.0,SELL,1,125000,wheelspin_lab/20260919_023755_1d4d8f4f/spin_000137/full.png,wheelspin_lab/20260919_023755_1d4d8f4f/spin_000137/slot_1.png,wheelspin_lab/20260919_023755_1d4d8f4f/20260919_023755_1d4d8f4f_000137/duplicate_030652_844996.png,1.0
410,20260919_023755_1d4d8f4f:000137,2,2026-09-18T18:06:52.392+00:00,CAR,2002 NISSAN Silvia Spec-R,2002 nissan silvia spec r,0.78,,OTHER,,2002,NISSAN,SILVIA SPEC R,NISSAN SILVIA 02,,,0,0,0,1,SELL,1.0,SELL,1,22000,wheelspin_lab/20260919_023755_1d4d8f4f/spin_000137/full.png,wheelspin_lab/20260919_023755_1d4d8f4f/spin_000137/slot_2.png,wheelspin_lab/20260919_023755_1d4d8f4f/20260919_023755_1d4d8f4f_000137/duplicate_030654_466884.png,1.0
420,20260919_023755_1d4d8f4f:000140,3,2026-09-18T18:07:12.188+00:00,CAR,1951 CHEVROLET Bei Air,1951 chevrolet bei air,0.78,,NEUTRAL,,1951,CHEVROLET,BEI AIR,CHEVY BEL AIR,,,0,0,0,1,SELL,1.0,SELL,1,34500,wheelspin_lab/20260919_023755_1d4d8f4f/spin_000140/full.png,wheelspin_lab/20260919_023755_1d4d8f4f/spin_000140/slot_3.png,wheelspin_lab/20260919_023755_1d4d8f4f/20260919_023755_1d4d8f4f_000140/duplicate_030712_593213.png,1.0
423,20260919_023755_1d4d8f4f:000141,3,2026-09-18T18:07:19.175+00:00,CAR,WRX STI,wrx sti,0.55,,NEUTRAL,,,,SUBARU WRX 15,SUBARU WRX 15,,,,0,0,1,SELL,1.0,SELL,1,13500,wheelspin_lab/20260919_023755_1d4d8f4f/spin_000141/full.png,wheelspin_lab/20260919_023755_1d4d8f4f/spin_000141/slot_3.png,wheelspin_lab/20260919_023755_1d4d8f4f/20260919_023755_1d4d8f4f_000141/duplicate_030719_547190.png,1.0
431,20260919_023755_1d4d8f4f:000144,2,2026-09-18T18:07:37.285+00:00,CAR,1972 RELIANT Supervan Ill,1972 reliant supervan ill,0.78,,BLUE,,1972,RELIANT,SUPERVAN ILL,RELIANT SUPERVAN,,,0,0,0,1,SELL,1.0,SELL,1,19500,wheelspin_lab/20260919_023755_1d4d8f4f/spin_000144/full.png,wheelspin_lab/20260919_023755_1d4d8f4f/spin_000144/slot_2.png,wheelspin_lab/20260919_023755_1d4d8f4f/20260919_023755_1d4d8f4f_000144/duplicate_030737_675066.png,1.0
439,20260919_023755_1d4d8f4f:000147,1,2026-09-18T18:07:55.201+00:00,CAR,Inopala Super Sport 409,inopala super sport 409,0.55,,NEUTRAL,,,,CHEVY IMPALA,CHEVY IMPALA,,,,0,0,1,SELL,1.0,SELL,1,35000,wheelspin_lab/20260919_023755_1d4d8f4f/spin_000147/full.png,wheelspin_lab/20260919_023755_1d4d8f4f/spin_000147/slot_1.png,wheelspin_lab/20260919_023755_1d4d8f4f/20260919_023755_1d4d8f4f_000147/duplicate_030755_577278.png,1.0
442,20260919_023755_1d4d8f4f:000148,1,2026-09-18T18:08:02.679+00:00,CAR,2020 FORD I F-450 DRW PLATINUM Fo DESTRUCTION SKILLS BOOST,2020 ford i f 450 drw platinum fo destruction skills boost,0.78,,PURPLE,,2020,FORD,I F 450 DRW PLATINUM FO DESTRUCTION SKILLS BOOST,FORD F 450 FE,,,0,0,0,1,SELL,1.0,SELL,1,250000,wheelspin_lab/20260919_023755_1d4d8f4f/spin_000148/full.png,wheelspin_lab/20260919_023755_1d4d8f4f/spin_000148/slot_1.png,wheelspin_lab/20260919_023755_1d4d8f4f/20260919_023755_1d4d8f4f_000148/duplicate_030803_135148.png,1.0
444,20260919_023755_1d4d8f4f:000148,3,2026-09-18T18:08:02.679+00:00,CAR,2022 LAMBORGHINI Huracan Tecnica,2022 lamborghini huracan tecnica,0.78,,OTHER,,2022,LAMBORGHINI,HURACAN TECNICA,HURACAN TECNICA,,,0,0,1,1,SELL,1.0,SELL,1,182500,wheelspin_lab/20260919_023755_1d4d8f4f/spin_000148/full.png,wheelspin_lab/20260919_023755_1d4d8f4f/spin_000148/slot_3.png,wheelspin_lab/20260919_023755_1d4d8f4f/20260919_023755_1d4d8f4f_000148/duplicate_030804_500910.png,1.0
445,20260919_023755_1d4d8f4f:000149,1,2026-09-18T18:08:11.909+00:00,CAR,2017 FORD,2017 ford,0.45,,PURPLE,,2017,FORD,FORD GT 17,FORD GT 17,,,0,0,0,1,SELL,1.0,SELL,1,250000,wheelspin_lab/20260919_023755_1d4d8f4f/spin_000149/full.png,wheelspin_lab/20260919_023755_1d4d8f4f/spin_000149/slot_1.png,wheelspin_lab/20260919_023755_1d4d8f4f/20260919_023755_1d4d8f4f_000149/duplicate_030812_373813.png,1.0
449,20260919_023755_1d4d8f4f:000150,2,2026-09-18T18:08:19.306+00:00,CAR,1970 DATSUN 510,1970 datsun 510,0.78,,BLUE,,1970,DATSUN,510,DATSUN 510,,,0,0,0,1,SELL,1.0,SELL,1,43000,wheelspin_lab/20260919_023755_1d4d8f4f/spin_000150/full.png,wheelspin_lab/20260919_023755_1d4d8f4f/spin_000150/slot_2.png,wheelspin_lab/20260919_023755_1d4d8f4f/20260919_023755_1d4d8f4f_000150/duplicate_030819_684980.png,1.0
450,20260919_023755_1d4d8f4f:000150,3,2026-09-18T18:08:19.306+00:00,CAR,2020 AUDI RS 3 Sedan,2020 audi rs 3 sedan,0.78,,BLUE,,2020,AUDI,RS 3 SEDAN,AUDI RS 3 20,,,0,0,0,1,SELL,1.0,SELL,1,26000,wheelspin_lab/20260919_023755_1d4d8f4f/spin_000150/full.png,wheelspin_lab/20260919_023755_1d4d8f4f/spin_000150/slot_3.png,wheelspin_lab/20260919_023755_1d4d8f4f/20260919_023755_1d4d8f4f_000150/duplicate_030821_116330.png,1.0
454,20260919_023755_1d4d8f4f:000152,1,2026-09-18T18:08:33.409+00:00,CAR,PORSCHE 911 GT3 RS,porsche 911 gt3 rs,0.55,,NEUTRAL,,,,911 GT3 RS 19,911 GT3 RS 19,,,,0,0,1,SELL,1.0,SELL,1,125000,wheelspin_lab/20260919_023755_1d4d8f4f/spin_000152/full.png,wheelspin_lab/20260919_023755_1d4d8f4f/spin_000152/slot_1.png,wheelspin_lab/20260919_023755_1d4d8f4f/20260919_023755_1d4d8f4f_000152/duplicate_030833_801349.png,1.0
459,20260919_023755_1d4d8f4f:000153,3,2026-09-18T18:08:40.957+00:00,CAR,2018 JEEP Grand Cherokee Trackhaw\,2018 jeep grand cherokee trackhaw,0.78,,GREEN,,2018,JEEP,GRAND CHEROKEE TRACKHAW,JEEP TRACKHAWK,,,0,0,0,1,SELL,1.0,SELL,1,36000,wheelspin_lab/20260919_023755_1d4d8f4f/spin_000153/full.png,wheelspin_lab/20260919_023755_1d4d8f4f/spin_000153/slot_3.png,wheelspin_lab/20260919_023755_1d4d8f4f/20260919_023755_1d4d8f4f_000153/duplicate_030841_348704.png,1.0
460,20260919_023755_1d4d8f4f:000154,1,2026-09-18T18:08:48.305+00:00,CAR,2008 BMW M3,2008 bmw m3,0.78,,OTHER,,2008,BMW,M3,BMW M3 08,,,0,0,0,1,SELL,1.0,SELL,1,21500,wheelspin_lab/20260919_023755_1d4d8f4f/spin_000154/full.png,wheelspin_lab/20260919_023755_1d4d8f4f/spin_000154/slot_1.png,wheelspin_lab/20260919_023755_1d4d8f4f/20260919_023755_1d4d8f4f_000154/duplicate_030848_758023.png,1.0
467,20260919_023755_1d4d8f4f:000156,2,2026-09-18T18:09:01.076+00:00,CAR,2023 PORSCHE 911 GT3 RS,2023 porsche 911 gt3 rs,0.78,,NEUTRAL,,2023,PORSCHE,911 GT3 RS,P 911 GT3 RS 23,,,0,0,0,1,SELL,1.0,SELL,1,212000,wheelspin_lab/20260919_023755_1d4d8f4f/spin_000156/full.png,wheelspin_lab/20260919_023755_1d4d8f4f/spin_000156/slot_2.png,wheelspin_lab/20260919_023755_1d4d8f4f/20260919_023755_1d4d8f4f_000156/duplicate_030901_571851.png,1.0
472,20260919_023755_1d4d8f4f:000158,1,2026-09-18T18:09:13.871+00:00,CAR,2011 MAZDA RX-8 R3,2011 mazda rx 8 r3,0.78,,NEUTRAL,,2011,MAZDA,RX 8 R3,MAZDA RX 8,,,0,0,0,1,SELL,1.0,SELL,1,16500,wheelspin_lab/20260919_023755_1d4d8f4f/spin_000158/full.png,wheelspin_lab/20260919_023755_1d4d8f4f/spin_000158/slot_1.png,wheelspin_lab/20260919_023755_1d4d8f4f/20260919_023755_1d4d8f4f_000158/duplicate_030914_261988.png,1.0
482,20260919_023755_1d4d8f4f:000161,2,2026-09-18T18:09:32.443+00:00,CAR,430 Scuderia,430 scuderia,0.55,,NEUTRAL,,,,FERRARI 430 S,FERRARI 430 S,,,,0,0,1,SELL,1.0,SELL,1,177500,wheelspin_lab/20260919_023755_1d4d8f4f/spin_000161/full.png,wheelspin_lab/20260919_023755_1d4d8f4f/spin_000161/slot_2.png,wheelspin_lab/20260919_023755_1d4d8f4f/20260919_023755_1d4d8f4f_000161/duplicate_030932_961284.png,1.0
483,20260919_023755_1d4d8f4f:000161,3,2026-09-18T18:09:32.443+00:00,CAR,sports 800,sports 800,0.55,,NEUTRAL,,,,SPORTS 800 65,SPORTS 800 65,,,,0,0,1,SELL,1.0,SELL,1,125000,wheelspin_lab/20260919_023755_1d4d8f4f/spin_000161/full.png,wheelspin_lab/20260919_023755_1d4d8f4f/spin_000161/slot_3.png,wheelspin_lab/20260919_023755_1d4d8f4f/20260919_023755_1d4d8f4f_000161/duplicate_030934_389144.png,1.0
487,20260919_023755_1d4d8f4f:000163,1,2026-09-18T18:09:46.781+00:00,CAR,2005 MAZDA Mazdaspeed MX-5,2005 mazda mazdaspeed mx 5,0.78,,BLUE,,2005,MAZDA,MAZDASPEED MX 5,MAZDA MX 5 05,,,0,0,0,1,SELL,1.0,SELL,1,10500,wheelspin_lab/20260919_023755_1d4d8f4f/spin_000163/full.png,wheelspin_lab/20260919_023755_1d4d8f4f/spin_000163/slot_1.png,wheelspin_lab/20260919_023755_1d4d8f4f/20260919_023755_1d4d8f4f_000163/duplicate_030947_175444.png,1.0
488,20260919_023755_1d4d8f4f:000163,2,2026-09-18T18:09:46.781+00:00,CAR,1997 TOYOTA Soarer 2.5 GT-T,1997 toyota soarer 2 5 gt t,0.78,,BLUE,,1997,TOYOTA,SOARER 2 5 GT T,SOARER 97,,,0,0,0,1,SELL,1.0,SELL,1,9000,wheelspin_lab/20260919_023755_1d4d8f4f/spin_000163/full.png,wheelspin_lab/20260919_023755_1d4d8f4f/spin_000163/slot_2.png,wheelspin_lab/20260919_023755_1d4d8f4f/20260919_023755_1d4d8f4f_000163/duplicate_030948_883968.png,1.0
495,20260919_023755_1d4d8f4f:000165,3,2026-09-18T18:10:01.564+00:00,CAR,1989 FORMULA DRIFT #98 BMW 325i,1989 formula drift 98 bmw 325i,0.78,,PURPLE,,1989,FORMULA,DRIFT 98 BMW 325I,98 BMW 325I,,,0,0,0,1,SELL,1.0,SELL,1,75000,wheelspin_lab/20260919_023755_1d4d8f4f/spin_000165/full.png,wheelspin_lab/20260919_023755_1d4d8f4f/spin_000165/slot_3.png,wheelspin_lab/20260919_023755_1d4d8f4f/20260919_023755_1d4d8f4f_000165/duplicate_031001_956691.png,1.0
499,20260919_023755_1d4d8f4f:000167,1,2026-09-18T18:10:14.689+00:00,CAR,1932 FORD )e Luxe Five-Window Coupt,1932 ford e luxe five window coupt,0.78,,GREEN,,1932,FORD,E LUXE FIVE WINDOW COUPT,FORD COUPE 32,,,0,0,0,1,SELL,1.0,SELL,1,18000,wheelspin_lab/20260919_023755_1d4d8f4f/spin_000167/full.png,wheelspin_lab/20260919_023755_1d4d8f4f/spin_000167/slot_1.png,wheelspin_lab/20260919_023755_1d4d8f4f/20260919_023755_1d4d8f4f_000167/duplicate_031015_095180.png,1.0
506,20260919_023755_1d4d8f4f:000169,2,2026-09-18T18:10:27.495+00:00,CAR,2023 FORMULA DRIFT 64 Forsberg Racing Nissan,2023 formula drift 64 forsberg racing nissan,0.78,,PURPLE,,2023,FORMULA,DRIFT 64 FORSBERG RACING NISSAN,64 NISSAN Z,,,0,0,0,1,SELL,1.0,SELL,1,100000,wheelspin_lab/20260919_023755_1d4d8f4f/spin_000169/full.png,wheelspin_lab/20260919_023755_1d4d8f4f/spin_000169/slot_2.png,wheelspin_lab/20260919_023755_1d4d8f4f/20260919_023755_1d4d8f4f_000169/duplicate_031027_960796.png,1.0
508,20260919_023755_1d4d8f4f:000170,1,2026-09-18T18:10:35.196+00:00,CAR,2016 JEEP Trailcat,2016 jeep trailcat,0.78,,BLUE,,2016,JEEP,TRAILCAT,JEEP TRAILCAT,,,0,0,0,1,SELL,1.0,SELL,1,35000,wheelspin_lab/20260919_023755_1d4d8f4f/spin_000170/full.png,wheelspin_lab/20260919_023755_1d4d8f4f/spin_000170/slot_1.png,wheelspin_lab/20260919_023755_1d4d8f4f/20260919_023755_1d4d8f4f_000170/duplicate_031035_651174.png,1.0
515,20260919_023755_1d4d8f4f:000172,2,2026-09-18T18:10:48.145+00:00,CAR,1977 PONTIAC Firebird Trans Am,1977 pontiac firebird trans am,0.78,,NEUTRAL,,1977,PONTIAC,FIREBIRD TRANS AM,PONTIAC WA 77,,,0,0,0,1,SELL,1.0,SELL,1,30000,wheelspin_lab/20260919_023755_1d4d8f4f/spin_000172/full.png,wheelspin_lab/20260919_023755_1d4d8f4f/spin_000172/slot_2.png,wheelspin_lab/20260919_023755_1d4d8f4f/20260919_023755_1d4d8f4f_000172/duplicate_031048_635156.png,1.0
520,20260919_023755_1d4d8f4f:000174,1,2026-09-18T18:11:00.631+00:00,CAR,2016 ASTON MARTIN Vulcan,2016 aston martin vulcan,0.78,,OTHER,,2016,ASTON,MARTIN VULCAN,AM VULCAN,,,0,0,0,1,SELL,1.0,SELL,1,1150000,wheelspin_lab/20260919_023755_1d4d8f4f/spin_000174/full.png,wheelspin_lab/20260919_023755_1d4d8f4f/spin_000174/slot_1.png,wheelspin_lab/20260919_023755_1d4d8f4f/20260919_023755_1d4d8f4f_000174/duplicate_031101_099412.png,1.0
521,20260919_023755_1d4d8f4f:000174,2,2026-09-18T18:11:00.633+00:00,CAR,1988 CHEVROLET Monte Carlo Super Sport,1988 chevrolet monte carlo super sport,0.78,,OTHER,,1988,CHEVROLET,MONTE CARLO SUPER SPORT,CHEVY MONTECARLO,,,0,0,0,1,SELL,1.0,SELL,1,15000,wheelspin_lab/20260919_023755_1d4d8f4f/spin_000174/full.png,wheelspin_lab/20260919_023755_1d4d8f4f/spin_000174/slot_2.png,wheelspin_lab/20260919_023755_1d4d8f4f/20260919_023755_1d4d8f4f_000174/duplicate_031102_635040.png,1.0
523,20260919_023755_1d4d8f4f:000175,1,2026-09-18T18:11:09.641+00:00,CAR,2013 VERCEDES-BENZ A 45 AMG,2013 vercedes benz a 45 amg,0.78,,NEUTRAL,,2013,VERCEDES,BENZ A 45 AMG,M B A45,,,0,0,0,1,SELL,1.0,SELL,1,12500,wheelspin_lab/20260919_023755_1d4d8f4f/spin_000175/full.png,wheelspin_lab/20260919_023755_1d4d8f4f/spin_000175/slot_1.png,wheelspin_lab/20260919_023755_1d4d8f4f/20260919_023755_1d4d8f4f_000175/duplicate_031110_027799.png,1.0
531,20260919_023755_1d4d8f4f:000177,3,2026-09-18T18:11:22.208+00:00,CAR,2022 CT5-v Blackwing,2022 ct5 v blackwing,0.78,,NEUTRAL,,2022,CT5,V BLACKWING,CADILLAC CT5 V,,,0,0,0,1,SELL,1.0,SELL,1,45000,wheelspin_lab/20260919_023755_1d4d8f4f/spin_000177/full.png,wheelspin_lab/20260919_023755_1d4d8f4f/spin_000177/slot_3.png,wheelspin_lab/20260919_023755_1d4d8f4f/20260919_023755_1d4d8f4f_000177/duplicate_031122_593169.png,1.0
532,20260919_023755_1d4d8f4f:000178,1,2026-09-18T18:11:29.506+00:00,CAR,2014 FORD 'V Limited Edition Pursuit U,2014 ford v limited edition pursuit u,0.78,,NEUTRAL,,2014,FORD,V LIMITED EDITION PURSUIT U,FORD UTE 14,,,0,0,0,1,SELL,1.0,SELL,1,20000,wheelspin_lab/20260919_023755_1d4d8f4f/spin_000178/full.png,wheelspin_lab/20260919_023755_1d4d8f4f/spin_000178/slot_1.png,wheelspin_lab/20260919_023755_1d4d8f4f/20260919_023755_1d4d8f4f_000178/duplicate_031129_985170.png,1.0
536,20260919_023755_1d4d8f4f:000179,2,2026-09-18T18:11:36.725+00:00,CAR,2012 NISSAN Black Edition 835) Forza E SPEED SKILLS BOOST,2012 nissan black edition 835 forza e speed skills boost,0.78,,NEUTRAL,,2012,NISSAN,BLACK EDITION 835 FORZA E SPEED SKILLS BOOST,GT R FE 12,,,0,0,0,1,SELL,1.0,SELL,1,375000,wheelspin_lab/20260919_023755_1d4d8f4f/spin_000179/full.png,wheelspin_lab/20260919_023755_1d4d8f4f/spin_000179/slot_2.png,wheelspin_lab/20260919_023755_1d4d8f4f/20260919_023755_1d4d8f4f_000179/duplicate_031137_282408.png,1.0
539,20260919_023755_1d4d8f4f:000180,2,2026-09-18T18:11:44.191+00:00,CAR,RS 4 Avant,rs 4 avant,0.55,,NEUTRAL,,,,AUDI RS 4 01,AUDI RS 4 01,,,,0,0,1,SELL,1.0,SELL,1,87500,wheelspin_lab/20260919_023755_1d4d8f4f/spin_000180/full.png,wheelspin_lab/20260919_023755_1d4d8f4f/spin_000180/slot_2.png,wheelspin_lab/20260919_023755_1d4d8f4f/20260919_023755_1d4d8f4f_000180/duplicate_031144_670322.png,1.0
542,20260919_023755_1d4d8f4f:000181,2,2026-09-18T18:11:51.492+00:00,CAR,2015 AUDI,2015 audi,0.45,,ORANGE,,2015,AUDI,AUDI SL,AUDI SL,,,0,0,0,1,SELL,1.0,SELL,1,10500,wheelspin_lab/20260919_023755_1d4d8f4f/spin_000181/full.png,wheelspin_lab/20260919_023755_1d4d8f4f/spin_000181/slot_2.png,wheelspin_lab/20260919_023755_1d4d8f4f/20260919_023755_1d4d8f4f_000181/duplicate_031151_873668.png,1.0
555,20260919_023755_1d4d8f4f:000185,3,2026-09-18T18:12:14.100+00:00,CAR,1980 ABARTH Fiat 131,1980 abarth fiat 131,0.78,,PURPLE,,1980,ABARTH,FIAT 131,ABARTH 131,,,0,0,0,1,SELL,1.0,SELL,1,62500,wheelspin_lab/20260919_023755_1d4d8f4f/spin_000185/full.png,wheelspin_lab/20260919_023755_1d4d8f4f/spin_000185/slot_3.png,wheelspin_lab/20260919_023755_1d4d8f4f/20260919_023755_1d4d8f4f_000185/duplicate_031214_598871.png,1.0
559,20260919_023755_1d4d8f4f:000187,1,2026-09-18T18:12:26.620+00:00,CAR,2000 NISSAN Skyline GT-R v•spec II,2000 nissan skyline gt r v spec ii,0.78,,BLUE,,2000,NISSAN,SKYLINE GT R VSPEC II,SKYLINE GT R 00,,,0,0,0,1,SELL,1.0,SELL,1,100000,wheelspin_lab/20260919_023755_1d4d8f4f/spin_000187/full.png,wheelspin_lab/20260919_023755_1d4d8f4f/spin_000187/slot_1.png,wheelspin_lab/20260919_023755_1d4d8f4f/20260919_023755_1d4d8f4f_000187/duplicate_031227_023019.png,1.0
569,20260919_023755_1d4d8f4f:000190,2,2026-09-18T18:12:44.152+00:00,CAR,2019 PORSCHE 911 Carrera S,2019 porsche 911 carrera s,0.78,,NEUTRAL,,2019,PORSCHE,911 CARRERA S,PORSCHE 911 19,,,0,0,0,1,SELL,1.0,SELL,1,72500,wheelspin_lab/20260919_023755_1d4d8f4f/spin_000190/full.png,wheelspin_lab/20260919_023755_1d4d8f4f/spin_000190/slot_2.png,wheelspin_lab/20260919_023755_1d4d8f4f/20260919_023755_1d4d8f4f_000190/duplicate_031244_542558.png,1.0
570,20260919_023755_1d4d8f4f:000190,3,2026-09-18T18:12:44.152+00:00,CAR,2018 FORD Mustang RTR spec 5,2018 ford mustang rtr spec 5,0.78,,NEUTRAL,,2018,FORD,MUSTANG RTR SPEC 5,FORD MUSTANG S5,,,0,0,0,1,SELL,1.0,SELL,1,17500,wheelspin_lab/20260919_023755_1d4d8f4f/spin_000190/full.png,wheelspin_lab/20260919_023755_1d4d8f4f/spin_000190/slot_3.png,wheelspin_lab/20260919_023755_1d4d8f4f/20260919_023755_1d4d8f4f_000190/duplicate_031246_160251.png,1.0
571,20260919_023755_1d4d8f4f:000191,1,2026-09-18T18:12:53.265+00:00,CAR,1994 NISSAN Silvia K's,1994 nissan silvia k s,0.78,,OTHER,,1994,NISSAN,SILVIA K S,SILVIA 94,,,0,0,0,1,SELL,1.0,SELL,1,10000,wheelspin_lab/20260919_023755_1d4d8f4f/spin_000191/full.png,wheelspin_lab/20260919_023755_1d4d8f4f/spin_000191/slot_1.png,wheelspin_lab/20260919_023755_1d4d8f4f/20260919_023755_1d4d8f4f_000191/duplicate_031253_644738.png,1.0
584,20260919_023755_1d4d8f4f:000195,2,2026-09-18T18:13:16.759+00:00,CAR,2010 Mazdaspeed 3,2010 mazdaspeed 3,0.78,,NEUTRAL,,2010,MAZDASPEED,3,MAZDA 3,,,0,0,0,1,SELL,1.0,SELL,1,12500,wheelspin_lab/20260919_023755_1d4d8f4f/spin_000195/full.png,wheelspin_lab/20260919_023755_1d4d8f4f/spin_000195/slot_2.png,wheelspin_lab/20260919_023755_1d4d8f4f/20260919_023755_1d4d8f4f_000195/duplicate_031317_157111.png,1.0
585,20260919_023755_1d4d8f4f:000195,3,2026-09-18T18:13:16.759+00:00,CAR,1905 MITSUBISHI Eclipse GSX,1905 mitsubishi eclipse gsx,0.78,,NEUTRAL,,1905,MITSUBISHI,ECLIPSE GSX,ECLIPSE GSX,,,0,0,0,1,SELL,1.0,SELL,1,17500,wheelspin_lab/20260919_023755_1d4d8f4f/spin_000195/full.png,wheelspin_lab/20260919_023755_1d4d8f4f/spin_000195/slot_3.png,wheelspin_lab/20260919_023755_1d4d8f4f/20260919_023755_1d4d8f4f_000195/duplicate_031318_747962.png,1.0
586,20260919_023755_1d4d8f4f:000196,1,2026-09-18T18:13:25.739+00:00,CAR,2016 CADILLAC CTS-V Sedan,2016 cadillac cts v sedan,0.78,,OTHER,,2016,CADILLAC,CTS V SEDAN,CADDY CTS V 16,,,0,0,0,1,SELL,1.0,SELL,1,30000,wheelspin_lab/20260919_023755_1d4d8f4f/spin_000196/full.png,wheelspin_lab/20260919_023755_1d4d8f4f/spin_000196/slot_1.png,wheelspin_lab/20260919_023755_1d4d8f4f/20260919_023755_1d4d8f4f_000196/duplicate_031326_123614.png,1.0
591,20260919_023755_1d4d8f4f:000197,3,2026-09-18T18:13:33.226+00:00,CAR,1992 FORD Escort RS Cosworth,1992 ford escort rs cosworth,0.78,,NEUTRAL,,1992,FORD,ESCORT RS COSWORTH,FORD ESCORT 92,,,0,0,0,1,SELL,1.0,SELL,1,32500,wheelspin_lab/20260919_023755_1d4d8f4f/spin_000197/full.png,wheelspin_lab/20260919_023755_1d4d8f4f/spin_000197/slot_3.png,wheelspin_lab/20260919_023755_1d4d8f4f/20260919_023755_1d4d8f4f_000197/duplicate_031333_621249.png,1.0
595,20260919_023755_1d4d8f4f:000199,1,2026-09-18T18:13:45.784+00:00,CAR,1972 RELIANT Supervan Ill,1972 reliant supervan ill,0.78,,NEUTRAL,,1972,RELIANT,SUPERVAN ILL,RELIANT SUPERVAN,,,0,0,0,1,SELL,1.0,SELL,1,19500,wheelspin_lab/20260919_023755_1d4d8f4f/spin_000199/full.png,wheelspin_lab/20260919_023755_1d4d8f4f/spin_000199/slot_1.png,wheelspin_lab/20260919_023755_1d4d8f4f/20260919_023755_1d4d8f4f_000199/duplicate_031346_177663.png,1.0
597,20260919_023755_1d4d8f4f:000199,3,2026-09-18T18:13:45.784+00:00,CAR,19/3 RX-3,19 3 rx 3,0.55,,NEUTRAL,,,,MAZDA RX 3,MAZDA RX 3,,,,0,0,1,SELL,1.0,SELL,1,36500,wheelspin_lab/20260919_023755_1d4d8f4f/spin_000199/full.png,wheelspin_lab/20260919_023755_1d4d8f4f/spin_000199/slot_3.png,wheelspin_lab/20260919_023755_1d4d8f4f/20260919_023755_1d4d8f4f_000199/duplicate_031347_690222.png,1.0
600,20260919_023755_1d4d8f4f:000200,3,2026-09-18T18:13:54.665+00:00,CAR,2017 FERRARI 812 Superfast,2017 ferrari 812 superfast,0.78,,NEUTRAL,,2017,FERRARI,812 SUPERFAST,FERRARI 812,,,0,0,0,1,SELL,1.0,SELL,1,197500,wheelspin_lab/20260919_023755_1d4d8f4f/spin_000200/full.png,wheelspin_lab/20260919_023755_1d4d8f4f/spin_000200/slot_3.png,wheelspin_lab/20260919_023755_1d4d8f4f/20260919_023755_1d4d8f4f_000200/duplicate_031355_040183.png,1.0
603,20260919_023755_1d4d8f4f:000201,3,2026-09-18T18:14:02.228+00:00,CAR,1989 NISSAN S-Cargo Forza Edition CREDITS BOOST,1989 nissan s cargo forza edition credits boost,1.0,,PURPLE,,1989,Nissan,S-Cargo Forza Edition,S CARGO FE,,,1,0,0,1,SELL,1.0,SELL,1,250000,wheelspin_lab/20260919_023755_1d4d8f4f/spin_000201/full.png,wheelspin_lab/20260919_023755_1d4d8f4f/spin_000201/slot_3.png,wheelspin_lab/20260919_023755_1d4d8f4f/20260919_023755_1d4d8f4f_000201/duplicate_031402_716897.png,1.0
604,20260919_023755_1d4d8f4f:000202,1,2026-09-18T18:14:09.509+00:00,CAR,288 GTO,288 gto,0.55,,NEUTRAL,,,,FERRARI 288 GTO,FERRARI 288 GTO,,,,0,0,1,SELL,1.0,SELL,1,1400000,wheelspin_lab/20260919_023755_1d4d8f4f/spin_000202/full.png,wheelspin_lab/20260919_023755_1d4d8f4f/spin_000202/slot_1.png,wheelspin_lab/20260919_023755_1d4d8f4f/20260919_023755_1d4d8f4f_000202/duplicate_031409_970030.png,1.0
605,20260919_023755_1d4d8f4f:000202,2,2026-09-18T18:14:09.509+00:00,CAR,plus,plus,0.55,,NEUTRAL,,,,AUDI R8 VIO PLUS,AUDI R8 VIO PLUS,,,,0,0,1,SELL,1.0,SELL,1,80000,wheelspin_lab/20260919_023755_1d4d8f4f/spin_000202/full.png,wheelspin_lab/20260919_023755_1d4d8f4f/spin_000202/slot_2.png,wheelspin_lab/20260919_023755_1d4d8f4f/20260919_023755_1d4d8f4f_000202/duplicate_031411_545354.png,1.0
608,20260919_023755_1d4d8f4f:000203,2,2026-09-18T18:14:18.356+00:00,CAR,2019 BMW Z4 Roadster,2019 bmw z4 roadster,0.78,,BLUE,,2019,BMW,Z4 ROADSTER,BMW Z4 19,,,0,0,0,1,SELL,1.0,SELL,1,19000,wheelspin_lab/20260919_023755_1d4d8f4f/spin_000203/full.png,wheelspin_lab/20260919_023755_1d4d8f4f/spin_000203/slot_2.png,wheelspin_lab/20260919_023755_1d4d8f4f/20260919_023755_1d4d8f4f_000203/duplicate_031418_755850.png,1.0
612,20260919_023755_1d4d8f4f:000204,3,2026-09-18T18:14:25.719+00:00,CAR,2018 JEEP Grand Cherokee Trackhawk,2018 jeep grand cherokee trackhawk,0.78,,NEUTRAL,,2018,JEEP,GRAND CHEROKEE TRACKHAWK,JEEP TRACKHAWK,,,0,0,0,1,SELL,1.0,SELL,1,36000,wheelspin_lab/20260919_023755_1d4d8f4f/spin_000204/full.png,wheelspin_lab/20260919_023755_1d4d8f4f/spin_000204/slot_3.png,wheelspin_lab/20260919_023755_1d4d8f4f/20260919_023755_1d4d8f4f_000204/duplicate_031426_206625.png,1.0
613,20260919_023755_1d4d8f4f:000205,1,2026-09-18T18:14:33.271+00:00,CAR,2021 MERCEDES-AMG GT Black Series,2021 mercedes amg gt black series,0.78,,PURPLE,,2021,MERCEDES,AMG GT BLACK SERIES,AMG GT BLACK,,,0,0,0,1,SELL,1.0,SELL,1,220000,wheelspin_lab/20260919_023755_1d4d8f4f/spin_000205/full.png,wheelspin_lab/20260919_023755_1d4d8f4f/spin_000205/slot_1.png,wheelspin_lab/20260919_023755_1d4d8f4f/20260919_023755_1d4d8f4f_000205/duplicate_031433_673240.png,1.0
615,20260919_023755_1d4d8f4f:000205,3,2026-09-18T18:14:33.271+00:00,CAR,2000 FORD Mustang SVT Cobra R,2000 ford mustang svt cobra r,0.78,,OTHER,,2000,FORD,MUSTANG SVT COBRA R,FORD MUSTANG 00,,,0,0,0,1,SELL,1.0,SELL,1,76500,wheelspin_lab/20260919_023755_1d4d8f4f/spin_000205/full.png,wheelspin_lab/20260919_023755_1d4d8f4f/spin_000205/slot_3.png,wheelspin_lab/20260919_023755_1d4d8f4f/20260919_023755_1d4d8f4f_000205/duplicate_031435_233323.png,1.0
616,20260919_023755_1d4d8f4f:000206,1,2026-09-18T18:14:42.336+00:00,CAR,Black Edition (R35) Forza E SPO SKILLS BOOST,black edition r35 forza e spo skills boost,0.55,,NEUTRAL,,,,GT R FE 12,GT R FE 12,,,,0,0,1,SELL,1.0,SELL,1,375000,wheelspin_lab/20260919_023755_1d4d8f4f/spin_000206/full.png,wheelspin_lab/20260919_023755_1d4d8f4f/spin_000206/slot_1.png,wheelspin_lab/20260919_023755_1d4d8f4f/20260919_023755_1d4d8f4f_000206/duplicate_031442_818308.png,1.0
620,20260919_023755_1d4d8f4f:000207,2,2026-09-18T18:17:54.377+00:00,CAR,1970 HONDA S800,1970 honda s800,0.78,,OTHER,,1970,HONDA,S800,HONDA S800,,,0,0,0,1,SELL,1.0,SELL,1,20000,wheelspin_lab/20260919_023755_1d4d8f4f/spin_000207/full.png,wheelspin_lab/20260919_023755_1d4d8f4f/spin_000207/slot_2.png,wheelspin_lab/20260919_023755_1d4d8f4f/20260919_023755_1d4d8f4f_000207/duplicate_031754_791529.png,1.0
632,20260919_023755_1d4d8f4f:000211,2,2026-09-18T18:18:17.789+00:00,CAR,1993 FORD Mustang SVT Cobra R,1993 ford mustang svt cobra r,0.78,,OTHER,,1993,FORD,MUSTANG SVT COBRA R,FORD MUSTANG 93,,,0,0,0,1,SELL,1.0,SELL,1,42000,wheelspin_lab/20260919_023755_1d4d8f4f/spin_000211/full.png,wheelspin_lab/20260919_023755_1d4d8f4f/spin_000211/slot_2.png,wheelspin_lab/20260919_023755_1d4d8f4f/20260919_023755_1d4d8f4f_000211/duplicate_031818_182414.png,1.0
648,20260919_023755_1d4d8f4f:000216,3,2026-09-18T18:18:46.967+00:00,CAR,2021 ALUMICR/\FT #122 Class 1 Buggy,2021 alumicr ft 122 class 1 buggy,0.78,,NEUTRAL,,2021,ALUMICR,FT 122 CLASS 1 BUGGY,122 AC CLASS 1,,,0,0,0,1,SELL,1.0,SELL,1,80000,wheelspin_lab/20260919_023755_1d4d8f4f/spin_000216/full.png,wheelspin_lab/20260919_023755_1d4d8f4f/spin_000216/slot_3.png,wheelspin_lab/20260919_023755_1d4d8f4f/20260919_023755_1d4d8f4f_000216/duplicate_031847_371139.png,1.0
649,20260919_023755_1d4d8f4f:000217,1,2026-09-18T18:18:54.404+00:00,CAR,1970 CHEVROLET Camaro Z28,1970 chevrolet camaro z28,0.78,,OTHER,,1970,CHEVROLET,CAMARO Z28,CHEVY CAMARO 70,,,0,0,0,1,SELL,1.0,SELL,1,27500,wheelspin_lab/20260919_023755_1d4d8f4f/spin_000217/full.png,wheelspin_lab/20260919_023755_1d4d8f4f/spin_000217/slot_1.png,wheelspin_lab/20260919_023755_1d4d8f4f/20260919_023755_1d4d8f4f_000217/duplicate_031854_818819.png,1.0
656,20260919_023755_1d4d8f4f:000219,2,2026-09-18T18:19:07.378+00:00,CAR,2020 FORMULA DRIFT BMW M2,2020 formula drift bmw m2,0.78,,PURPLE,,2020,FORMULA,DRIFT BMW M2,91 BMW M2,,,0,0,0,1,SELL,1.0,SELL,1,75000,wheelspin_lab/20260919_023755_1d4d8f4f/spin_000219/full.png,wheelspin_lab/20260919_023755_1d4d8f4f/spin_000219/slot_2.png,wheelspin_lab/20260919_023755_1d4d8f4f/20260919_023755_1d4d8f4f_000219/duplicate_031907_772263.png,1.0
658,20260919_023755_1d4d8f4f:000220,1,2026-09-18T18:19:14.863+00:00,CAR,2018 CHEVROLET Camaro ZLI ILE,2018 chevrolet camaro zli ile,0.78,,BLUE,,2018,CHEVROLET,CAMARO ZLI ILE,CHEVY CAMARO 18,,,0,0,0,1,SELL,1.0,SELL,1,35000,wheelspin_lab/20260919_023755_1d4d8f4f/spin_000220/full.png,wheelspin_lab/20260919_023755_1d4d8f4f/spin_000220/slot_1.png,wheelspin_lab/20260919_023755_1d4d8f4f/20260919_023755_1d4d8f4f_000220/duplicate_031915_281739.png,1.0
662,20260919_023755_1d4d8f4f:000221,2,2026-09-18T18:19:22.152+00:00,CAR,1965 TOYOTA sports 800,1965 toyota sports 800,0.78,,NEUTRAL,,1965,TOYOTA,SPORTS 800,SPORTS 800 65,,,0,0,0,1,SELL,1.0,SELL,1,125000,wheelspin_lab/20260919_023755_1d4d8f4f/spin_000221/full.png,wheelspin_lab/20260919_023755_1d4d8f4f/spin_000221/slot_2.png,wheelspin_lab/20260919_023755_1d4d8f4f/20260919_023755_1d4d8f4f_000221/duplicate_031922_568613.png,1.0
667,20260919_023755_1d4d8f4f:000223,1,2026-09-18T18:19:35.176+00:00,CAR,2020 FORMULA DRIFT BMW M2,2020 formula drift bmw m2,0.78,,PURPLE,,2020,FORMULA,DRIFT BMW M2,91 BMW M2,,,0,0,0,1,SELL,1.0,SELL,1,75000,wheelspin_lab/20260919_023755_1d4d8f4f/spin_000223/full.png,wheelspin_lab/20260919_023755_1d4d8f4f/spin_000223/slot_1.png,wheelspin_lab/20260919_023755_1d4d8f4f/20260919_023755_1d4d8f4f_000223/duplicate_031935_657455.png,1.0
670,20260919_023755_1d4d8f4f:000224,1,2026-09-18T18:19:42.536+00:00,CAR,2015 BMW,2015 bmw,0.45,,PURPLE,,2015,BMW,BMW I8,BMW I8,,,0,0,0,1,SELL,1.0,SELL,1,35000,wheelspin_lab/20260919_023755_1d4d8f4f/spin_000224/full.png,wheelspin_lab/20260919_023755_1d4d8f4f/spin_000224/slot_1.png,wheelspin_lab/20260919_023755_1d4d8f4f/20260919_023755_1d4d8f4f_000224/duplicate_031943_023676.png,1.0
675,20260919_023755_1d4d8f4f:000225,3,2026-09-18T18:19:49.693+00:00,CAR,2013 MAZDA MX-5,2013 mazda mx 5,0.78,,NEUTRAL,,2013,MAZDA,MX 5,MAZDA MX 5 13,,,0,0,0,1,SELL,1.0,SELL,1,14000,wheelspin_lab/20260919_023755_1d4d8f4f/spin_000225/full.png,wheelspin_lab/20260919_023755_1d4d8f4f/spin_000225/slot_3.png,wheelspin_lab/20260919_023755_1d4d8f4f/20260919_023755_1d4d8f4f_000225/duplicate_031950_067038.png,1.0
678,20260919_023755_1d4d8f4f:000226,3,2026-09-18T18:19:57.070+00:00,CAR,2014 MCLAREN 650S spider,2014 mclaren 650s spider,0.78,,NEUTRAL,,2014,MCLAREN,650S SPIDER,650S SPIDER,,,0,0,0,1,SELL,1.0,SELL,1,65000,wheelspin_lab/20260919_023755_1d4d8f4f/spin_000226/full.png,wheelspin_lab/20260919_023755_1d4d8f4f/spin_000226/slot_3.png,wheelspin_lab/20260919_023755_1d4d8f4f/20260919_023755_1d4d8f4f_000226/duplicate_031957_524063.png,1.0
680,20260919_023755_1d4d8f4f:000227,2,2026-09-18T18:20:04.443+00:00,CAR,1964 CHEVROLET Impala Super Sport 409,1964 chevrolet impala super sport 409,0.78,,OTHER,,1964,CHEVROLET,IMPALA SUPER SPORT 409,CHEVY IMPALA,,,0,0,0,1,SELL,1.0,SELL,1,35000,wheelspin_lab/20260919_023755_1d4d8f4f/spin_000227/full.png,wheelspin_lab/20260919_023755_1d4d8f4f/spin_000227/slot_2.png,wheelspin_lab/20260919_023755_1d4d8f4f/20260919_023755_1d4d8f4f_000227/duplicate_032004_850246.png,1.0
681,20260919_023755_1d4d8f4f:000227,3,2026-09-18T18:20:04.443+00:00,CAR,1989 NISSAN S-Cargo Forza Edition CREDITS BOOST,1989 nissan s cargo forza edition credits boost,1.0,,NEUTRAL,,1989,Nissan,S-Cargo Forza Edition,S CARGO FE,,,1,0,0,1,SELL,1.0,SELL,1,250000,wheelspin_lab/20260919_023755_1d4d8f4f/spin_000227/full.png,wheelspin_lab/20260919_023755_1d4d8f4f/spin_000227/slot_3.png,wheelspin_lab/20260919_023755_1d4d8f4f/20260919_023755_1d4d8f4f_000227/duplicate_032006_556664.png,1.0
682,20260919_023755_1d4d8f4f:000228,1,2026-09-18T18:20:13.414+00:00,CAR,1969 FERRARI Dino 246 GT,1969 ferrari dino 246 gt,0.78,,NEUTRAL,,1969,FERRARI,DINO 246 GT,FERRARI DINO,,,0,0,0,1,SELL,1.0,SELL,1,195000,wheelspin_lab/20260919_023755_1d4d8f4f/spin_000228/full.png,wheelspin_lab/20260919_023755_1d4d8f4f/spin_000228/slot_1.png,wheelspin_lab/20260919_023755_1d4d8f4f/20260919_023755_1d4d8f4f_000228/duplicate_032013_790472.png,1.0
699,20260919_023755_1d4d8f4f:000233,3,2026-09-18T18:20:42.672+00:00,CAR,2005 SUB/\RJ LEGACY B4 2.0 GT,2005 sub rj legacy b4 2 0 gt,0.78,,NEUTRAL,,2005,SUB,RJ LEGACY B4 2 0 GT,SUBARU LEGACY,,,0,0,0,1,SELL,1.0,SELL,1,5000,wheelspin_lab/20260919_023755_1d4d8f4f/spin_000233/full.png,wheelspin_lab/20260919_023755_1d4d8f4f/spin_000233/slot_3.png,wheelspin_lab/20260919_023755_1d4d8f4f/20260919_023755_1d4d8f4f_000233/duplicate_032043_087059.png,1.0
704,20260919_023755_1d4d8f4f:000235,2,2026-09-18T18:20:55.449+00:00,CAR,1992 GMC Typhoon,1992 gmc typhoon,0.78,,PURPLE,,1992,GMC,TYPHOON,GMC TYPHOON,,,0,0,0,1,SELL,1.0,SELL,1,19000,wheelspin_lab/20260919_023755_1d4d8f4f/spin_000235/full.png,wheelspin_lab/20260919_023755_1d4d8f4f/spin_000235/slot_2.png,wheelspin_lab/20260919_023755_1d4d8f4f/20260919_023755_1d4d8f4f_000235/duplicate_032055_876889.png,1.0
707,20260919_023755_1d4d8f4f:000236,2,2026-09-18T18:21:02.814+00:00,CAR,2013 TOYOTA 86,2013 toyota 86,0.78,,NEUTRAL,,2013,TOYOTA,86,TOYOTA 86,,,0,0,0,1,SELL,1.0,SELL,1,7500,wheelspin_lab/20260919_023755_1d4d8f4f/spin_000236/full.png,wheelspin_lab/20260919_023755_1d4d8f4f/spin_000236/slot_2.png,wheelspin_lab/20260919_023755_1d4d8f4f/20260919_023755_1d4d8f4f_000236/duplicate_032103_357086.png,1.0
710,20260919_023755_1d4d8f4f:000237,2,2026-09-18T18:21:10.050+00:00,CAR,2018 JEEP hand Cherokee Trackhawk,2018 jeep hand cherokee trackhawk,0.78,,NEUTRAL,,2018,JEEP,HAND CHEROKEE TRACKHAWK,JEEP TRACKHAWK,,,0,0,0,1,SELL,1.0,SELL,1,36000,wheelspin_lab/20260919_023755_1d4d8f4f/spin_000237/full.png,wheelspin_lab/20260919_023755_1d4d8f4f/spin_000237/slot_2.png,wheelspin_lab/20260919_023755_1d4d8f4f/20260919_023755_1d4d8f4f_000237/duplicate_032110_441670.png,1.0
717,20260919_023755_1d4d8f4f:000239,3,2026-09-18T18:21:23.111+00:00,CAR,2015 AUDI RS 6 Avant,2015 audi rs 6 avant,0.78,,NEUTRAL,,2015,AUDI,RS 6 AVANT,AUDI RS 6 15,,,0,0,0,1,SELL,1.0,SELL,1,30000,wheelspin_lab/20260919_023755_1d4d8f4f/spin_000239/full.png,wheelspin_lab/20260919_023755_1d4d8f4f/spin_000239/slot_3.png,wheelspin_lab/20260919_023755_1d4d8f4f/20260919_023755_1d4d8f4f_000239/duplicate_032123_531696.png,1.0
718,20260919_023755_1d4d8f4f:000240,1,2026-09-18T18:21:30.693+00:00,CAR,2021 VOLKSWAGEN Golf R,2021 volkswagen golf r,0.78,,GREEN,,2021,VOLKSWAGEN,GOLF R,VW GOLF R 21,,,0,0,0,1,SELL,1.0,SELL,1,14500,wheelspin_lab/20260919_023755_1d4d8f4f/spin_000240/full.png,wheelspin_lab/20260919_023755_1d4d8f4f/spin_000240/slot_1.png,wheelspin_lab/20260919_023755_1d4d8f4f/20260919_023755_1d4d8f4f_000240/duplicate_032131_082805.png,1.0
719,20260919_023755_1d4d8f4f:000240,2,2026-09-18T18:21:30.693+00:00,CAR,2015 AUDI,2015 audi,0.45,,GREEN,,2015,AUDI,AUDI SL,AUDI SL,,,0,0,0,1,SELL,1.0,SELL,1,10500,wheelspin_lab/20260919_023755_1d4d8f4f/spin_000240/full.png,wheelspin_lab/20260919_023755_1d4d8f4f/spin_000240/slot_2.png,wheelspin_lab/20260919_023755_1d4d8f4f/20260919_023755_1d4d8f4f_000240/duplicate_032132_676818.png,1.0
732,20260919_023755_1d4d8f4f:000244,3,2026-09-18T18:21:56.200+00:00,CAR,MITSUBISHI Montero Exceed 2800 TD,mitsubishi montero exceed 2800 td,0.55,,NEUTRAL,,,,MONTERO 95,MONTERO 95,,,,0,0,1,SELL,1.0,SELL,1,12500,wheelspin_lab/20260919_023755_1d4d8f4f/spin_000244/full.png,wheelspin_lab/20260919_023755_1d4d8f4f/spin_000244/slot_3.png,wheelspin_lab/20260919_023755_1d4d8f4f/20260919_023755_1d4d8f4f_000244/duplicate_032156_620831.png,1.0
733,20260919_023755_1d4d8f4f:000245,1,2026-09-18T18:22:03.602+00:00,CAR,1965 MINI Cooper S,1965 mini cooper s,0.78,,OTHER,,1965,MINI,COOPER S,MINI 65,,,0,0,0,1,SELL,1.0,SELL,1,19500,wheelspin_lab/20260919_023755_1d4d8f4f/spin_000245/full.png,wheelspin_lab/20260919_023755_1d4d8f4f/spin_000245/slot_1.png,wheelspin_lab/20260919_023755_1d4d8f4f/20260919_023755_1d4d8f4f_000245/duplicate_032203_981690.png,1.0
736,20260919_023755_1d4d8f4f:000246,1,2026-09-18T18:22:10.853+00:00,CAR,1905 Corrado VR6,1905 corrado vr6,0.78,,NEUTRAL,,1905,CORRADO,VR6,VW CORRADO,,,0,0,0,1,SELL,1.0,SELL,1,15000,wheelspin_lab/20260919_023755_1d4d8f4f/spin_000246/full.png,wheelspin_lab/20260919_023755_1d4d8f4f/spin_000246/slot_1.png,wheelspin_lab/20260919_023755_1d4d8f4f/20260919_023755_1d4d8f4f_000246/duplicate_032211_307920.png,1.0
744,20260919_023755_1d4d8f4f:000248,3,2026-09-18T18:22:23.671+00:00,CAR,2000 NISSAN Skyline GT-R V•spec II,2000 nissan skyline gt r v spec ii,0.78,,BLUE,,2000,NISSAN,SKYLINE GT R VSPEC II,SKYLINE GT R 00,,,0,0,0,1,SELL,1.0,SELL,1,100000,wheelspin_lab/20260919_023755_1d4d8f4f/spin_000248/full.png,wheelspin_lab/20260919_023755_1d4d8f4f/spin_000248/slot_3.png,wheelspin_lab/20260919_023755_1d4d8f4f/20260919_023755_1d4d8f4f_000248/duplicate_032224_061488.png,1.0
746,20260919_023755_1d4d8f4f:000249,2,2026-09-18T18:22:31.996+00:00,CAR,#4402 Ultra 4 'Trophy Jeep,4402 ultra 4 trophy jeep,0.55,,NEUTRAL,,,,4402 ULTRA 4,4402 ULTRA 4,,,,0,0,1,SELL,1.0,SELL,1,125000,wheelspin_lab/20260919_023755_1d4d8f4f/spin_000249/full.png,wheelspin_lab/20260919_023755_1d4d8f4f/spin_000249/slot_2.png,wheelspin_lab/20260919_023755_1d4d8f4f/20260919_023755_1d4d8f4f_000249/duplicate_032232_396854.png,1.0
747,20260919_023755_1d4d8f4f:000249,3,2026-09-18T18:22:31.996+00:00,CAR,SAN mosx,san mosx,0.55,,NEUTRAL,,,,NISSAN 240SX 93,NISSAN 240SX 93,,,,0,0,1,SELL,1.0,SELL,1,125000,wheelspin_lab/20260919_023755_1d4d8f4f/spin_000249/full.png,wheelspin_lab/20260919_023755_1d4d8f4f/spin_000249/slot_3.png,wheelspin_lab/20260919_023755_1d4d8f4f/20260919_023755_1d4d8f4f_000249/duplicate_032233_913485.png,1.0
749,20260919_023755_1d4d8f4f:000250,2,2026-09-18T18:22:40.987+00:00,CAR,1970 PORSCHE 917 LH Forza Edition SPEED SKILLS BOOST,1970 porsche 917 lh forza edition speed skills boost,0.78,,NEUTRAL,,1970,PORSCHE,917 LH FORZA EDITION SPEED SKILLS BOOST,PORSCHE 917 FE,,,1,0,0,1,SELL,1.0,SELL,1,625000,wheelspin_lab/20260919_023755_1d4d8f4f/spin_000250/full.png,wheelspin_lab/20260919_023755_1d4d8f4f/spin_000250/slot_2.png,wheelspin_lab/20260919_023755_1d4d8f4f/20260919_023755_1d4d8f4f_000250/duplicate_032241_394310.png,1.0
757,20260919_023755_1d4d8f4f:000253,1,2026-09-18T18:22:59.228+00:00,CAR,2008 BMW Z4 M coupé,2008 bmw z4 m coup,0.78,,BLUE,,2008,BMW,Z4 M COUPE,BMW Z4 08,,,0,0,0,1,SELL,1.0,SELL,1,31500,wheelspin_lab/20260919_023755_1d4d8f4f/spin_000253/full.png,wheelspin_lab/20260919_023755_1d4d8f4f/spin_000253/slot_1.png,wheelspin_lab/20260919_023755_1d4d8f4f/20260919_023755_1d4d8f4f_000253/duplicate_032259_649752.png,1.0
768,20260919_023755_1d4d8f4f:000256,3,2026-09-18T18:23:17.202+00:00,CAR,2022 PORSCHE Mission R,2022 porsche mission r,0.78,,NEUTRAL,,2022,PORSCHE,MISSION R,PORSCHE MISSIONR,,,0,0,0,1,SELL,1.0,SELL,1,2500000,wheelspin_lab/20260919_023755_1d4d8f4f/spin_000256/full.png,wheelspin_lab/20260919_023755_1d4d8f4f/spin_000256/slot_3.png,wheelspin_lab/20260919_023755_1d4d8f4f/20260919_023755_1d4d8f4f_000256/duplicate_032317_593237.png,1.0
770,20260919_023755_1d4d8f4f:000257,2,2026-09-18T18:23:24.456+00:00,CAR,MERCEDES-BENZ SL 65 AMG Black Series,mercedes benz sl 65 amg black series,0.55,,NEUTRAL,,,,M B SL65,M B SL65,,,,0,0,1,SELL,1.0,SELL,1,180000,wheelspin_lab/20260919_023755_1d4d8f4f/spin_000257/full.png,wheelspin_lab/20260919_023755_1d4d8f4f/spin_000257/slot_2.png,wheelspin_lab/20260919_023755_1d4d8f4f/20260919_023755_1d4d8f4f_000257/duplicate_032324_979173.png,1.0
778,20260919_023755_1d4d8f4f:000260,1,2026-09-18T18:23:42.477+00:00,CAR,2005 SUBARU IMPREZA WRX STI,2005 subaru impreza wrx sti,0.78,,OTHER,,2005,SUBARU,IMPREZA WRX STI,SUBARU WRX 05,,,0,0,0,1,SELL,1.0,SELL,1,17500,wheelspin_lab/20260919_023755_1d4d8f4f/spin_000260/full.png,wheelspin_lab/20260919_023755_1d4d8f4f/spin_000260/slot_1.png,wheelspin_lab/20260919_023755_1d4d8f4f/20260919_023755_1d4d8f4f_000260/duplicate_032342_847390.png,1.0
780,20260919_023755_1d4d8f4f:000260,3,2026-09-18T18:23:42.477+00:00,CAR,1970 DODGE Coronet Super Bee,1970 dodge coronet super bee,0.78,,BLUE,,1970,DODGE,CORONET SUPER BEE,DODGE SUPER BEE,,,0,0,0,1,SELL,1.0,SELL,1,87500,wheelspin_lab/20260919_023755_1d4d8f4f/spin_000260/full.png,wheelspin_lab/20260919_023755_1d4d8f4f/spin_000260/slot_3.png,wheelspin_lab/20260919_023755_1d4d8f4f/20260919_023755_1d4d8f4f_000260/duplicate_032344_578629.png,1.0
782,20260919_023755_1d4d8f4f:000261,2,2026-09-18T18:23:51.473+00:00,CAR,LEGACY RS,legacy rs,0.55,,NEUTRAL,,,,SUBARU LEGACY RS,SUBARU LEGACY RS,,,,0,0,1,SELL,1.0,SELL,1,7500,wheelspin_lab/20260919_023755_1d4d8f4f/spin_000261/full.png,wheelspin_lab/20260919_023755_1d4d8f4f/spin_000261/slot_2.png,wheelspin_lab/20260919_023755_1d4d8f4f/20260919_023755_1d4d8f4f_000261/duplicate_032351_970093.png,1.0
785,20260919_023755_1d4d8f4f:000262,2,2026-09-18T18:23:58.971+00:00,CAR,MERCEDES-BENZ AMG CLK GTR,mercedes benz amg clk gtr,0.55,,NEUTRAL,,,,M B CLK GTR,M B CLK GTR,,,,1,1,1,SELL,1.0,SELL,1,1800000,wheelspin_lab/20260919_023755_1d4d8f4f/spin_000262/full.png,wheelspin_lab/20260919_023755_1d4d8f4f/spin_000262/slot_2.png,wheelspin_lab/20260919_023755_1d4d8f4f/20260919_023755_1d4d8f4f_000262/duplicate_032359_333115.png,1.0
790,20260919_023755_1d4d8f4f:000264,1,2026-09-18T18:24:11.542+00:00,CAR,1965 TOYOTA sports 800,1965 toyota sports 800,0.78,,BLUE,,1965,TOYOTA,SPORTS 800,SPORTS 800 65,,,0,0,0,1,SELL,1.0,SELL,1,125000,wheelspin_lab/20260919_023755_1d4d8f4f/spin_000264/full.png,wheelspin_lab/20260919_023755_1d4d8f4f/spin_000264/slot_1.png,wheelspin_lab/20260919_023755_1d4d8f4f/20260919_023755_1d4d8f4f_000264/duplicate_032412_021725.png,1.0
791,20260919_023755_1d4d8f4f:000264,2,2026-09-18T18:24:11.542+00:00,CAR,2014 FORD Ranger T6 Rally Raid,2014 ford ranger t6 rally raid,1.0,,PURPLE,,2014,Ford,Ranger T6 Rally Raid,FORD RANGER T6,,,0,0,0,1,SELL,1.0,SELL,1,175000,wheelspin_lab/20260919_023755_1d4d8f4f/spin_000264/full.png,wheelspin_lab/20260919_023755_1d4d8f4f/spin_000264/slot_2.png,wheelspin_lab/20260919_023755_1d4d8f4f/20260919_023755_1d4d8f4f_000264/duplicate_032413_310969.png,1.0
796,20260919_023755_1d4d8f4f:000266,1,2026-09-18T18:24:25.495+00:00,CAR,FJ40,fj40,0.55,,NEUTRAL,,,,TOYOTA FJ40,TOYOTA FJ40,,,,0,0,1,SELL,1.0,SELL,1,51500,wheelspin_lab/20260919_023755_1d4d8f4f/spin_000266/full.png,wheelspin_lab/20260919_023755_1d4d8f4f/spin_000266/slot_1.png,wheelspin_lab/20260919_023755_1d4d8f4f/20260919_023755_1d4d8f4f_000266/duplicate_032425_956993.png,1.0
797,20260919_023755_1d4d8f4f:000266,2,2026-09-18T18:24:25.496+00:00,CAR,IMPREZA WRX STI,impreza wrx sti,0.55,,NEUTRAL,,,,SUBARU WRX 04,SUBARU WRX 04,,,,0,0,1,SELL,1.0,SELL,1,15000,wheelspin_lab/20260919_023755_1d4d8f4f/spin_000266/full.png,wheelspin_lab/20260919_023755_1d4d8f4f/spin_000266/slot_2.png,wheelspin_lab/20260919_023755_1d4d8f4f/20260919_023755_1d4d8f4f_000266/duplicate_032427_219209.png,1.0
799,20260919_023755_1d4d8f4f:000267,1,2026-09-18T18:24:34.060+00:00,CAR,Supervan Ill,supervan ill,0.55,,NEUTRAL,,,,ECLIPSE GSX,RELIANT SUPERVAN,,,,0,0,1,SELL,1.0,SELL,1,19500,wheelspin_lab/20260919_023755_1d4d8f4f/spin_000267/full.png,wheelspin_lab/20260919_023755_1d4d8f4f/spin_000267/slot_1.png,wheelspin_lab/20260919_023755_1d4d8f4f/20260919_023755_1d4d8f4f_000267/duplicate_032434_551983.png,1.0
801,20260919_023755_1d4d8f4f:000267,3,2026-09-18T18:24:34.060+00:00,CAR,1905 MITSUBISHI Eclipse GSX,1905 mitsubishi eclipse gsx,0.78,,NEUTRAL,,1905,MITSUBISHI,ECLIPSE GSX,ECLIPSE GSX,,,0,0,0,1,SELL,1.0,SELL,1,17500,wheelspin_lab/20260919_023755_1d4d8f4f/spin_000267/full.png,wheelspin_lab/20260919_023755_1d4d8f4f/spin_000267/slot_3.png,wheelspin_lab/20260919_023755_1d4d8f4f/20260919_023755_1d4d8f4f_000267/duplicate_032435_863203.png,1.0
805,20260919_023755_1d4d8f4f:000269,1,2026-09-18T18:24:48.824+00:00,CAR,1980 RENAULT 5 Turbo,1980 renault 5 turbo,0.78,,ORANGE,,1980,RENAULT,5 TURBO,RENAULT 5 TURBO,,,0,0,0,1,SELL,1.0,SELL,1,71500,wheelspin_lab/20260919_023755_1d4d8f4f/spin_000269/full.png,wheelspin_lab/20260919_023755_1d4d8f4f/spin_000269/slot_1.png,wheelspin_lab/20260919_023755_1d4d8f4f/20260919_023755_1d4d8f4f_000269/duplicate_032449_213081.png,1.0
806,20260919_023755_1d4d8f4f:000269,2,2026-09-18T18:24:48.824+00:00,CAR,2017 FORD,2017 ford,0.45,,ORANGE,,2017,FORD,FORD GT 17,FORD GT 17,,,0,0,0,1,SELL,1.0,SELL,1,250000,wheelspin_lab/20260919_023755_1d4d8f4f/spin_000269/full.png,wheelspin_lab/20260919_023755_1d4d8f4f/spin_000269/slot_2.png,wheelspin_lab/20260919_023755_1d4d8f4f/20260919_023755_1d4d8f4f_000269/duplicate_032451_087778.png,1.0
808,20260919_023755_1d4d8f4f:000270,1,2026-09-18T18:24:57.763+00:00,CAR,1972 RELIANT Supervan Ill,1972 reliant supervan ill,0.78,,NEUTRAL,,1972,RELIANT,SUPERVAN ILL,RELIANT SUPERVAN,,,0,0,0,1,SELL,1.0,SELL,1,19500,wheelspin_lab/20260919_023755_1d4d8f4f/spin_000270/full.png,wheelspin_lab/20260919_023755_1d4d8f4f/spin_000270/slot_1.png,wheelspin_lab/20260919_023755_1d4d8f4f/20260919_023755_1d4d8f4f_000270/duplicate_032458_231382.png,1.0
813,20260919_023755_1d4d8f4f:000271,3,2026-09-18T18:25:05.077+00:00,CAR,2012 NISSAN Black Edition (R35) Forza E SPEED SKILLS BOOST,2012 nissan black edition r35 forza e speed skills boost,0.78,,NEUTRAL,,2012,NISSAN,BLACK EDITION R35 FORZA E SPEED SKILLS BOOST,GT R FE 12,,,0,0,0,1,SELL,1.0,SELL,1,375000,wheelspin_lab/20260919_023755_1d4d8f4f/spin_000271/full.png,wheelspin_lab/20260919_023755_1d4d8f4f/spin_000271/slot_3.png,wheelspin_lab/20260919_023755_1d4d8f4f/20260919_023755_1d4d8f4f_000271/duplicate_032505_447531.png,1.0
818,20260919_023755_1d4d8f4f:000273,2,2026-09-18T18:25:18.088+00:00,CAR,1989 FORMULA DRIFT #98 BMW 325i,1989 formula drift 98 bmw 325i,0.78,,PURPLE,,1989,FORMULA,DRIFT 98 BMW 325I,98 BMW 325I,,,0,0,0,1,SELL,1.0,SELL,1,75000,wheelspin_lab/20260919_023755_1d4d8f4f/spin_000273/full.png,wheelspin_lab/20260919_023755_1d4d8f4f/spin_000273/slot_2.png,wheelspin_lab/20260919_023755_1d4d8f4f/20260919_023755_1d4d8f4f_000273/duplicate_032518_600369.png,1.0
822,20260919_023755_1d4d8f4f:000274,3,2026-09-18T18:25:25.380+00:00,CAR,2007 HONDA Civic Type R,2007 honda civic type r,0.78,,OTHER,,2007,HONDA,CIVIC TYPE R,HONDA CIVIC 07,,,0,0,0,1,SELL,1.0,SELL,1,8500,wheelspin_lab/20260919_023755_1d4d8f4f/spin_000274/full.png,wheelspin_lab/20260919_023755_1d4d8f4f/spin_000274/slot_3.png,wheelspin_lab/20260919_023755_1d4d8f4f/20260919_023755_1d4d8f4f_000274/duplicate_032525_784490.png,1.0
823,20260919_023755_1d4d8f4f:000275,1,2026-09-18T18:25:32.538+00:00,CAR,911 GT3,911 gt3,0.55,,NEUTRAL,,,,911 GT3 04,911 GT3 04,,,,0,0,1,SELL,1.0,SELL,1,67500,wheelspin_lab/20260919_023755_1d4d8f4f/spin_000275/full.png,wheelspin_lab/20260919_023755_1d4d8f4f/spin_000275/slot_1.png,wheelspin_lab/20260919_023755_1d4d8f4f/20260919_023755_1d4d8f4f_000275/duplicate_032533_005257.png,1.0
827,20260919_023755_1d4d8f4f:000276,2,2026-09-18T18:25:39.903+00:00,CAR,1979 CHEVROLET Camaro Z28,1979 chevrolet camaro z28,0.78,,BLUE,,1979,CHEVROLET,CAMARO Z28,CHEVY CAMARO 79,,,0,0,0,1,SELL,1.0,SELL,1,10000,wheelspin_lab/20260919_023755_1d4d8f4f/spin_000276/full.png,wheelspin_lab/20260919_023755_1d4d8f4f/spin_000276/slot_2.png,wheelspin_lab/20260919_023755_1d4d8f4f/20260919_023755_1d4d8f4f_000276/duplicate_032540_296662.png,1.0
839,20260919_023755_1d4d8f4f:000280,2,2026-09-18T18:45:07.406+00:00,CAR,2020 TOYOTA GR supra,2020 toyota gr supra,0.78,,NEUTRAL,,2020,TOYOTA,GR SUPRA,TOYOTA SUPRA 20,,,0,0,0,1,SELL,1.0,SELL,1,22500,wheelspin_lab/20260919_023755_1d4d8f4f/spin_000280/full.png,wheelspin_lab/20260919_023755_1d4d8f4f/spin_000280/slot_2.png,wheelspin_lab/20260919_023755_1d4d8f4f/20260919_023755_1d4d8f4f_000280/duplicate_034507_796088.png,1.0
840,20260919_023755_1d4d8f4f:000280,3,2026-09-18T18:45:07.406+00:00,CAR,2021 LAMBORGHINI Countach LPI 800-4,2021 lamborghini countach lpi 800 4,0.78,,NEUTRAL,,2021,LAMBORGHINI,COUNTACH LPI 800 4,COUNTACH 21,,,0,0,1,1,SELL,1.0,SELL,1,1050000,wheelspin_lab/20260919_023755_1d4d8f4f/spin_000280/full.png,wheelspin_lab/20260919_023755_1d4d8f4f/spin_000280/slot_3.png,wheelspin_lab/20260919_023755_1d4d8f4f/20260919_023755_1d4d8f4f_000280/duplicate_034509_393235.png,1.0
841,20260919_023755_1d4d8f4f:000281,1,2026-09-18T18:45:16.309+00:00,CAR,Essenza SCV12,essenza scv12,0.55,,NEUTRAL,,,,LAMBO SCV12,LAMBO SCV12,,,,0,1,1,SELL,1.0,SELL,1,750000,wheelspin_lab/20260919_023755_1d4d8f4f/spin_000281/full.png,wheelspin_lab/20260919_023755_1d4d8f4f/spin_000281/slot_1.png,wheelspin_lab/20260919_023755_1d4d8f4f/20260919_023755_1d4d8f4f_000281/duplicate_034516_764044.png,1.0
854,20260919_023755_1d4d8f4f:000285,2,2026-09-18T18:45:40.254+00:00,CAR,2023 MEYERS Manx 2.0,2023 meyers manx 2 0,0.78,,PURPLE,,2023,MEYERS,MANX 2 0,MEYERS MANX 2 0,,,0,0,0,1,SELL,1.0,SELL,1,37000,wheelspin_lab/20260919_023755_1d4d8f4f/spin_000285/full.png,wheelspin_lab/20260919_023755_1d4d8f4f/spin_000285/slot_2.png,wheelspin_lab/20260919_023755_1d4d8f4f/20260919_023755_1d4d8f4f_000285/duplicate_034540_733793.png,1.0
859,20260919_023755_1d4d8f4f:000287,1,2026-09-18T18:45:53.207+00:00,CAR,1970 HONDA S800,1970 honda s800,0.78,,ORANGE,,1970,HONDA,S800,HONDA S800,,,0,0,0,1,SELL,1.0,SELL,1,20000,wheelspin_lab/20260919_023755_1d4d8f4f/spin_000287/full.png,wheelspin_lab/20260919_023755_1d4d8f4f/spin_000287/slot_1.png,wheelspin_lab/20260919_023755_1d4d8f4f/20260919_023755_1d4d8f4f_000287/duplicate_034553_580737.png,1.0
864,20260919_023755_1d4d8f4f:000288,3,2026-09-18T18:46:00.616+00:00,CAR,2010 FORD Victoria Police Intercep,2010 ford victoria police intercep,0.78,,NEUTRAL,,2010,FORD,VICTORIA POLICE INTERCEP,CROWN VICTORIA,,,0,0,0,1,SELL,1.0,SELL,1,7500,wheelspin_lab/20260919_023755_1d4d8f4f/spin_000288/full.png,wheelspin_lab/20260919_023755_1d4d8f4f/spin_000288/slot_3.png,wheelspin_lab/20260919_023755_1d4d8f4f/20260919_023755_1d4d8f4f_000288/duplicate_034601_077015.png,1.0
865,20260919_023755_1d4d8f4f:000289,1,2026-09-18T18:46:07.956+00:00,CAR,620R,620r,0.55,,NEUTRAL,,,,MCLAREN 620R,MCLAREN 620R,,,,0,0,1,SELL,1.0,SELL,1,130000,wheelspin_lab/20260919_023755_1d4d8f4f/spin_000289/full.png,wheelspin_lab/20260919_023755_1d4d8f4f/spin_000289/slot_1.png,wheelspin_lab/20260919_023755_1d4d8f4f/20260919_023755_1d4d8f4f_000289/duplicate_034608_441533.png,1.0
877,20260919_023755_1d4d8f4f:000293,1,2026-09-18T18:46:31.571+00:00,CAR,2022 ALUMICRAFT #6165 Trick Truck,2022 alumicraft 6165 trick truck,0.78,,PURPLE,,2022,ALUMICRAFT,6165 TRICK TRUCK,6165 TRUCK,,,0,0,0,1,SELL,1.0,SELL,1,150000,wheelspin_lab/20260919_023755_1d4d8f4f/spin_000293/full.png,wheelspin_lab/20260919_023755_1d4d8f4f/spin_000293/slot_1.png,wheelspin_lab/20260919_023755_1d4d8f4f/20260919_023755_1d4d8f4f_000293/duplicate_034632_025469.png,1.0
878,20260919_023755_1d4d8f4f:000293,2,2026-09-18T18:46:31.571+00:00,CAR,1986 FORD F-150 XLT Lariat,1986 ford f 150 xlt lariat,0.78,,PURPLE,,1986,FORD,F 150 XLT LARIAT,FORD F 150 86,,,0,0,0,1,SELL,1.0,SELL,1,22500,wheelspin_lab/20260919_023755_1d4d8f4f/spin_000293/full.png,wheelspin_lab/20260919_023755_1d4d8f4f/spin_000293/slot_2.png,wheelspin_lab/20260919_023755_1d4d8f4f/20260919_023755_1d4d8f4f_000293/duplicate_034633_691208.png,1.0
883,20260919_023755_1d4d8f4f:000295,1,2026-09-18T18:46:45.574+00:00,CAR,2016 CADILLAC ATS-V,2016 cadillac ats v,0.78,,OTHER,,2016,CADILLAC,ATS V,CADDY ATS V,,,0,0,0,1,SELL,1.0,SELL,1,20500,wheelspin_lab/20260919_023755_1d4d8f4f/spin_000295/full.png,wheelspin_lab/20260919_023755_1d4d8f4f/spin_000295/slot_1.png,wheelspin_lab/20260919_023755_1d4d8f4f/20260919_023755_1d4d8f4f_000295/duplicate_034645_939192.png,1.0
889,20260919_023755_1d4d8f4f:000297,1,2026-09-18T18:46:58.206+00:00,CAR,2003 AUDI RS 6,2003 audi rs 6,0.78,,NEUTRAL,,2003,AUDI,RS 6,AUDI RS 6 03,,,0,0,0,1,SELL,1.0,SELL,1,17500,wheelspin_lab/20260919_023755_1d4d8f4f/spin_000297/full.png,wheelspin_lab/20260919_023755_1d4d8f4f/spin_000297/slot_1.png,wheelspin_lab/20260919_023755_1d4d8f4f/20260919_023755_1d4d8f4f_000297/duplicate_034658_680230.png,1.0
891,20260919_023755_1d4d8f4f:000297,3,2026-09-18T18:46:58.206+00:00,CAR,2014 HSV lited Edition Gen-F GTS Ma,2014 hsv lited edition gen f gts ma,0.78,,NEUTRAL,,2014,HSV,LITED EDITION GEN F GTS MA,HSV MALOO 14,,,0,0,0,1,SELL,1.0,SELL,1,32500,wheelspin_lab/20260919_023755_1d4d8f4f/spin_000297/full.png,wheelspin_lab/20260919_023755_1d4d8f4f/spin_000297/slot_3.png,wheelspin_lab/20260919_023755_1d4d8f4f/20260919_023755_1d4d8f4f_000297/duplicate_034700_235700.png,1.0
893,20260919_023755_1d4d8f4f:000298,2,2026-09-18T18:47:07.297+00:00,CAR,1980 RENAULT 5 Turbo,1980 renault 5 turbo,0.78,,NEUTRAL,,1980,RENAULT,5 TURBO,RENAULT 5 TURBO,,,0,0,0,1,SELL,1.0,SELL,1,71500,wheelspin_lab/20260919_023755_1d4d8f4f/spin_000298/full.png,wheelspin_lab/20260919_023755_1d4d8f4f/spin_000298/slot_2.png,wheelspin_lab/20260919_023755_1d4d8f4f/20260919_023755_1d4d8f4f_000298/duplicate_034707_681892.png,1.0
901,20260919_023755_1d4d8f4f:000301,1,2026-09-18T18:47:25.464+00:00,CAR,D ATSU U 510,d atsu u 510,0.55,,NEUTRAL,,,,DATSUN 510,DATSUN 510,,,,0,0,1,SELL,1.0,SELL,1,43000,wheelspin_lab/20260919_023755_1d4d8f4f/spin_000301/full.png,wheelspin_lab/20260919_023755_1d4d8f4f/spin_000301/slot_1.png,wheelspin_lab/20260919_023755_1d4d8f4f/20260919_023755_1d4d8f4f_000301/duplicate_034725_924165.png,1.0
907,20260919_023755_1d4d8f4f:000303,1,2026-09-18T18:47:37.882+00:00,CAR,Elise Series 1 Sport 190,elise series 1 sport 190,0.55,,NEUTRAL,,,,LOTUS ELISE 99,LOTUS ELISE 99,,,,0,0,1,SELL,1.0,SELL,1,23500,wheelspin_lab/20260919_023755_1d4d8f4f/spin_000303/full.png,wheelspin_lab/20260919_023755_1d4d8f4f/spin_000303/slot_1.png,wheelspin_lab/20260919_023755_1d4d8f4f/20260919_023755_1d4d8f4f_000303/duplicate_034738_247252.png,1.0
912,20260919_023755_1d4d8f4f:000304,3,2026-09-18T18:49:24.701+00:00,CAR,2015 CHEVROLET Corvette Z06,2015 chevrolet corvette z06,0.78,,PURPLE,,2015,CHEVROLET,CORVETTE Z06,CORVETTE 15,,,0,0,0,1,SELL,1.0,SELL,1,50000,wheelspin_lab/20260919_023755_1d4d8f4f/spin_000304/full.png,wheelspin_lab/20260919_023755_1d4d8f4f/spin_000304/slot_3.png,wheelspin_lab/20260919_023755_1d4d8f4f/20260919_023755_1d4d8f4f_000304/duplicate_034925_220777.png,1.0
913,20260919_023755_1d4d8f4f:000305,1,2026-09-18T18:49:31.902+00:00,CAR,2020 FORD / F-450 DRW PLATINUM Fo DESTRUCTION SKILLS BOOST,2020 ford f 450 drw platinum fo destruction skills boost,0.78,,NEUTRAL,,2020,FORD,F 450 DRW PLATINUM FO DESTRUCTION SKILLS BOOST,FORD F 450 FE,,,0,0,0,1,SELL,1.0,SELL,1,250000,wheelspin_lab/20260919_023755_1d4d8f4f/spin_000305/full.png,wheelspin_lab/20260919_023755_1d4d8f4f/spin_000305/slot_1.png,wheelspin_lab/20260919_023755_1d4d8f4f/20260919_023755_1d4d8f4f_000305/duplicate_034932_298780.png,1.0
914,20260919_023755_1d4d8f4f:000305,2,2026-09-18T18:49:31.903+00:00,CAR,2015 DODGE Challenger SRT Hellcat,2015 dodge challenger srt hellcat,0.78,,NEUTRAL,,2015,DODGE,CHALLENGER SRT HELLCAT,CHALLENGER 15,,,0,0,0,1,SELL,1.0,SELL,1,26500,wheelspin_lab/20260919_023755_1d4d8f4f/spin_000305/full.png,wheelspin_lab/20260919_023755_1d4d8f4f/spin_000305/slot_2.png,wheelspin_lab/20260919_023755_1d4d8f4f/20260919_023755_1d4d8f4f_000305/duplicate_034933_834620.png,1.0
915,20260919_023755_1d4d8f4f:000305,3,2026-09-18T18:49:31.903+00:00,CAR,2018 DEBERT' rolet Silverado 1500 Drift 1,2018 debert rolet silverado 1500 drift 1,0.78,,NEUTRAL,,2018,DEBERT,ROLET SILVERADO 1500 DRIFT 1,SILVERADO DD,,,0,0,0,1,SELL,1.0,SELL,1,125000,wheelspin_lab/20260919_023755_1d4d8f4f/spin_000305/full.png,wheelspin_lab/20260919_023755_1d4d8f4f/spin_000305/slot_3.png,wheelspin_lab/20260919_023755_1d4d8f4f/20260919_023755_1d4d8f4f_000305/duplicate_034935_216658.png,1.0
925,20260919_023755_1d4d8f4f:000309,1,2026-09-18T18:49:58.149+00:00,CAR,FORD 'V Lilliited Edition Pursuit U,ford v lilliited edition pursuit u,0.55,,NEUTRAL,,,,FORD UTE 14,FORD UTE 14,,,,0,0,1,SELL,1.0,SELL,1,20000,wheelspin_lab/20260919_023755_1d4d8f4f/spin_000309/full.png,wheelspin_lab/20260919_023755_1d4d8f4f/spin_000309/slot_1.png,wheelspin_lab/20260919_023755_1d4d8f4f/20260919_023755_1d4d8f4f_000309/duplicate_034958_538607.png,1.0
927,20260919_023755_1d4d8f4f:000309,3,2026-09-18T18:49:58.149+00:00,CAR,2016 CIS-V Sedan,2016 cis v sedan,0.78,,NEUTRAL,,2016,CIS,V SEDAN,CADDY CTS V 16,,,0,0,0,1,SELL,1.0,SELL,1,30000,wheelspin_lab/20260919_023755_1d4d8f4f/spin_000309/full.png,wheelspin_lab/20260919_023755_1d4d8f4f/spin_000309/slot_3.png,wheelspin_lab/20260919_023755_1d4d8f4f/20260919_023755_1d4d8f4f_000309/duplicate_035248_296758.png,1.0
928,20260919_023755_1d4d8f4f:000310,1,2026-09-18T18:52:55.602+00:00,CAR,1973 MAZDA RX-3,1973 mazda rx 3,0.78,,PURPLE,,1973,MAZDA,RX 3,MAZDA RX 3,,,0,0,0,1,SELL,1.0,SELL,1,36500,wheelspin_lab/20260919_023755_1d4d8f4f/spin_000310/full.png,wheelspin_lab/20260919_023755_1d4d8f4f/spin_000310/slot_1.png,wheelspin_lab/20260919_023755_1d4d8f4f/20260919_023755_1d4d8f4f_000310/duplicate_035256_044427.png,1.0
934,20260919_023755_1d4d8f4f:000312,1,2026-09-18T18:53:08.664+00:00,CAR,2016 R8 VIO plus,2016 r8 vio plus,0.78,,NEUTRAL,,2016,R8,VIO PLUS,AUDI R8 VIO PLUS,,,0,0,0,1,SELL,1.0,SELL,1,80000,wheelspin_lab/20260919_023755_1d4d8f4f/spin_000312/full.png,wheelspin_lab/20260919_023755_1d4d8f4f/spin_000312/slot_1.png,wheelspin_lab/20260919_023755_1d4d8f4f/20260919_023755_1d4d8f4f_000312/duplicate_035309_143083.png,1.0
935,20260919_023755_1d4d8f4f:000312,2,2026-09-18T18:53:08.664+00:00,CAR,2021 LEXUS LC 500,2021 lexus lc 500,0.78,,NEUTRAL,,2021,LEXUS,LC 500,LEXUS LC 500 21,,,0,0,0,1,SELL,1.0,SELL,1,39500,wheelspin_lab/20260919_023755_1d4d8f4f/spin_000312/full.png,wheelspin_lab/20260919_023755_1d4d8f4f/spin_000312/slot_2.png,wheelspin_lab/20260919_023755_1d4d8f4f/20260919_023755_1d4d8f4f_000312/duplicate_035310_644532.png,1.0
937,20260919_023755_1d4d8f4f:000313,1,2026-09-18T18:53:17.546+00:00,CAR,2015 DODGE Challenger SRT Hellcat,2015 dodge challenger srt hellcat,0.78,,NEUTRAL,,2015,DODGE,CHALLENGER SRT HELLCAT,CHALLENGER 15,,,0,0,0,1,SELL,1.0,SELL,1,26500,wheelspin_lab/20260919_023755_1d4d8f4f/spin_000313/full.png,wheelspin_lab/20260919_023755_1d4d8f4f/spin_000313/slot_1.png,wheelspin_lab/20260919_023755_1d4d8f4f/20260919_023755_1d4d8f4f_000313/duplicate_035317_952688.png,1.0
942,20260919_023755_1d4d8f4f:000314,3,2026-09-18T18:53:24.953+00:00,CAR,2005 MAZDA Mazdaspeed MX-5,2005 mazda mazdaspeed mx 5,0.78,,NEUTRAL,,2005,MAZDA,MAZDASPEED MX 5,MAZDA MX 5 05,,,0,0,0,1,SELL,1.0,SELL,1,10500,wheelspin_lab/20260919_023755_1d4d8f4f/spin_000314/full.png,wheelspin_lab/20260919_023755_1d4d8f4f/spin_000314/slot_3.png,wheelspin_lab/20260919_023755_1d4d8f4f/20260919_023755_1d4d8f4f_000314/duplicate_035325_433464.png,1.0
945,20260919_023755_1d4d8f4f:000315,3,2026-09-18T18:53:32.398+00:00,CAR,2005 BMW,2005 bmw,0.45,,GREEN,,2005,BMW,BMW M3 05,BMW M3 05,,,0,0,0,1,SELL,1.0,SELL,1,17500,wheelspin_lab/20260919_023755_1d4d8f4f/spin_000315/full.png,wheelspin_lab/20260919_023755_1d4d8f4f/spin_000315/slot_3.png,wheelspin_lab/20260919_023755_1d4d8f4f/20260919_023755_1d4d8f4f_000315/duplicate_035332_781865.png,1.0
947,20260919_023755_1d4d8f4f:000316,2,2026-09-18T18:53:40.153+00:00,CAR,1989 FERRARI F40 Competizione,1989 ferrari f40 competizione,0.78,,ORANGE,,1989,FERRARI,F40 COMPETIZIONE,FERRARI F40 C,,,0,0,0,1,SELL,1.0,SELL,1,1600000,wheelspin_lab/20260919_023755_1d4d8f4f/spin_000316/full.png,wheelspin_lab/20260919_023755_1d4d8f4f/spin_000316/slot_2.png,wheelspin_lab/20260919_023755_1d4d8f4f/20260919_023755_1d4d8f4f_000316/duplicate_035340_538838.png,1.0
959,20260919_023755_1d4d8f4f:000320,2,2026-09-18T19:12:40.970+00:00,CAR,2022 FORD Focus ST,2022 ford focus st,0.78,,NEUTRAL,,2022,FORD,FOCUS ST,FORD FOCUS 22,,,0,0,0,1,SELL,1.0,SELL,1,17000,wheelspin_lab/20260919_023755_1d4d8f4f/spin_000320/full.png,wheelspin_lab/20260919_023755_1d4d8f4f/spin_000320/slot_2.png,wheelspin_lab/20260919_023755_1d4d8f4f/20260919_023755_1d4d8f4f_000320/duplicate_041241_362799.png,1.0
963,20260919_023755_1d4d8f4f:000321,3,2026-09-18T19:12:48.450+00:00,CAR,2011 AUDI RS 3 Sportback,2011 audi rs 3 sportback,0.78,,NEUTRAL,,2011,AUDI,RS 3 SPORTBACK,AUDI RS 3,,,0,0,0,1,SELL,1.0,SELL,1,10000,wheelspin_lab/20260919_023755_1d4d8f4f/spin_000321/full.png,wheelspin_lab/20260919_023755_1d4d8f4f/spin_000321/slot_3.png,wheelspin_lab/20260919_023755_1d4d8f4f/20260919_023755_1d4d8f4f_000321/duplicate_041248_877795.png,1.0
965,20260919_023755_1d4d8f4f:000322,2,2026-09-18T19:12:55.776+00:00,CAR,2019 FERRARI Monza SP2,2019 ferrari monza sp2,0.78,,OTHER,,2019,FERRARI,MONZA SP2,FERRARI MONZA,,,0,0,0,1,SELL,1.0,SELL,1,1250000,wheelspin_lab/20260919_023755_1d4d8f4f/spin_000322/full.png,wheelspin_lab/20260919_023755_1d4d8f4f/spin_000322/slot_2.png,wheelspin_lab/20260919_023755_1d4d8f4f/20260919_023755_1d4d8f4f_000322/duplicate_041256_165557.png,1.0
972,20260919_023755_1d4d8f4f:000324,3,2026-09-18T19:13:08.904+00:00,CAR,1986 FORD -150 XLT Lariat Forza Editio STUNT SKILLS BOOST,1986 ford 150 xlt lariat forza editio stunt skills boost,0.78,,PURPLE,,1986,FORD,150 XLT LARIAT FORZA EDITIO STUNT SKILLS BOOST,FORD F 150 FE,,,0,0,0,1,SELL,1.0,SELL,1,250000,wheelspin_lab/20260919_023755_1d4d8f4f/spin_000324/full.png,wheelspin_lab/20260919_023755_1d4d8f4f/spin_000324/slot_3.png,wheelspin_lab/20260919_023755_1d4d8f4f/20260919_023755_1d4d8f4f_000324/duplicate_041309_309655.png,1.0
975,20260919_023755_1d4d8f4f:000325,3,2026-09-18T19:13:16.321+00:00,CAR,1992 NISSAN Skyline GT-R,1992 nissan skyline gt r,0.78,,NEUTRAL,,1992,NISSAN,SKYLINE GT R,SKYLINE GT R 92,,,0,0,0,1,SELL,1.0,SELL,1,36000,wheelspin_lab/20260919_023755_1d4d8f4f/spin_000325/full.png,wheelspin_lab/20260919_023755_1d4d8f4f/spin_000325/slot_3.png,wheelspin_lab/20260919_023755_1d4d8f4f/20260919_023755_1d4d8f4f_000325/duplicate_041316_818760.png,1.0
979,20260919_023755_1d4d8f4f:000327,1,2026-09-18T19:13:29.128+00:00,CAR,2021 PORSCHE 911 GT3,2021 porsche 911 gt3,0.78,,NEUTRAL,,2021,PORSCHE,911 GT3,911 GT3 21,,,0,0,0,1,SELL,1.0,SELL,1,130000,wheelspin_lab/20260919_023755_1d4d8f4f/spin_000327/full.png,wheelspin_lab/20260919_023755_1d4d8f4f/spin_000327/slot_1.png,wheelspin_lab/20260919_023755_1d4d8f4f/20260919_023755_1d4d8f4f_000327/duplicate_041329_504520.png,1.0
982,20260919_023755_1d4d8f4f:000328,1,2026-09-18T19:13:36.346+00:00,CAR,2010 LAMBORGHINI Murciélago LP 670-4 SV,2010 lamborghini murci lago lp 670 4 sv,0.78,,PURPLE,,2010,LAMBORGHINI,MURCIELAGO LP 670 4 SV,LAMBO MURCIELAGO,,,0,1,1,1,KEEP,1.0,KEEP,1,,wheelspin_lab/20260919_023755_1d4d8f4f/spin_000328/full.png,wheelspin_lab/20260919_023755_1d4d8f4f/spin_000328/slot_1.png,wheelspin_lab/20260919_023755_1d4d8f4f/20260919_023755_1d4d8f4f_000328/duplicate_041336_746604.png,1.0
985,20260919_023755_1d4d8f4f:000329,1,2026-09-18T19:13:43.183+00:00,CAR,2016 JEEP Trailcat,2016 jeep trailcat,0.78,,BLUE,,2016,JEEP,TRAILCAT,JEEP TRAILCAT,,,0,0,0,1,SELL,1.0,SELL,1,35000,wheelspin_lab/20260919_023755_1d4d8f4f/spin_000329/full.png,wheelspin_lab/20260919_023755_1d4d8f4f/spin_000329/slot_1.png,wheelspin_lab/20260919_023755_1d4d8f4f/20260919_023755_1d4d8f4f_000329/duplicate_041343_562620.png,1.0
987,20260919_023755_1d4d8f4f:000329,3,2026-09-18T19:13:43.184+00:00,CAR,1988 CHEVROLET Monte Carlo Super Sport,1988 chevrolet monte carlo super sport,0.78,,BLUE,,1988,CHEVROLET,MONTE CARLO SUPER SPORT,CHEVY MONTECARIO,,,0,0,0,1,SELL,1.0,SELL,1,15000,wheelspin_lab/20260919_023755_1d4d8f4f/spin_000329/full.png,wheelspin_lab/20260919_023755_1d4d8f4f/spin_000329/slot_3.png,wheelspin_lab/20260919_023755_1d4d8f4f/20260919_023755_1d4d8f4f_000329/duplicate_041345_268278.png,1.0
988,20260919_023755_1d4d8f4f:000330,1,2026-09-18T19:13:52.197+00:00,CAR,1987 MERCEDES-BENZ AMG Hammer Coupe,1987 mercedes benz amg hammer coupe,0.78,,GREEN,,1987,MERCEDES,BENZ AMG HAMMER COUPE,AMG HAMMER COUPE,,,0,0,0,1,SELL,1.0,SELL,1,112500,wheelspin_lab/20260919_023755_1d4d8f4f/spin_000330/full.png,wheelspin_lab/20260919_023755_1d4d8f4f/spin_000330/slot_1.png,wheelspin_lab/20260919_023755_1d4d8f4f/20260919_023755_1d4d8f4f_000330/duplicate_041352_659881.png,1.0
1005,20260919_023755_1d4d8f4f:000335,3,2026-09-18T19:14:21.054+00:00,CAR,2008 MITSUBISHI Lancer Evolution X GSR,2008 mitsubishi lancer evolution x gsr,0.78,,BLUE,,2008,MITSUBISHI,LANCER EVOLUTION X GSR,LANCER GSR 08,,,0,0,0,1,SELL,1.0,SELL,1,12500,wheelspin_lab/20260919_023755_1d4d8f4f/spin_000335/full.png,wheelspin_lab/20260919_023755_1d4d8f4f/spin_000335/slot_3.png,wheelspin_lab/20260919_023755_1d4d8f4f/20260919_023755_1d4d8f4f_000335/duplicate_041421_506124.png,1.0
1009,20260919_023755_1d4d8f4f:000337,1,2026-09-18T19:14:33.917+00:00,CAR,2002 NISSAN Silvia Spec-R,2002 nissan silvia spec r,0.78,,OTHER,,2002,NISSAN,SILVIA SPEC R,NISSAN SILVIA 02,,,0,0,0,1,SELL,1.0,SELL,1,22000,wheelspin_lab/20260919_023755_1d4d8f4f/spin_000337/full.png,wheelspin_lab/20260919_023755_1d4d8f4f/spin_000337/slot_1.png,wheelspin_lab/20260919_023755_1d4d8f4f/20260919_023755_1d4d8f4f_000337/duplicate_041434_316362.png,1.0
1012,20260919_023755_1d4d8f4f:000338,1,2026-09-18T19:14:41.207+00:00,CAR,hand Cherokee Trackhawk,hand cherokee trackhawk,0.55,,NEUTRAL,,,,JEEP TRACKHAWK,JEEP TRACKHAWK,,,,0,0,1,SELL,1.0,SELL,1,36000,wheelspin_lab/20260919_023755_1d4d8f4f/spin_000338/full.png,wheelspin_lab/20260919_023755_1d4d8f4f/spin_000338/slot_1.png,wheelspin_lab/20260919_023755_1d4d8f4f/20260919_023755_1d4d8f4f_000338/duplicate_042546_331994.png,1.0
1019,20260919_023755_1d4d8f4f:000340,2,2026-09-18T19:25:58.718+00:00,CAR,1991 GMC Syclone,1991 gmc syclone,0.78,,PURPLE,,1991,GMC,SYCLONE,GMC SYCLONE,,,0,0,0,1,SELL,1.0,SELL,1,23000,wheelspin_lab/20260919_023755_1d4d8f4f/spin_000340/full.png,wheelspin_lab/20260919_023755_1d4d8f4f/spin_000340/slot_2.png,wheelspin_lab/20260919_023755_1d4d8f4f/20260919_023755_1d4d8f4f_000340/duplicate_042559_115366.png,1.0
1026,20260919_023755_1d4d8f4f:000342,3,2026-09-18T19:26:11.665+00:00,CAR,TT RS coupé,tt rs coup,0.55,,NEUTRAL,,,,AUDI TT RS,AUDI TT RS,,,,0,0,1,SELL,1.0,SELL,1,17500,wheelspin_lab/20260919_023755_1d4d8f4f/spin_000342/full.png,wheelspin_lab/20260919_023755_1d4d8f4f/spin_000342/slot_3.png,wheelspin_lab/20260919_023755_1d4d8f4f/20260919_023755_1d4d8f4f_000342/duplicate_042612_033706.png,1.0
1027,20260919_023755_1d4d8f4f:000343,1,2026-09-18T19:26:19.168+00:00,CAR,1992 FORD Escort RS Cosworth,1992 ford escort rs cosworth,0.78,,NEUTRAL,,1992,FORD,ESCORT RS COSWORTH,FORD ESCORT 92,,,0,0,0,1,SELL,1.0,SELL,1,32500,wheelspin_lab/20260919_023755_1d4d8f4f/spin_000343/full.png,wheelspin_lab/20260919_023755_1d4d8f4f/spin_000343/slot_1.png,wheelspin_lab/20260919_023755_1d4d8f4f/20260919_023755_1d4d8f4f_000343/duplicate_042619_582614.png,1.0
1028,20260919_023755_1d4d8f4f:000343,2,2026-09-18T19:26:19.168+00:00,CAR,2020 WULING Sunshine S Forza Edition CREDITS BOOST,2020 wuling sunshine s forza edition credits boost,0.78,,NEUTRAL,,2020,WULING,SUNSHINE S FORZA EDITION CREDITS BOOST,SUNSHINE FE,,,1,0,0,1,SELL,1.0,SELL,1,250000,wheelspin_lab/20260919_023755_1d4d8f4f/spin_000343/full.png,wheelspin_lab/20260919_023755_1d4d8f4f/spin_000343/slot_2.png,wheelspin_lab/20260919_023755_1d4d8f4f/20260919_023755_1d4d8f4f_000343/duplicate_042621_111832.png,1.0
1033,20260919_023755_1d4d8f4f:000345,1,2026-09-18T19:26:33.513+00:00,CAR,2010,2010,0.45,,NEUTRAL,,2010,,BMW M4 16,BMW M4 16,,,0,0,0,1,SELL,1.0,SELL,1,62500,wheelspin_lab/20260919_023755_1d4d8f4f/spin_000345/full.png,wheelspin_lab/20260919_023755_1d4d8f4f/spin_000345/slot_1.png,wheelspin_lab/20260919_023755_1d4d8f4f/20260919_023755_1d4d8f4f_000345/duplicate_042633_909791.png,1.0
1036,20260919_023755_1d4d8f4f:000346,1,2026-09-18T19:26:40.881+00:00,CAR,1992 VOLKSWAGEN Golf GTi 16v Mk2,1992 volkswagen golf gti 16v mk2,0.78,,OTHER,,1992,VOLKSWAGEN,GOLF GTI 16V MK2,VW GTI MK2 92,,,0,0,0,1,SELL,1.0,SELL,1,11000,wheelspin_lab/20260919_023755_1d4d8f4f/spin_000346/full.png,wheelspin_lab/20260919_023755_1d4d8f4f/spin_000346/slot_1.png,wheelspin_lab/20260919_023755_1d4d8f4f/20260919_023755_1d4d8f4f_000346/duplicate_042641_348886.png,1.0
1038,20260919_023755_1d4d8f4f:000346,3,2026-09-18T19:26:40.881+00:00,CAR,2005 SUBARU IMPREZA WRX STI,2005 subaru impreza wrx sti,0.78,,OTHER,,2005,SUBARU,IMPREZA WRX STI,SUBARU WRX 05,,,0,0,0,1,SELL,1.0,SELL,1,17500,wheelspin_lab/20260919_023755_1d4d8f4f/spin_000346/full.png,wheelspin_lab/20260919_023755_1d4d8f4f/spin_000346/slot_3.png,wheelspin_lab/20260919_023755_1d4d8f4f/20260919_023755_1d4d8f4f_000346/duplicate_042642_783967.png,1.0
1042,20260919_023755_1d4d8f4f:000348,1,2026-09-18T19:26:55.306+00:00,CAR,1970 HONDA S800,1970 honda s800,0.78,,GREEN,,1970,HONDA,S800,HONDA S800,,,0,0,0,1,SELL,1.0,SELL,1,20000,wheelspin_lab/20260919_023755_1d4d8f4f/spin_000348/full.png,wheelspin_lab/20260919_023755_1d4d8f4f/spin_000348/slot_1.png,wheelspin_lab/20260919_023755_1d4d8f4f/20260919_023755_1d4d8f4f_000348/duplicate_042655_757598.png,1.0
1049,20260919_023755_1d4d8f4f:000350,2,2026-09-18T19:27:07.972+00:00,CAR,1994 SUBARU Vivio RX-R,1994 subaru vivio rx r,0.78,,PURPLE,,1994,SUBARU,VIVIO RX R,SUBARU VIVIO 94,,,0,0,0,1,SELL,1.0,SELL,1,5000,wheelspin_lab/20260919_023755_1d4d8f4f/spin_000350/full.png,wheelspin_lab/20260919_023755_1d4d8f4f/spin_000350/slot_2.png,wheelspin_lab/20260919_023755_1d4d8f4f/20260919_023755_1d4d8f4f_000350/duplicate_042708_382430.png,1.0
1057,20260919_023755_1d4d8f4f:000353,1,2026-09-18T19:27:26.478+00:00,CAR,1964 CHEVROLET Impala Super Sport 409,1964 chevrolet impala super sport 409,0.78,,BLUE,,1964,CHEVROLET,IMPALA SUPER SPORT 409,CHEVY IMPALA,,,0,0,0,1,SELL,1.0,SELL,1,35000,wheelspin_lab/20260919_023755_1d4d8f4f/spin_000353/full.png,wheelspin_lab/20260919_023755_1d4d8f4f/spin_000353/slot_1.png,wheelspin_lab/20260919_023755_1d4d8f4f/20260919_023755_1d4d8f4f_000353/duplicate_042726_943617.png,1.0
1058,20260919_023755_1d4d8f4f:000353,2,2026-09-18T19:27:26.478+00:00,CAR,1970 DODGE Coronet Super Bee,1970 dodge coronet super bee,0.78,,BLUE,,1970,DODGE,CORONET SUPER BEE,DODGE SUPER BEE,,,0,0,0,1,SELL,1.0,SELL,1,87500,wheelspin_lab/20260919_023755_1d4d8f4f/spin_000353/full.png,wheelspin_lab/20260919_023755_1d4d8f4f/spin_000353/slot_2.png,wheelspin_lab/20260919_023755_1d4d8f4f/20260919_023755_1d4d8f4f_000353/duplicate_042728_352159.png,1.0
1059,20260919_023755_1d4d8f4f:000353,3,2026-09-18T19:27:26.478+00:00,CAR,2022 BMW M5 CS,2022 bmw m5 cs,0.78,,BLUE,,2022,BMW,M5 CS,BMW M5 22,,,0,0,0,1,SELL,1.0,SELL,1,75000,wheelspin_lab/20260919_023755_1d4d8f4f/spin_000353/full.png,wheelspin_lab/20260919_023755_1d4d8f4f/spin_000353/slot_3.png,wheelspin_lab/20260919_023755_1d4d8f4f/20260919_023755_1d4d8f4f_000353/duplicate_042729_890969.png,1.0
1062,20260919_023755_1d4d8f4f:000354,3,2026-09-18T19:27:36.782+00:00,CAR,1093 NISSAN 240sx,1093 nissan 240sx,0.55,,NEUTRAL,,,,NISSAN 240SX 93,NISSAN 240SX 93,,,,0,0,1,SELL,1.0,SELL,1,125000,wheelspin_lab/20260919_023755_1d4d8f4f/spin_000354/full.png,wheelspin_lab/20260919_023755_1d4d8f4f/spin_000354/slot_3.png,wheelspin_lab/20260919_023755_1d4d8f4f/20260919_023755_1d4d8f4f_000354/duplicate_042737_178826.png,1.0
1063,20260919_023755_1d4d8f4f:000355,1,2026-09-18T19:27:44.148+00:00,CAR,Beetle,beetle,0.55,,NEUTRAL,,,,VW BEETLE,VW BEETLE,,,,0,0,1,SELL,1.0,SELL,1,8500,wheelspin_lab/20260919_023755_1d4d8f4f/spin_000355/full.png,wheelspin_lab/20260919_023755_1d4d8f4f/spin_000355/slot_1.png,wheelspin_lab/20260919_023755_1d4d8f4f/20260919_023755_1d4d8f4f_000355/duplicate_042744_534760.png,1.0
1066,20260919_023755_1d4d8f4f:000356,1,2026-09-18T19:27:51.607+00:00,CAR,2005 TVR Sagaris,2005 tvr sagaris,0.78,,BLUE,,2005,TVR,SAGARIS,TVR SAGARIS,,,0,0,0,1,SELL,1.0,SELL,1,57500,wheelspin_lab/20260919_023755_1d4d8f4f/spin_000356/full.png,wheelspin_lab/20260919_023755_1d4d8f4f/spin_000356/slot_1.png,wheelspin_lab/20260919_023755_1d4d8f4f/20260919_023755_1d4d8f4f_000356/duplicate_042752_096470.png,1.0
1070,20260919_023755_1d4d8f4f:000357,2,2026-09-18T19:27:58.885+00:00,CAR,2009 MERCEDES-BENZ SL 65 AMG Black Series,2009 mercedes benz sl 65 amg black series,0.78,,PURPLE,,2009,MERCEDES,BENZ SL 65 AMG BLACK SERIES,M B SL65,,,0,0,0,1,SELL,1.0,SELL,1,180000,wheelspin_lab/20260919_023755_1d4d8f4f/spin_000357/full.png,wheelspin_lab/20260919_023755_1d4d8f4f/spin_000357/slot_2.png,wheelspin_lab/20260919_023755_1d4d8f4f/20260919_023755_1d4d8f4f_000357/duplicate_042759_287847.png,1.0
1073,20260919_023755_1d4d8f4f:000358,2,2026-09-18T19:28:06.278+00:00,CAR,2015 HONDA Civic Type R,2015 honda civic type r,0.78,,NEUTRAL,,2015,HONDA,CIVIC TYPE R,HONDA CIVIC 16,,,0,0,0,1,SELL,1.0,SELL,1,15000,wheelspin_lab/20260919_023755_1d4d8f4f/spin_000358/full.png,wheelspin_lab/20260919_023755_1d4d8f4f/spin_000358/slot_2.png,wheelspin_lab/20260919_023755_1d4d8f4f/20260919_023755_1d4d8f4f_000358/duplicate_042806_748096.png,1.0
1083,20260919_023755_1d4d8f4f:000361,3,2026-09-18T19:28:24.241+00:00,CAR,2020 WULING Sunshine S Forza Edition CREDITS BOOST,2020 wuling sunshine s forza edition credits boost,0.78,,NEUTRAL,,2020,WULING,SUNSHINE S FORZA EDITION CREDITS BOOST,SUNSHINE FE,,,1,0,0,1,SELL,1.0,SELL,1,250000,wheelspin_lab/20260919_023755_1d4d8f4f/spin_000361/full.png,wheelspin_lab/20260919_023755_1d4d8f4f/spin_000361/slot_3.png,wheelspin_lab/20260919_023755_1d4d8f4f/20260919_023755_1d4d8f4f_000361/duplicate_042824_666047.png,1.0
1084,20260919_023755_1d4d8f4f:000362,1,2026-09-18T19:28:31.840+00:00,CAR,2002 ACURA RSX Type S,2002 acura rsx type s,0.78,,OTHER,,2002,ACURA,RSX TYPE S,ACURA RSX,,,0,0,0,1,SELL,1.0,SELL,1,9000,wheelspin_lab/20260919_023755_1d4d8f4f/spin_000362/full.png,wheelspin_lab/20260919_023755_1d4d8f4f/spin_000362/slot_1.png,wheelspin_lab/20260919_023755_1d4d8f4f/20260919_023755_1d4d8f4f_000362/duplicate_042832_319977.png,1.0
1086,20260919_023755_1d4d8f4f:000362,3,2026-09-18T19:28:31.840+00:00,CAR,19/3 FORD capri RS3100,19 3 ford capri rs3100,0.55,,PURPLE,,,,FORD CAPRI MKL,FORD CAPRI MKL,,,,0,0,1,SELL,1.0,SELL,1,34500,wheelspin_lab/20260919_023755_1d4d8f4f/spin_000362/full.png,wheelspin_lab/20260919_023755_1d4d8f4f/spin_000362/slot_3.png,wheelspin_lab/20260919_023755_1d4d8f4f/20260919_023755_1d4d8f4f_000362/duplicate_042833_790053.png,1.0
1087,20260919_023755_1d4d8f4f:000363,1,2026-09-18T19:28:40.902+00:00,CAR,2004 PORSCHE 911 GT3,2004 porsche 911 gt3,0.78,,NEUTRAL,,2004,PORSCHE,911 GT3,911 GT3 04,,,0,0,0,1,SELL,1.0,SELL,1,67500,wheelspin_lab/20260919_023755_1d4d8f4f/spin_000363/full.png,wheelspin_lab/20260919_023755_1d4d8f4f/spin_000363/slot_1.png,wheelspin_lab/20260919_023755_1d4d8f4f/20260919_023755_1d4d8f4f_000363/duplicate_042841_289757.png,1.0
1095,20260919_023755_1d4d8f4f:000365,3,2026-09-18T19:28:53.440+00:00,CAR,2009 CHEVROLET Corvette ZRI,2009 chevrolet corvette zri,0.78,,NEUTRAL,,2009,CHEVROLET,CORVETTE ZRI,CORVETTE 09,,,0,0,0,1,SELL,1.0,SELL,1,62500,wheelspin_lab/20260919_023755_1d4d8f4f/spin_000365/full.png,wheelspin_lab/20260919_023755_1d4d8f4f/spin_000365/slot_3.png,wheelspin_lab/20260919_023755_1d4d8f4f/20260919_023755_1d4d8f4f_000365/duplicate_042853_844735.png,1.0
1102,20260919_023755_1d4d8f4f:000368,1,2026-09-18T19:29:11.972+00:00,CAR,1994 SUBARU Vivio RX-R,1994 subaru vivio rx r,0.78,,PURPLE,,1994,SUBARU,VIVIO RX R,SUBARU VIVIO 94,,,0,0,0,1,SELL,1.0,SELL,1,5000,wheelspin_lab/20260919_023755_1d4d8f4f/spin_000368/full.png,wheelspin_lab/20260919_023755_1d4d8f4f/spin_000368/slot_1.png,wheelspin_lab/20260919_023755_1d4d8f4f/20260919_023755_1d4d8f4f_000368/duplicate_042912_383454.png,1.0
1105,20260919_023755_1d4d8f4f:000369,1,2026-09-18T19:29:19.396+00:00,CAR,GTO,gto,0.55,,NEUTRAL,,,,MITSUBISHI GTO,MITSUBISHI GTO,,,,0,0,1,SELL,1.0,SELL,1,10000,wheelspin_lab/20260919_023755_1d4d8f4f/spin_000369/full.png,wheelspin_lab/20260919_023755_1d4d8f4f/spin_000369/slot_1.png,wheelspin_lab/20260919_023755_1d4d8f4f/20260919_023755_1d4d8f4f_000369/duplicate_044243_408432.png,1.0
1116,20260919_023755_1d4d8f4f:000372,3,2026-09-18T19:43:01.413+00:00,CAR,2022 HONDA,2022 honda,0.45,,GREEN,,2022,HONDA,HONDA E 22,HONDA E 22,,,0,0,0,1,SELL,1.0,SELL,1,15000,wheelspin_lab/20260919_023755_1d4d8f4f/spin_000372/full.png,wheelspin_lab/20260919_023755_1d4d8f4f/spin_000372/slot_3.png,wheelspin_lab/20260919_023755_1d4d8f4f/20260919_023755_1d4d8f4f_000372/duplicate_044301_794097.png,1.0
1120,20260919_023755_1d4d8f4f:000374,1,2026-09-18T19:54:33.886+00:00,CAR,FIORD Mustang SVT Cobra R,fiord mustang svt cobra r,0.55,,NEUTRAL,,,,FORD MUSTANG 93,FORD MUSTANG 93,,,,0,0,1,SELL,1.0,SELL,1,42000,wheelspin_lab/20260919_023755_1d4d8f4f/spin_000374/full.png,wheelspin_lab/20260919_023755_1d4d8f4f/spin_000374/slot_1.png,wheelspin_lab/20260919_023755_1d4d8f4f/20260919_023755_1d4d8f4f_000374/duplicate_045434_293786.png,1.0
1126,20260919_023755_1d4d8f4f:000376,1,2026-09-18T19:54:46.961+00:00,CAR,2014 FORD 'V Limited Edition Pursuit U,2014 ford v limited edition pursuit u,0.78,,OTHER,,2014,FORD,V LIMITED EDITION PURSUIT U,FORD UTE 14,,,0,0,0,1,SELL,1.0,SELL,1,20000,wheelspin_lab/20260919_023755_1d4d8f4f/spin_000376/full.png,wheelspin_lab/20260919_023755_1d4d8f4f/spin_000376/slot_1.png,wheelspin_lab/20260919_023755_1d4d8f4f/20260919_023755_1d4d8f4f_000376/duplicate_045447_458782.png,1.0
1127,20260919_023755_1d4d8f4f:000376,2,2026-09-18T19:54:46.961+00:00,CAR,1994 MAZDA MX-5 Miata,1994 mazda mx 5 miata,0.78,,OTHER,,1994,MAZDA,MX 5 MIATA,MAZDA MX 5 94,,,0,0,0,1,SELL,1.0,SELL,1,7500,wheelspin_lab/20260919_023755_1d4d8f4f/spin_000376/full.png,wheelspin_lab/20260919_023755_1d4d8f4f/spin_000376/slot_2.png,wheelspin_lab/20260919_023755_1d4d8f4f/20260919_023755_1d4d8f4f_000376/duplicate_045448_897380.png,1.0
1128,20260919_023755_1d4d8f4f:000376,3,2026-09-18T19:54:46.962+00:00,CAR,2020 SIERRA CARS Yokohama ALPHA,2020 sierra cars yokohama alpha,0.78,,PURPLE,,2020,SIERRA,CARS YOKOHAMA ALPHA,23 SIERRA ALPHA,,,0,0,0,1,SELL,1.0,SELL,1,32500,wheelspin_lab/20260919_023755_1d4d8f4f/spin_000376/full.png,wheelspin_lab/20260919_023755_1d4d8f4f/spin_000376/slot_3.png,wheelspin_lab/20260919_023755_1d4d8f4f/20260919_023755_1d4d8f4f_000376/duplicate_045450_438968.png,1.0
1132,20260919_023755_1d4d8f4f:000378,1,2026-09-18T19:55:02.722+00:00,CAR,1990 Savanna RX-7,1990 savanna rx 7,0.78,,NEUTRAL,,1990,SAVANNA,RX 7,MAZDA RX 7 90,,,0,0,0,1,SELL,1.0,SELL,1,11500,wheelspin_lab/20260919_023755_1d4d8f4f/spin_000378/full.png,wheelspin_lab/20260919_023755_1d4d8f4f/spin_000378/slot_1.png,wheelspin_lab/20260919_023755_1d4d8f4f/20260919_023755_1d4d8f4f_000378/duplicate_045503_131300.png,1.0
1141,20260919_023755_1d4d8f4f:000381,1,2026-09-18T19:55:21.174+00:00,CAR,2012 Black Edition (R35) Forza E SPEED SKILLS BOOST,2012 black edition r35 forza e speed skills boost,0.78,,NEUTRAL,,2012,BLACK,EDITION R35 FORZA E SPEED SKILLS BOOST,GT R FE 12,,,0,0,0,1,SELL,1.0,SELL,1,375000,wheelspin_lab/20260919_023755_1d4d8f4f/spin_000381/full.png,wheelspin_lab/20260919_023755_1d4d8f4f/spin_000381/slot_1.png,wheelspin_lab/20260919_023755_1d4d8f4f/20260919_023755_1d4d8f4f_000381/duplicate_045521_600476.png,1.0
1152,20260919_023755_1d4d8f4f:000384,3,2026-09-18T19:55:39.633+00:00,CAR,2019 NISSAN 370Z Nismo,2019 nissan 370z nismo,0.78,,BLUE,,2019,NISSAN,370Z NISMO,NISSAN 370Z 19,,,0,0,0,1,SELL,1.0,SELL,1,23000,wheelspin_lab/20260919_023755_1d4d8f4f/spin_000384/full.png,wheelspin_lab/20260919_023755_1d4d8f4f/spin_000384/slot_3.png,wheelspin_lab/20260919_023755_1d4d8f4f/20260919_023755_1d4d8f4f_000384/duplicate_045540_102162.png,1.0
1153,20260919_023755_1d4d8f4f:000385,1,2026-09-18T19:55:46.922+00:00,CAR,2022 MC20,2022 mc20,0.45,,NEUTRAL,,2022,MC20,MASERATI MC20,MASERATI MC20,,,0,0,0,1,SELL,1.0,SELL,1,110000,wheelspin_lab/20260919_023755_1d4d8f4f/spin_000385/full.png,wheelspin_lab/20260919_023755_1d4d8f4f/spin_000385/slot_1.png,wheelspin_lab/20260919_023755_1d4d8f4f/20260919_023755_1d4d8f4f_000385/duplicate_045547_322074.png,1.0
1157,20260919_023755_1d4d8f4f:000386,2,2026-09-18T19:55:54.251+00:00,CAR,2014 FORD 'V Limited Edition Pursuit U,2014 ford v limited edition pursuit u,0.78,,OTHER,,2014,FORD,V LIMITED EDITION PURSUIT U,FORD UTE 14,,,0,0,0,1,SELL,1.0,SELL,1,20000,wheelspin_lab/20260919_023755_1d4d8f4f/spin_000386/full.png,wheelspin_lab/20260919_023755_1d4d8f4f/spin_000386/slot_2.png,wheelspin_lab/20260919_023755_1d4d8f4f/20260919_023755_1d4d8f4f_000386/duplicate_045554_645623.png,1.0
1166,20260919_023755_1d4d8f4f:000389,2,2026-09-18T19:56:12.552+00:00,CAR,2015 SUBARU WRX STI,2015 subaru wrx sti,0.78,,OTHER,,2015,SUBARU,WRX STI,SUBARU WRX 15,,,0,0,0,1,SELL,1.0,SELL,1,13500,wheelspin_lab/20260919_023755_1d4d8f4f/spin_000389/full.png,wheelspin_lab/20260919_023755_1d4d8f4f/spin_000389/slot_2.png,wheelspin_lab/20260919_023755_1d4d8f4f/20260919_023755_1d4d8f4f_000389/duplicate_045612_960285.png,1.0
1173,20260919_023755_1d4d8f4f:000391,3,2026-09-18T19:56:25.760+00:00,CAR,2019 DEBERTI 'coma TRD 'The Performan,2019 deberti coma trd the performan,0.78,,OTHER,,2019,DEBERTI,COMA TRD THE PERFORMAN,DD TACOMA TRD,,,0,0,0,1,SELL,1.0,SELL,1,125000,wheelspin_lab/20260919_023755_1d4d8f4f/spin_000391/full.png,wheelspin_lab/20260919_023755_1d4d8f4f/spin_000391/slot_3.png,wheelspin_lab/20260919_023755_1d4d8f4f/20260919_023755_1d4d8f4f_000391/duplicate_045626_205873.png,1.0
1176,20260919_023755_1d4d8f4f:000392,3,2026-09-18T19:56:33.481+00:00,CAR,2018 DODGE Challenger SRT Demon,2018 dodge challenger srt demon,0.78,,BLUE,,2018,DODGE,CHALLENGER SRT DEMON,DODGE SRT DEMON,,,0,0,0,1,SELL,1.0,SELL,1,45000,wheelspin_lab/20260919_023755_1d4d8f4f/spin_000392/full.png,wheelspin_lab/20260919_023755_1d4d8f4f/spin_000392/slot_3.png,wheelspin_lab/20260919_023755_1d4d8f4f/20260919_023755_1d4d8f4f_000392/duplicate_045633_910862.png,1.0
1180,20260919_023755_1d4d8f4f:000394,1,2026-09-18T19:56:46.432+00:00,CAR,hand Cherokee Trackhawk,hand cherokee trackhawk,0.55,,NEUTRAL,,,,CORVETTE ZR I,JEEP TRACKHAWK,,,,0,0,1,SELL,1.0,SELL,1,36000,wheelspin_lab/20260919_023755_1d4d8f4f/spin_000394/full.png,wheelspin_lab/20260919_023755_1d4d8f4f/spin_000394/slot_1.png,wheelspin_lab/20260919_023755_1d4d8f4f/20260919_023755_1d4d8f4f_000394/duplicate_045646_810594.png,1.0
1181,20260919_023755_1d4d8f4f:000394,2,2026-09-18T19:56:46.432+00:00,CAR,Mazdaspeecl MX-5,mazdaspeecl mx 5,0.55,,NEUTRAL,,,,MAZDA MX 5 05,MAZDA MX 5 05,,,,0,0,1,SELL,1.0,SELL,1,10500,wheelspin_lab/20260919_023755_1d4d8f4f/spin_000394/full.png,wheelspin_lab/20260919_023755_1d4d8f4f/spin_000394/slot_2.png,wheelspin_lab/20260919_023755_1d4d8f4f/20260919_023755_1d4d8f4f_000394/duplicate_050013_511351.png,1.0
1182,20260919_023755_1d4d8f4f:000394,3,2026-09-18T19:56:46.433+00:00,CAR,1905 CHEVROLET Corvette ZR-I,1905 chevrolet corvette zr i,0.78,,NEUTRAL,,1905,CHEVROLET,CORVETTE ZR I,CORVETTE 95,,,0,0,0,1,SELL,1.0,SELL,1,38000,wheelspin_lab/20260919_023755_1d4d8f4f/spin_000394/full.png,wheelspin_lab/20260919_023755_1d4d8f4f/spin_000394/slot_3.png,wheelspin_lab/20260919_023755_1d4d8f4f/20260919_023755_1d4d8f4f_000394/duplicate_050014_787364.png,1.0
1194,20260919_023755_1d4d8f4f:000398,3,2026-09-18T20:00:38.524+00:00,CAR,2012 JEEP Wrangler Rubicon,2012 jeep wrangler rubicon,0.78,,BLUE,,2012,JEEP,WRANGLER RUBICON,JEEP WRANGLER,,,0,0,0,1,SELL,1.0,SELL,1,8000,wheelspin_lab/20260919_023755_1d4d8f4f/spin_000398/full.png,wheelspin_lab/20260919_023755_1d4d8f4f/spin_000398/slot_3.png,wheelspin_lab/20260919_023755_1d4d8f4f/20260919_023755_1d4d8f4f_000398/duplicate_050039_032874.png,1.0
1195,20260919_023755_1d4d8f4f:000399,1,2026-09-18T20:00:46.042+00:00,CAR,620R,620r,0.55,,NEUTRAL,,,,MCLAREN 620R,MCLAREN 620R,,,,0,0,1,SELL,1.0,SELL,1,130000,wheelspin_lab/20260919_023755_1d4d8f4f/spin_000399/full.png,wheelspin_lab/20260919_023755_1d4d8f4f/spin_000399/slot_1.png,wheelspin_lab/20260919_023755_1d4d8f4f/20260919_023755_1d4d8f4f_000399/duplicate_050046_416107.png,1.0
1204,20260919_023755_1d4d8f4f:000402,1,2026-09-18T20:01:04.314+00:00,CAR,Centenario LP 770-4,centenario lp 770 4,0.55,,NEUTRAL,,,,LAMBO CENTENARIO,LAMBO CENTENARIO,,,,1,1,1,KEEP,1.0,KEEP,1,,wheelspin_lab/20260919_023755_1d4d8f4f/spin_000402/full.png,wheelspin_lab/20260919_023755_1d4d8f4f/spin_000402/slot_1.png,wheelspin_lab/20260919_023755_1d4d8f4f/20260919_023755_1d4d8f4f_000402/duplicate_050104_789946.png,1.0
1213,20260919_023755_1d4d8f4f:000405,1,2026-09-18T20:01:21.910+00:00,CAR,2013 FERRARI 458 Speciale,2013 ferrari 458 speciale,0.78,,PURPLE,,2013,FERRARI,458 SPECIALE,FERRARI 458 S,,,0,0,0,1,SELL,1.0,SELL,1,250000,wheelspin_lab/20260919_023755_1d4d8f4f/spin_000405/full.png,wheelspin_lab/20260919_023755_1d4d8f4f/spin_000405/slot_1.png,wheelspin_lab/20260919_023755_1d4d8f4f/20260919_023755_1d4d8f4f_000405/duplicate_050122_307219.png,1.0
1217,20260919_023755_1d4d8f4f:000406,2,2026-09-18T20:01:29.449+00:00,CAR,1983 VOLVO 242 Turbo Evolution,1983 volvo 242 turbo evolution,0.78,,OTHER,,1983,VOLVO,242 TURBO EVOLUTION,VOLVO 242 TURBO,,,0,0,0,1,SELL,1.0,SELL,1,15000,wheelspin_lab/20260919_023755_1d4d8f4f/spin_000406/full.png,wheelspin_lab/20260919_023755_1d4d8f4f/spin_000406/slot_2.png,wheelspin_lab/20260919_023755_1d4d8f4f/20260919_023755_1d4d8f4f_000406/duplicate_050129_842832.png,1.0
1218,20260919_023755_1d4d8f4f:000406,3,2026-09-18T20:01:29.449+00:00,CAR,2001 FORD Ford Focus RS,2001 ford ford focus rs,0.78,,NEUTRAL,,2001,FORD,FORD FOCUS RS,4 FORD FOCUS,,,0,0,0,1,SELL,1.0,SELL,1,207500,wheelspin_lab/20260919_023755_1d4d8f4f/spin_000406/full.png,wheelspin_lab/20260919_023755_1d4d8f4f/spin_000406/slot_3.png,wheelspin_lab/20260919_023755_1d4d8f4f/20260919_023755_1d4d8f4f_000406/duplicate_050131_373955.png,1.0
1220,20260919_023755_1d4d8f4f:000407,2,2026-09-18T20:01:38.024+00:00,CAR,PORSCHE 968 Turbo S,porsche 968 turbo s,0.55,,NEUTRAL,,,,PORSCHE 968,PORSCHE 968,,,,0,0,1,SELL,1.0,SELL,1,260000,wheelspin_lab/20260919_023755_1d4d8f4f/spin_000407/full.png,wheelspin_lab/20260919_023755_1d4d8f4f/spin_000407/slot_2.png,wheelspin_lab/20260919_023755_1d4d8f4f/20260919_023755_1d4d8f4f_000407/duplicate_050138_524386.png,1.0
1223,20260919_023755_1d4d8f4f:000408,2,2026-09-18T20:01:45.329+00:00,CAR,1990 SUBARU LEGACY RS,1990 subaru legacy rs,0.78,,OTHER,,1990,SUBARU,LEGACY RS,SUBARU LEGACY RS,,,0,0,0,1,SELL,1.0,SELL,1,7500,wheelspin_lab/20260919_023755_1d4d8f4f/spin_000408/full.png,wheelspin_lab/20260919_023755_1d4d8f4f/spin_000408/slot_2.png,wheelspin_lab/20260919_023755_1d4d8f4f/20260919_023755_1d4d8f4f_000408/duplicate_050145_720321.png,1.0
1234,20260919_023755_1d4d8f4f:000412,1,2026-09-18T20:02:09.200+00:00,CAR,1970 PORSCHE 917 LH Forza Edition SPEED SKILLS BOOST,1970 porsche 917 lh forza edition speed skills boost,0.78,,NEUTRAL,,1970,PORSCHE,917 LH FORZA EDITION SPEED SKILLS BOOST,PORSCHE 917 FE,,,1,0,0,1,SELL,1.0,SELL,1,625000,wheelspin_lab/20260919_023755_1d4d8f4f/spin_000412/full.png,wheelspin_lab/20260919_023755_1d4d8f4f/spin_000412/slot_1.png,wheelspin_lab/20260919_023755_1d4d8f4f/20260919_023755_1d4d8f4f_000412/duplicate_050209_618693.png,1.0
1236,20260919_023755_1d4d8f4f:000412,3,2026-09-18T20:02:09.201+00:00,CAR,2014 HSV GEN-F GTS,2014 hsv gen f gts,0.78,,NEUTRAL,,2014,HSV,GEN F GTS,HSV GEN F GTS,,,0,0,0,1,SELL,1.0,SELL,1,40500,wheelspin_lab/20260919_023755_1d4d8f4f/spin_000412/full.png,wheelspin_lab/20260919_023755_1d4d8f4f/spin_000412/slot_3.png,wheelspin_lab/20260919_023755_1d4d8f4f/20260919_023755_1d4d8f4f_000412/duplicate_050211_123036.png,1.0
1242,20260919_023755_1d4d8f4f:000414,3,2026-09-18T20:02:23.484+00:00,CAR,1992 HONDA NSX-R,1992 honda nsx r,0.78,,PURPLE,,1992,HONDA,NSX R,HONDA NSX R 92,,,0,0,0,1,SELL,1.0,SELL,1,225000,wheelspin_lab/20260919_023755_1d4d8f4f/spin_000414/full.png,wheelspin_lab/20260919_023755_1d4d8f4f/spin_000414/slot_3.png,wheelspin_lab/20260919_023755_1d4d8f4f/20260919_023755_1d4d8f4f_000414/duplicate_050223_891497.png,1.0
1243,20260919_023755_1d4d8f4f:000415,1,2026-09-18T20:02:30.662+00:00,CAR,2008 SUBARU IMPREZA WRX STI,2008 subaru impreza wrx sti,0.78,,NEUTRAL,,2008,SUBARU,IMPREZA WRX STI,SUBARU WRX 08,,,0,0,0,1,SELL,1.0,SELL,1,13500,wheelspin_lab/20260919_023755_1d4d8f4f/spin_000415/full.png,wheelspin_lab/20260919_023755_1d4d8f4f/spin_000415/slot_1.png,wheelspin_lab/20260919_023755_1d4d8f4f/20260919_023755_1d4d8f4f_000415/duplicate_050231_052149.png,1.0
1245,20260919_023755_1d4d8f4f:000415,3,2026-09-18T20:02:30.662+00:00,CAR,2010 VOLKSWAGEN Golf R,2010 volkswagen golf r,0.78,,NEUTRAL,,2010,VOLKSWAGEN,GOLF R,VW GOLF R 10,,,0,0,0,1,SELL,1.0,SELL,1,10000,wheelspin_lab/20260919_023755_1d4d8f4f/spin_000415/full.png,wheelspin_lab/20260919_023755_1d4d8f4f/spin_000415/slot_3.png,wheelspin_lab/20260919_023755_1d4d8f4f/20260919_023755_1d4d8f4f_000415/duplicate_050232_828919.png,1.0
1250,20260919_023755_1d4d8f4f:000417,2,2026-09-18T20:02:45.451+00:00,CAR,FORD Mustang SVT Cobra R,ford mustang svt cobra r,0.55,,NEUTRAL,,,,FORD MUSTANG 93,FORD MUSTANG 93,,,,0,0,1,SELL,1.0,SELL,1,42000,wheelspin_lab/20260919_023755_1d4d8f4f/spin_000417/full.png,wheelspin_lab/20260919_023755_1d4d8f4f/spin_000417/slot_2.png,wheelspin_lab/20260919_023755_1d4d8f4f/20260919_023755_1d4d8f4f_000417/duplicate_050245_934215.png,1.0
1251,20260919_023755_1d4d8f4f:000417,3,2026-09-18T20:02:45.451+00:00,CAR,2003 BMW,2003 bmw,0.45,,NEUTRAL,,2003,BMW,BMW M5 03,BMW M5 03,,,0,0,0,1,SELL,1.0,SELL,1,23500,wheelspin_lab/20260919_023755_1d4d8f4f/spin_000417/full.png,wheelspin_lab/20260919_023755_1d4d8f4f/spin_000417/slot_3.png,wheelspin_lab/20260919_023755_1d4d8f4f/20260919_023755_1d4d8f4f_000417/duplicate_050247_402758.png,1.0
1253,20260919_023755_1d4d8f4f:000418,2,2026-09-18T20:02:54.356+00:00,CAR,PORSCHE 944 Turbo,porsche 944 turbo,0.55,,NEUTRAL,,,,PORSCHE 944,PORSCHE 944,,,,0,0,1,SELL,1.0,SELL,1,15000,wheelspin_lab/20260919_023755_1d4d8f4f/spin_000418/full.png,wheelspin_lab/20260919_023755_1d4d8f4f/spin_000418/slot_2.png,wheelspin_lab/20260919_023755_1d4d8f4f/20260919_023755_1d4d8f4f_000418/duplicate_050254_771793.png,1.0
1255,20260919_023755_1d4d8f4f:000419,1,2026-09-18T20:03:01.867+00:00,CAR,1994 SUBARU Vivio RX-R,1994 subaru vivio rx r,0.78,,PURPLE,,1994,SUBARU,VIVIO RX R,SUBARU VIVIO 94,,,0,0,0,1,SELL,1.0,SELL,1,5000,wheelspin_lab/20260919_023755_1d4d8f4f/spin_000419/full.png,wheelspin_lab/20260919_023755_1d4d8f4f/spin_000419/slot_1.png,wheelspin_lab/20260919_023755_1d4d8f4f/20260919_023755_1d4d8f4f_000419/duplicate_050302_350826.png,1.0
1266,20260919_023755_1d4d8f4f:000422,3,2026-09-18T20:03:19.904+00:00,CAR,1990 MERCEDES-BENZ 2.5-16 Evolution II Forza CLEAN SKILLS BOOST,1990 mercedes benz 2 5 16 evolution ii forza clean skills boost,0.78,,NEUTRAL,,1990,MERCEDES,BENZ 2 5 16 EVOLUTION II FORZA CLEAN SKILLS BOOST,MB 190 EFE,,,0,0,0,1,SELL,1.0,SELL,1,375000,wheelspin_lab/20260919_023755_1d4d8f4f/spin_000422/full.png,wheelspin_lab/20260919_023755_1d4d8f4f/spin_000422/slot_3.png,wheelspin_lab/20260919_023755_1d4d8f4f/20260919_023755_1d4d8f4f_000422/duplicate_050320_336624.png,1.0
1269,20260919_023755_1d4d8f4f:000423,3,2026-09-18T20:03:27.324+00:00,CAR,2014 FORD 'V Limited Edition Pursuit U,2014 ford v limited edition pursuit u,0.78,,OTHER,,2014,FORD,V LIMITED EDITION PURSUIT U,FORD UTE 14,,,0,0,0,1,SELL,1.0,SELL,1,20000,wheelspin_lab/20260919_023755_1d4d8f4f/spin_000423/full.png,wheelspin_lab/20260919_023755_1d4d8f4f/spin_000423/slot_3.png,wheelspin_lab/20260919_023755_1d4d8f4f/20260919_023755_1d4d8f4f_000423/duplicate_050327_744717.png,1.0
1271,20260919_023755_1d4d8f4f:000424,2,2026-09-18T20:03:34.924+00:00,CAR,2022 LAMBORGHINI Huracän Tecnica,2022 lamborghini hurac n tecnica,0.78,,NEUTRAL,,2022,LAMBORGHINI,HURACAN TECNICA,HURACEN TECNICA,,,0,1,1,1,KEEP,1.0,KEEP,1,,wheelspin_lab/20260919_023755_1d4d8f4f/spin_000424/full.png,wheelspin_lab/20260919_023755_1d4d8f4f/spin_000424/slot_2.png,wheelspin_lab/20260919_023755_1d4d8f4f/20260919_023755_1d4d8f4f_000424/duplicate_050335_333441.png,1.0
1272,20260919_023755_1d4d8f4f:000424,3,2026-09-18T20:03:34.924+00:00,CAR,2023 ACURA Integra A-Spec,2023 acura integra a spec,0.78,,NEUTRAL,,2023,ACURA,INTEGRA A SPEC,INTEGRA 23,,,0,0,0,1,SELL,1.0,SELL,1,18000,wheelspin_lab/20260919_023755_1d4d8f4f/spin_000424/full.png,wheelspin_lab/20260919_023755_1d4d8f4f/spin_000424/slot_3.png,wheelspin_lab/20260919_023755_1d4d8f4f/20260919_023755_1d4d8f4f_000424/duplicate_050336_500501.png,1.0
1278,20260919_023755_1d4d8f4f:000426,3,2026-09-18T20:03:49.039+00:00,CAR,2006 FORMULA DRIFT 43 Dodge Viper SRT-IO ACI,2006 formula drift 43 dodge viper srt io aci,0.78,,PURPLE,,2006,FORMULA,DRIFT 43 DODGE VIPER SRT IO ACI,43 DODGE VIPER,,,0,0,0,1,SELL,1.0,SELL,1,125000,wheelspin_lab/20260919_023755_1d4d8f4f/spin_000426/full.png,wheelspin_lab/20260919_023755_1d4d8f4f/spin_000426/slot_3.png,wheelspin_lab/20260919_023755_1d4d8f4f/20260919_023755_1d4d8f4f_000426/duplicate_050349_535516.png,1.0
1281,20260919_023755_1d4d8f4f:000427,3,2026-09-18T20:03:56.418+00:00,CAR,1996 CHEVROLET Impala Super Sport,1996 chevrolet impala super sport,0.78,,GREEN,,1996,CHEVROLET,IMPALA SUPER SPORT,CHEVY IMPALA 96,,,0,0,0,1,SELL,1.0,SELL,1,15000,wheelspin_lab/20260919_023755_1d4d8f4f/spin_000427/full.png,wheelspin_lab/20260919_023755_1d4d8f4f/spin_000427/slot_3.png,wheelspin_lab/20260919_023755_1d4d8f4f/20260919_023755_1d4d8f4f_000427/duplicate_050356_798412.png,1.0
1287,20260919_023755_1d4d8f4f:000429,3,2026-09-18T20:04:09.027+00:00,CAR,2018 MERCEDES-BENZ X-Class,2018 mercedes benz x class,0.78,,OTHER,,2018,MERCEDES,BENZ X CLASS,M B X CLASS,,,0,0,0,1,SELL,1.0,SELL,1,25000,wheelspin_lab/20260919_023755_1d4d8f4f/spin_000429/full.png,wheelspin_lab/20260919_023755_1d4d8f4f/spin_000429/slot_3.png,wheelspin_lab/20260919_023755_1d4d8f4f/20260919_023755_1d4d8f4f_000429/duplicate_050409_496717.png,1.0
1292,20260919_023755_1d4d8f4f:000431,2,2026-09-18T20:04:21.740+00:00,CAR,2008 MITSUBISHI Lancer Evolution X GSR,2008 mitsubishi lancer evolution x gsr,0.78,,OTHER,,2008,MITSUBISHI,LANCER EVOLUTION X GSR,LANCER GSR 08,,,0,0,0,1,SELL,1.0,SELL,1,12500,wheelspin_lab/20260919_023755_1d4d8f4f/spin_000431/full.png,wheelspin_lab/20260919_023755_1d4d8f4f/spin_000431/slot_2.png,wheelspin_lab/20260919_023755_1d4d8f4f/20260919_023755_1d4d8f4f_000431/duplicate_050422_109798.png,1.0
1296,20260919_023755_1d4d8f4f:000432,3,2026-09-18T20:04:28.946+00:00,CAR,2022 MASERATI MC20,2022 maserati mc20,0.78,,NEUTRAL,,2022,MASERATI,MC20,MASERATI MC20,,,0,0,0,1,SELL,1.0,SELL,1,110000,wheelspin_lab/20260919_023755_1d4d8f4f/spin_000432/full.png,wheelspin_lab/20260919_023755_1d4d8f4f/spin_000432/slot_3.png,wheelspin_lab/20260919_023755_1d4d8f4f/20260919_023755_1d4d8f4f_000432/duplicate_050429_346514.png,1.0
1304,20260919_023755_1d4d8f4f:000435,2,2026-09-18T20:04:47.488+00:00,CAR,Focus RS,focus rs,0.55,,NEUTRAL,,,,FORD FOCUS 03,FORD FOCUS 03,,,,0,0,1,SELL,1.0,SELL,1,17500,wheelspin_lab/20260919_023755_1d4d8f4f/spin_000435/full.png,wheelspin_lab/20260919_023755_1d4d8f4f/spin_000435/slot_2.png,wheelspin_lab/20260919_023755_1d4d8f4f/20260919_023755_1d4d8f4f_000435/duplicate_050447_884178.png,1.0
1310,20260919_023755_1d4d8f4f:000437,2,2026-09-18T20:05:00.446+00:00,CAR,Fairlady Z 432,fairlady z 432,0.55,,NEUTRAL,,,,FAIRLADY Z 69,FAIRLADY Z 69,,,,0,0,1,SELL,1.0,SELL,1,125000,wheelspin_lab/20260919_023755_1d4d8f4f/spin_000437/full.png,wheelspin_lab/20260919_023755_1d4d8f4f/spin_000437/slot_2.png,wheelspin_lab/20260919_023755_1d4d8f4f/20260919_023755_1d4d8f4f_000437/duplicate_050500_864063.png,1.0
1311,20260919_023755_1d4d8f4f:000437,3,2026-09-18T20:05:00.446+00:00,CAR,2017 ALFA ROMEO Giulia Quadrifoglio,2017 alfa romeo giulia quadrifoglio,0.78,,NEUTRAL,,2017,ALFA,ROMEO GIULIA QUADRIFOGLIO,ALFA GIULIA 17,,,0,0,0,1,SELL,1.0,SELL,1,22500,wheelspin_lab/20260919_023755_1d4d8f4f/spin_000437/full.png,wheelspin_lab/20260919_023755_1d4d8f4f/spin_000437/slot_3.png,wheelspin_lab/20260919_023755_1d4d8f4f/20260919_023755_1d4d8f4f_000437/duplicate_050502_449278.png,1.0
1313,20260919_023755_1d4d8f4f:000438,2,2026-09-18T20:05:09.386+00:00,CAR,1986 FORD -150 XLT Lariat Forza Editio STUNT SKILLS BOOST,1986 ford 150 xlt lariat forza editio stunt skills boost,0.78,,PURPLE,,1986,FORD,150 XLT LARIAT FORZA EDITIO STUNT SKILLS BOOST,FORD F 150 FE,,,0,0,0,1,SELL,1.0,SELL,1,250000,wheelspin_lab/20260919_023755_1d4d8f4f/spin_000438/full.png,wheelspin_lab/20260919_023755_1d4d8f4f/spin_000438/slot_2.png,wheelspin_lab/20260919_023755_1d4d8f4f/20260919_023755_1d4d8f4f_000438/duplicate_050509_893813.png,1.0
1316,20260919_023755_1d4d8f4f:000439,2,2026-09-18T20:05:16.633+00:00,CAR,2000 FORD Mustang SVT Cobra R,2000 ford mustang svt cobra r,0.78,,OTHER,,2000,FORD,MUSTANG SVT COBRA R,FORD MUSTANG 00,,,0,0,0,1,SELL,1.0,SELL,1,76500,wheelspin_lab/20260919_023755_1d4d8f4f/spin_000439/full.png,wheelspin_lab/20260919_023755_1d4d8f4f/spin_000439/slot_2.png,wheelspin_lab/20260919_023755_1d4d8f4f/20260919_023755_1d4d8f4f_000439/duplicate_050517_058426.png,1.0
1317,20260919_023755_1d4d8f4f:000439,3,2026-09-18T20:05:16.634+00:00,CAR,1980 ABARTH Fiat 131,1980 abarth fiat 131,0.78,,OTHER,,1980,ABARTH,FIAT 131,ABARTH 131,,,0,0,0,1,SELL,1.0,SELL,1,62500,wheelspin_lab/20260919_023755_1d4d8f4f/spin_000439/full.png,wheelspin_lab/20260919_023755_1d4d8f4f/spin_000439/slot_3.png,wheelspin_lab/20260919_023755_1d4d8f4f/20260919_023755_1d4d8f4f_000439/duplicate_050518_660604.png,1.0
1326,20260919_023755_1d4d8f4f:000442,3,2026-09-18T20:05:36.814+00:00,CAR,2016 CADILLAC ATS-V,2016 cadillac ats v,0.78,,GREEN,,2016,CADILLAC,ATS V,CADDY ATS V,,,0,0,0,1,SELL,1.0,SELL,1,20500,wheelspin_lab/20260919_023755_1d4d8f4f/spin_000442/full.png,wheelspin_lab/20260919_023755_1d4d8f4f/spin_000442/slot_3.png,wheelspin_lab/20260919_023755_1d4d8f4f/20260919_023755_1d4d8f4f_000442/duplicate_050537_212495.png,1.0
1329,20260919_023755_1d4d8f4f:000443,3,2026-09-18T20:05:44.331+00:00,CAR,2020 FORD I F-450 DRW PLATINUM Fo DESTRUCTION SKILLS BOOST,2020 ford i f 450 drw platinum fo destruction skills boost,0.78,,PURPLE,,2020,FORD,I F 450 DRW PLATINUM FO DESTRUCTION SKILLS BOOST,FORD F 450 FE,,,0,0,0,1,SELL,1.0,SELL,1,250000,wheelspin_lab/20260919_023755_1d4d8f4f/spin_000443/full.png,wheelspin_lab/20260919_023755_1d4d8f4f/spin_000443/slot_3.png,wheelspin_lab/20260919_023755_1d4d8f4f/20260919_023755_1d4d8f4f_000443/duplicate_050544_752360.png,1.0
1331,20260919_023755_1d4d8f4f:000444,2,2026-09-18T20:05:51.911+00:00,CAR,2005 SUBARU IMPREZA WRX STI,2005 subaru impreza wrx sti,0.78,,OTHER,,2005,SUBARU,IMPREZA WRX STI,SUBARU WRX 05,,,0,0,0,1,SELL,1.0,SELL,1,17500,wheelspin_lab/20260919_023755_1d4d8f4f/spin_000444/full.png,wheelspin_lab/20260919_023755_1d4d8f4f/spin_000444/slot_2.png,wheelspin_lab/20260919_023755_1d4d8f4f/20260919_023755_1d4d8f4f_000444/duplicate_050552_300507.png,1.0
1335,20260919_023755_1d4d8f4f:000445,3,2026-09-18T20:05:59.486+00:00,CAR,1970 DATSUN 510,1970 datsun 510,0.78,,OTHER,,1970,DATSUN,510,DATSUN 510,,,0,0,0,1,SELL,1.0,SELL,1,43000,wheelspin_lab/20260919_023755_1d4d8f4f/spin_000445/full.png,wheelspin_lab/20260919_023755_1d4d8f4f/spin_000445/slot_3.png,wheelspin_lab/20260919_023755_1d4d8f4f/20260919_023755_1d4d8f4f_000445/duplicate_050559_884837.png,1.0
1336,20260919_023755_1d4d8f4f:000446,1,2026-09-18T20:06:06.844+00:00,CAR,1968 DODGE Dart HEMI super Stock,1968 dodge dart hemi super stock,1.0,,OTHER,,1968,Dodge,Dart HEMI Super Stock,DODGE DART 68,,,0,0,0,1,SELL,1.0,SELL,1,150000,wheelspin_lab/20260919_023755_1d4d8f4f/spin_000446/full.png,wheelspin_lab/20260919_023755_1d4d8f4f/spin_000446/slot_1.png,wheelspin_lab/20260919_023755_1d4d8f4f/20260919_023755_1d4d8f4f_000446/duplicate_050607_236876.png,1.0
1338,20260919_023755_1d4d8f4f:000446,3,2026-09-18T20:06:06.844+00:00,CAR,2019 HENNESSEY :ord F-150 VelociRaptor,2019 hennessey ord f 150 velociraptor,0.78,,OTHER,,2019,HENNESSEY,ORD F 150 VELOCIRAPTOR,VELOCIRAPTOR 19,,,0,0,0,1,SELL,1.0,SELL,1,187500,wheelspin_lab/20260919_023755_1d4d8f4f/spin_000446/full.png,wheelspin_lab/20260919_023755_1d4d8f4f/spin_000446/slot_3.png,wheelspin_lab/20260919_023755_1d4d8f4f/20260919_023755_1d4d8f4f_000446/duplicate_050608_794139.png,1.0
1343,20260919_023755_1d4d8f4f:000448,2,2026-09-18T20:06:21.006+00:00,CAR,1969 CHEVROLET Camaro Super Sport Coupe,1969 chevrolet camaro super sport coupe,0.78,,NEUTRAL,,1969,CHEVROLET,CAMARO SUPER SPORT COUPE,CHEVY CAMARO 69,,,0,0,0,1,SELL,1.0,SELL,1,37500,wheelspin_lab/20260919_023755_1d4d8f4f/spin_000448/full.png,wheelspin_lab/20260919_023755_1d4d8f4f/spin_000448/slot_2.png,wheelspin_lab/20260919_023755_1d4d8f4f/20260919_023755_1d4d8f4f_000448/duplicate_050621_422180.png,1.0
1345,20260919_023755_1d4d8f4f:000449,1,2026-09-18T20:06:28.407+00:00,CAR,•ERCEJ±S-BEUZ X-Class,ercej s beuz x class,0.55,,NEUTRAL,,,,M B X CLASS,M B X CLASS,,,,0,0,1,SELL,1.0,SELL,1,25000,wheelspin_lab/20260919_023755_1d4d8f4f/spin_000449/full.png,wheelspin_lab/20260919_023755_1d4d8f4f/spin_000449/slot_1.png,wheelspin_lab/20260919_023755_1d4d8f4f/20260919_023755_1d4d8f4f_000449/duplicate_050628_784483.png,1.0
1348,20260919_023755_1d4d8f4f:000450,1,2026-09-18T20:06:35.726+00:00,CAR,488 Pista,488 pista,0.55,,NEUTRAL,,,,488 PISTA 19,488 PISTA 19,,,,0,0,1,SELL,1.0,SELL,1,358000,wheelspin_lab/20260919_023755_1d4d8f4f/spin_000450/full.png,wheelspin_lab/20260919_023755_1d4d8f4f/spin_000450/slot_1.png,wheelspin_lab/20260919_023755_1d4d8f4f/20260919_023755_1d4d8f4f_000450/duplicate_050636_169044.png,1.0
1350,20260919_023755_1d4d8f4f:000450,3,2026-09-18T20:06:35.726+00:00,CAR,RENAULT Clio Williams,renault clio williams,0.55,,NEUTRAL,,,,RENAULT CLIO 93,RENAULT CLIO 93,,,,0,0,1,SELL,1.0,SELL,1,15000,wheelspin_lab/20260919_023755_1d4d8f4f/spin_000450/full.png,wheelspin_lab/20260919_023755_1d4d8f4f/spin_000450/slot_3.png,wheelspin_lab/20260919_023755_1d4d8f4f/20260919_023755_1d4d8f4f_000450/duplicate_050637_510896.png,1.0
1351,20260919_023755_1d4d8f4f:000451,1,2026-09-18T20:06:44.609+00:00,CAR,2013 TOYOTA 86,2013 toyota 86,0.78,,OTHER,,2013,TOYOTA,86,TOYOTA 86,,,0,0,0,1,SELL,1.0,SELL,1,7500,wheelspin_lab/20260919_023755_1d4d8f4f/spin_000451/full.png,wheelspin_lab/20260919_023755_1d4d8f4f/spin_000451/slot_1.png,wheelspin_lab/20260919_023755_1d4d8f4f/20260919_023755_1d4d8f4f_000451/duplicate_050644_986327.png,1.0
1354,20260919_023755_1d4d8f4f:000452,1,2026-09-18T20:06:52.033+00:00,CAR,2005 BMVV,2005 bmvv,0.45,,OTHER,,2005,BMVV,BMW M3 05,BMW M3 05,,,0,0,0,1,SELL,1.0,SELL,1,17500,wheelspin_lab/20260919_023755_1d4d8f4f/spin_000452/full.png,wheelspin_lab/20260919_023755_1d4d8f4f/spin_000452/slot_1.png,wheelspin_lab/20260919_023755_1d4d8f4f/20260919_023755_1d4d8f4f_000452/duplicate_050652_418986.png,1.0
1366,20260919_023755_1d4d8f4f:000456,1,2026-09-18T20:07:15.595+00:00,CAR,2021 RJ /\NDERSON Polaris RZR Pro 4 Truci,2021 rj nderson polaris rzr pro 4 truci,0.78,,NEUTRAL,,2021,RJ,NDERSON POLARIS RZR PRO 4 TRUCI,37 PRO 4 TRUCK,,,0,0,0,1,SELL,1.0,SELL,1,125000,wheelspin_lab/20260919_023755_1d4d8f4f/spin_000456/full.png,wheelspin_lab/20260919_023755_1d4d8f4f/spin_000456/slot_1.png,wheelspin_lab/20260919_023755_1d4d8f4f/20260919_023755_1d4d8f4f_000456/duplicate_050716_004055.png,1.0
1376,20260919_023755_1d4d8f4f:000459,2,2026-09-18T20:07:34.475+00:00,CAR,2018 RENAULT Megane R.S.,2018 renault megane r s,0.78,,BLUE,,2018,RENAULT,MEGANE R S,MEGANE R S 18,,,0,0,0,1,SELL,1.0,SELL,1,16000,wheelspin_lab/20260919_023755_1d4d8f4f/spin_000459/full.png,wheelspin_lab/20260919_023755_1d4d8f4f/spin_000459/slot_2.png,wheelspin_lab/20260919_023755_1d4d8f4f/20260919_023755_1d4d8f4f_000459/duplicate_050734_881239.png,1.0
1378,20260919_023755_1d4d8f4f:000460,1,2026-09-18T20:07:42.108+00:00,CAR,2020 FORD er Duty F-450 DRW PLATIN,2020 ford er duty f 450 drw platin,0.78,,GREEN,,2020,FORD,ER DUTY F 450 DRW PLATIN,FORD SD F 450,,,0,0,0,1,SELL,1.0,SELL,1,32500,wheelspin_lab/20260919_023755_1d4d8f4f/spin_000460/full.png,wheelspin_lab/20260919_023755_1d4d8f4f/spin_000460/slot_1.png,wheelspin_lab/20260919_023755_1d4d8f4f/20260919_023755_1d4d8f4f_000460/duplicate_050742_512372.png,1.0
1379,20260919_023755_1d4d8f4f:000460,2,2026-09-18T20:07:42.108+00:00,CAR,1997 BMW M3,1997 bmw m3,0.78,,GREEN,,1997,BMW,M3,BMW M3 97,,,0,0,0,1,SELL,1.0,SELL,1,15000,wheelspin_lab/20260919_023755_1d4d8f4f/spin_000460/full.png,wheelspin_lab/20260919_023755_1d4d8f4f/spin_000460/slot_2.png,wheelspin_lab/20260919_023755_1d4d8f4f/20260919_023755_1d4d8f4f_000460/duplicate_050744_195429.png,1.0
1380,20260919_023755_1d4d8f4f:000460,3,2026-09-18T20:07:42.108+00:00,CAR,2005 MAZDA Mazdaspeed MX-5,2005 mazda mazdaspeed mx 5,0.78,,GREEN,,2005,MAZDA,MAZDASPEED MX 5,MAZDA MX 5 05,,,0,0,0,1,SELL,1.0,SELL,1,10500,wheelspin_lab/20260919_023755_1d4d8f4f/spin_000460/full.png,wheelspin_lab/20260919_023755_1d4d8f4f/spin_000460/slot_3.png,wheelspin_lab/20260919_023755_1d4d8f4f/20260919_023755_1d4d8f4f_000460/duplicate_050745_679029.png,1.0
1384,20260919_023755_1d4d8f4f:000462,1,2026-09-18T20:07:58.391+00:00,CAR,2073 SRT Viper GTS,2073 srt viper gts,0.78,,NEUTRAL,,2073,SRT,VIPER GTS,SRT VIPER 13,,,0,0,0,1,SELL,1.0,SELL,1,67500,wheelspin_lab/20260919_023755_1d4d8f4f/spin_000462/full.png,wheelspin_lab/20260919_023755_1d4d8f4f/spin_000462/slot_1.png,wheelspin_lab/20260919_023755_1d4d8f4f/20260919_023755_1d4d8f4f_000462/duplicate_050758_871573.png,1.0
1386,20260919_023755_1d4d8f4f:000462,3,2026-09-18T20:07:58.391+00:00,CAR,2014 HSV lited Edition Gen-F GTS Ma,2014 hsv lited edition gen f gts ma,0.78,,NEUTRAL,,2014,HSV,LITED EDITION GEN F GTS MA,HSV MALOO 14,,,0,0,0,1,SELL,1.0,SELL,1,32500,wheelspin_lab/20260919_023755_1d4d8f4f/spin_000462/full.png,wheelspin_lab/20260919_023755_1d4d8f4f/spin_000462/slot_3.png,wheelspin_lab/20260919_023755_1d4d8f4f/20260919_023755_1d4d8f4f_000462/duplicate_050800_361744.png,1.0
1397,20260919_023755_1d4d8f4f:000466,2,2026-09-18T20:08:23.875+00:00,CAR,HONDA NSX-R,honda nsx r,0.55,,NEUTRAL,,,,HONDA NSX R 92,HONDA NSX R 92,,,,0,0,1,SELL,1.0,SELL,1,225000,wheelspin_lab/20260919_023755_1d4d8f4f/spin_000466/full.png,wheelspin_lab/20260919_023755_1d4d8f4f/spin_000466/slot_2.png,wheelspin_lab/20260919_023755_1d4d8f4f/20260919_023755_1d4d8f4f_000466/duplicate_050824_255563.png,1.0
1404,20260919_023755_1d4d8f4f:000468,3,2026-09-18T20:08:36.406+00:00,CAR,2016 FORD Mustang Shelby GT350R,2016 ford mustang shelby gt350r,0.78,,BLUE,,2016,FORD,MUSTANG SHELBY GT350R,FORD GT350R 16,,,0,0,0,1,SELL,1.0,SELL,1,44000,wheelspin_lab/20260919_023755_1d4d8f4f/spin_000468/full.png,wheelspin_lab/20260919_023755_1d4d8f4f/spin_000468/slot_3.png,wheelspin_lab/20260919_023755_1d4d8f4f/20260919_023755_1d4d8f4f_000468/duplicate_050836_798007.png,1.0
1406,20260919_023755_1d4d8f4f:000469,2,2026-09-18T20:08:43.757+00:00,CAR,CHEVROLET El Camino Super Sport 454,chevrolet el camino super sport 454,0.55,,NEUTRAL,,,,CHEVY EL CAMINO,CHEVY EL CAMINO,,,,0,0,1,SELL,1.0,SELL,1,18000,wheelspin_lab/20260919_023755_1d4d8f4f/spin_000469/full.png,wheelspin_lab/20260919_023755_1d4d8f4f/spin_000469/slot_2.png,wheelspin_lab/20260919_023755_1d4d8f4f/20260919_023755_1d4d8f4f_000469/duplicate_050844_137674.png,1.0
1416,20260919_023755_1d4d8f4f:000472,3,2026-09-18T20:09:01.952+00:00,CAR,1986 LANCIA Delta sa,1986 lancia delta sa,0.78,,NEUTRAL,,1986,LANCIA,DELTA SA,LANCIA DELTA S4,,,0,0,0,1,SELL,1.0,SELL,1,27500,wheelspin_lab/20260919_023755_1d4d8f4f/spin_000472/full.png,wheelspin_lab/20260919_023755_1d4d8f4f/spin_000472/slot_3.png,wheelspin_lab/20260919_023755_1d4d8f4f/20260919_023755_1d4d8f4f_000472/duplicate_050902_446778.png,1.0
1425,20260919_023755_1d4d8f4f:000475,3,2026-09-18T20:09:20.557+00:00,CAR,2023 PORSCHE 911 GT3 RS,2023 porsche 911 gt3 rs,0.78,,PURPLE,,2023,PORSCHE,911 GT3 RS,P 911 GT3 RS 23,,,0,0,0,1,SELL,1.0,SELL,1,212000,wheelspin_lab/20260919_023755_1d4d8f4f/spin_000475/full.png,wheelspin_lab/20260919_023755_1d4d8f4f/spin_000475/slot_3.png,wheelspin_lab/20260919_023755_1d4d8f4f/20260919_023755_1d4d8f4f_000475/duplicate_050921_043420.png,1.0
1430,20260919_023755_1d4d8f4f:000477,2,2026-09-18T20:09:33.288+00:00,CAR,2023 FORD F-150 Raptor R,2023 ford f 150 raptor r,0.78,,NEUTRAL,,2023,FORD,F 150 RAPTOR R,FORD RAPTOR R,,,0,0,0,1,SELL,1.0,SELL,1,55000,wheelspin_lab/20260919_023755_1d4d8f4f/spin_000477/full.png,wheelspin_lab/20260919_023755_1d4d8f4f/spin_000477/slot_2.png,wheelspin_lab/20260919_023755_1d4d8f4f/20260919_023755_1d4d8f4f_000477/duplicate_050933_696603.png,1.0
1434,20260919_023755_1d4d8f4f:000478,3,2026-09-18T20:09:41.085+00:00,CAR,2018 PORSCHE 718 Cayman GTS,2018 porsche 718 cayman gts,0.78,,PURPLE,,2018,PORSCHE,718 CAYMAN GTS,PORSCHE 718 GTS,,,0,0,0,1,SELL,1.0,SELL,1,37500,wheelspin_lab/20260919_023755_1d4d8f4f/spin_000478/full.png,wheelspin_lab/20260919_023755_1d4d8f4f/spin_000478/slot_3.png,wheelspin_lab/20260919_023755_1d4d8f4f/20260919_023755_1d4d8f4f_000478/duplicate_050941_549178.png,1.0
1441,20260919_023755_1d4d8f4f:000481,1,2026-09-18T20:13:04.535+00:00,CAR,2020 FORD I F-450 DRW PLATINUM Fo DESTRUCTION SKILLS BOOST,2020 ford i f 450 drw platinum fo destruction skills boost,0.78,,PURPLE,,2020,FORD,I F 450 DRW PLATINUM FO DESTRUCTION SKILLS BOOST,FORD F 450 FE,,,0,0,0,1,SELL,1.0,SELL,1,250000,wheelspin_lab/20260919_023755_1d4d8f4f/spin_000481/full.png,wheelspin_lab/20260919_023755_1d4d8f4f/spin_000481/slot_1.png,wheelspin_lab/20260919_023755_1d4d8f4f/20260919_023755_1d4d8f4f_000481/duplicate_051304_962033.png,1.0
1444,20260919_023755_1d4d8f4f:000482,1,2026-09-18T20:13:11.870+00:00,CAR,2019 DEBERTI Duty F-250 Lariat 'Tran:,2019 deberti duty f 250 lariat tran,0.78,,PURPLE,,2019,DEBERTI,DUTY F 250 LARIAT TRAN,DEBERTI F 250,,,0,0,0,1,SELL,1.0,SELL,1,137500,wheelspin_lab/20260919_023755_1d4d8f4f/spin_000482/full.png,wheelspin_lab/20260919_023755_1d4d8f4f/spin_000482/slot_1.png,wheelspin_lab/20260919_023755_1d4d8f4f/20260919_023755_1d4d8f4f_000482/duplicate_051312_360337.png,1.0
1455,20260919_023755_1d4d8f4f:000485,3,2026-09-18T20:13:30.120+00:00,CAR,1961 JAGUAR E-type,1961 jaguar e type,1.0,,PURPLE,,1961,Jaguar,E-type,JAGUAR E TYPE,,,0,0,0,1,SELL,1.0,SELL,1,9125000,wheelspin_lab/20260919_023755_1d4d8f4f/spin_000485/full.png,wheelspin_lab/20260919_023755_1d4d8f4f/spin_000485/slot_3.png,wheelspin_lab/20260919_023755_1d4d8f4f/20260919_023755_1d4d8f4f_000485/duplicate_051330_569430.png,1.0
1464,20260919_023755_1d4d8f4f:000488,3,2026-09-18T20:13:48.411+00:00,CAR,2025 TOYOTA Land Cruiser,2025 toyota land cruiser,0.78,,NEUTRAL,,2025,TOYOTA,LAND CRUISER,TOYOTA LC 25,,,0,0,0,1,SELL,1.0,SELL,1,35000,wheelspin_lab/20260919_023755_1d4d8f4f/spin_000488/full.png,wheelspin_lab/20260919_023755_1d4d8f4f/spin_000488/slot_3.png,wheelspin_lab/20260919_023755_1d4d8f4f/20260919_023755_1d4d8f4f_000488/duplicate_051348_839290.png,1.0
1470,20260919_023755_1d4d8f4f:000490,3,2026-09-18T20:14:01.165+00:00,CAR,1965 TOYOTA Sports 800,1965 toyota sports 800,0.78,,NEUTRAL,,1965,TOYOTA,SPORTS 800,SPORTS 800 65,,,0,0,0,1,SELL,1.0,SELL,1,125000,wheelspin_lab/20260919_023755_1d4d8f4f/spin_000490/full.png,wheelspin_lab/20260919_023755_1d4d8f4f/spin_000490/slot_3.png,wheelspin_lab/20260919_023755_1d4d8f4f/20260919_023755_1d4d8f4f_000490/duplicate_051401_661428.png,1.0
1471,20260919_023755_1d4d8f4f:000491,1,2026-09-18T20:14:08.725+00:00,CAR,2021 VOLKSWAGEN Golf R,2021 volkswagen golf r,0.78,,OTHER,,2021,VOLKSWAGEN,GOLF R,VW GOLF R 21,,,0,0,0,1,SELL,1.0,SELL,1,14500,wheelspin_lab/20260919_023755_1d4d8f4f/spin_000491/full.png,wheelspin_lab/20260919_023755_1d4d8f4f/spin_000491/slot_1.png,wheelspin_lab/20260919_023755_1d4d8f4f/20260919_023755_1d4d8f4f_000491/duplicate_051409_130074.png,1.0
1473,20260919_023755_1d4d8f4f:000491,3,2026-09-18T20:14:08.725+00:00,CAR,1994 FERRARI F355 Berlinetta,1994 ferrari f355 berlinetta,1.0,,PURPLE,,1994,Ferrari,F355 Berlinetta,FERRARI F355,,,0,0,0,1,SELL,1.0,SELL,1,125000,wheelspin_lab/20260919_023755_1d4d8f4f/spin_000491/full.png,wheelspin_lab/20260919_023755_1d4d8f4f/spin_000491/slot_3.png,wheelspin_lab/20260919_023755_1d4d8f4f/20260919_023755_1d4d8f4f_000491/duplicate_051410_894974.png,1.0
1475,20260919_023755_1d4d8f4f:000492,2,2026-09-18T20:14:17.611+00:00,CAR,2014 HSV Edition Gen-F GTS Ma,2014 hsv edition gen f gts ma,0.78,,NEUTRAL,,2014,HSV,EDITION GEN F GTS MA,HSV MALOO 14,,,0,0,0,1,SELL,1.0,SELL,1,32500,wheelspin_lab/20260919_023755_1d4d8f4f/spin_000492/full.png,wheelspin_lab/20260919_023755_1d4d8f4f/spin_000492/slot_2.png,wheelspin_lab/20260919_023755_1d4d8f4f/20260919_023755_1d4d8f4f_000492/duplicate_051418_003238.png,1.0
1484,20260919_023755_1d4d8f4f:000495,2,2026-09-18T20:14:36.186+00:00,CAR,1995 MITSUBISHI Eclipse GSX,1995 mitsubishi eclipse gsx,0.78,,OTHER,,1995,MITSUBISHI,ECLIPSE GSX,ECLIPSE GSX,,,0,0,0,1,SELL,1.0,SELL,1,17500,wheelspin_lab/20260919_023755_1d4d8f4f/spin_000495/full.png,wheelspin_lab/20260919_023755_1d4d8f4f/spin_000495/slot_2.png,wheelspin_lab/20260919_023755_1d4d8f4f/20260919_023755_1d4d8f4f_000495/duplicate_051436_581682.png,1.0
1492,20260919_023755_1d4d8f4f:000498,1,2026-09-18T20:14:54.497+00:00,CAR,FORD F-150 XLT Lariat,ford f 150 xlt lariat,0.55,,NEUTRAL,,,,FORD F 150 86,FORD F 150 86,,,,0,0,1,SELL,1.0,SELL,1,22500,wheelspin_lab/20260919_023755_1d4d8f4f/spin_000498/full.png,wheelspin_lab/20260919_023755_1d4d8f4f/spin_000498/slot_1.png,wheelspin_lab/20260919_023755_1d4d8f4f/20260919_023755_1d4d8f4f_000498/duplicate_051454_940132.png,1.0
1494,20260919_023755_1d4d8f4f:000498,3,2026-09-18T20:14:54.497+00:00,CAR,2014 FORD Ranger T 6 Rally Raid,2014 ford ranger t 6 rally raid,0.78,,NEUTRAL,,2014,FORD,RANGER T 6 RALLY RAID,FORD RANGER T6,,,0,0,0,1,SELL,1.0,SELL,1,175000,wheelspin_lab/20260919_023755_1d4d8f4f/spin_000498/full.png,wheelspin_lab/20260919_023755_1d4d8f4f/spin_000498/slot_3.png,wheelspin_lab/20260919_023755_1d4d8f4f/20260919_023755_1d4d8f4f_000498/duplicate_051456_508406.png,1.0
