reward_id,spin_id,slot_index,timestamp,reward_type,raw_ocr,normalized_text,classification_confidence,rarity,card_color,credits_value,year,manufacturer,model,display_name,pi_class,pi,forza_edition,wheelspin_exclusive,protected,duplicate,decision,decision_confidence,action_attempted,action_verified,sell_value_if_known,full_screen_path,slot_crop_path,duplicate_dialog_path,association_confidence
1,20260919_023755_1d4d8f4f:000001,1,2026-09-18T17:38:02.432+00:00,CREDITS,"20,000",20 000,1.0,,NEUTRAL,20000,,,,,,,,,,,,,,0,,wheelspin_lab/20260919_023755_1d4d8f4f/spin_000001/full.png,wheelspin_lab/20260919_023755_1d4d8f4f/spin_000001/slot_1.png,,
2,20260919_023755_1d4d8f4f:000001,2,2026-09-18T17:38:02.435+00:00,CREDITS,"12,000",12 000,1.0,,NEUTRAL,12000,,,,,,,,,,,,,,0,,wheelspin_lab/20260919_023755_1d4d8f4f/spin_000001/full.png,wheelspin_lab/20260919_023755_1d4d8f4f/spin_000001/slot_2.png,,
3,20260919_023755_1d4d8f4f:000001,3,2026-09-18T17:38:02.435+00:00,CREDITS,"10,000",10 000,1.0,,NEUTRAL,10000,,,,,,,,,,,,,,0,,wheelspin_lab/20260919_023755_1d4d8f4f/spin_000001/full.png,wheelspin_lab/20260919_023755_1d4d8f4f/spin_000001/slot_3.png,,
4,20260919_023755_1d4d8f4f:000002,1,2026-09-18T17:38:08.128+00:00,CREDITS,"10,000",10 000,1.0,,NEUTRAL,10000,,,,,,,,,,,,,,0,,wheelspin_lab/20260919_023755_1d4d8f4f/spin_000002/full.png,wheelspin_lab/20260919_023755_1d4d8f4f/spin_000002/slot_1.png,,
5,20260919_023755_1d4d8f4f:000002,2,2026-09-18T17:38:08.128+00:00,CREDITS,"15,000",15 000,1.0,,NEUTRAL,15000,,,,,,,,,,,,,,0,,wheelspin_lab/20260919_023755_1d4d8f4f/spin_000002/full.png,wheelspin_lab/20260919_023755_1d4d8f4f/spin_000002/slot_2.png,,
6,20260919_023755_1d4d8f4f:000002,3,2026-09-18T17:38:08.128+00:00,CAR,Sux 510,sux 510,0.55,,NEUTRAL,,,,DATSUN 510,DATSUN 510,,,,0,0,1,SELL,1.0,SELL,1,43000,wheelspin_lab/20260919_023755_1d4d8f4f/spin_000002/full.png,wheelspin_lab/20260919_023755_1d4d8f4f/spin_000002/slot_3.png,wheelspin_lab/20260919_023755_1d4d8f4f/20260919_023755_1d4d8f4f_000002/duplicate_023808_543421.png,1.0
7,20260919_023755_1d4d8f4f:000003,1,2026-09-18T17:38:15.489+00:00,CREDITS,"R 250,000",r 250 000,1.0,,OTHER,250000,,,,,,,,,,,,,,0,,wheelspin_lab/20260919_023755_1d4d8f4f/spin_000003/full.png,wheelspin_lab/20260919_023755_1d4d8f4f/spin_000003/slot_1.png,,
8,20260919_023755_1d4d8f4f:000003,2,2026-09-18T17:38:15.489+00:00,CREDITS,"R 20,000",r 20 000,1.0,,OTHER,20000,,,,,,,,,,,,,,0,,wheelspin_lab/20260919_023755_1d4d8f4f/spin_000003/full.png,wheelspin_lab/20260919_023755_1d4d8f4f/spin_000003/slot_2.png,,
9,20260919_023755_1d4d8f4f:000003,3,2026-09-18T17:38:15.489+00:00,CREDITS,"15,000",15 000,1.0,,OTHER,15000,,,,,,,,,,,,,,0,,wheelspin_lab/20260919_023755_1d4d8f4f/spin_000003/full.png,wheelspin_lab/20260919_023755_1d4d8f4f/spin_000003/slot_3.png,,
10,20260919_023755_1d4d8f4f:000004,1,2026-09-18T17:38:20.650+00:00,CAR,2001 RS 4 Avant,2001 rs 4 avant,0.78,,NEUTRAL,,2001,RS,4 AVANT,AUDI RS 4 01,,,0,0,0,1,SELL,1.0,SELL,1,87500,wheelspin_lab/20260919_023755_1d4d8f4f/spin_000004/full.png,wheelspin_lab/20260919_023755_1d4d8f4f/spin_000004/slot_1.png,wheelspin_lab/20260919_023755_1d4d8f4f/20260919_023755_1d4d8f4f_000004/duplicate_023821_072639.png,1.0
11,20260919_023755_1d4d8f4f:000004,2,2026-09-18T17:38:20.650+00:00,CREDITS,"100,000",100 000,1.0,,NEUTRAL,100000,,,,,,,,,,,,,,0,,wheelspin_lab/20260919_023755_1d4d8f4f/spin_000004/full.png,wheelspin_lab/20260919_023755_1d4d8f4f/spin_000004/slot_2.png,,
12,20260919_023755_1d4d8f4f:000004,3,2026-09-18T17:38:20.650+00:00,CREDITS,"R 10,000",r 10 000,1.0,,NEUTRAL,10000,,,,,,,,,,,,,,0,,wheelspin_lab/20260919_023755_1d4d8f4f/spin_000004/full.png,wheelspin_lab/20260919_023755_1d4d8f4f/spin_000004/slot_3.png,,
13,20260919_023755_1d4d8f4f:000005,1,2026-09-18T17:38:28.187+00:00,CREDITS,"25,000",25 000,1.0,,OTHER,25000,,,,,,,,,,,,,,0,,wheelspin_lab/20260919_023755_1d4d8f4f/spin_000005/full.png,wheelspin_lab/20260919_023755_1d4d8f4f/spin_000005/slot_1.png,,
14,20260919_023755_1d4d8f4f:000005,2,2026-09-18T17:38:28.187+00:00,CAR,Silvia K's,silvia k s,0.55,,OTHER,,,,SILVIA 94,SILVIA 94,,,,0,0,1,SELL,1.0,SELL,1,10000,wheelspin_lab/20260919_023755_1d4d8f4f/spin_000005/full.png,wheelspin_lab/20260919_023755_1d4d8f4f/spin_000005/slot_2.png,wheelspin_lab/20260919_023755_1d4d8f4f/20260919_023755_1d4d8f4f_000005/duplicate_023828_615473.png,1.0
15,20260919_023755_1d4d8f4f:000005,3,2026-09-18T17:38:28.187+00:00,CREDITS,"10,000",10 000,1.0,,OTHER,10000,,,,,,,,,,,,,,0,,wheelspin_lab/20260919_023755_1d4d8f4f/spin_000005/full.png,wheelspin_lab/20260919_023755_1d4d8f4f/spin_000005/slot_3.png,,
16,20260919_023755_1d4d8f4f:000006,1,2026-09-18T17:38:35.670+00:00,CREDITS,"R 150,000",r 150 000,1.0,,NEUTRAL,150000,,,,,,,,,,,,,,0,,wheelspin_lab/20260919_023755_1d4d8f4f/spin_000006/full.png,wheelspin_lab/20260919_023755_1d4d8f4f/spin_000006/slot_1.png,,
17,20260919_023755_1d4d8f4f:000006,2,2026-09-18T17:38:35.670+00:00,CAR,2018 HONDA Civic Type R,2018 honda civic type r,0.78,,NEUTRAL,,2018,HONDA,CIVIC TYPE R,HONDA CIVIC 18,,,0,0,0,1,SELL,1.0,SELL,1,17500,wheelspin_lab/20260919_023755_1d4d8f4f/spin_000006/full.png,wheelspin_lab/20260919_023755_1d4d8f4f/spin_000006/slot_2.png,wheelspin_lab/20260919_023755_1d4d8f4f/20260919_023755_1d4d8f4f_000006/duplicate_023836_106031.png,1.0
18,20260919_023755_1d4d8f4f:000006,3,2026-09-18T17:38:35.670+00:00,CREDITS,"R 20,000",r 20 000,1.0,,OTHER,20000,,,,,,,,,,,,,,0,,wheelspin_lab/20260919_023755_1d4d8f4f/spin_000006/full.png,wheelspin_lab/20260919_023755_1d4d8f4f/spin_000006/slot_3.png,,
19,20260919_023755_1d4d8f4f:000007,1,2026-09-18T17:38:42.993+00:00,CREDITS,"15,000",15 000,1.0,,OTHER,15000,,,,,,,,,,,,,,0,,wheelspin_lab/20260919_023755_1d4d8f4f/spin_000007/full.png,wheelspin_lab/20260919_023755_1d4d8f4f/spin_000007/slot_1.png,,
20,20260919_023755_1d4d8f4f:000007,2,2026-09-18T17:38:42.993+00:00,CREDITS,"R 45,000",r 45 000,1.0,,OTHER,45000,,,,,,,,,,,,,,0,,wheelspin_lab/20260919_023755_1d4d8f4f/spin_000007/full.png,wheelspin_lab/20260919_023755_1d4d8f4f/spin_000007/slot_2.png,,
21,20260919_023755_1d4d8f4f:000007,3,2026-09-18T17:38:42.993+00:00,CREDITS,"R 50,000",r 50 000,1.0,,NEUTRAL,50000,,,,,,,,,,,,,,0,,wheelspin_lab/20260919_023755_1d4d8f4f/spin_000007/full.png,wheelspin_lab/20260919_023755_1d4d8f4f/spin_000007/slot_3.png,,
22,20260919_023755_1d4d8f4f:000008,1,2026-09-18T17:38:48.575+00:00,CREDITS,"40,000",40 000,1.0,,GREEN,40000,,,,,,,,,,,,,,0,,wheelspin_lab/20260919_023755_1d4d8f4f/spin_000008/full.png,wheelspin_lab/20260919_023755_1d4d8f4f/spin_000008/slot_1.png,,
23,20260919_023755_1d4d8f4f:000008,2,2026-09-18T17:38:48.575+00:00,CREDITS,"20,000",20 000,1.0,,GREEN,20000,,,,,,,,,,,,,,0,,wheelspin_lab/20260919_023755_1d4d8f4f/spin_000008/full.png,wheelspin_lab/20260919_023755_1d4d8f4f/spin_000008/slot_2.png,,
24,20260919_023755_1d4d8f4f:000008,3,2026-09-18T17:38:48.575+00:00,CREDITS,"0 5,000",0 5 000,0.99,,GREEN,5000,,,,,,,,,,,,,,0,,wheelspin_lab/20260919_023755_1d4d8f4f/spin_000008/full.png,wheelspin_lab/20260919_023755_1d4d8f4f/spin_000008/slot_3.png,,
25,20260919_023755_1d4d8f4f:000009,1,2026-09-18T17:38:53.734+00:00,CREDITS,"80,000",80 000,1.0,,NEUTRAL,80000,,,,,,,,,,,,,,0,,wheelspin_lab/20260919_023755_1d4d8f4f/spin_000009/full.png,wheelspin_lab/20260919_023755_1d4d8f4f/spin_000009/slot_1.png,,
26,20260919_023755_1d4d8f4f:000009,2,2026-09-18T17:38:53.734+00:00,CAR,"20,000",20 000,0.55,,NEUTRAL,,,,CHEVY 150 SEDAN,CHEVY 150 SEDAN,,,,0,0,1,SELL,1.0,SELL,1,70000,wheelspin_lab/20260919_023755_1d4d8f4f/spin_000009/full.png,wheelspin_lab/20260919_023755_1d4d8f4f/spin_000009/slot_2.png,wheelspin_lab/20260919_023755_1d4d8f4f/20260919_023755_1d4d8f4f_000009/duplicate_023854_144562.png,1.0
27,20260919_023755_1d4d8f4f:000009,3,2026-09-18T17:38:53.734+00:00,OTHER,1055 CHEVROLET 150 Utility Sedan,1055 chevrolet 150 utility sedan,0.55,,NEUTRAL,,,,,,,,,,,,,,,0,,wheelspin_lab/20260919_023755_1d4d8f4f/spin_000009/full.png,wheelspin_lab/20260919_023755_1d4d8f4f/spin_000009/slot_3.png,,
28,20260919_023755_1d4d8f4f:000010,1,2026-09-18T17:39:01.420+00:00,CREDITS,"95,000",95 000,1.0,,PURPLE,95000,,,,,,,,,,,,,,0,,wheelspin_lab/20260919_023755_1d4d8f4f/spin_000010/full.png,wheelspin_lab/20260919_023755_1d4d8f4f/spin_000010/slot_1.png,,
29,20260919_023755_1d4d8f4f:000010,2,2026-09-18T17:39:01.420+00:00,CREDITS,"95,000",95 000,1.0,,PURPLE,95000,,,,,,,,,,,,,,0,,wheelspin_lab/20260919_023755_1d4d8f4f/spin_000010/full.png,wheelspin_lab/20260919_023755_1d4d8f4f/spin_000010/slot_2.png,,
30,20260919_023755_1d4d8f4f:000010,3,2026-09-18T17:39:01.420+00:00,CAR,2009 FERRARI 458 Italia,2009 ferrari 458 italia,0.78,,PURPLE,,2009,FERRARI,458 ITALIA,FERRARI 458,,,0,0,0,1,SELL,1.0,SELL,1,105000,wheelspin_lab/20260919_023755_1d4d8f4f/spin_000010/full.png,wheelspin_lab/20260919_023755_1d4d8f4f/spin_000010/slot_3.png,wheelspin_lab/20260919_023755_1d4d8f4f/20260919_023755_1d4d8f4f_000010/duplicate_023901_821699.png,1.0
31,20260919_023755_1d4d8f4f:000011,1,2026-09-18T17:39:08.965+00:00,CREDITS,"c 15,000",c 15 000,1.0,,BLUE,15000,,,,,,,,,,,,,,0,,wheelspin_lab/20260919_023755_1d4d8f4f/spin_000011/full.png,wheelspin_lab/20260919_023755_1d4d8f4f/spin_000011/slot_1.png,,
32,20260919_023755_1d4d8f4f:000011,2,2026-09-18T17:39:08.965+00:00,CREDITS,"95,000",95 000,1.0,,BLUE,95000,,,,,,,,,,,,,,0,,wheelspin_lab/20260919_023755_1d4d8f4f/spin_000011/full.png,wheelspin_lab/20260919_023755_1d4d8f4f/spin_000011/slot_2.png,,
33,20260919_023755_1d4d8f4f:000011,3,2026-09-18T17:39:08.965+00:00,CREDITS,"100,000",100 000,1.0,,BLUE,100000,,,,,,,,,,,,,,0,,wheelspin_lab/20260919_023755_1d4d8f4f/spin_000011/full.png,wheelspin_lab/20260919_023755_1d4d8f4f/spin_000011/slot_3.png,,
34,20260919_023755_1d4d8f4f:000012,1,2026-09-18T17:39:14.108+00:00,CREDITS,"20,000",20 000,1.0,,OTHER,20000,,,,,,,,,,,,,,0,,wheelspin_lab/20260919_023755_1d4d8f4f/spin_000012/full.png,wheelspin_lab/20260919_023755_1d4d8f4f/spin_000012/slot_1.png,,
35,20260919_023755_1d4d8f4f:000012,2,2026-09-18T17:39:14.108+00:00,CREDITS,"50,000",50 000,1.0,,NEUTRAL,50000,,,,,,,,,,,,,,0,,wheelspin_lab/20260919_023755_1d4d8f4f/spin_000012/full.png,wheelspin_lab/20260919_023755_1d4d8f4f/spin_000012/slot_2.png,,
36,20260919_023755_1d4d8f4f:000012,3,2026-09-18T17:39:14.108+00:00,CAR,2003 FORD Focus RS,2003 ford focus rs,0.78,,OTHER,,2003,FORD,FOCUS RS,FORD FOCUS 03,,,0,0,0,1,SELL,1.0,SELL,1,17500,wheelspin_lab/20260919_023755_1d4d8f4f/spin_000012/full.png,wheelspin_lab/20260919_023755_1d4d8f4f/spin_000012/slot_3.png,wheelspin_lab/20260919_023755_1d4d8f4f/20260919_023755_1d4d8f4f_000012/duplicate_023914_501524.png,1.0
37,20260919_023755_1d4d8f4f:000013,1,2026-09-18T17:39:21.425+00:00,CREDITS,"200,000",200 000,1.0,,PURPLE,200000,,,,,,,,,,,,,,0,,wheelspin_lab/20260919_023755_1d4d8f4f/spin_000013/full.png,wheelspin_lab/20260919_023755_1d4d8f4f/spin_000013/slot_1.png,,
38,20260919_023755_1d4d8f4f:000013,2,2026-09-18T17:39:21.425+00:00,CREDITS,"R 20,000",r 20 000,1.0,,PURPLE,20000,,,,,,,,,,,,,,0,,wheelspin_lab/20260919_023755_1d4d8f4f/spin_000013/full.png,wheelspin_lab/20260919_023755_1d4d8f4f/spin_000013/slot_2.png,,
39,20260919_023755_1d4d8f4f:000013,3,2026-09-18T17:39:21.425+00:00,CREDITS,"15,000",15 000,1.0,,OTHER,15000,,,,,,,,,,,,,,0,,wheelspin_lab/20260919_023755_1d4d8f4f/spin_000013/full.png,wheelspin_lab/20260919_023755_1d4d8f4f/spin_000013/slot_3.png,,
40,20260919_023755_1d4d8f4f:000014,1,2026-09-18T17:39:27.270+00:00,CREDITS,"200,000",200 000,1.0,,PURPLE,200000,,,,,,,,,,,,,,0,,wheelspin_lab/20260919_023755_1d4d8f4f/spin_000014/full.png,wheelspin_lab/20260919_023755_1d4d8f4f/spin_000014/slot_1.png,,
41,20260919_023755_1d4d8f4f:000014,2,2026-09-18T17:39:27.270+00:00,CREDITS,"200,000",200 000,1.0,,PURPLE,200000,,,,,,,,,,,,,,0,,wheelspin_lab/20260919_023755_1d4d8f4f/spin_000014/full.png,wheelspin_lab/20260919_023755_1d4d8f4f/spin_000014/slot_2.png,,
42,20260919_023755_1d4d8f4f:000014,3,2026-09-18T17:39:27.270+00:00,CAR,2018 KTM X-Bow GT4,2018 ktm x bow gt4,0.78,,PURPLE,,2018,KTM,X BOW GT4,KTM X BOW GT4,,,0,0,0,1,SELL,1.0,SELL,1,45000,wheelspin_lab/20260919_023755_1d4d8f4f/spin_000014/full.png,wheelspin_lab/20260919_023755_1d4d8f4f/spin_000014/slot_3.png,wheelspin_lab/20260919_023755_1d4d8f4f/20260919_023755_1d4d8f4f_000014/duplicate_023927_662963.png,1.0
43,20260919_023755_1d4d8f4f:000015,1,2026-09-18T17:39:34.717+00:00,CREDITS,"150,000",150 000,1.0,,PURPLE,150000,,,,,,,,,,,,,,0,,wheelspin_lab/20260919_023755_1d4d8f4f/spin_000015/full.png,wheelspin_lab/20260919_023755_1d4d8f4f/spin_000015/slot_1.png,,
44,20260919_023755_1d4d8f4f:000015,2,2026-09-18T17:39:34.717+00:00,CREDITS,"95,000",95 000,1.0,,PURPLE,95000,,,,,,,,,,,,,,0,,wheelspin_lab/20260919_023755_1d4d8f4f/spin_000015/full.png,wheelspin_lab/20260919_023755_1d4d8f4f/spin_000015/slot_2.png,,
45,20260919_023755_1d4d8f4f:000015,3,2026-09-18T17:39:34.717+00:00,CAR,2001 FORD #4 Ford Focus RS,2001 ford 4 ford focus rs,0.78,,BLUE,,2001,FORD,4 FORD FOCUS RS,4 FORD FOCUS,,,0,0,0,1,SELL,1.0,SELL,1,207500,wheelspin_lab/20260919_023755_1d4d8f4f/spin_000015/full.png,wheelspin_lab/20260919_023755_1d4d8f4f/spin_000015/slot_3.png,wheelspin_lab/20260919_023755_1d4d8f4f/20260919_023755_1d4d8f4f_000015/duplicate_023935_129037.png,1.0
46,20260919_023755_1d4d8f4f:000016,1,2026-09-18T17:39:42.217+00:00,CREDITS,"R 175,000",r 175 000,1.0,,NEUTRAL,175000,,,,,,,,,,,,,,0,,wheelspin_lab/20260919_023755_1d4d8f4f/spin_000016/full.png,wheelspin_lab/20260919_023755_1d4d8f4f/spin_000016/slot_1.png,,
47,20260919_023755_1d4d8f4f:000016,2,2026-09-18T17:39:42.217+00:00,CAR,FORMULA DRIFT MI Toyota Corolla Hatchba(,formula drift mi toyota corolla hatchba,0.55,,NEUTRAL,,,,411 FD COROLLA,411 FD COROLLA,,,,0,0,1,SELL,1.0,SELL,1,75000,wheelspin_lab/20260919_023755_1d4d8f4f/spin_000016/full.png,wheelspin_lab/20260919_023755_1d4d8f4f/spin_000016/slot_2.png,wheelspin_lab/20260919_023755_1d4d8f4f/20260919_023755_1d4d8f4f_000016/duplicate_023942_628447.png,1.0
48,20260919_023755_1d4d8f4f:000016,3,2026-09-18T17:39:42.217+00:00,CREDITS,"R 45,000",r 45 000,1.0,,NEUTRAL,45000,,,,,,,,,,,,,,0,,wheelspin_lab/20260919_023755_1d4d8f4f/spin_000016/full.png,wheelspin_lab/20260919_023755_1d4d8f4f/spin_000016/slot_3.png,,
49,20260919_023755_1d4d8f4f:000017,1,2026-09-18T17:39:49.637+00:00,CAR,FORD Mustang SVT Cobra R,ford mustang svt cobra r,0.55,,NEUTRAL,,,,FORD MUSTANG 00,FORD MUSTANG 00,,,,0,0,1,SELL,1.0,SELL,1,76500,wheelspin_lab/20260919_023755_1d4d8f4f/spin_000017/full.png,wheelspin_lab/20260919_023755_1d4d8f4f/spin_000017/slot_1.png,wheelspin_lab/20260919_023755_1d4d8f4f/20260919_023755_1d4d8f4f_000017/duplicate_023950_114555.png,1.0
50,20260919_023755_1d4d8f4f:000017,2,2026-09-18T17:39:49.637+00:00,CREDITS,"15,000",15 000,1.0,,NEUTRAL,15000,,,,,,,,,,,,,,0,,wheelspin_lab/20260919_023755_1d4d8f4f/spin_000017/full.png,wheelspin_lab/20260919_023755_1d4d8f4f/spin_000017/slot_2.png,,
51,20260919_023755_1d4d8f4f:000017,3,2026-09-18T17:39:49.637+00:00,CREDITS,"12,000",12 000,1.0,,NEUTRAL,12000,,,,,,,,,,,,,,0,,wheelspin_lab/20260919_023755_1d4d8f4f/spin_000017/full.png,wheelspin_lab/20260919_023755_1d4d8f4f/spin_000017/slot_3.png,,
52,20260919_023755_1d4d8f4f:000018,1,2026-09-18T17:39:56.803+00:00,CREDITS,"8,000",8 000,1.0,,NEUTRAL,8000,,,,,,,,,,,,,,0,,wheelspin_lab/20260919_023755_1d4d8f4f/spin_000018/full.png,wheelspin_lab/20260919_023755_1d4d8f4f/spin_000018/slot_1.png,,
53,20260919_023755_1d4d8f4f:000018,2,2026-09-18T17:39:56.804+00:00,CREDITS,"250,000",250 000,1.0,,NEUTRAL,250000,,,,,,,,,,,,,,0,,wheelspin_lab/20260919_023755_1d4d8f4f/spin_000018/full.png,wheelspin_lab/20260919_023755_1d4d8f4f/spin_000018/slot_2.png,,
54,20260919_023755_1d4d8f4f:000018,3,2026-09-18T17:39:56.804+00:00,CREDITS,"15,000",15 000,1.0,,NEUTRAL,15000,,,,,,,,,,,,,,0,,wheelspin_lab/20260919_023755_1d4d8f4f/spin_000018/full.png,wheelspin_lab/20260919_023755_1d4d8f4f/spin_000018/slot_3.png,,
55,20260919_023755_1d4d8f4f:000019,1,2026-09-18T17:40:02.284+00:00,CREDITS,"15,000",15 000,1.0,,PURPLE,15000,,,,,,,,,,,,,,0,,wheelspin_lab/20260919_023755_1d4d8f4f/spin_000019/full.png,wheelspin_lab/20260919_023755_1d4d8f4f/spin_000019/slot_1.png,,
56,20260919_023755_1d4d8f4f:000019,2,2026-09-18T17:40:02.284+00:00,CREDITS,"200,000",200 000,1.0,,PURPLE,200000,,,,,,,,,,,,,,0,,wheelspin_lab/20260919_023755_1d4d8f4f/spin_000019/full.png,wheelspin_lab/20260919_023755_1d4d8f4f/spin_000019/slot_2.png,,
57,20260919_023755_1d4d8f4f:000019,3,2026-09-18T17:40:02.284+00:00,CREDITS,"R 20,000",r 20 000,1.0,,PURPLE,20000,,,,,,,,,,,,,,0,,wheelspin_lab/20260919_023755_1d4d8f4f/spin_000019/full.png,wheelspin_lab/20260919_023755_1d4d8f4f/spin_000019/slot_3.png,,
58,20260919_023755_1d4d8f4f:000020,1,2026-09-18T17:40:07.580+00:00,CAR,1965 TOYOTA Sports 800,1965 toyota sports 800,0.78,,NEUTRAL,,1965,TOYOTA,SPORTS 800,SPORTS 800 65,,,0,0,0,1,SELL,1.0,SELL,1,125000,wheelspin_lab/20260919_023755_1d4d8f4f/spin_000020/full.png,wheelspin_lab/20260919_023755_1d4d8f4f/spin_000020/slot_1.png,wheelspin_lab/20260919_023755_1d4d8f4f/20260919_023755_1d4d8f4f_000020/duplicate_024007_987614.png,1.0
59,20260919_023755_1d4d8f4f:000020,2,2026-09-18T17:40:07.580+00:00,CREDITS,"100,000",100 000,1.0,,NEUTRAL,100000,,,,,,,,,,,,,,0,,wheelspin_lab/20260919_023755_1d4d8f4f/spin_000020/full.png,wheelspin_lab/20260919_023755_1d4d8f4f/spin_000020/slot_2.png,,
60,20260919_023755_1d4d8f4f:000020,3,2026-09-18T17:40:07.580+00:00,CREDITS,"R 50,000",r 50 000,1.0,,NEUTRAL,50000,,,,,,,,,,,,,,0,,wheelspin_lab/20260919_023755_1d4d8f4f/spin_000020/full.png,wheelspin_lab/20260919_023755_1d4d8f4f/spin_000020/slot_3.png,,
61,20260919_023755_1d4d8f4f:000021,1,2026-09-18T17:40:14.934+00:00,CAR,1995 TOYOTA MR2 GT,1995 toyota mr2 gt,0.78,,BLUE,,1995,TOYOTA,MR2 GT,TOYOTA MR2 95,,,0,0,0,1,SELL,1.0,SELL,1,14000,wheelspin_lab/20260919_023755_1d4d8f4f/spin_000021/full.png,wheelspin_lab/20260919_023755_1d4d8f4f/spin_000021/slot_1.png,wheelspin_lab/20260919_023755_1d4d8f4f/20260919_023755_1d4d8f4f_000021/duplicate_024015_415571.png,1.0
62,20260919_023755_1d4d8f4f:000021,2,2026-09-18T17:40:14.934+00:00,CREDITS,"R 45,000",r 45 000,1.0,,OTHER,45000,,,,,,,,,,,,,,0,,wheelspin_lab/20260919_023755_1d4d8f4f/spin_000021/full.png,wheelspin_lab/20260919_023755_1d4d8f4f/spin_000021/slot_2.png,,
63,20260919_023755_1d4d8f4f:000021,3,2026-09-18T17:40:14.934+00:00,CREDITS,"R 20,000",r 20 000,1.0,,OTHER,20000,,,,,,,,,,,,,,0,,wheelspin_lab/20260919_023755_1d4d8f4f/spin_000021/full.png,wheelspin_lab/20260919_023755_1d4d8f4f/spin_000021/slot_3.png,,
64,20260919_023755_1d4d8f4f:000022,1,2026-09-18T17:40:22.011+00:00,CREDITS,"15,000 CR",15 000 cr,1.0,,NEUTRAL,15000,,,,,,,,,,,,,,0,,wheelspin_lab/20260919_023755_1d4d8f4f/spin_000022/full.png,wheelspin_lab/20260919_023755_1d4d8f4f/spin_000022/slot_1.png,,
65,20260919_023755_1d4d8f4f:000022,2,2026-09-18T17:40:22.011+00:00,CREDITS,"R 80,000",r 80 000,1.0,,NEUTRAL,80000,,,,,,,,,,,,,,0,,wheelspin_lab/20260919_023755_1d4d8f4f/spin_000022/full.png,wheelspin_lab/20260919_023755_1d4d8f4f/spin_000022/slot_2.png,,
66,20260919_023755_1d4d8f4f:000022,3,2026-09-18T17:40:22.011+00:00,CREDITS,"R 150,000",r 150 000,1.0,,NEUTRAL,150000,,,,,,,,,,,,,,0,,wheelspin_lab/20260919_023755_1d4d8f4f/spin_000022/full.png,wheelspin_lab/20260919_023755_1d4d8f4f/spin_000022/slot_3.png,,
67,20260919_023755_1d4d8f4f:000023,1,2026-09-18T17:40:27.312+00:00,CREDITS,"R 20,000",r 20 000,1.0,,NEUTRAL,20000,,,,,,,,,,,,,,0,,wheelspin_lab/20260919_023755_1d4d8f4f/spin_000023/full.png,wheelspin_lab/20260919_023755_1d4d8f4f/spin_000023/slot_1.png,,
68,20260919_023755_1d4d8f4f:000023,2,2026-09-18T17:40:27.312+00:00,CAR,JPN Taxi,jpn taxi,0.55,,NEUTRAL,,,,TOYOTA JPN TAXI,TOYOTA JPN TAXI,,,,0,0,1,SELL,1.0,SELL,1,12500,wheelspin_lab/20260919_023755_1d4d8f4f/spin_000023/full.png,wheelspin_lab/20260919_023755_1d4d8f4f/spin_000023/slot_2.png,wheelspin_lab/20260919_023755_1d4d8f4f/20260919_023755_1d4d8f4f_000023/duplicate_024027_694321.png,1.0
69,20260919_023755_1d4d8f4f:000023,3,2026-09-18T17:40:27.312+00:00,CREDITS,"R 45,000",r 45 000,1.0,,NEUTRAL,45000,,,,,,,,,,,,,,0,,wheelspin_lab/20260919_023755_1d4d8f4f/spin_000023/full.png,wheelspin_lab/20260919_023755_1d4d8f4f/spin_000023/slot_3.png,,
70,20260919_023755_1d4d8f4f:000024,1,2026-09-18T17:40:34.687+00:00,CREDITS,"R 250,000",r 250 000,1.0,,NEUTRAL,250000,,,,,,,,,,,,,,0,,wheelspin_lab/20260919_023755_1d4d8f4f/spin_000024/full.png,wheelspin_lab/20260919_023755_1d4d8f4f/spin_000024/slot_1.png,,
71,20260919_023755_1d4d8f4f:000024,2,2026-09-18T17:40:34.687+00:00,CREDITS,"15,000",15 000,1.0,,NEUTRAL,15000,,,,,,,,,,,,,,0,,wheelspin_lab/20260919_023755_1d4d8f4f/spin_000024/full.png,wheelspin_lab/20260919_023755_1d4d8f4f/spin_000024/slot_2.png,,
72,20260919_023755_1d4d8f4f:000024,3,2026-09-18T17:40:34.687+00:00,CREDITS,"R 45,000",r 45 000,1.0,,NEUTRAL,45000,,,,,,,,,,,,,,0,,wheelspin_lab/20260919_023755_1d4d8f4f/spin_000024/full.png,wheelspin_lab/20260919_023755_1d4d8f4f/spin_000024/slot_3.png,,
73,20260919_023755_1d4d8f4f:000025,1,2026-09-18T17:40:40.246+00:00,CAR,1991 HONDA Beat,1991 honda beat,0.78,,NEUTRAL,,1991,HONDA,BEAT,HONDA BEAT 91,,,0,0,0,1,SELL,1.0,SELL,1,7500,wheelspin_lab/20260919_023755_1d4d8f4f/spin_000025/full.png,wheelspin_lab/20260919_023755_1d4d8f4f/spin_000025/slot_1.png,wheelspin_lab/20260919_023755_1d4d8f4f/20260919_023755_1d4d8f4f_000025/duplicate_024040_645322.png,1.0
74,20260919_023755_1d4d8f4f:000025,2,2026-09-18T17:40:40.246+00:00,CREDITS,"10,000",10 000,1.0,,OTHER,10000,,,,,,,,,,,,,,0,,wheelspin_lab/20260919_023755_1d4d8f4f/spin_000025/full.png,wheelspin_lab/20260919_023755_1d4d8f4f/spin_000025/slot_2.png,,
75,20260919_023755_1d4d8f4f:000025,3,2026-09-18T17:40:40.246+00:00,CREDITS,"R 50,000",r 50 000,1.0,,NEUTRAL,50000,,,,,,,,,,,,,,0,,wheelspin_lab/20260919_023755_1d4d8f4f/spin_000025/full.png,wheelspin_lab/20260919_023755_1d4d8f4f/spin_000025/slot_3.png,,
76,20260919_023755_1d4d8f4f:000026,1,2026-09-18T17:40:47.623+00:00,CREDITS,"200,000",200 000,1.0,,PURPLE,200000,,,,,,,,,,,,,,0,,wheelspin_lab/20260919_023755_1d4d8f4f/spin_000026/full.png,wheelspin_lab/20260919_023755_1d4d8f4f/spin_000026/slot_1.png,,
77,20260919_023755_1d4d8f4f:000026,2,2026-09-18T17:40:47.623+00:00,CREDITS,"12,000",12 000,1.0,,PURPLE,12000,,,,,,,,,,,,,,0,,wheelspin_lab/20260919_023755_1d4d8f4f/spin_000026/full.png,wheelspin_lab/20260919_023755_1d4d8f4f/spin_000026/slot_2.png,,
78,20260919_023755_1d4d8f4f:000026,3,2026-09-18T17:40:47.623+00:00,CAR,1995 VOLKSWAGEN Corrado VR6,1995 volkswagen corrado vr6,0.78,,OTHER,,1995,VOLKSWAGEN,CORRADO VR6,VW CORRADO,,,0,0,0,1,SELL,1.0,SELL,1,15000,wheelspin_lab/20260919_023755_1d4d8f4f/spin_000026/full.png,wheelspin_lab/20260919_023755_1d4d8f4f/spin_000026/slot_3.png,wheelspin_lab/20260919_023755_1d4d8f4f/20260919_023755_1d4d8f4f_000026/duplicate_024048_017108.png,1.0
79,20260919_023755_1d4d8f4f:000027,1,2026-09-18T17:40:55.078+00:00,CAR,1986 FORD -150 XLT Lariat Forza Editio STUNT SKILLS BOOST,1986 ford 150 xlt lariat forza editio stunt skills boost,0.78,,NEUTRAL,,1986,FORD,150 XLT LARIAT FORZA EDITIO STUNT SKILLS BOOST,FORD F 150 FE,,,0,0,0,1,SELL,1.0,SELL,1,250000,wheelspin_lab/20260919_023755_1d4d8f4f/spin_000027/full.png,wheelspin_lab/20260919_023755_1d4d8f4f/spin_000027/slot_1.png,wheelspin_lab/20260919_023755_1d4d8f4f/20260919_023755_1d4d8f4f_000027/duplicate_024055_476483.png,1.0
80,20260919_023755_1d4d8f4f:000027,2,2026-09-18T17:40:55.078+00:00,CREDITS,"20,000",20 000,1.0,,OTHER,20000,,,,,,,,,,,,,,0,,wheelspin_lab/20260919_023755_1d4d8f4f/spin_000027/full.png,wheelspin_lab/20260919_023755_1d4d8f4f/spin_000027/slot_2.png,,
81,20260919_023755_1d4d8f4f:000027,3,2026-09-18T17:40:55.078+00:00,CREDITS,"250,000",250 000,1.0,,OTHER,250000,,,,,,,,,,,,,,0,,wheelspin_lab/20260919_023755_1d4d8f4f/spin_000027/full.png,wheelspin_lab/20260919_023755_1d4d8f4f/spin_000027/slot_3.png,,
82,20260919_023755_1d4d8f4f:000028,1,2026-09-18T17:41:02.545+00:00,CREDITS,"35,000",35 000,1.0,,OTHER,35000,,,,,,,,,,,,,,0,,wheelspin_lab/20260919_023755_1d4d8f4f/spin_000028/full.png,wheelspin_lab/20260919_023755_1d4d8f4f/spin_000028/slot_1.png,,
83,20260919_023755_1d4d8f4f:000028,2,2026-09-18T17:41:02.545+00:00,CREDITS,"10,000",10 000,1.0,,OTHER,10000,,,,,,,,,,,,,,0,,wheelspin_lab/20260919_023755_1d4d8f4f/spin_000028/full.png,wheelspin_lab/20260919_023755_1d4d8f4f/spin_000028/slot_2.png,,
84,20260919_023755_1d4d8f4f:000028,3,2026-09-18T17:41:02.545+00:00,CREDITS,"10,000",10 000,1.0,,OTHER,10000,,,,,,,,,,,,,,0,,wheelspin_lab/20260919_023755_1d4d8f4f/spin_000028/full.png,wheelspin_lab/20260919_023755_1d4d8f4f/spin_000028/slot_3.png,,
85,20260919_023755_1d4d8f4f:000029,1,2026-09-18T17:41:08.076+00:00,CREDITS,"025,000",025 000,1.0,,GREEN,25000,,,,,,,,,,,,,,0,,wheelspin_lab/20260919_023755_1d4d8f4f/spin_000029/full.png,wheelspin_lab/20260919_023755_1d4d8f4f/spin_000029/slot_1.png,,
86,20260919_023755_1d4d8f4f:000029,2,2026-09-18T17:41:08.076+00:00,CREDITS,"15,000",15 000,1.0,,GREEN,15000,,,,,,,,,,,,,,0,,wheelspin_lab/20260919_023755_1d4d8f4f/spin_000029/full.png,wheelspin_lab/20260919_023755_1d4d8f4f/spin_000029/slot_2.png,,
87,20260919_023755_1d4d8f4f:000029,3,2026-09-18T17:41:08.076+00:00,CREDITS,"e 8,000",e 8 000,0.99,,GREEN,8000,,,,,,,,,,,,,,0,,wheelspin_lab/20260919_023755_1d4d8f4f/spin_000029/full.png,wheelspin_lab/20260919_023755_1d4d8f4f/spin_000029/slot_3.png,,
88,20260919_023755_1d4d8f4f:000030,1,2026-09-18T17:41:13.556+00:00,CREDITS,"95,000",95 000,1.0,,BLUE,95000,,,,,,,,,,,,,,0,,wheelspin_lab/20260919_023755_1d4d8f4f/spin_000030/full.png,wheelspin_lab/20260919_023755_1d4d8f4f/spin_000030/slot_1.png,,
89,20260919_023755_1d4d8f4f:000030,2,2026-09-18T17:41:13.556+00:00,CAR,2021 SIERRA CARS 700R,2021 sierra cars 700r,0.78,,BLUE,,2021,SIERRA,CARS 700R,SIERRA 700R,,,0,0,0,1,SELL,1.0,SELL,1,37500,wheelspin_lab/20260919_023755_1d4d8f4f/spin_000030/full.png,wheelspin_lab/20260919_023755_1d4d8f4f/spin_000030/slot_2.png,wheelspin_lab/20260919_023755_1d4d8f4f/20260919_023755_1d4d8f4f_000030/duplicate_024113_970740.png,1.0
90,20260919_023755_1d4d8f4f:000030,3,2026-09-18T17:41:13.556+00:00,CREDITS,"0 5,000",0 5 000,0.99,,BLUE,5000,,,,,,,,,,,,,,0,,wheelspin_lab/20260919_023755_1d4d8f4f/spin_000030/full.png,wheelspin_lab/20260919_023755_1d4d8f4f/spin_000030/slot_3.png,,
91,20260919_023755_1d4d8f4f:000031,1,2026-09-18T17:41:21.187+00:00,CAR,2013 FORD Mustang Shelby GT500,2013 ford mustang shelby gt500,0.78,,BLUE,,2013,FORD,MUSTANG SHELBY GT500,FORD MUSTANG 13,,,0,0,0,1,SELL,1.0,SELL,1,30000,wheelspin_lab/20260919_023755_1d4d8f4f/spin_000031/full.png,wheelspin_lab/20260919_023755_1d4d8f4f/spin_000031/slot_1.png,wheelspin_lab/20260919_023755_1d4d8f4f/20260919_023755_1d4d8f4f_000031/duplicate_024121_589161.png,1.0
92,20260919_023755_1d4d8f4f:000031,2,2026-09-18T17:41:21.187+00:00,CREDITS,"R 40,000",r 40 000,1.0,,BLUE,40000,,,,,,,,,,,,,,0,,wheelspin_lab/20260919_023755_1d4d8f4f/spin_000031/full.png,wheelspin_lab/20260919_023755_1d4d8f4f/spin_000031/slot_2.png,,
93,20260919_023755_1d4d8f4f:000031,3,2026-09-18T17:41:21.187+00:00,OTHER,"95,000",95 000,0.55,,OTHER,,,,,,,,,,,,,,,0,,wheelspin_lab/20260919_023755_1d4d8f4f/spin_000031/full.png,wheelspin_lab/20260919_023755_1d4d8f4f/spin_000031/slot_3.png,,
94,20260919_023755_1d4d8f4f:000032,1,2026-09-18T17:41:28.595+00:00,CAR,1997 MITSUBISHI GTO,1997 mitsubishi gto,0.78,,OTHER,,1997,MITSUBISHI,GTO,MITSUBISHI GTO,,,0,0,0,1,SELL,1.0,SELL,1,10000,wheelspin_lab/20260919_023755_1d4d8f4f/spin_000032/full.png,wheelspin_lab/20260919_023755_1d4d8f4f/spin_000032/slot_1.png,wheelspin_lab/20260919_023755_1d4d8f4f/20260919_023755_1d4d8f4f_000032/duplicate_024128_953235.png,1.0
95,20260919_023755_1d4d8f4f:000032,2,2026-09-18T17:41:28.595+00:00,CREDITS,"15,000",15 000,1.0,,OTHER,15000,,,,,,,,,,,,,,0,,wheelspin_lab/20260919_023755_1d4d8f4f/spin_000032/full.png,wheelspin_lab/20260919_023755_1d4d8f4f/spin_000032/slot_2.png,,
96,20260919_023755_1d4d8f4f:000032,3,2026-09-18T17:41:28.595+00:00,CREDITS,"20,000",20 000,1.0,,OTHER,20000,,,,,,,,,,,,,,0,,wheelspin_lab/20260919_023755_1d4d8f4f/spin_000032/full.png,wheelspin_lab/20260919_023755_1d4d8f4f/spin_000032/slot_3.png,,
97,20260919_023755_1d4d8f4f:000033,1,2026-09-18T17:41:35.751+00:00,CREDITS,"R 50,000",r 50 000,1.0,,NEUTRAL,50000,,,,,,,,,,,,,,0,,wheelspin_lab/20260919_023755_1d4d8f4f/spin_000033/full.png,wheelspin_lab/20260919_023755_1d4d8f4f/spin_000033/slot_1.png,,
98,20260919_023755_1d4d8f4f:000033,2,2026-09-18T17:41:35.751+00:00,CREDITS,"10,000",10 000,1.0,,OTHER,10000,,,,,,,,,,,,,,0,,wheelspin_lab/20260919_023755_1d4d8f4f/spin_000033/full.png,wheelspin_lab/20260919_023755_1d4d8f4f/spin_000033/slot_2.png,,
99,20260919_023755_1d4d8f4f:000033,3,2026-09-18T17:41:35.751+00:00,CREDITS,"10,000",10 000,1.0,,OTHER,10000,,,,,,,,,,,,,,0,,wheelspin_lab/20260919_023755_1d4d8f4f/spin_000033/full.png,wheelspin_lab/20260919_023755_1d4d8f4f/spin_000033/slot_3.png,,
100,20260919_023755_1d4d8f4f:000034,1,2026-09-18T17:41:41.395+00:00,CREDITS,"15,000 CR",15 000 cr,1.0,,NEUTRAL,15000,,,,,,,,,,,,,,0,,wheelspin_lab/20260919_023755_1d4d8f4f/spin_000034/full.png,wheelspin_lab/20260919_023755_1d4d8f4f/spin_000034/slot_1.png,,
101,20260919_023755_1d4d8f4f:000034,2,2026-09-18T17:41:41.395+00:00,CREDITS,"15,000",15 000,1.0,,NEUTRAL,15000,,,,,,,,,,,,,,0,,wheelspin_lab/20260919_023755_1d4d8f4f/spin_000034/full.png,wheelspin_lab/20260919_023755_1d4d8f4f/spin_000034/slot_2.png,,
102,20260919_023755_1d4d8f4f:000034,3,2026-09-18T17:41:41.395+00:00,CREDITS,"R 175,000",r 175 000,1.0,,NEUTRAL,175000,,,,,,,,,,,,,,0,,wheelspin_lab/20260919_023755_1d4d8f4f/spin_000034/full.png,wheelspin_lab/20260919_023755_1d4d8f4f/spin_000034/slot_3.png,,
103,20260919_023755_1d4d8f4f:000035,1,2026-09-18T17:41:46.866+00:00,CAR,2007 HONDA Civic Type R,2007 honda civic type r,0.78,,NEUTRAL,,2007,HONDA,CIVIC TYPE R,HONDA CIVIC 07,,,0,0,0,1,SELL,1.0,SELL,1,8500,wheelspin_lab/20260919_023755_1d4d8f4f/spin_000035/full.png,wheelspin_lab/20260919_023755_1d4d8f4f/spin_000035/slot_1.png,wheelspin_lab/20260919_023755_1d4d8f4f/20260919_023755_1d4d8f4f_000035/duplicate_024147_341394.png,1.0
104,20260919_023755_1d4d8f4f:000035,2,2026-09-18T17:41:46.866+00:00,CREDITS,"R 80,000",r 80 000,1.0,,NEUTRAL,80000,,,,,,,,,,,,,,0,,wheelspin_lab/20260919_023755_1d4d8f4f/spin_000035/full.png,wheelspin_lab/20260919_023755_1d4d8f4f/spin_000035/slot_2.png,,
105,20260919_023755_1d4d8f4f:000035,3,2026-09-18T17:41:46.866+00:00,CREDITS,"R 50,000",r 50 000,1.0,,NEUTRAL,50000,,,,,,,,,,,,,,0,,wheelspin_lab/20260919_023755_1d4d8f4f/spin_000035/full.png,wheelspin_lab/20260919_023755_1d4d8f4f/spin_000035/slot_3.png,,
106,20260919_023755_1d4d8f4f:000036,1,2026-09-18T17:41:54.180+00:00,CAR,Challenger R/ T,challenger r t,0.55,,NEUTRAL,,,,CHALLENGER 70,CHALLENGER 70,,,,0,0,1,SELL,1.0,SELL,1,262500,wheelspin_lab/20260919_023755_1d4d8f4f/spin_000036/full.png,wheelspin_lab/20260919_023755_1d4d8f4f/spin_000036/slot_1.png,wheelspin_lab/20260919_023755_1d4d8f4f/20260919_023755_1d4d8f4f_000036/duplicate_024154_566116.png,1.0
107,20260919_023755_1d4d8f4f:000036,2,2026-09-18T17:41:54.180+00:00,CAR,Pulsar GTI*,pulsar gti,0.55,,NEUTRAL,,,,NISSAN PULSAR,NISSAN PULSAR,,,,0,0,1,SELL,1.0,SELL,1,14000,wheelspin_lab/20260919_023755_1d4d8f4f/spin_000036/full.png,wheelspin_lab/20260919_023755_1d4d8f4f/spin_000036/slot_2.png,wheelspin_lab/20260919_023755_1d4d8f4f/20260919_023755_1d4d8f4f_000036/duplicate_024156_219941.png,1.0
108,20260919_023755_1d4d8f4f:000036,3,2026-09-18T17:41:54.180+00:00,CREDITS,"8,000",8 000,1.0,,NEUTRAL,8000,,,,,,,,,,,,,,0,,wheelspin_lab/20260919_023755_1d4d8f4f/spin_000036/full.png,wheelspin_lab/20260919_023755_1d4d8f4f/spin_000036/slot_3.png,,
109,20260919_023755_1d4d8f4f:000037,1,2026-09-18T17:42:02.916+00:00,CREDITS,"p 20,000",p 20 000,1.0,,OTHER,20000,,,,,,,,,,,,,,0,,wheelspin_lab/20260919_023755_1d4d8f4f/spin_000037/full.png,wheelspin_lab/20260919_023755_1d4d8f4f/spin_000037/slot_1.png,,
110,20260919_023755_1d4d8f4f:000037,2,2026-09-18T17:42:02.916+00:00,CREDITS,"250,000",250 000,1.0,,OTHER,250000,,,,,,,,,,,,,,0,,wheelspin_lab/20260919_023755_1d4d8f4f/spin_000037/full.png,wheelspin_lab/20260919_023755_1d4d8f4f/spin_000037/slot_2.png,,
111,20260919_023755_1d4d8f4f:000037,3,2026-09-18T17:42:02.916+00:00,CREDITS,"R 35,000",r 35 000,1.0,,OTHER,35000,,,,,,,,,,,,,,0,,wheelspin_lab/20260919_023755_1d4d8f4f/spin_000037/full.png,wheelspin_lab/20260919_023755_1d4d8f4f/spin_000037/slot_3.png,,
112,20260919_023755_1d4d8f4f:000038,1,2026-09-18T17:42:08.254+00:00,CREDITS,"50,000",50 000,1.0,,PURPLE,50000,,,,,,,,,,,,,,0,,wheelspin_lab/20260919_023755_1d4d8f4f/spin_000038/full.png,wheelspin_lab/20260919_023755_1d4d8f4f/spin_000038/slot_1.png,,
113,20260919_023755_1d4d8f4f:000038,2,2026-09-18T17:42:08.255+00:00,CREDITS,"200,000",200 000,1.0,,PURPLE,200000,,,,,,,,,,,,,,0,,wheelspin_lab/20260919_023755_1d4d8f4f/spin_000038/full.png,wheelspin_lab/20260919_023755_1d4d8f4f/spin_000038/slot_2.png,,
114,20260919_023755_1d4d8f4f:000038,3,2026-09-18T17:42:08.255+00:00,CAR,2018 CAN-AM Maverick X RS Turbo R,2018 can am maverick x rs turbo r,0.78,,PURPLE,,2018,CAN,AM MAVERICK X RS TURBO R,CAN AM MAVERICK,,,0,0,0,1,SELL,1.0,SELL,1,8000,wheelspin_lab/20260919_023755_1d4d8f4f/spin_000038/full.png,wheelspin_lab/20260919_023755_1d4d8f4f/spin_000038/slot_3.png,wheelspin_lab/20260919_023755_1d4d8f4f/20260919_023755_1d4d8f4f_000038/duplicate_024208_664654.png,1.0
115,20260919_023755_1d4d8f4f:000039,1,2026-09-18T17:42:16.003+00:00,CREDITS,"35,000",35 000,1.0,,OTHER,35000,,,,,,,,,,,,,,0,,wheelspin_lab/20260919_023755_1d4d8f4f/spin_000039/full.png,wheelspin_lab/20260919_023755_1d4d8f4f/spin_000039/slot_1.png,,
116,20260919_023755_1d4d8f4f:000039,2,2026-09-18T17:42:16.003+00:00,CREDITS,"250,000",250 000,1.0,,OTHER,250000,,,,,,,,,,,,,,0,,wheelspin_lab/20260919_023755_1d4d8f4f/spin_000039/full.png,wheelspin_lab/20260919_023755_1d4d8f4f/spin_000039/slot_2.png,,
117,20260919_023755_1d4d8f4f:000039,3,2026-09-18T17:42:16.004+00:00,CREDITS,"15,000",15 000,1.0,,OTHER,15000,,,,,,,,,,,,,,0,,wheelspin_lab/20260919_023755_1d4d8f4f/spin_000039/full.png,wheelspin_lab/20260919_023755_1d4d8f4f/spin_000039/slot_3.png,,
118,20260919_023755_1d4d8f4f:000040,1,2026-09-18T17:42:21.173+00:00,CREDITS,"15,000",15 000,1.0,,OTHER,15000,,,,,,,,,,,,,,0,,wheelspin_lab/20260919_023755_1d4d8f4f/spin_000040/full.png,wheelspin_lab/20260919_023755_1d4d8f4f/spin_000040/slot_1.png,,
119,20260919_023755_1d4d8f4f:000040,2,2026-09-18T17:42:21.173+00:00,CAR,1970 HONDA S800,1970 honda s800,0.78,,OTHER,,1970,HONDA,S800,HONDA S800,,,0,0,0,1,SELL,1.0,SELL,1,20000,wheelspin_lab/20260919_023755_1d4d8f4f/spin_000040/full.png,wheelspin_lab/20260919_023755_1d4d8f4f/spin_000040/slot_2.png,wheelspin_lab/20260919_023755_1d4d8f4f/20260919_023755_1d4d8f4f_000040/duplicate_024221_569164.png,1.0
120,20260919_023755_1d4d8f4f:000040,3,2026-09-18T17:42:21.173+00:00,CAR,2011 LAMBORGHINI Sesto Elemento,2011 lamborghini sesto elemento,1.0,,OTHER,,2011,Lamborghini,Sesto Elemento,LAMBO SESTO,,,0,0,1,1,SELL,1.0,SELL,1,1250000,wheelspin_lab/20260919_023755_1d4d8f4f/spin_000040/full.png,wheelspin_lab/20260919_023755_1d4d8f4f/spin_000040/slot_3.png,wheelspin_lab/20260919_023755_1d4d8f4f/20260919_023755_1d4d8f4f_000040/duplicate_024223_181532.png,1.0
121,20260919_023755_1d4d8f4f:000041,1,2026-09-18T17:42:30.399+00:00,CREDITS,"200,000",200 000,1.0,,PURPLE,200000,,,,,,,,,,,,,,0,,wheelspin_lab/20260919_023755_1d4d8f4f/spin_000041/full.png,wheelspin_lab/20260919_023755_1d4d8f4f/spin_000041/slot_1.png,,
122,20260919_023755_1d4d8f4f:000041,2,2026-09-18T17:42:30.399+00:00,CREDITS,"12,000",12 000,1.0,,PURPLE,12000,,,,,,,,,,,,,,0,,wheelspin_lab/20260919_023755_1d4d8f4f/spin_000041/full.png,wheelspin_lab/20260919_023755_1d4d8f4f/spin_000041/slot_2.png,,
123,20260919_023755_1d4d8f4f:000041,3,2026-09-18T17:42:30.399+00:00,CREDITS,"0 5,000",0 5 000,0.99,,PURPLE,5000,,,,,,,,,,,,,,0,,wheelspin_lab/20260919_023755_1d4d8f4f/spin_000041/full.png,wheelspin_lab/20260919_023755_1d4d8f4f/spin_000041/slot_3.png,,
124,20260919_023755_1d4d8f4f:000042,1,2026-09-18T17:42:35.474+00:00,CAR,2013 MAZDA MX-5,2013 mazda mx 5,0.78,,OTHER,,2013,MAZDA,MX 5,MAZDA MX 5 13,,,0,0,0,1,SELL,1.0,SELL,1,14000,wheelspin_lab/20260919_023755_1d4d8f4f/spin_000042/full.png,wheelspin_lab/20260919_023755_1d4d8f4f/spin_000042/slot_1.png,wheelspin_lab/20260919_023755_1d4d8f4f/20260919_023755_1d4d8f4f_000042/duplicate_024235_899069.png,1.0
125,20260919_023755_1d4d8f4f:000042,2,2026-09-18T17:42:35.474+00:00,CAR,1954 MERCEDES-BENZ 300 SL coupé,1954 mercedes benz 300 sl coup,0.78,,OTHER,,1954,MERCEDES,BENZ 300 SL COUPE,M B 300SL,,,0,0,0,1,SELL,1.0,SELL,1,850000,wheelspin_lab/20260919_023755_1d4d8f4f/spin_000042/full.png,wheelspin_lab/20260919_023755_1d4d8f4f/spin_000042/slot_2.png,wheelspin_lab/20260919_023755_1d4d8f4f/20260919_023755_1d4d8f4f_000042/duplicate_024237_504909.png,1.0
126,20260919_023755_1d4d8f4f:000042,3,2026-09-18T17:42:35.474+00:00,CAR,1990 MERCEDES-BENZ 2.5-16 Evolution II Forza CLEAN SKILLS BOOST,1990 mercedes benz 2 5 16 evolution ii forza clean skills boost,0.78,,NEUTRAL,,1990,MERCEDES,BENZ 2 5 16 EVOLUTION II FORZA CLEAN SKILLS BOOST,MB 190 E FE,,,0,0,0,1,SELL,1.0,SELL,1,375000,wheelspin_lab/20260919_023755_1d4d8f4f/spin_000042/full.png,wheelspin_lab/20260919_023755_1d4d8f4f/spin_000042/slot_3.png,wheelspin_lab/20260919_023755_1d4d8f4f/20260919_023755_1d4d8f4f_000042/duplicate_024239_158946.png,1.0
127,20260919_023755_1d4d8f4f:000043,1,2026-09-18T17:42:46.518+00:00,CREDITS,"920,000",920 000,1.0,,GREEN,920000,,,,,,,,,,,,,,0,,wheelspin_lab/20260919_023755_1d4d8f4f/spin_000043/full.png,wheelspin_lab/20260919_023755_1d4d8f4f/spin_000043/slot_1.png,,
128,20260919_023755_1d4d8f4f:000043,2,2026-09-18T17:42:46.518+00:00,CREDITS,"95,000",95 000,1.0,,GREEN,95000,,,,,,,,,,,,,,0,,wheelspin_lab/20260919_023755_1d4d8f4f/spin_000043/full.png,wheelspin_lab/20260919_023755_1d4d8f4f/spin_000043/slot_2.png,,
129,20260919_023755_1d4d8f4f:000043,3,2026-09-18T17:42:46.518+00:00,CREDITS,"c 10,000",c 10 000,1.0,,GREEN,10000,,,,,,,,,,,,,,0,,wheelspin_lab/20260919_023755_1d4d8f4f/spin_000043/full.png,wheelspin_lab/20260919_023755_1d4d8f4f/spin_000043/slot_3.png,,
130,20260919_023755_1d4d8f4f:000044,1,2026-09-18T17:42:51.859+00:00,CREDITS,"c 15,000",c 15 000,1.0,,PURPLE,15000,,,,,,,,,,,,,,0,,wheelspin_lab/20260919_023755_1d4d8f4f/spin_000044/full.png,wheelspin_lab/20260919_023755_1d4d8f4f/spin_000044/slot_1.png,,
131,20260919_023755_1d4d8f4f:000044,2,2026-09-18T17:42:51.859+00:00,CAR,2010 BMW M3 GTS,2010 bmw m3 gts,0.78,,PURPLE,,2010,BMW,M3 GTS,BMW E92 M3 GTS,,,0,0,0,1,SELL,1.0,SELL,1,99000,wheelspin_lab/20260919_023755_1d4d8f4f/spin_000044/full.png,wheelspin_lab/20260919_023755_1d4d8f4f/spin_000044/slot_2.png,wheelspin_lab/20260919_023755_1d4d8f4f/20260919_023755_1d4d8f4f_000044/duplicate_024252_408658.png,1.0
132,20260919_023755_1d4d8f4f:000044,3,2026-09-18T17:42:51.859+00:00,CREDITS,"0 5,000",0 5 000,0.99,,PURPLE,5000,,,,,,,,,,,,,,0,,wheelspin_lab/20260919_023755_1d4d8f4f/spin_000044/full.png,wheelspin_lab/20260919_023755_1d4d8f4f/spin_000044/slot_3.png,,
133,20260919_023755_1d4d8f4f:000045,1,2026-09-18T17:42:58.999+00:00,CREDITS,"R 20,000",r 20 000,1.0,,NEUTRAL,20000,,,,,,,,,,,,,,0,,wheelspin_lab/20260919_023755_1d4d8f4f/spin_000045/full.png,wheelspin_lab/20260919_023755_1d4d8f4f/spin_000045/slot_1.png,,
134,20260919_023755_1d4d8f4f:000045,2,2026-09-18T17:42:58.999+00:00,CREDITS,"R 20,000",r 20 000,1.0,,NEUTRAL,20000,,,,,,,,,,,,,,0,,wheelspin_lab/20260919_023755_1d4d8f4f/spin_000045/full.png,wheelspin_lab/20260919_023755_1d4d8f4f/spin_000045/slot_2.png,,
135,20260919_023755_1d4d8f4f:000045,3,2026-09-18T17:42:58.999+00:00,CREDITS,"R 10,000",r 10 000,1.0,,NEUTRAL,10000,,,,,,,,,,,,,,0,,wheelspin_lab/20260919_023755_1d4d8f4f/spin_000045/full.png,wheelspin_lab/20260919_023755_1d4d8f4f/spin_000045/slot_3.png,,
136,20260919_023755_1d4d8f4f:000046,1,2026-09-18T17:43:04.677+00:00,CREDITS,"15,000",15 000,1.0,,OTHER,15000,,,,,,,,,,,,,,0,,wheelspin_lab/20260919_023755_1d4d8f4f/spin_000046/full.png,wheelspin_lab/20260919_023755_1d4d8f4f/spin_000046/slot_1.png,,
137,20260919_023755_1d4d8f4f:000046,2,2026-09-18T17:43:04.677+00:00,CREDITS,"R 40,000",r 40 000,1.0,,OTHER,40000,,,,,,,,,,,,,,0,,wheelspin_lab/20260919_023755_1d4d8f4f/spin_000046/full.png,wheelspin_lab/20260919_023755_1d4d8f4f/spin_000046/slot_2.png,,
138,20260919_023755_1d4d8f4f:000046,3,2026-09-18T17:43:04.677+00:00,CREDITS,"R 20,000",r 20 000,1.0,,OTHER,20000,,,,,,,,,,,,,,0,,wheelspin_lab/20260919_023755_1d4d8f4f/spin_000046/full.png,wheelspin_lab/20260919_023755_1d4d8f4f/spin_000046/slot_3.png,,
139,20260919_023755_1d4d8f4f:000047,1,2026-09-18T17:43:09.901+00:00,CAR,2018 VERCEDES-BENZ X-Class,2018 vercedes benz x class,0.78,,NEUTRAL,,2018,VERCEDES,BENZ X CLASS,M B X CLASS,,,0,0,0,1,SELL,1.0,SELL,1,25000,wheelspin_lab/20260919_023755_1d4d8f4f/spin_000047/full.png,wheelspin_lab/20260919_023755_1d4d8f4f/spin_000047/slot_1.png,wheelspin_lab/20260919_023755_1d4d8f4f/20260919_023755_1d4d8f4f_000047/duplicate_024310_274862.png,1.0
140,20260919_023755_1d4d8f4f:000047,2,2026-09-18T17:43:09.901+00:00,CREDITS,"15,000",15 000,1.0,,NEUTRAL,15000,,,,,,,,,,,,,,0,,wheelspin_lab/20260919_023755_1d4d8f4f/spin_000047/full.png,wheelspin_lab/20260919_023755_1d4d8f4f/spin_000047/slot_2.png,,
141,20260919_023755_1d4d8f4f:000047,3,2026-09-18T17:43:09.901+00:00,CAR,1080 SUBARU BRAT GL,1080 subaru brat gl,0.55,,NEUTRAL,,,,SUBARU BRAT,SUBARU BRAT,,,,0,0,1,SELL,1.0,SELL,1,10000,wheelspin_lab/20260919_023755_1d4d8f4f/spin_000047/full.png,wheelspin_lab/20260919_023755_1d4d8f4f/spin_000047/slot_3.png,wheelspin_lab/20260919_023755_1d4d8f4f/20260919_023755_1d4d8f4f_000047/duplicate_024311_870654.png,1.0
142,20260919_023755_1d4d8f4f:000048,1,2026-09-18T17:43:18.854+00:00,CREDITS,"p 15,000",p 15 000,1.0,,OTHER,15000,,,,,,,,,,,,,,0,,wheelspin_lab/20260919_023755_1d4d8f4f/spin_000048/full.png,wheelspin_lab/20260919_023755_1d4d8f4f/spin_000048/slot_1.png,,
143,20260919_023755_1d4d8f4f:000048,2,2026-09-18T17:43:18.854+00:00,CREDITS,"R 20,000",r 20 000,1.0,,OTHER,20000,,,,,,,,,,,,,,0,,wheelspin_lab/20260919_023755_1d4d8f4f/spin_000048/full.png,wheelspin_lab/20260919_023755_1d4d8f4f/spin_000048/slot_2.png,,
144,20260919_023755_1d4d8f4f:000048,3,2026-09-18T17:43:18.854+00:00,CAR,2018 HONDA Civic Type R,2018 honda civic type r,0.78,,BLUE,,2018,HONDA,CIVIC TYPE R,HONDA CIVIC 18,,,0,0,0,1,SELL,1.0,SELL,1,17500,wheelspin_lab/20260919_023755_1d4d8f4f/spin_000048/full.png,wheelspin_lab/20260919_023755_1d4d8f4f/spin_000048/slot_3.png,wheelspin_lab/20260919_023755_1d4d8f4f/20260919_023755_1d4d8f4f_000048/duplicate_024319_240237.png,1.0
145,20260919_023755_1d4d8f4f:000049,1,2026-09-18T17:43:26.551+00:00,CREDITS,"95,000",95 000,1.0,,GREEN,95000,,,,,,,,,,,,,,0,,wheelspin_lab/20260919_023755_1d4d8f4f/spin_000049/full.png,wheelspin_lab/20260919_023755_1d4d8f4f/spin_000049/slot_1.png,,
146,20260919_023755_1d4d8f4f:000049,2,2026-09-18T17:43:26.551+00:00,CREDITS,"925,000",925 000,1.0,,GREEN,925000,,,,,,,,,,,,,,0,,wheelspin_lab/20260919_023755_1d4d8f4f/spin_000049/full.png,wheelspin_lab/20260919_023755_1d4d8f4f/spin_000049/slot_2.png,,
147,20260919_023755_1d4d8f4f:000049,3,2026-09-18T17:43:26.551+00:00,CREDITS,"20,000",20 000,1.0,,GREEN,20000,,,,,,,,,,,,,,0,,wheelspin_lab/20260919_023755_1d4d8f4f/spin_000049/full.png,wheelspin_lab/20260919_023755_1d4d8f4f/spin_000049/slot_3.png,,
148,20260919_023755_1d4d8f4f:000050,1,2026-09-18T17:43:31.896+00:00,CREDITS,"20,000",20 000,1.0,,GREEN,20000,,,,,,,,,,,,,,0,,wheelspin_lab/20260919_023755_1d4d8f4f/spin_000050/full.png,wheelspin_lab/20260919_023755_1d4d8f4f/spin_000050/slot_1.png,,
149,20260919_023755_1d4d8f4f:000050,2,2026-09-18T17:43:31.896+00:00,CAR,2001 ACURA Integra Type R,2001 acura integra type r,0.78,,GREEN,,2001,ACURA,INTEGRA TYPE R,ACURA INTEGRA,,,0,0,0,1,SELL,1.0,SELL,1,32500,wheelspin_lab/20260919_023755_1d4d8f4f/spin_000050/full.png,wheelspin_lab/20260919_023755_1d4d8f4f/spin_000050/slot_2.png,wheelspin_lab/20260919_023755_1d4d8f4f/20260919_023755_1d4d8f4f_000050/duplicate_024332_376153.png,1.0
150,20260919_023755_1d4d8f4f:000050,3,2026-09-18T17:43:31.896+00:00,CREDITS,"20,000",20 000,1.0,,GREEN,20000,,,,,,,,,,,,,,0,,wheelspin_lab/20260919_023755_1d4d8f4f/spin_000050/full.png,wheelspin_lab/20260919_023755_1d4d8f4f/spin_000050/slot_3.png,,
151,20260919_023755_1d4d8f4f:000051,1,2026-09-18T17:54:07.318+00:00,CREDITS,"15,000",15 000,1.0,,NEUTRAL,15000,,,,,,,,,,,,,,0,,wheelspin_lab/20260919_023755_1d4d8f4f/spin_000051/full.png,wheelspin_lab/20260919_023755_1d4d8f4f/spin_000051/slot_1.png,,
152,20260919_023755_1d4d8f4f:000051,2,2026-09-18T17:54:07.318+00:00,CREDITS,"150,000",150 000,1.0,,NEUTRAL,150000,,,,,,,,,,,,,,0,,wheelspin_lab/20260919_023755_1d4d8f4f/spin_000051/full.png,wheelspin_lab/20260919_023755_1d4d8f4f/spin_000051/slot_2.png,,
153,20260919_023755_1d4d8f4f:000051,3,2026-09-18T17:54:07.318+00:00,CAR,2020 FORD 69 Ford Performance Brom,2020 ford 69 ford performance brom,0.78,,NEUTRAL,,2020,FORD,69 FORD PERFORMANCE BROM,2069 BRONCO R,,,0,0,0,1,SELL,1.0,SELL,1,225000,wheelspin_lab/20260919_023755_1d4d8f4f/spin_000051/full.png,wheelspin_lab/20260919_023755_1d4d8f4f/spin_000051/slot_3.png,wheelspin_lab/20260919_023755_1d4d8f4f/20260919_023755_1d4d8f4f_000051/duplicate_025407_719587.png,1.0
154,20260919_023755_1d4d8f4f:000052,1,2026-09-18T17:54:14.918+00:00,CAR,1997 NISSAN stagea RS FOUR V,1997 nissan stagea rs four v,0.78,,PURPLE,,1997,NISSAN,STAGEA RS FOUR V,N STAGEA 97,,,0,0,0,1,SELL,1.0,SELL,1,10000,wheelspin_lab/20260919_023755_1d4d8f4f/spin_000052/full.png,wheelspin_lab/20260919_023755_1d4d8f4f/spin_000052/slot_1.png,wheelspin_lab/20260919_023755_1d4d8f4f/20260919_023755_1d4d8f4f_000052/duplicate_025415_357626.png,1.0
155,20260919_023755_1d4d8f4f:000052,2,2026-09-18T17:54:14.918+00:00,CREDITS,"95,000",95 000,1.0,,PURPLE,95000,,,,,,,,,,,,,,0,,wheelspin_lab/20260919_023755_1d4d8f4f/spin_000052/full.png,wheelspin_lab/20260919_023755_1d4d8f4f/spin_000052/slot_2.png,,
156,20260919_023755_1d4d8f4f:000052,3,2026-09-18T17:54:14.919+00:00,CAR,2004 SUBARU IMPREZA WRX STI,2004 subaru impreza wrx sti,0.78,,PURPLE,,2004,SUBARU,IMPREZA WRX STI,SUBARU WRX 04,,,0,0,0,1,SELL,1.0,SELL,1,15000,wheelspin_lab/20260919_023755_1d4d8f4f/spin_000052/full.png,wheelspin_lab/20260919_023755_1d4d8f4f/spin_000052/slot_3.png,wheelspin_lab/20260919_023755_1d4d8f4f/20260919_023755_1d4d8f4f_000052/duplicate_025416_901299.png,1.0
157,20260919_023755_1d4d8f4f:000053,1,2026-09-18T17:54:23.747+00:00,CAR,2015 MERCEDES-AMG GTS,2015 mercedes amg gts,0.78,,NEUTRAL,,2015,MERCEDES,AMG GTS,M B AMG GT,,,0,0,0,1,SELL,1.0,SELL,1,45000,wheelspin_lab/20260919_023755_1d4d8f4f/spin_000053/full.png,wheelspin_lab/20260919_023755_1d4d8f4f/spin_000053/slot_1.png,wheelspin_lab/20260919_023755_1d4d8f4f/20260919_023755_1d4d8f4f_000053/duplicate_025424_146128.png,1.0
158,20260919_023755_1d4d8f4f:000053,2,2026-09-18T17:54:23.747+00:00,CREDITS,"R 150,000",r 150 000,1.0,,NEUTRAL,150000,,,,,,,,,,,,,,0,,wheelspin_lab/20260919_023755_1d4d8f4f/spin_000053/full.png,wheelspin_lab/20260919_023755_1d4d8f4f/spin_000053/slot_2.png,,
159,20260919_023755_1d4d8f4f:000053,3,2026-09-18T17:54:23.747+00:00,CREDITS,"R 150,000",r 150 000,1.0,,NEUTRAL,150000,,,,,,,,,,,,,,0,,wheelspin_lab/20260919_023755_1d4d8f4f/spin_000053/full.png,wheelspin_lab/20260919_023755_1d4d8f4f/spin_000053/slot_3.png,,
160,20260919_023755_1d4d8f4f:000054,1,2026-09-18T17:54:31.163+00:00,CREDITS,"25,000",25 000,1.0,,NEUTRAL,25000,,,,,,,,,,,,,,0,,wheelspin_lab/20260919_023755_1d4d8f4f/spin_000054/full.png,wheelspin_lab/20260919_023755_1d4d8f4f/spin_000054/slot_1.png,,
161,20260919_023755_1d4d8f4f:000054,2,2026-09-18T17:54:31.163+00:00,CREDITS,"15,000",15 000,1.0,,NEUTRAL,15000,,,,,,,,,,,,,,0,,wheelspin_lab/20260919_023755_1d4d8f4f/spin_000054/full.png,wheelspin_lab/20260919_023755_1d4d8f4f/spin_000054/slot_2.png,,
162,20260919_023755_1d4d8f4f:000054,3,2026-09-18T17:54:31.163+00:00,CREDITS,"20,000",20 000,1.0,,NEUTRAL,20000,,,,,,,,,,,,,,0,,wheelspin_lab/20260919_023755_1d4d8f4f/spin_000054/full.png,wheelspin_lab/20260919_023755_1d4d8f4f/spin_000054/slot_3.png,,
163,20260919_023755_1d4d8f4f:000055,1,2026-09-18T17:54:36.739+00:00,CAR,1970 CHEVROLET Corvette ZR-I,1970 chevrolet corvette zr i,0.78,,PURPLE,,1970,CHEVROLET,CORVETTE ZR I,CORVETTE 70,,,0,0,0,1,SELL,1.0,SELL,1,125000,wheelspin_lab/20260919_023755_1d4d8f4f/spin_000055/full.png,wheelspin_lab/20260919_023755_1d4d8f4f/spin_000055/slot_1.png,wheelspin_lab/20260919_023755_1d4d8f4f/20260919_023755_1d4d8f4f_000055/duplicate_025437_123266.png,1.0
164,20260919_023755_1d4d8f4f:000055,2,2026-09-18T17:54:36.739+00:00,CREDITS,"R 45,000",r 45 000,1.0,,OTHER,45000,,,,,,,,,,,,,,0,,wheelspin_lab/20260919_023755_1d4d8f4f/spin_000055/full.png,wheelspin_lab/20260919_023755_1d4d8f4f/spin_000055/slot_2.png,,
165,20260919_023755_1d4d8f4f:000055,3,2026-09-18T17:54:36.739+00:00,CAR,2010 RENAULT Megane RS 250,2010 renault megane rs 250,0.78,,OTHER,,2010,RENAULT,MEGANE RS 250,MEGANE RS 250,,,0,0,0,1,SELL,1.0,SELL,1,7000,wheelspin_lab/20260919_023755_1d4d8f4f/spin_000055/full.png,wheelspin_lab/20260919_023755_1d4d8f4f/spin_000055/slot_3.png,wheelspin_lab/20260919_023755_1d4d8f4f/20260919_023755_1d4d8f4f_000055/duplicate_025438_705655.png,1.0
166,20260919_023755_1d4d8f4f:000056,1,2026-09-18T17:54:45.743+00:00,CREDITS,"200,000",200 000,1.0,,PURPLE,200000,,,,,,,,,,,,,,0,,wheelspin_lab/20260919_023755_1d4d8f4f/spin_000056/full.png,wheelspin_lab/20260919_023755_1d4d8f4f/spin_000056/slot_1.png,,
167,20260919_023755_1d4d8f4f:000056,2,2026-09-18T17:54:45.743+00:00,CREDITS,"15,000",15 000,1.0,,PURPLE,15000,,,,,,,,,,,,,,0,,wheelspin_lab/20260919_023755_1d4d8f4f/spin_000056/full.png,wheelspin_lab/20260919_023755_1d4d8f4f/spin_000056/slot_2.png,,
168,20260919_023755_1d4d8f4f:000056,3,2026-09-18T17:54:45.743+00:00,CREDITS,"75,000",75 000,1.0,,PURPLE,75000,,,,,,,,,,,,,,0,,wheelspin_lab/20260919_023755_1d4d8f4f/spin_000056/full.png,wheelspin_lab/20260919_023755_1d4d8f4f/spin_000056/slot_3.png,,
169,20260919_023755_1d4d8f4f:000057,1,2026-09-18T17:54:51.384+00:00,CREDITS,"95,000",95 000,1.0,,PURPLE,95000,,,,,,,,,,,,,,0,,wheelspin_lab/20260919_023755_1d4d8f4f/spin_000057/full.png,wheelspin_lab/20260919_023755_1d4d8f4f/spin_000057/slot_1.png,,
170,20260919_023755_1d4d8f4f:000057,2,2026-09-18T17:54:51.384+00:00,CAR,2011 MCLAREN 12C coupé,2011 mclaren 12c coup,0.78,,PURPLE,,2011,MCLAREN,12C COUPE,MCLAREN 12C,,,0,0,0,1,SELL,1.0,SELL,1,52500,wheelspin_lab/20260919_023755_1d4d8f4f/spin_000057/full.png,wheelspin_lab/20260919_023755_1d4d8f4f/spin_000057/slot_2.png,wheelspin_lab/20260919_023755_1d4d8f4f/20260919_023755_1d4d8f4f_000057/duplicate_025451_862313.png,1.0
171,20260919_023755_1d4d8f4f:000057,3,2026-09-18T17:54:51.384+00:00,CREDITS,"175,000",175 000,1.0,,PURPLE,175000,,,,,,,,,,,,,,0,,wheelspin_lab/20260919_023755_1d4d8f4f/spin_000057/full.png,wheelspin_lab/20260919_023755_1d4d8f4f/spin_000057/slot_3.png,,
172,20260919_023755_1d4d8f4f:000058,1,2026-09-18T17:54:58.501+00:00,CREDITS,"10,000",10 000,1.0,,NEUTRAL,10000,,,,,,,,,,,,,,0,,wheelspin_lab/20260919_023755_1d4d8f4f/spin_000058/full.png,wheelspin_lab/20260919_023755_1d4d8f4f/spin_000058/slot_1.png,,
173,20260919_023755_1d4d8f4f:000058,2,2026-09-18T17:54:58.501+00:00,CREDITS,"100,000",100 000,1.0,,NEUTRAL,100000,,,,,,,,,,,,,,0,,wheelspin_lab/20260919_023755_1d4d8f4f/spin_000058/full.png,wheelspin_lab/20260919_023755_1d4d8f4f/spin_000058/slot_2.png,,
174,20260919_023755_1d4d8f4f:000058,3,2026-09-18T17:54:58.501+00:00,CREDITS,"R) 40,000",r 40 000,1.0,,NEUTRAL,40000,,,,,,,,,,,,,,0,,wheelspin_lab/20260919_023755_1d4d8f4f/spin_000058/full.png,wheelspin_lab/20260919_023755_1d4d8f4f/spin_000058/slot_3.png,,
175,20260919_023755_1d4d8f4f:000059,1,2026-09-18T17:55:04.357+00:00,CREDITS,"e 5,000",e 5 000,0.99,,BLUE,5000,,,,,,,,,,,,,,0,,wheelspin_lab/20260919_023755_1d4d8f4f/spin_000059/full.png,wheelspin_lab/20260919_023755_1d4d8f4f/spin_000059/slot_1.png,,
176,20260919_023755_1d4d8f4f:000059,2,2026-09-18T17:55:04.357+00:00,CREDITS,"c 10,000",c 10 000,1.0,,BLUE,10000,,,,,,,,,,,,,,0,,wheelspin_lab/20260919_023755_1d4d8f4f/spin_000059/full.png,wheelspin_lab/20260919_023755_1d4d8f4f/spin_000059/slot_2.png,,
177,20260919_023755_1d4d8f4f:000059,3,2026-09-18T17:55:04.357+00:00,CREDITS,"c 75,000",c 75 000,1.0,,BLUE,75000,,,,,,,,,,,,,,0,,wheelspin_lab/20260919_023755_1d4d8f4f/spin_000059/full.png,wheelspin_lab/20260919_023755_1d4d8f4f/spin_000059/slot_3.png,,
178,20260919_023755_1d4d8f4f:000060,1,2026-09-18T17:55:09.868+00:00,CREDITS,"10,000",10 000,1.0,,OTHER,10000,,,,,,,,,,,,,,0,,wheelspin_lab/20260919_023755_1d4d8f4f/spin_000060/full.png,wheelspin_lab/20260919_023755_1d4d8f4f/spin_000060/slot_1.png,,
179,20260919_023755_1d4d8f4f:000060,2,2026-09-18T17:55:09.868+00:00,CREDITS,"R 45,000",r 45 000,1.0,,OTHER,45000,,,,,,,,,,,,,,0,,wheelspin_lab/20260919_023755_1d4d8f4f/spin_000060/full.png,wheelspin_lab/20260919_023755_1d4d8f4f/spin_000060/slot_2.png,,
180,20260919_023755_1d4d8f4f:000060,3,2026-09-18T17:55:09.868+00:00,CREDITS,"200,000",200 000,1.0,,PURPLE,200000,,,,,,,,,,,,,,0,,wheelspin_lab/20260919_023755_1d4d8f4f/spin_000060/full.png,wheelspin_lab/20260919_023755_1d4d8f4f/spin_000060/slot_3.png,,
181,20260919_023755_1d4d8f4f:000061,1,2026-09-18T17:55:15.324+00:00,CAR,2019 BMW Z4 Roadster,2019 bmw z4 roadster,0.78,,GREEN,,2019,BMW,Z4 ROADSTER,BMW Z4 19,,,0,0,0,1,SELL,1.0,SELL,1,19000,wheelspin_lab/20260919_023755_1d4d8f4f/spin_000061/full.png,wheelspin_lab/20260919_023755_1d4d8f4f/spin_000061/slot_1.png,wheelspin_lab/20260919_023755_1d4d8f4f/20260919_023755_1d4d8f4f_000061/duplicate_025515_680364.png,1.0
182,20260919_023755_1d4d8f4f:000061,2,2026-09-18T17:55:15.324+00:00,CREDITS,"95,000",95 000,1.0,,GREEN,95000,,,,,,,,,,,,,,0,,wheelspin_lab/20260919_023755_1d4d8f4f/spin_000061/full.png,wheelspin_lab/20260919_023755_1d4d8f4f/spin_000061/slot_2.png,,
183,20260919_023755_1d4d8f4f:000061,3,2026-09-18T17:55:15.324+00:00,CREDITS,"c 15,000",c 15 000,1.0,,GREEN,15000,,,,,,,,,,,,,,0,,wheelspin_lab/20260919_023755_1d4d8f4f/spin_000061/full.png,wheelspin_lab/20260919_023755_1d4d8f4f/spin_000061/slot_3.png,,
184,20260919_023755_1d4d8f4f:000062,1,2026-09-18T17:55:22.773+00:00,CREDITS,"R 20,000",r 20 000,1.0,,OTHER,20000,,,,,,,,,,,,,,0,,wheelspin_lab/20260919_023755_1d4d8f4f/spin_000062/full.png,wheelspin_lab/20260919_023755_1d4d8f4f/spin_000062/slot_1.png,,
185,20260919_023755_1d4d8f4f:000062,2,2026-09-18T17:55:22.773+00:00,CREDITS,"p 15,000",p 15 000,1.0,,OTHER,15000,,,,,,,,,,,,,,0,,wheelspin_lab/20260919_023755_1d4d8f4f/spin_000062/full.png,wheelspin_lab/20260919_023755_1d4d8f4f/spin_000062/slot_2.png,,
186,20260919_023755_1d4d8f4f:000062,3,2026-09-18T17:55:22.773+00:00,CREDITS,"R 35,000",r 35 000,1.0,,OTHER,35000,,,,,,,,,,,,,,0,,wheelspin_lab/20260919_023755_1d4d8f4f/spin_000062/full.png,wheelspin_lab/20260919_023755_1d4d8f4f/spin_000062/slot_3.png,,
187,20260919_023755_1d4d8f4f:000063,1,2026-09-18T17:55:28.162+00:00,CAR,1993 JAGUAR XJ220S TWR,1993 jaguar xj220s twr,0.78,,BLUE,,1993,JAGUAR,XJ220S TWR,JAGUAR XJ220S,,,0,0,0,1,SELL,1.0,SELL,1,270000,wheelspin_lab/20260919_023755_1d4d8f4f/spin_000063/full.png,wheelspin_lab/20260919_023755_1d4d8f4f/spin_000063/slot_1.png,wheelspin_lab/20260919_023755_1d4d8f4f/20260919_023755_1d4d8f4f_000063/duplicate_025528_588966.png,1.0
188,20260919_023755_1d4d8f4f:000063,2,2026-09-18T17:55:28.162+00:00,CREDITS,"p 75,000",p 75 000,1.0,,BLUE,75000,,,,,,,,,,,,,,0,,wheelspin_lab/20260919_023755_1d4d8f4f/spin_000063/full.png,wheelspin_lab/20260919_023755_1d4d8f4f/spin_000063/slot_2.png,,
189,20260919_023755_1d4d8f4f:000063,3,2026-09-18T17:55:28.162+00:00,CREDITS,"R 20,000",r 20 000,1.0,,OTHER,20000,,,,,,,,,,,,,,0,,wheelspin_lab/20260919_023755_1d4d8f4f/spin_000063/full.png,wheelspin_lab/20260919_023755_1d4d8f4f/spin_000063/slot_3.png,,
190,20260919_023755_1d4d8f4f:000064,1,2026-09-18T17:55:35.649+00:00,CAR,10/3 2002 Turbo,10 3 2002 turbo,0.45,,NEUTRAL,,2002,TURBO,BMW 2002 TURBO,BMW 2002 TURBO,,,0,0,0,1,SELL,1.0,SELL,1,63500,wheelspin_lab/20260919_023755_1d4d8f4f/spin_000064/full.png,wheelspin_lab/20260919_023755_1d4d8f4f/spin_000064/slot_1.png,wheelspin_lab/20260919_023755_1d4d8f4f/20260919_023755_1d4d8f4f_000064/duplicate_025536_181074.png,1.0
191,20260919_023755_1d4d8f4f:000064,2,2026-09-18T17:55:35.649+00:00,CREDITS,"250,000",250 000,1.0,,NEUTRAL,250000,,,,,,,,,,,,,,0,,wheelspin_lab/20260919_023755_1d4d8f4f/spin_000064/full.png,wheelspin_lab/20260919_023755_1d4d8f4f/spin_000064/slot_2.png,,
192,20260919_023755_1d4d8f4f:000064,3,2026-09-18T17:55:35.649+00:00,CREDITS,"R 10,000",r 10 000,1.0,,NEUTRAL,10000,,,,,,,,,,,,,,0,,wheelspin_lab/20260919_023755_1d4d8f4f/spin_000064/full.png,wheelspin_lab/20260919_023755_1d4d8f4f/spin_000064/slot_3.png,,
193,20260919_023755_1d4d8f4f:000065,1,2026-09-18T17:55:42.955+00:00,CREDITS,"200,000",200 000,1.0,,NEUTRAL,200000,,,,,,,,,,,,,,0,,wheelspin_lab/20260919_023755_1d4d8f4f/spin_000065/full.png,wheelspin_lab/20260919_023755_1d4d8f4f/spin_000065/slot_1.png,,
194,20260919_023755_1d4d8f4f:000065,2,2026-09-18T17:55:42.955+00:00,CREDITS,"100,000",100 000,1.0,,NEUTRAL,100000,,,,,,,,,,,,,,0,,wheelspin_lab/20260919_023755_1d4d8f4f/spin_000065/full.png,wheelspin_lab/20260919_023755_1d4d8f4f/spin_000065/slot_2.png,,
195,20260919_023755_1d4d8f4f:000065,3,2026-09-18T17:55:42.955+00:00,CREDITS,"20,000",20 000,1.0,,NEUTRAL,20000,,,,,,,,,,,,,,0,,wheelspin_lab/20260919_023755_1d4d8f4f/spin_000065/full.png,wheelspin_lab/20260919_023755_1d4d8f4f/spin_000065/slot_3.png,,
196,20260919_023755_1d4d8f4f:000066,1,2026-09-18T17:55:48.489+00:00,CREDITS,"R 20,000",r 20 000,1.0,,NEUTRAL,20000,,,,,,,,,,,,,,0,,wheelspin_lab/20260919_023755_1d4d8f4f/spin_000066/full.png,wheelspin_lab/20260919_023755_1d4d8f4f/spin_000066/slot_1.png,,
197,20260919_023755_1d4d8f4f:000066,2,2026-09-18T17:55:48.489+00:00,CREDITS,"R 150,000",r 150 000,1.0,,NEUTRAL,150000,,,,,,,,,,,,,,0,,wheelspin_lab/20260919_023755_1d4d8f4f/spin_000066/full.png,wheelspin_lab/20260919_023755_1d4d8f4f/spin_000066/slot_2.png,,
198,20260919_023755_1d4d8f4f:000066,3,2026-09-18T17:55:48.489+00:00,CREDITS,"R 40,000",r 40 000,1.0,,NEUTRAL,40000,,,,,,,,,,,,,,0,,wheelspin_lab/20260919_023755_1d4d8f4f/spin_000066/full.png,wheelspin_lab/20260919_023755_1d4d8f4f/spin_000066/slot_3.png,,
199,20260919_023755_1d4d8f4f:000067,1,2026-09-18T17:55:53.973+00:00,OTHER,"95,000",95 000,0.55,,OTHER,,,,,,,,,,,,,,,0,,wheelspin_lab/20260919_023755_1d4d8f4f/spin_000067/full.png,wheelspin_lab/20260919_023755_1d4d8f4f/spin_000067/slot_1.png,,
200,20260919_023755_1d4d8f4f:000067,2,2026-09-18T17:55:53.974+00:00,CAR,2020 PORSCHE Taycan Turbo S,2020 porsche taycan turbo s,0.78,,GREEN,,2020,PORSCHE,TAYCAN TURBO S,PORSCHE TAYCAN S,,,0,0,0,1,SELL,1.0,SELL,1,100000,wheelspin_lab/20260919_023755_1d4d8f4f/spin_000067/full.png,wheelspin_lab/20260919_023755_1d4d8f4f/spin_000067/slot_2.png,wheelspin_lab/20260919_023755_1d4d8f4f/20260919_023755_1d4d8f4f_000067/duplicate_025554_360075.png,1.0
201,20260919_023755_1d4d8f4f:000067,3,2026-09-18T17:55:53.974+00:00,CREDITS,"p 15,000",p 15 000,1.0,,OTHER,15000,,,,,,,,,,,,,,0,,wheelspin_lab/20260919_023755_1d4d8f4f/spin_000067/full.png,wheelspin_lab/20260919_023755_1d4d8f4f/spin_000067/slot_3.png,,
202,20260919_023755_1d4d8f4f:000068,1,2026-09-18T17:56:01.063+00:00,CAR,2015 ULTIMA Evolution coupe 1020,2015 ultima evolution coupe 1020,0.78,,NEUTRAL,,2015,ULTIMA,EVOLUTION COUPE 1020,ULTIMA 1020,,,0,0,0,1,SELL,1.0,SELL,1,75000,wheelspin_lab/20260919_023755_1d4d8f4f/spin_000068/full.png,wheelspin_lab/20260919_023755_1d4d8f4f/spin_000068/slot_1.png,wheelspin_lab/20260919_023755_1d4d8f4f/20260919_023755_1d4d8f4f_000068/duplicate_025601_531336.png,1.0
203,20260919_023755_1d4d8f4f:000068,2,2026-09-18T17:56:01.063+00:00,CREDITS,"R 45,000",r 45 000,1.0,,OTHER,45000,,,,,,,,,,,,,,0,,wheelspin_lab/20260919_023755_1d4d8f4f/spin_000068/full.png,wheelspin_lab/20260919_023755_1d4d8f4f/spin_000068/slot_2.png,,
204,20260919_023755_1d4d8f4f:000068,3,2026-09-18T17:56:01.063+00:00,CREDITS,"R 20,000",r 20 000,1.0,,OTHER,20000,,,,,,,,,,,,,,0,,wheelspin_lab/20260919_023755_1d4d8f4f/spin_000068/full.png,wheelspin_lab/20260919_023755_1d4d8f4f/spin_000068/slot_3.png,,
205,20260919_023755_1d4d8f4f:000069,1,2026-09-18T17:56:08.160+00:00,CREDITS,"15,000",15 000,1.0,,OTHER,15000,,,,,,,,,,,,,,0,,wheelspin_lab/20260919_023755_1d4d8f4f/spin_000069/full.png,wheelspin_lab/20260919_023755_1d4d8f4f/spin_000069/slot_1.png,,
206,20260919_023755_1d4d8f4f:000069,2,2026-09-18T17:56:08.160+00:00,CREDITS,"10,000",10 000,1.0,,OTHER,10000,,,,,,,,,,,,,,0,,wheelspin_lab/20260919_023755_1d4d8f4f/spin_000069/full.png,wheelspin_lab/20260919_023755_1d4d8f4f/spin_000069/slot_2.png,,
207,20260919_023755_1d4d8f4f:000069,3,2026-09-18T17:56:08.160+00:00,CAR,2012 NISSAN GT-R Black Edition (R35),2012 nissan gt r black edition r35,0.78,,NEUTRAL,,2012,NISSAN,GT R BLACK EDITION R35,NISSAN GT R 12,,,0,0,0,1,SELL,1.0,SELL,1,40000,wheelspin_lab/20260919_023755_1d4d8f4f/spin_000069/full.png,wheelspin_lab/20260919_023755_1d4d8f4f/spin_000069/slot_3.png,wheelspin_lab/20260919_023755_1d4d8f4f/20260919_023755_1d4d8f4f_000069/duplicate_025608_554964.png,1.0
208,20260919_023755_1d4d8f4f:000070,1,2026-09-18T17:56:15.475+00:00,CAR,1994 SUBARU Vivio RX-R,1994 subaru vivio rx r,0.78,,PURPLE,,1994,SUBARU,VIVIO RX R,SUBARU VIVIO 94,,,0,0,0,1,SELL,1.0,SELL,1,5000,wheelspin_lab/20260919_023755_1d4d8f4f/spin_000070/full.png,wheelspin_lab/20260919_023755_1d4d8f4f/spin_000070/slot_1.png,wheelspin_lab/20260919_023755_1d4d8f4f/20260919_023755_1d4d8f4f_000070/duplicate_025615_860275.png,1.0
209,20260919_023755_1d4d8f4f:000070,2,2026-09-18T17:56:15.475+00:00,CREDITS,"15,000",15 000,1.0,,PURPLE,15000,,,,,,,,,,,,,,0,,wheelspin_lab/20260919_023755_1d4d8f4f/spin_000070/full.png,wheelspin_lab/20260919_023755_1d4d8f4f/spin_000070/slot_2.png,,
210,20260919_023755_1d4d8f4f:000070,3,2026-09-18T17:56:15.475+00:00,CREDITS,"10,000",10 000,1.0,,PURPLE,10000,,,,,,,,,,,,,,0,,wheelspin_lab/20260919_023755_1d4d8f4f/spin_000070/full.png,wheelspin_lab/20260919_023755_1d4d8f4f/spin_000070/slot_3.png,,
211,20260919_023755_1d4d8f4f:000071,1,2026-09-18T17:56:22.831+00:00,CREDITS,"200,000",200 000,1.0,,NEUTRAL,200000,,,,,,,,,,,,,,0,,wheelspin_lab/20260919_023755_1d4d8f4f/spin_000071/full.png,wheelspin_lab/20260919_023755_1d4d8f4f/spin_000071/slot_1.png,,
212,20260919_023755_1d4d8f4f:000071,2,2026-09-18T17:56:22.831+00:00,CREDITS,"R 150,000",r 150 000,1.0,,NEUTRAL,150000,,,,,,,,,,,,,,0,,wheelspin_lab/20260919_023755_1d4d8f4f/spin_000071/full.png,wheelspin_lab/20260919_023755_1d4d8f4f/spin_000071/slot_2.png,,
213,20260919_023755_1d4d8f4f:000071,3,2026-09-18T17:56:22.831+00:00,CREDITS,"20,000",20 000,1.0,,NEUTRAL,20000,,,,,,,,,,,,,,0,,wheelspin_lab/20260919_023755_1d4d8f4f/spin_000071/full.png,wheelspin_lab/20260919_023755_1d4d8f4f/spin_000071/slot_3.png,,
214,20260919_023755_1d4d8f4f:000072,1,2026-09-18T17:56:28.452+00:00,CREDITS,"15,000",15 000,1.0,,OTHER,15000,,,,,,,,,,,,,,0,,wheelspin_lab/20260919_023755_1d4d8f4f/spin_000072/full.png,wheelspin_lab/20260919_023755_1d4d8f4f/spin_000072/slot_1.png,,
215,20260919_023755_1d4d8f4f:000072,2,2026-09-18T17:56:28.452+00:00,CREDITS,"15,000",15 000,1.0,,OTHER,15000,,,,,,,,,,,,,,0,,wheelspin_lab/20260919_023755_1d4d8f4f/spin_000072/full.png,wheelspin_lab/20260919_023755_1d4d8f4f/spin_000072/slot_2.png,,
216,20260919_023755_1d4d8f4f:000072,3,2026-09-18T17:56:28.452+00:00,CREDITS,"R 20,000",r 20 000,1.0,,OTHER,20000,,,,,,,,,,,,,,0,,wheelspin_lab/20260919_023755_1d4d8f4f/spin_000072/full.png,wheelspin_lab/20260919_023755_1d4d8f4f/spin_000072/slot_3.png,,
217,20260919_023755_1d4d8f4f:000073,1,2026-09-18T17:56:33.806+00:00,CREDITS,"c 75,000",c 75 000,1.0,,ORANGE,75000,,,,,,,,,,,,,,0,,wheelspin_lab/20260919_023755_1d4d8f4f/spin_000073/full.png,wheelspin_lab/20260919_023755_1d4d8f4f/spin_000073/slot_1.png,,
218,20260919_023755_1d4d8f4f:000073,2,2026-09-18T17:56:33.806+00:00,CAR,1995 BMW,1995 bmw,0.45,,ORANGE,,1995,BMW,BMW M5 95,BMW M5 95,,,0,0,0,1,SELL,1.0,SELL,1,24000,wheelspin_lab/20260919_023755_1d4d8f4f/spin_000073/full.png,wheelspin_lab/20260919_023755_1d4d8f4f/spin_000073/slot_2.png,wheelspin_lab/20260919_023755_1d4d8f4f/20260919_023755_1d4d8f4f_000073/duplicate_025634_301149.png,1.0
219,20260919_023755_1d4d8f4f:000073,3,2026-09-18T17:56:33.806+00:00,CREDITS,"250,000",250 000,1.0,,ORANGE,250000,,,,,,,,,,,,,,0,,wheelspin_lab/20260919_023755_1d4d8f4f/spin_000073/full.png,wheelspin_lab/20260919_023755_1d4d8f4f/spin_000073/slot_3.png,,
220,20260919_023755_1d4d8f4f:000074,1,2026-09-18T17:56:41.288+00:00,CREDITS,"p 15,000",p 15 000,1.0,,OTHER,15000,,,,,,,,,,,,,,0,,wheelspin_lab/20260919_023755_1d4d8f4f/spin_000074/full.png,wheelspin_lab/20260919_023755_1d4d8f4f/spin_000074/slot_1.png,,
221,20260919_023755_1d4d8f4f:000074,2,2026-09-18T17:56:41.288+00:00,CAR,2013 CADILLAC XTS Limousine,2013 cadillac xts limousine,0.78,,BLUE,,2013,CADILLAC,XTS LIMOUSINE,CADDY LIMO,,,0,0,0,1,SELL,1.0,SELL,1,22000,wheelspin_lab/20260919_023755_1d4d8f4f/spin_000074/full.png,wheelspin_lab/20260919_023755_1d4d8f4f/spin_000074/slot_2.png,wheelspin_lab/20260919_023755_1d4d8f4f/20260919_023755_1d4d8f4f_000074/duplicate_025641_697637.png,1.0
222,20260919_023755_1d4d8f4f:000074,3,2026-09-18T17:56:41.288+00:00,CREDITS,"200,000",200 000,1.0,,PURPLE,200000,,,,,,,,,,,,,,0,,wheelspin_lab/20260919_023755_1d4d8f4f/spin_000074/full.png,wheelspin_lab/20260919_023755_1d4d8f4f/spin_000074/slot_3.png,,
223,20260919_023755_1d4d8f4f:000075,1,2026-09-18T17:56:48.774+00:00,CREDITS,"35,000",35 000,1.0,,OTHER,35000,,,,,,,,,,,,,,0,,wheelspin_lab/20260919_023755_1d4d8f4f/spin_000075/full.png,wheelspin_lab/20260919_023755_1d4d8f4f/spin_000075/slot_1.png,,
224,20260919_023755_1d4d8f4f:000075,2,2026-09-18T17:56:48.774+00:00,CAR,1970 DATSUN 510,1970 datsun 510,0.78,,OTHER,,1970,DATSUN,510,DATSUN 510,,,0,0,0,1,SELL,1.0,SELL,1,43000,wheelspin_lab/20260919_023755_1d4d8f4f/spin_000075/full.png,wheelspin_lab/20260919_023755_1d4d8f4f/spin_000075/slot_2.png,wheelspin_lab/20260919_023755_1d4d8f4f/20260919_023755_1d4d8f4f_000075/duplicate_025649_239968.png,1.0
225,20260919_023755_1d4d8f4f:000075,3,2026-09-18T17:56:48.776+00:00,CREDITS,"R 50,000",r 50 000,1.0,,NEUTRAL,50000,,,,,,,,,,,,,,0,,wheelspin_lab/20260919_023755_1d4d8f4f/spin_000075/full.png,wheelspin_lab/20260919_023755_1d4d8f4f/spin_000075/slot_3.png,,
226,20260919_023755_1d4d8f4f:000076,1,2026-09-18T17:56:56.281+00:00,CREDITS,"95,000",95 000,1.0,,PURPLE,95000,,,,,,,,,,,,,,0,,wheelspin_lab/20260919_023755_1d4d8f4f/spin_000076/full.png,wheelspin_lab/20260919_023755_1d4d8f4f/spin_000076/slot_1.png,,
227,20260919_023755_1d4d8f4f:000076,2,2026-09-18T17:56:56.281+00:00,CAR,2013 AUDI RS 7 Sportback,2013 audi rs 7 sportback,0.78,,PURPLE,,2013,AUDI,RS 7 SPORTBACK,AUDI RS 7,,,0,0,0,1,SELL,1.0,SELL,1,27500,wheelspin_lab/20260919_023755_1d4d8f4f/spin_000076/full.png,wheelspin_lab/20260919_023755_1d4d8f4f/spin_000076/slot_2.png,wheelspin_lab/20260919_023755_1d4d8f4f/20260919_023755_1d4d8f4f_000076/duplicate_025656_777281.png,1.0
228,20260919_023755_1d4d8f4f:000076,3,2026-09-18T17:56:56.281+00:00,CAR,1989 FORMULA DRIFT #98 BMW 325i,1989 formula drift 98 bmw 325i,0.78,,PURPLE,,1989,FORMULA,DRIFT 98 BMW 325I,98 BMW 325I,,,0,0,0,1,SELL,1.0,SELL,1,75000,wheelspin_lab/20260919_023755_1d4d8f4f/spin_000076/full.png,wheelspin_lab/20260919_023755_1d4d8f4f/spin_000076/slot_3.png,wheelspin_lab/20260919_023755_1d4d8f4f/20260919_023755_1d4d8f4f_000076/duplicate_025658_171962.png,1.0
229,20260919_023755_1d4d8f4f:000077,1,2026-09-18T17:57:05.184+00:00,CREDITS,"175,000",175 000,1.0,,PURPLE,175000,,,,,,,,,,,,,,0,,wheelspin_lab/20260919_023755_1d4d8f4f/spin_000077/full.png,wheelspin_lab/20260919_023755_1d4d8f4f/spin_000077/slot_1.png,,
230,20260919_023755_1d4d8f4f:000077,2,2026-09-18T17:57:05.184+00:00,CREDITS,"95,000",95 000,1.0,,PURPLE,95000,,,,,,,,,,,,,,0,,wheelspin_lab/20260919_023755_1d4d8f4f/spin_000077/full.png,wheelspin_lab/20260919_023755_1d4d8f4f/spin_000077/slot_2.png,,
231,20260919_023755_1d4d8f4f:000077,3,2026-09-18T17:57:05.184+00:00,CREDITS,"0 5,000",0 5 000,0.99,,PURPLE,5000,,,,,,,,,,,,,,0,,wheelspin_lab/20260919_023755_1d4d8f4f/spin_000077/full.png,wheelspin_lab/20260919_023755_1d4d8f4f/spin_000077/slot_3.png,,
232,20260919_023755_1d4d8f4f:000078,1,2026-09-18T18:00:06.475+00:00,CREDITS,"c 15,000",c 15 000,1.0,,GREEN,15000,,,,,,,,,,,,,,0,,wheelspin_lab/20260919_023755_1d4d8f4f/spin_000078/full.png,wheelspin_lab/20260919_023755_1d4d8f4f/spin_000078/slot_1.png,,
233,20260919_023755_1d4d8f4f:000078,2,2026-09-18T18:00:06.475+00:00,CREDITS,"20,000",20 000,1.0,,GREEN,20000,,,,,,,,,,,,,,0,,wheelspin_lab/20260919_023755_1d4d8f4f/spin_000078/full.png,wheelspin_lab/20260919_023755_1d4d8f4f/spin_000078/slot_2.png,,
234,20260919_023755_1d4d8f4f:000078,3,2026-09-18T18:00:06.475+00:00,CREDITS,"0 5,000",0 5 000,0.99,,GREEN,5000,,,,,,,,,,,,,,0,,wheelspin_lab/20260919_023755_1d4d8f4f/spin_000078/full.png,wheelspin_lab/20260919_023755_1d4d8f4f/spin_000078/slot_3.png,,
235,20260919_023755_1d4d8f4f:000079,1,2026-09-18T18:00:11.675+00:00,CREDITS,"15,000",15 000,1.0,,NEUTRAL,15000,,,,,,,,,,,,,,0,,wheelspin_lab/20260919_023755_1d4d8f4f/spin_000079/full.png,wheelspin_lab/20260919_023755_1d4d8f4f/spin_000079/slot_1.png,,
236,20260919_023755_1d4d8f4f:000079,2,2026-09-18T18:00:11.675+00:00,CREDITS,"175,000",175 000,1.0,,NEUTRAL,175000,,,,,,,,,,,,,,0,,wheelspin_lab/20260919_023755_1d4d8f4f/spin_000079/full.png,wheelspin_lab/20260919_023755_1d4d8f4f/spin_000079/slot_2.png,,
237,20260919_023755_1d4d8f4f:000079,3,2026-09-18T18:00:11.675+00:00,CREDITS,"250,000",250 000,1.0,,NEUTRAL,250000,,,,,,,,,,,,,,0,,wheelspin_lab/20260919_023755_1d4d8f4f/spin_000079/full.png,wheelspin_lab/20260919_023755_1d4d8f4f/spin_000079/slot_3.png,,
238,20260919_023755_1d4d8f4f:000080,1,2026-09-18T18:00:17.409+00:00,CREDITS,"200,000",200 000,1.0,,PURPLE,200000,,,,,,,,,,,,,,0,,wheelspin_lab/20260919_023755_1d4d8f4f/spin_000080/full.png,wheelspin_lab/20260919_023755_1d4d8f4f/spin_000080/slot_1.png,,
239,20260919_023755_1d4d8f4f:000080,2,2026-09-18T18:00:17.409+00:00,CREDITS,"R 25,000",r 25 000,1.0,,PURPLE,25000,,,,,,,,,,,,,,0,,wheelspin_lab/20260919_023755_1d4d8f4f/spin_000080/full.png,wheelspin_lab/20260919_023755_1d4d8f4f/spin_000080/slot_2.png,,
240,20260919_023755_1d4d8f4f:000080,3,2026-09-18T18:00:17.409+00:00,CREDITS,"R 20,000",r 20 000,1.0,,PURPLE,20000,,,,,,,,,,,,,,0,,wheelspin_lab/20260919_023755_1d4d8f4f/spin_000080/full.png,wheelspin_lab/20260919_023755_1d4d8f4f/spin_000080/slot_3.png,,
241,20260919_023755_1d4d8f4f:000081,1,2026-09-18T18:00:22.671+00:00,CREDITS,"R 45,000",r 45 000,1.0,,OTHER,45000,,,,,,,,,,,,,,0,,wheelspin_lab/20260919_023755_1d4d8f4f/spin_000081/full.png,wheelspin_lab/20260919_023755_1d4d8f4f/spin_000081/slot_1.png,,
242,20260919_023755_1d4d8f4f:000081,2,2026-09-18T18:00:22.671+00:00,CAR,1954 MERCEDES-BENZ 300 SL coupé,1954 mercedes benz 300 sl coup,0.78,,OTHER,,1954,MERCEDES,BENZ 300 SL COUPE,M B 300SL,,,0,0,0,1,SELL,1.0,SELL,1,850000,wheelspin_lab/20260919_023755_1d4d8f4f/spin_000081/full.png,wheelspin_lab/20260919_023755_1d4d8f4f/spin_000081/slot_2.png,wheelspin_lab/20260919_023755_1d4d8f4f/20260919_023755_1d4d8f4f_000081/duplicate_030023_085042.png,1.0
243,20260919_023755_1d4d8f4f:000081,3,2026-09-18T18:00:22.671+00:00,CREDITS,"R 20,000",r 20 000,1.0,,OTHER,20000,,,,,,,,,,,,,,0,,wheelspin_lab/20260919_023755_1d4d8f4f/spin_000081/full.png,wheelspin_lab/20260919_023755_1d4d8f4f/spin_000081/slot_3.png,,
244,20260919_023755_1d4d8f4f:000082,1,2026-09-18T18:00:30.114+00:00,CAR,Isetta 300 Export,isetta 300 export,0.55,,NEUTRAL,,,,TAXI,BMW ISETTA,,,,0,0,1,SELL,1.0,SELL,1,42000,wheelspin_lab/20260919_023755_1d4d8f4f/spin_000082/full.png,wheelspin_lab/20260919_023755_1d4d8f4f/spin_000082/slot_1.png,wheelspin_lab/20260919_023755_1d4d8f4f/20260919_023755_1d4d8f4f_000082/duplicate_030030_506759.png,1.0
245,20260919_023755_1d4d8f4f:000082,2,2026-09-18T18:00:30.114+00:00,CREDITS,"12,000",12 000,1.0,,NEUTRAL,12000,,,,,,,,,,,,,,0,,wheelspin_lab/20260919_023755_1d4d8f4f/spin_000082/full.png,wheelspin_lab/20260919_023755_1d4d8f4f/spin_000082/slot_2.png,,
246,20260919_023755_1d4d8f4f:000082,3,2026-09-18T18:00:30.115+00:00,CAR,2011 JPN Taxi,2011 jpn taxi,0.78,,NEUTRAL,,2011,JPN,TOYOTA JPN TAXI,TOYOTA JPN TAXI,,,0,0,0,1,SELL,1.0,SELL,1,12500,wheelspin_lab/20260919_023755_1d4d8f4f/spin_000082/full.png,wheelspin_lab/20260919_023755_1d4d8f4f/spin_000082/slot_3.png,wheelspin_lab/20260919_023755_1d4d8f4f/20260919_023755_1d4d8f4f_000082/duplicate_030032_194853.png,1.0
247,20260919_023755_1d4d8f4f:000083,1,2026-09-18T18:00:39.162+00:00,CREDITS,"R 150,000",r 150 000,1.0,,PURPLE,150000,,,,,,,,,,,,,,0,,wheelspin_lab/20260919_023755_1d4d8f4f/spin_000083/full.png,wheelspin_lab/20260919_023755_1d4d8f4f/spin_000083/slot_1.png,,
248,20260919_023755_1d4d8f4f:000083,2,2026-09-18T18:00:39.162+00:00,CREDITS,"R 50,000",r 50 000,1.0,,PURPLE,50000,,,,,,,,,,,,,,0,,wheelspin_lab/20260919_023755_1d4d8f4f/spin_000083/full.png,wheelspin_lab/20260919_023755_1d4d8f4f/spin_000083/slot_2.png,,
249,20260919_023755_1d4d8f4f:000083,3,2026-09-18T18:00:39.162+00:00,CREDITS,"R 80,000",r 80 000,1.0,,PURPLE,80000,,,,,,,,,,,,,,0,,wheelspin_lab/20260919_023755_1d4d8f4f/spin_000083/full.png,wheelspin_lab/20260919_023755_1d4d8f4f/spin_000083/slot_3.png,,
250,20260919_023755_1d4d8f4f:000084,1,2026-09-18T18:00:44.710+00:00,CREDITS,"95,000",95 000,1.0,,BLUE,95000,,,,,,,,,,,,,,0,,wheelspin_lab/20260919_023755_1d4d8f4f/spin_000084/full.png,wheelspin_lab/20260919_023755_1d4d8f4f/spin_000084/slot_1.png,,
251,20260919_023755_1d4d8f4f:000084,2,2026-09-18T18:00:44.710+00:00,CREDITS,"100,000",100 000,1.0,,BLUE,100000,,,,,,,,,,,,,,0,,wheelspin_lab/20260919_023755_1d4d8f4f/spin_000084/full.png,wheelspin_lab/20260919_023755_1d4d8f4f/spin_000084/slot_2.png,,
252,20260919_023755_1d4d8f4f:000084,3,2026-09-18T18:00:44.710+00:00,CREDITS,"c 10,000",c 10 000,1.0,,BLUE,10000,,,,,,,,,,,,,,0,,wheelspin_lab/20260919_023755_1d4d8f4f/spin_000084/full.png,wheelspin_lab/20260919_023755_1d4d8f4f/spin_000084/slot_3.png,,
253,20260919_023755_1d4d8f4f:000085,1,2026-09-18T18:00:49.955+00:00,CREDITS,"8,000",8 000,1.0,,NEUTRAL,8000,,,,,,,,,,,,,,0,,wheelspin_lab/20260919_023755_1d4d8f4f/spin_000085/full.png,wheelspin_lab/20260919_023755_1d4d8f4f/spin_000085/slot_1.png,,
254,20260919_023755_1d4d8f4f:000085,2,2026-09-18T18:00:49.955+00:00,CREDITS,"25,000",25 000,1.0,,NEUTRAL,25000,,,,,,,,,,,,,,0,,wheelspin_lab/20260919_023755_1d4d8f4f/spin_000085/full.png,wheelspin_lab/20260919_023755_1d4d8f4f/spin_000085/slot_2.png,,
255,20260919_023755_1d4d8f4f:000085,3,2026-09-18T18:00:49.955+00:00,CAR,2020 WULING Sunshine S Forza Edition CREDITS BOOST,2020 wuling sunshine s forza edition credits boost,0.78,,NEUTRAL,,2020,WULING,SUNSHINE S FORZA EDITION CREDITS BOOST,SUNSHINE FE,,,1,0,0,1,SELL,1.0,SELL,1,250000,wheelspin_lab/20260919_023755_1d4d8f4f/spin_000085/full.png,wheelspin_lab/20260919_023755_1d4d8f4f/spin_000085/slot_3.png,wheelspin_lab/20260919_023755_1d4d8f4f/20260919_023755_1d4d8f4f_000085/duplicate_030050_457795.png,1.0
256,20260919_023755_1d4d8f4f:000086,1,2026-09-18T18:00:57.290+00:00,CREDITS,"10,000",10 000,1.0,,PURPLE,10000,,,,,,,,,,,,,,0,,wheelspin_lab/20260919_023755_1d4d8f4f/spin_000086/full.png,wheelspin_lab/20260919_023755_1d4d8f4f/spin_000086/slot_1.png,,
257,20260919_023755_1d4d8f4f:000086,2,2026-09-18T18:00:57.290+00:00,CAR,2020 NISSAN GT-R NISMO 835),2020 nissan gt r nismo 835,0.78,,PURPLE,,2020,NISSAN,GT R NISMO 835,NISSAN GTR 20,,,0,0,0,1,SELL,1.0,SELL,1,135000,wheelspin_lab/20260919_023755_1d4d8f4f/spin_000086/full.png,wheelspin_lab/20260919_023755_1d4d8f4f/spin_000086/slot_2.png,wheelspin_lab/20260919_023755_1d4d8f4f/20260919_023755_1d4d8f4f_000086/duplicate_030057_810420.png,1.0
258,20260919_023755_1d4d8f4f:000086,3,2026-09-18T18:00:57.290+00:00,CREDITS,"R 50,000",r 50 000,1.0,,PURPLE,50000,,,,,,,,,,,,,,0,,wheelspin_lab/20260919_023755_1d4d8f4f/spin_000086/full.png,wheelspin_lab/20260919_023755_1d4d8f4f/spin_000086/slot_3.png,,
259,20260919_023755_1d4d8f4f:000087,1,2026-09-18T18:01:04.745+00:00,CREDITS,"920,000",920 000,1.0,,GREEN,920000,,,,,,,,,,,,,,0,,wheelspin_lab/20260919_023755_1d4d8f4f/spin_000087/full.png,wheelspin_lab/20260919_023755_1d4d8f4f/spin_000087/slot_1.png,,
260,20260919_023755_1d4d8f4f:000087,2,2026-09-18T18:01:04.745+00:00,CAR,1972 CHEVROLET K-10 Custom,1972 chevrolet k 10 custom,0.78,,GREEN,,1972,CHEVROLET,K 10 CUSTOM,CHEVY KIO 72,,,0,0,0,1,SELL,1.0,SELL,1,24500,wheelspin_lab/20260919_023755_1d4d8f4f/spin_000087/full.png,wheelspin_lab/20260919_023755_1d4d8f4f/spin_000087/slot_2.png,wheelspin_lab/20260919_023755_1d4d8f4f/20260919_023755_1d4d8f4f_000087/duplicate_030105_132316.png,1.0
261,20260919_023755_1d4d8f4f:000087,3,2026-09-18T18:01:04.745+00:00,CREDITS,"e 8,000",e 8 000,0.99,,GREEN,8000,,,,,,,,,,,,,,0,,wheelspin_lab/20260919_023755_1d4d8f4f/spin_000087/full.png,wheelspin_lab/20260919_023755_1d4d8f4f/spin_000087/slot_3.png,,
262,20260919_023755_1d4d8f4f:000088,1,2026-09-18T18:01:12.140+00:00,CAR,Z4 Roadster,z4 roadster,0.55,,NEUTRAL,,,,BMW Z4 19,BMW Z4 19,,,,0,0,1,SELL,1.0,SELL,1,19000,wheelspin_lab/20260919_023755_1d4d8f4f/spin_000088/full.png,wheelspin_lab/20260919_023755_1d4d8f4f/spin_000088/slot_1.png,wheelspin_lab/20260919_023755_1d4d8f4f/20260919_023755_1d4d8f4f_000088/duplicate_030112_540782.png,1.0
263,20260919_023755_1d4d8f4f:000088,2,2026-09-18T18:01:12.140+00:00,CAR,FORD -150 XL T Lariat Forza Editio STUNT SKILLS BOOST,ford 150 xl t lariat forza editio stunt skills boost,0.55,,NEUTRAL,,,,FORD F 150 FE,FORD F 150 FE,,,,0,0,1,SELL,1.0,SELL,1,250000,wheelspin_lab/20260919_023755_1d4d8f4f/spin_000088/full.png,wheelspin_lab/20260919_023755_1d4d8f4f/spin_000088/slot_2.png,wheelspin_lab/20260919_023755_1d4d8f4f/20260919_023755_1d4d8f4f_000088/duplicate_030114_222376.png,1.0
264,20260919_023755_1d4d8f4f:000088,3,2026-09-18T18:01:12.140+00:00,CREDITS,"R 10,000",r 10 000,1.0,,NEUTRAL,10000,,,,,,,,,,,,,,0,,wheelspin_lab/20260919_023755_1d4d8f4f/spin_000088/full.png,wheelspin_lab/20260919_023755_1d4d8f4f/spin_000088/slot_3.png,,
265,20260919_023755_1d4d8f4f:000089,1,2026-09-18T18:01:21.415+00:00,CREDITS,"35,000",35 000,1.0,,OTHER,35000,,,,,,,,,,,,,,0,,wheelspin_lab/20260919_023755_1d4d8f4f/spin_000089/full.png,wheelspin_lab/20260919_023755_1d4d8f4f/spin_000089/slot_1.png,,
266,20260919_023755_1d4d8f4f:000089,2,2026-09-18T18:01:21.415+00:00,CREDITS,"R 40,000",r 40 000,1.0,,OTHER,40000,,,,,,,,,,,,,,0,,wheelspin_lab/20260919_023755_1d4d8f4f/spin_000089/full.png,wheelspin_lab/20260919_023755_1d4d8f4f/spin_000089/slot_2.png,,
267,20260919_023755_1d4d8f4f:000089,3,2026-09-18T18:01:21.415+00:00,CREDITS,"R 45,000",r 45 000,1.0,,OTHER,45000,,,,,,,,,,,,,,0,,wheelspin_lab/20260919_023755_1d4d8f4f/spin_000089/full.png,wheelspin_lab/20260919_023755_1d4d8f4f/spin_000089/slot_3.png,,
268,20260919_023755_1d4d8f4f:000090,1,2026-09-18T18:01:26.785+00:00,CREDITS,"20,000",20 000,1.0,,OTHER,20000,,,,,,,,,,,,,,0,,wheelspin_lab/20260919_023755_1d4d8f4f/spin_000090/full.png,wheelspin_lab/20260919_023755_1d4d8f4f/spin_000090/slot_1.png,,
269,20260919_023755_1d4d8f4f:000090,2,2026-09-18T18:01:26.785+00:00,CREDITS,"15,000",15 000,1.0,,OTHER,15000,,,,,,,,,,,,,,0,,wheelspin_lab/20260919_023755_1d4d8f4f/spin_000090/full.png,wheelspin_lab/20260919_023755_1d4d8f4f/spin_000090/slot_2.png,,
270,20260919_023755_1d4d8f4f:000090,3,2026-09-18T18:01:26.785+00:00,CAR,2020 TOYOTA GR supra,2020 toyota gr supra,0.78,,NEUTRAL,,2020,TOYOTA,GR SUPRA,TOYOTA SUPRA 20,,,0,0,0,1,SELL,1.0,SELL,1,22500,wheelspin_lab/20260919_023755_1d4d8f4f/spin_000090/full.png,wheelspin_lab/20260919_023755_1d4d8f4f/spin_000090/slot_3.png,wheelspin_lab/20260919_023755_1d4d8f4f/20260919_023755_1d4d8f4f_000090/duplicate_030127_194896.png,1.0
271,20260919_023755_1d4d8f4f:000091,1,2026-09-18T18:01:34.702+00:00,CAR,1969 CHEVROLET Nova Super Sport 396,1969 chevrolet nova super sport 396,0.78,,BLUE,,1969,CHEVROLET,NOVA SUPER SPORT 396,CHEVY NOVA 69,,,0,0,0,1,SELL,1.0,SELL,1,20000,wheelspin_lab/20260919_023755_1d4d8f4f/spin_000091/full.png,wheelspin_lab/20260919_023755_1d4d8f4f/spin_000091/slot_1.png,wheelspin_lab/20260919_023755_1d4d8f4f/20260919_023755_1d4d8f4f_000091/duplicate_030135_109897.png,1.0
272,20260919_023755_1d4d8f4f:000091,2,2026-09-18T18:01:34.702+00:00,CREDITS,"50,000",50 000,1.0,,BLUE,50000,,,,,,,,,,,,,,0,,wheelspin_lab/20260919_023755_1d4d8f4f/spin_000091/full.png,wheelspin_lab/20260919_023755_1d4d8f4f/spin_000091/slot_2.png,,
273,20260919_023755_1d4d8f4f:000091,3,2026-09-18T18:01:34.702+00:00,CREDITS,"0 5,000",0 5 000,0.99,,BLUE,5000,,,,,,,,,,,,,,0,,wheelspin_lab/20260919_023755_1d4d8f4f/spin_000091/full.png,wheelspin_lab/20260919_023755_1d4d8f4f/spin_000091/slot_3.png,,
274,20260919_023755_1d4d8f4f:000092,1,2026-09-18T18:01:42.356+00:00,CAR,1993 FORD Mustang SVT Cobra R,1993 ford mustang svt cobra r,0.78,,BLUE,,1993,FORD,MUSTANG SVT COBRA R,FORD MUSTANG 93,,,0,0,0,1,SELL,1.0,SELL,1,42000,wheelspin_lab/20260919_023755_1d4d8f4f/spin_000092/full.png,wheelspin_lab/20260919_023755_1d4d8f4f/spin_000092/slot_1.png,wheelspin_lab/20260919_023755_1d4d8f4f/20260919_023755_1d4d8f4f_000092/duplicate_030142_749648.png,1.0
275,20260919_023755_1d4d8f4f:000092,2,2026-09-18T18:01:42.356+00:00,CREDITS,"95,000",95 000,1.0,,BLUE,95000,,,,,,,,,,,,,,0,,wheelspin_lab/20260919_023755_1d4d8f4f/spin_000092/full.png,wheelspin_lab/20260919_023755_1d4d8f4f/spin_000092/slot_2.png,,
276,20260919_023755_1d4d8f4f:000092,3,2026-09-18T18:01:42.356+00:00,CREDITS,"80,000",80 000,1.0,,BLUE,80000,,,,,,,,,,,,,,0,,wheelspin_lab/20260919_023755_1d4d8f4f/spin_000092/full.png,wheelspin_lab/20260919_023755_1d4d8f4f/spin_000092/slot_3.png,,
277,20260919_023755_1d4d8f4f:000093,1,2026-09-18T18:01:49.707+00:00,CREDITS,"10,000",10 000,1.0,,OTHER,10000,,,,,,,,,,,,,,0,,wheelspin_lab/20260919_023755_1d4d8f4f/spin_000093/full.png,wheelspin_lab/20260919_023755_1d4d8f4f/spin_000093/slot_1.png,,
278,20260919_023755_1d4d8f4f:000093,2,2026-09-18T18:01:49.707+00:00,CREDITS,"15,000",15 000,1.0,,OTHER,15000,,,,,,,,,,,,,,0,,wheelspin_lab/20260919_023755_1d4d8f4f/spin_000093/full.png,wheelspin_lab/20260919_023755_1d4d8f4f/spin_000093/slot_2.png,,
279,20260919_023755_1d4d8f4f:000093,3,2026-09-18T18:01:49.707+00:00,CREDITS,"10,000",10 000,1.0,,OTHER,10000,,,,,,,,,,,,,,0,,wheelspin_lab/20260919_023755_1d4d8f4f/spin_000093/full.png,wheelspin_lab/20260919_023755_1d4d8f4f/spin_000093/slot_3.png,,
280,20260919_023755_1d4d8f4f:000094,1,2026-09-18T18:01:55.275+00:00,CREDITS,"R 100,000",r 100 000,1.0,,BLUE,100000,,,,,,,,,,,,,,0,,wheelspin_lab/20260919_023755_1d4d8f4f/spin_000094/full.png,wheelspin_lab/20260919_023755_1d4d8f4f/spin_000094/slot_1.png,,
281,20260919_023755_1d4d8f4f:000094,2,2026-09-18T18:01:55.275+00:00,CREDITS,"15,000",15 000,1.0,,BLUE,15000,,,,,,,,,,,,,,0,,wheelspin_lab/20260919_023755_1d4d8f4f/spin_000094/full.png,wheelspin_lab/20260919_023755_1d4d8f4f/spin_000094/slot_2.png,,
282,20260919_023755_1d4d8f4f:000094,3,2026-09-18T18:01:55.275+00:00,CAR,1980 ABARTH Fiat 131,1980 abarth fiat 131,0.78,,OTHER,,1980,ABARTH,FIAT 131,ABARTH 131,,,0,0,0,1,SELL,1.0,SELL,1,62500,wheelspin_lab/20260919_023755_1d4d8f4f/spin_000094/full.png,wheelspin_lab/20260919_023755_1d4d8f4f/spin_000094/slot_3.png,wheelspin_lab/20260919_023755_1d4d8f4f/20260919_023755_1d4d8f4f_000094/duplicate_030155_756863.png,1.0
283,20260919_023755_1d4d8f4f:000095,1,2026-09-18T18:02:02.506+00:00,CREDITS,"200,000",200 000,1.0,,NEUTRAL,200000,,,,,,,,,,,,,,0,,wheelspin_lab/20260919_023755_1d4d8f4f/spin_000095/full.png,wheelspin_lab/20260919_023755_1d4d8f4f/spin_000095/slot_1.png,,
284,20260919_023755_1d4d8f4f:000095,2,2026-09-18T18:02:02.506+00:00,CREDITS,"50,000",50 000,1.0,,NEUTRAL,50000,,,,,,,,,,,,,,0,,wheelspin_lab/20260919_023755_1d4d8f4f/spin_000095/full.png,wheelspin_lab/20260919_023755_1d4d8f4f/spin_000095/slot_2.png,,
285,20260919_023755_1d4d8f4f:000095,3,2026-09-18T18:02:02.506+00:00,CREDITS,"250,000",250 000,1.0,,NEUTRAL,250000,,,,,,,,,,,,,,0,,wheelspin_lab/20260919_023755_1d4d8f4f/spin_000095/full.png,wheelspin_lab/20260919_023755_1d4d8f4f/spin_000095/slot_3.png,,
286,20260919_023755_1d4d8f4f:000096,1,2026-09-18T18:02:08.093+00:00,CAR,2005 TVR Sagaris 6,2005 tvr sagaris 6,0.78,,NEUTRAL,,2005,TVR,SAGARIS 6,TVR SAGARIS,,,0,0,0,1,SELL,1.0,SELL,1,57500,wheelspin_lab/20260919_023755_1d4d8f4f/spin_000096/full.png,wheelspin_lab/20260919_023755_1d4d8f4f/spin_000096/slot_1.png,wheelspin_lab/20260919_023755_1d4d8f4f/20260919_023755_1d4d8f4f_000096/duplicate_030208_516658.png,1.0
287,20260919_023755_1d4d8f4f:000096,2,2026-09-18T18:02:08.093+00:00,CAR,2023 FORD Fiesta ST,2023 ford fiesta st,0.78,,OTHER,,2023,FORD,FIESTA ST,FORD FIESTA 23,,,0,0,0,1,SELL,1.0,SELL,1,13000,wheelspin_lab/20260919_023755_1d4d8f4f/spin_000096/full.png,wheelspin_lab/20260919_023755_1d4d8f4f/spin_000096/slot_2.png,wheelspin_lab/20260919_023755_1d4d8f4f/20260919_023755_1d4d8f4f_000096/duplicate_030210_115537.png,1.0
288,20260919_023755_1d4d8f4f:000096,3,2026-09-18T18:02:08.093+00:00,CREDITS,"10,000",10 000,1.0,,OTHER,10000,,,,,,,,,,,,,,0,,wheelspin_lab/20260919_023755_1d4d8f4f/spin_000096/full.png,wheelspin_lab/20260919_023755_1d4d8f4f/spin_000096/slot_3.png,,
289,20260919_023755_1d4d8f4f:000097,1,2026-09-18T18:02:17.062+00:00,CREDITS,"15,000",15 000,1.0,,NEUTRAL,15000,,,,,,,,,,,,,,0,,wheelspin_lab/20260919_023755_1d4d8f4f/spin_000097/full.png,wheelspin_lab/20260919_023755_1d4d8f4f/spin_000097/slot_1.png,,
290,20260919_023755_1d4d8f4f:000097,2,2026-09-18T18:02:17.062+00:00,CAR,650s spicier,650s spicier,0.55,,NEUTRAL,,,,V BLACKWING,650S SPIDER,,,,0,0,1,SELL,1.0,SELL,1,65000,wheelspin_lab/20260919_023755_1d4d8f4f/spin_000097/full.png,wheelspin_lab/20260919_023755_1d4d8f4f/spin_000097/slot_2.png,wheelspin_lab/20260919_023755_1d4d8f4f/20260919_023755_1d4d8f4f_000097/duplicate_030217_462238.png,1.0
291,20260919_023755_1d4d8f4f:000097,3,2026-09-18T18:02:17.062+00:00,CAR,2022 CT5-v Blackwing,2022 ct5 v blackwing,0.78,,NEUTRAL,,2022,CT5,CADILLAC CT5 V,CADILLAC CT5 V,,,0,0,0,1,SELL,1.0,SELL,1,45000,wheelspin_lab/20260919_023755_1d4d8f4f/spin_000097/full.png,wheelspin_lab/20260919_023755_1d4d8f4f/spin_000097/slot_3.png,wheelspin_lab/20260919_023755_1d4d8f4f/20260919_023755_1d4d8f4f_000097/duplicate_030219_259416.png,1.0
292,20260919_023755_1d4d8f4f:000098,1,2026-09-18T18:02:26.686+00:00,CREDITS,"025,000",025 000,1.0,,GREEN,25000,,,,,,,,,,,,,,0,,wheelspin_lab/20260919_023755_1d4d8f4f/spin_000098/full.png,wheelspin_lab/20260919_023755_1d4d8f4f/spin_000098/slot_1.png,,
293,20260919_023755_1d4d8f4f:000098,2,2026-09-18T18:02:26.688+00:00,CREDITS,"20,000",20 000,1.0,,GREEN,20000,,,,,,,,,,,,,,0,,wheelspin_lab/20260919_023755_1d4d8f4f/spin_000098/full.png,wheelspin_lab/20260919_023755_1d4d8f4f/spin_000098/slot_2.png,,
294,20260919_023755_1d4d8f4f:000098,3,2026-09-18T18:02:26.688+00:00,CREDITS,"0 5,000",0 5 000,0.99,,GREEN,5000,,,,,,,,,,,,,,0,,wheelspin_lab/20260919_023755_1d4d8f4f/spin_000098/full.png,wheelspin_lab/20260919_023755_1d4d8f4f/spin_000098/slot_3.png,,
295,20260919_023755_1d4d8f4f:000099,1,2026-09-18T18:02:31.990+00:00,CAR,2015 CHEVROLET Camaro Z/28,2015 chevrolet camaro z 28,0.78,,BLUE,,2015,CHEVROLET,CAMARO Z 28,CHEVY CAMARO 15,,,0,0,0,1,SELL,1.0,SELL,1,32500,wheelspin_lab/20260919_023755_1d4d8f4f/spin_000099/full.png,wheelspin_lab/20260919_023755_1d4d8f4f/spin_000099/slot_1.png,wheelspin_lab/20260919_023755_1d4d8f4f/20260919_023755_1d4d8f4f_000099/duplicate_030232_388170.png,1.0
296,20260919_023755_1d4d8f4f:000099,2,2026-09-18T18:02:31.990+00:00,CREDITS,"15,000",15 000,1.0,,OTHER,15000,,,,,,,,,,,,,,0,,wheelspin_lab/20260919_023755_1d4d8f4f/spin_000099/full.png,wheelspin_lab/20260919_023755_1d4d8f4f/spin_000099/slot_2.png,,
297,20260919_023755_1d4d8f4f:000099,3,2026-09-18T18:02:31.990+00:00,CAR,1997 HONDA Civic Type R,1997 honda civic type r,0.78,,OTHER,,1997,HONDA,CIVIC TYPE R,HONDA CIVIC 97,,,0,0,0,1,SELL,1.0,SELL,1,15000,wheelspin_lab/20260919_023755_1d4d8f4f/spin_000099/full.png,wheelspin_lab/20260919_023755_1d4d8f4f/spin_000099/slot_3.png,wheelspin_lab/20260919_023755_1d4d8f4f/20260919_023755_1d4d8f4f_000099/duplicate_030233_941928.png,1.0
298,20260919_023755_1d4d8f4f:000100,1,2026-09-18T18:02:40.879+00:00,CREDITS,"10,000",10 000,1.0,,OTHER,10000,,,,,,,,,,,,,,0,,wheelspin_lab/20260919_023755_1d4d8f4f/spin_000100/full.png,wheelspin_lab/20260919_023755_1d4d8f4f/spin_000100/slot_1.png,,
299,20260919_023755_1d4d8f4f:000100,2,2026-09-18T18:02:40.879+00:00,CREDITS,"50,000",50 000,1.0,,NEUTRAL,50000,,,,,,,,,,,,,,0,,wheelspin_lab/20260919_023755_1d4d8f4f/spin_000100/full.png,wheelspin_lab/20260919_023755_1d4d8f4f/spin_000100/slot_2.png,,
300,20260919_023755_1d4d8f4f:000100,3,2026-09-18T18:02:40.879+00:00,CREDITS,"R 45,000",r 45 000,1.0,,OTHER,45000,,,,,,,,,,,,,,0,,wheelspin_lab/20260919_023755_1d4d8f4f/spin_000100/full.png,wheelspin_lab/20260919_023755_1d4d8f4f/spin_000100/slot_3.png,,
301,20260919_023755_1d4d8f4f:000101,1,2026-09-18T18:02:46.426+00:00,CREDITS,"45,000",45 000,1.0,,NEUTRAL,45000,,,,,,,,,,,,,,0,,wheelspin_lab/20260919_023755_1d4d8f4f/spin_000101/full.png,wheelspin_lab/20260919_023755_1d4d8f4f/spin_000101/slot_1.png,,
302,20260919_023755_1d4d8f4f:000101,2,2026-09-18T18:02:46.426+00:00,CREDITS,"R 20,000",r 20 000,1.0,,NEUTRAL,20000,,,,,,,,,,,,,,0,,wheelspin_lab/20260919_023755_1d4d8f4f/spin_000101/full.png,wheelspin_lab/20260919_023755_1d4d8f4f/spin_000101/slot_2.png,,
303,20260919_023755_1d4d8f4f:000101,3,2026-09-18T18:02:46.426+00:00,CREDITS,"R 12,000",r 12 000,1.0,,NEUTRAL,12000,,,,,,,,,,,,,,0,,wheelspin_lab/20260919_023755_1d4d8f4f/spin_000101/full.png,wheelspin_lab/20260919_023755_1d4d8f4f/spin_000101/slot_3.png,,
304,20260919_023755_1d4d8f4f:000102,1,2026-09-18T18:02:52.394+00:00,CREDITS,"100,000",100 000,1.0,,BLUE,100000,,,,,,,,,,,,,,0,,wheelspin_lab/20260919_023755_1d4d8f4f/spin_000102/full.png,wheelspin_lab/20260919_023755_1d4d8f4f/spin_000102/slot_1.png,,
305,20260919_023755_1d4d8f4f:000102,2,2026-09-18T18:02:52.394+00:00,CREDITS,"15,000",15 000,1.0,,BLUE,15000,,,,,,,,,,,,,,0,,wheelspin_lab/20260919_023755_1d4d8f4f/spin_000102/full.png,wheelspin_lab/20260919_023755_1d4d8f4f/spin_000102/slot_2.png,,
306,20260919_023755_1d4d8f4f:000102,3,2026-09-18T18:02:52.394+00:00,CREDITS,"e 8,000",e 8 000,0.99,,BLUE,8000,,,,,,,,,,,,,,0,,wheelspin_lab/20260919_023755_1d4d8f4f/spin_000102/full.png,wheelspin_lab/20260919_023755_1d4d8f4f/spin_000102/slot_3.png,,
307,20260919_023755_1d4d8f4f:000103,1,2026-09-18T18:02:57.609+00:00,CREDITS,"10,000",10 000,1.0,,OTHER,10000,,,,,,,,,,,,,,0,,wheelspin_lab/20260919_023755_1d4d8f4f/spin_000103/full.png,wheelspin_lab/20260919_023755_1d4d8f4f/spin_000103/slot_1.png,,
308,20260919_023755_1d4d8f4f:000103,2,2026-09-18T18:02:57.609+00:00,CAR,1997 HONDA Civic Type R,1997 honda civic type r,0.78,,OTHER,,1997,HONDA,CIVIC TYPE R,HONDA CIVIC 97,,,0,0,0,1,SELL,1.0,SELL,1,15000,wheelspin_lab/20260919_023755_1d4d8f4f/spin_000103/full.png,wheelspin_lab/20260919_023755_1d4d8f4f/spin_000103/slot_2.png,wheelspin_lab/20260919_023755_1d4d8f4f/20260919_023755_1d4d8f4f_000103/duplicate_030258_015552.png,1.0
309,20260919_023755_1d4d8f4f:000103,3,2026-09-18T18:02:57.609+00:00,CREDITS,"R 175,000",r 175 000,1.0,,PURPLE,175000,,,,,,,,,,,,,,0,,wheelspin_lab/20260919_023755_1d4d8f4f/spin_000103/full.png,wheelspin_lab/20260919_023755_1d4d8f4f/spin_000103/slot_3.png,,
310,20260919_023755_1d4d8f4f:000104,1,2026-09-18T18:03:05.048+00:00,CAR,2013 MCLAREN,2013 mclaren,0.45,,NEUTRAL,,2013,MCLAREN,MCLAREN PL,MCLAREN PL,,,0,0,0,1,SELL,1.0,SELL,1,775000,wheelspin_lab/20260919_023755_1d4d8f4f/spin_000104/full.png,wheelspin_lab/20260919_023755_1d4d8f4f/spin_000104/slot_1.png,wheelspin_lab/20260919_023755_1d4d8f4f/20260919_023755_1d4d8f4f_000104/duplicate_030305_528695.png,1.0
311,20260919_023755_1d4d8f4f:000104,2,2026-09-18T18:03:05.048+00:00,CREDITS,"100,000",100 000,1.0,,NEUTRAL,100000,,,,,,,,,,,,,,0,,wheelspin_lab/20260919_023755_1d4d8f4f/spin_000104/full.png,wheelspin_lab/20260919_023755_1d4d8f4f/spin_000104/slot_2.png,,
312,20260919_023755_1d4d8f4f:000104,3,2026-09-18T18:03:05.048+00:00,CREDITS,"15,000",15 000,1.0,,NEUTRAL,15000,,,,,,,,,,,,,,0,,wheelspin_lab/20260919_023755_1d4d8f4f/spin_000104/full.png,wheelspin_lab/20260919_023755_1d4d8f4f/spin_000104/slot_3.png,,
313,20260919_023755_1d4d8f4f:000105,1,2026-09-18T18:03:12.591+00:00,CREDITS,"95,000",95 000,1.0,,BLUE,95000,,,,,,,,,,,,,,0,,wheelspin_lab/20260919_023755_1d4d8f4f/spin_000105/full.png,wheelspin_lab/20260919_023755_1d4d8f4f/spin_000105/slot_1.png,,
314,20260919_023755_1d4d8f4f:000105,2,2026-09-18T18:03:12.591+00:00,CREDITS,"940,000",940 000,1.0,,BLUE,940000,,,,,,,,,,,,,,0,,wheelspin_lab/20260919_023755_1d4d8f4f/spin_000105/full.png,wheelspin_lab/20260919_023755_1d4d8f4f/spin_000105/slot_2.png,,
315,20260919_023755_1d4d8f4f:000105,3,2026-09-18T18:03:12.591+00:00,CAR,1999 FORD Racing Puma,1999 ford racing puma,0.78,,BLUE,,1999,FORD,RACING PUMA,FORD RACING PUMA,,,0,0,0,1,SELL,1.0,SELL,1,15000,wheelspin_lab/20260919_023755_1d4d8f4f/spin_000105/full.png,wheelspin_lab/20260919_023755_1d4d8f4f/spin_000105/slot_3.png,wheelspin_lab/20260919_023755_1d4d8f4f/20260919_023755_1d4d8f4f_000105/duplicate_030312_988440.png,1.0
316,20260919_023755_1d4d8f4f:000106,1,2026-09-18T18:03:19.856+00:00,CREDITS,"15,000",15 000,1.0,,OTHER,15000,,,,,,,,,,,,,,0,,wheelspin_lab/20260919_023755_1d4d8f4f/spin_000106/full.png,wheelspin_lab/20260919_023755_1d4d8f4f/spin_000106/slot_1.png,,
317,20260919_023755_1d4d8f4f:000106,2,2026-09-18T18:03:19.856+00:00,CAR,1986 FORD -150 XLT Lariat Forza Editio STUNT SKILLS BOOST,1986 ford 150 xlt lariat forza editio stunt skills boost,0.78,,NEUTRAL,,1986,FORD,150 XLT LARIAT FORZA EDITIO STUNT SKILLS BOOST,FORD F 150 FE,,,0,0,0,1,SELL,1.0,SELL,1,250000,wheelspin_lab/20260919_023755_1d4d8f4f/spin_000106/full.png,wheelspin_lab/20260919_023755_1d4d8f4f/spin_000106/slot_2.png,wheelspin_lab/20260919_023755_1d4d8f4f/20260919_023755_1d4d8f4f_000106/duplicate_030320_249739.png,1.0
318,20260919_023755_1d4d8f4f:000106,3,2026-09-18T18:03:19.856+00:00,CAR,2019 TOYOTA Tacoma TRD Pro,2019 toyota tacoma trd pro,0.78,,NEUTRAL,,2019,TOYOTA,TACOMA TRD PRO,TOYOTA TACOMA,,,0,0,0,1,SELL,1.0,SELL,1,17000,wheelspin_lab/20260919_023755_1d4d8f4f/spin_000106/full.png,wheelspin_lab/20260919_023755_1d4d8f4f/spin_000106/slot_3.png,wheelspin_lab/20260919_023755_1d4d8f4f/20260919_023755_1d4d8f4f_000106/duplicate_030321_850727.png,1.0
319,20260919_023755_1d4d8f4f:000107,1,2026-09-18T18:03:28.848+00:00,CREDITS,"R 150,000",r 150 000,1.0,,PURPLE,150000,,,,,,,,,,,,,,0,,wheelspin_lab/20260919_023755_1d4d8f4f/spin_000107/full.png,wheelspin_lab/20260919_023755_1d4d8f4f/spin_000107/slot_1.png,,
320,20260919_023755_1d4d8f4f:000107,2,2026-09-18T18:03:28.848+00:00,CREDITS,"R 35,000",r 35 000,1.0,,PURPLE,35000,,,,,,,,,,,,,,0,,wheelspin_lab/20260919_023755_1d4d8f4f/spin_000107/full.png,wheelspin_lab/20260919_023755_1d4d8f4f/spin_000107/slot_2.png,,
321,20260919_023755_1d4d8f4f:000107,3,2026-09-18T18:03:28.848+00:00,CREDITS,"15,000",15 000,1.0,,PURPLE,15000,,,,,,,,,,,,,,0,,wheelspin_lab/20260919_023755_1d4d8f4f/spin_000107/full.png,wheelspin_lab/20260919_023755_1d4d8f4f/spin_000107/slot_3.png,,
322,20260919_023755_1d4d8f4f:000108,1,2026-09-18T18:03:34.095+00:00,CREDITS,"R 50,000",r 50 000,1.0,,BLUE,50000,,,,,,,,,,,,,,0,,wheelspin_lab/20260919_023755_1d4d8f4f/spin_000108/full.png,wheelspin_lab/20260919_023755_1d4d8f4f/spin_000108/slot_1.png,,
323,20260919_023755_1d4d8f4f:000108,2,2026-09-18T18:03:34.095+00:00,CREDITS,"R 50,000",r 50 000,1.0,,BLUE,50000,,,,,,,,,,,,,,0,,wheelspin_lab/20260919_023755_1d4d8f4f/spin_000108/full.png,wheelspin_lab/20260919_023755_1d4d8f4f/spin_000108/slot_2.png,,
324,20260919_023755_1d4d8f4f:000108,3,2026-09-18T18:03:34.095+00:00,CAR,1980 SUBARU BRAT GL,1980 subaru brat gl,0.78,,OTHER,,1980,SUBARU,BRAT GL,SUBARU BRAT,,,0,0,0,1,SELL,1.0,SELL,1,10000,wheelspin_lab/20260919_023755_1d4d8f4f/spin_000108/full.png,wheelspin_lab/20260919_023755_1d4d8f4f/spin_000108/slot_3.png,wheelspin_lab/20260919_023755_1d4d8f4f/20260919_023755_1d4d8f4f_000108/duplicate_030334_499997.png,1.0
325,20260919_023755_1d4d8f4f:000109,1,2026-09-18T18:03:41.681+00:00,CREDITS,"920,000",920 000,1.0,,GREEN,920000,,,,,,,,,,,,,,0,,wheelspin_lab/20260919_023755_1d4d8f4f/spin_000109/full.png,wheelspin_lab/20260919_023755_1d4d8f4f/spin_000109/slot_1.png,,
326,20260919_023755_1d4d8f4f:000109,2,2026-09-18T18:03:41.681+00:00,CAR,1987 PONTIAC Firebird Trans Am GTA,1987 pontiac firebird trans am gta,0.78,,GREEN,,1987,PONTIAC,FIREBIRD TRANS AM GTA,PONTIAC WA 87,,,0,0,0,1,SELL,1.0,SELL,1,12500,wheelspin_lab/20260919_023755_1d4d8f4f/spin_000109/full.png,wheelspin_lab/20260919_023755_1d4d8f4f/spin_000109/slot_2.png,wheelspin_lab/20260919_023755_1d4d8f4f/20260919_023755_1d4d8f4f_000109/duplicate_030342_160075.png,1.0
327,20260919_023755_1d4d8f4f:000109,3,2026-09-18T18:03:41.681+00:00,CREDITS,"e 8,000",e 8 000,0.99,,GREEN,8000,,,,,,,,,,,,,,0,,wheelspin_lab/20260919_023755_1d4d8f4f/spin_000109/full.png,wheelspin_lab/20260919_023755_1d4d8f4f/spin_000109/slot_3.png,,
328,20260919_023755_1d4d8f4f:000110,1,2026-09-18T18:03:49.225+00:00,CREDITS,"95,000",95 000,1.0,,ORANGE,95000,,,,,,,,,,,,,,0,,wheelspin_lab/20260919_023755_1d4d8f4f/spin_000110/full.png,wheelspin_lab/20260919_023755_1d4d8f4f/spin_000110/slot_1.png,,
329,20260919_023755_1d4d8f4f:000110,2,2026-09-18T18:03:49.225+00:00,CAR,2018 MERCEDES-AMG E 63 S,2018 mercedes amg e 63 s,0.78,,ORANGE,,2018,MERCEDES,AMG E 63 S,MERCEDES AMG E63,,,0,0,0,1,SELL,1.0,SELL,1,31500,wheelspin_lab/20260919_023755_1d4d8f4f/spin_000110/full.png,wheelspin_lab/20260919_023755_1d4d8f4f/spin_000110/slot_2.png,wheelspin_lab/20260919_023755_1d4d8f4f/20260919_023755_1d4d8f4f_000110/duplicate_030349_705752.png,1.0
330,20260919_023755_1d4d8f4f:000110,3,2026-09-18T18:03:49.225+00:00,CAR,1962 PEEL P50,1962 peel p50,0.78,,ORANGE,,1962,PEEL,P50,PEEL P50,,,0,0,0,1,SELL,1.0,SELL,1,10500,wheelspin_lab/20260919_023755_1d4d8f4f/spin_000110/full.png,wheelspin_lab/20260919_023755_1d4d8f4f/spin_000110/slot_3.png,wheelspin_lab/20260919_023755_1d4d8f4f/20260919_023755_1d4d8f4f_000110/duplicate_030351_088714.png,1.0
331,20260919_023755_1d4d8f4f:000111,1,2026-09-18T18:03:57.789+00:00,CREDITS,"25,000",25 000,1.0,,OTHER,25000,,,,,,,,,,,,,,0,,wheelspin_lab/20260919_023755_1d4d8f4f/spin_000111/full.png,wheelspin_lab/20260919_023755_1d4d8f4f/spin_000111/slot_1.png,,
332,20260919_023755_1d4d8f4f:000111,2,2026-09-18T18:03:57.789+00:00,CREDITS,"R 45,000",r 45 000,1.0,,OTHER,45000,,,,,,,,,,,,,,0,,wheelspin_lab/20260919_023755_1d4d8f4f/spin_000111/full.png,wheelspin_lab/20260919_023755_1d4d8f4f/spin_000111/slot_2.png,,
333,20260919_023755_1d4d8f4f:000111,3,2026-09-18T18:03:57.789+00:00,CREDITS,"R 20,000",r 20 000,1.0,,OTHER,20000,,,,,,,,,,,,,,0,,wheelspin_lab/20260919_023755_1d4d8f4f/spin_000111/full.png,wheelspin_lab/20260919_023755_1d4d8f4f/spin_000111/slot_3.png,,
334,20260919_023755_1d4d8f4f:000112,1,2026-09-18T18:04:03.272+00:00,CREDITS,"12,000",12 000,1.0,,OTHER,12000,,,,,,,,,,,,,,0,,wheelspin_lab/20260919_023755_1d4d8f4f/spin_000112/full.png,wheelspin_lab/20260919_023755_1d4d8f4f/spin_000112/slot_1.png,,
335,20260919_023755_1d4d8f4f:000112,2,2026-09-18T18:04:03.273+00:00,CREDITS,"R 80,000",r 80 000,1.0,,NEUTRAL,80000,,,,,,,,,,,,,,0,,wheelspin_lab/20260919_023755_1d4d8f4f/spin_000112/full.png,wheelspin_lab/20260919_023755_1d4d8f4f/spin_000112/slot_2.png,,
336,20260919_023755_1d4d8f4f:000112,3,2026-09-18T18:04:03.273+00:00,CREDITS,"15,000",15 000,1.0,,OTHER,15000,,,,,,,,,,,,,,0,,wheelspin_lab/20260919_023755_1d4d8f4f/spin_000112/full.png,wheelspin_lab/20260919_023755_1d4d8f4f/spin_000112/slot_3.png,,
337,20260919_023755_1d4d8f4f:000113,1,2026-09-18T18:04:08.863+00:00,CAR,1970 DODGE Challenger RIT,1970 dodge challenger rit,0.78,,PURPLE,,1970,DODGE,CHALLENGER RIT,CHALLENGER 70,,,0,0,0,1,SELL,1.0,SELL,1,262500,wheelspin_lab/20260919_023755_1d4d8f4f/spin_000113/full.png,wheelspin_lab/20260919_023755_1d4d8f4f/spin_000113/slot_1.png,wheelspin_lab/20260919_023755_1d4d8f4f/20260919_023755_1d4d8f4f_000113/duplicate_030409_268326.png,1.0
338,20260919_023755_1d4d8f4f:000113,2,2026-09-18T18:04:08.863+00:00,CAR,2016 JEEP Trailcat,2016 jeep trailcat,0.78,,PURPLE,,2016,JEEP,TRAILCAT,JEEP TRAILCAT,,,0,0,0,1,SELL,1.0,SELL,1,35000,wheelspin_lab/20260919_023755_1d4d8f4f/spin_000113/full.png,wheelspin_lab/20260919_023755_1d4d8f4f/spin_000113/slot_2.png,wheelspin_lab/20260919_023755_1d4d8f4f/20260919_023755_1d4d8f4f_000113/duplicate_030410_739791.png,1.0
339,20260919_023755_1d4d8f4f:000113,3,2026-09-18T18:04:08.863+00:00,CREDITS,"R 35,000",r 35 000,1.0,,OTHER,35000,,,,,,,,,,,,,,0,,wheelspin_lab/20260919_023755_1d4d8f4f/spin_000113/full.png,wheelspin_lab/20260919_023755_1d4d8f4f/spin_000113/slot_3.png,,
340,20260919_023755_1d4d8f4f:000114,1,2026-09-18T18:04:17.826+00:00,CAR,2019 TOYOTA Tacoma TRD Pro,2019 toyota tacoma trd pro,0.78,,BLUE,,2019,TOYOTA,TACOMA TRD PRO,TOYOTA TACOMA,,,0,0,0,1,SELL,1.0,SELL,1,17000,wheelspin_lab/20260919_023755_1d4d8f4f/spin_000114/full.png,wheelspin_lab/20260919_023755_1d4d8f4f/spin_000114/slot_1.png,wheelspin_lab/20260919_023755_1d4d8f4f/20260919_023755_1d4d8f4f_000114/duplicate_030418_218929.png,1.0
341,20260919_023755_1d4d8f4f:000114,2,2026-09-18T18:04:17.826+00:00,CAR,1957 BMW Isetta 300 Export,1957 bmw isetta 300 export,0.78,,OTHER,,1957,BMW,ISETTA 300 EXPORT,BMW SETTA,,,0,0,0,1,SELL,1.0,SELL,1,42000,wheelspin_lab/20260919_023755_1d4d8f4f/spin_000114/full.png,wheelspin_lab/20260919_023755_1d4d8f4f/spin_000114/slot_2.png,wheelspin_lab/20260919_023755_1d4d8f4f/20260919_023755_1d4d8f4f_000114/duplicate_030419_995515.png,1.0
342,20260919_023755_1d4d8f4f:000114,3,2026-09-18T18:04:17.826+00:00,CREDITS,"15,000",15 000,1.0,,OTHER,15000,,,,,,,,,,,,,,0,,wheelspin_lab/20260919_023755_1d4d8f4f/spin_000114/full.png,wheelspin_lab/20260919_023755_1d4d8f4f/spin_000114/slot_3.png,,
343,20260919_023755_1d4d8f4f:000115,1,2026-09-18T18:04:27.353+00:00,CREDITS,"175,000",175 000,1.0,,PURPLE,175000,,,,,,,,,,,,,,0,,wheelspin_lab/20260919_023755_1d4d8f4f/spin_000115/full.png,wheelspin_lab/20260919_023755_1d4d8f4f/spin_000115/slot_1.png,,
344,20260919_023755_1d4d8f4f:000115,2,2026-09-18T18:04:27.353+00:00,CREDITS,"150,000",150 000,1.0,,PURPLE,150000,,,,,,,,,,,,,,0,,wheelspin_lab/20260919_023755_1d4d8f4f/spin_000115/full.png,wheelspin_lab/20260919_023755_1d4d8f4f/spin_000115/slot_2.png,,
345,20260919_023755_1d4d8f4f:000115,3,2026-09-18T18:04:27.353+00:00,OTHER,"95,000",95 000,0.55,,OTHER,,,,,,,,,,,,,,,0,,wheelspin_lab/20260919_023755_1d4d8f4f/spin_000115/full.png,wheelspin_lab/20260919_023755_1d4d8f4f/spin_000115/slot_3.png,,
346,20260919_023755_1d4d8f4f:000116,1,2026-09-18T18:04:32.686+00:00,CAR,8C Collipetizione,8c collipetizione,0.55,,NEUTRAL,,,,ALFA ROMEO 8C,ALFA ROMEO 8C,,,,0,0,1,SELL,1.0,SELL,1,156000,wheelspin_lab/20260919_023755_1d4d8f4f/spin_000116/full.png,wheelspin_lab/20260919_023755_1d4d8f4f/spin_000116/slot_1.png,wheelspin_lab/20260919_023755_1d4d8f4f/20260919_023755_1d4d8f4f_000116/duplicate_030433_096944.png,1.0
347,20260919_023755_1d4d8f4f:000116,2,2026-09-18T18:04:32.686+00:00,CREDITS,"35,000",35 000,1.0,,NEUTRAL,35000,,,,,,,,,,,,,,0,,wheelspin_lab/20260919_023755_1d4d8f4f/spin_000116/full.png,wheelspin_lab/20260919_023755_1d4d8f4f/spin_000116/slot_2.png,,
348,20260919_023755_1d4d8f4f:000116,3,2026-09-18T18:04:32.686+00:00,CREDITS,"15,000",15 000,1.0,,NEUTRAL,15000,,,,,,,,,,,,,,0,,wheelspin_lab/20260919_023755_1d4d8f4f/spin_000116/full.png,wheelspin_lab/20260919_023755_1d4d8f4f/spin_000116/slot_3.png,,
349,20260919_023755_1d4d8f4f:000117,1,2026-09-18T18:04:39.957+00:00,CAR,2005 BMW M3,2005 bmw m3,0.78,,PURPLE,,2005,BMW,M3,BMW M3 05,,,0,0,0,1,SELL,1.0,SELL,1,17500,wheelspin_lab/20260919_023755_1d4d8f4f/spin_000117/full.png,wheelspin_lab/20260919_023755_1d4d8f4f/spin_000117/slot_1.png,wheelspin_lab/20260919_023755_1d4d8f4f/20260919_023755_1d4d8f4f_000117/duplicate_030440_372668.png,1.0
350,20260919_023755_1d4d8f4f:000117,2,2026-09-18T18:04:39.957+00:00,CREDITS,"200,000",200 000,1.0,,PURPLE,200000,,,,,,,,,,,,,,0,,wheelspin_lab/20260919_023755_1d4d8f4f/spin_000117/full.png,wheelspin_lab/20260919_023755_1d4d8f4f/spin_000117/slot_2.png,,
351,20260919_023755_1d4d8f4f:000117,3,2026-09-18T18:04:39.959+00:00,CREDITS,"45,000",45 000,1.0,,PURPLE,45000,,,,,,,,,,,,,,0,,wheelspin_lab/20260919_023755_1d4d8f4f/spin_000117/full.png,wheelspin_lab/20260919_023755_1d4d8f4f/spin_000117/slot_3.png,,
352,20260919_023755_1d4d8f4f:000118,1,2026-09-18T18:04:47.429+00:00,CREDITS,"95,000",95 000,1.0,,GREEN,95000,,,,,,,,,,,,,,0,,wheelspin_lab/20260919_023755_1d4d8f4f/spin_000118/full.png,wheelspin_lab/20260919_023755_1d4d8f4f/spin_000118/slot_1.png,,
353,20260919_023755_1d4d8f4f:000118,2,2026-09-18T18:04:47.429+00:00,CREDITS,"925,000",925 000,1.0,,GREEN,925000,,,,,,,,,,,,,,0,,wheelspin_lab/20260919_023755_1d4d8f4f/spin_000118/full.png,wheelspin_lab/20260919_023755_1d4d8f4f/spin_000118/slot_2.png,,
354,20260919_023755_1d4d8f4f:000118,3,2026-09-18T18:04:47.429+00:00,CREDITS,"40,000",40 000,1.0,,GREEN,40000,,,,,,,,,,,,,,0,,wheelspin_lab/20260919_023755_1d4d8f4f/spin_000118/full.png,wheelspin_lab/20260919_023755_1d4d8f4f/spin_000118/slot_3.png,,
355,20260919_023755_1d4d8f4f:000119,1,2026-09-18T18:04:52.983+00:00,CREDITS,"c 10,000",c 10 000,1.0,,GREEN,10000,,,,,,,,,,,,,,0,,wheelspin_lab/20260919_023755_1d4d8f4f/spin_000119/full.png,wheelspin_lab/20260919_023755_1d4d8f4f/spin_000119/slot_1.png,,
356,20260919_023755_1d4d8f4f:000119,2,2026-09-18T18:04:52.983+00:00,CREDITS,"95,000",95 000,1.0,,GREEN,95000,,,,,,,,,,,,,,0,,wheelspin_lab/20260919_023755_1d4d8f4f/spin_000119/full.png,wheelspin_lab/20260919_023755_1d4d8f4f/spin_000119/slot_2.png,,
357,20260919_023755_1d4d8f4f:000119,3,2026-09-18T18:04:52.983+00:00,CREDITS,"20,000",20 000,1.0,,GREEN,20000,,,,,,,,,,,,,,0,,wheelspin_lab/20260919_023755_1d4d8f4f/spin_000119/full.png,wheelspin_lab/20260919_023755_1d4d8f4f/spin_000119/slot_3.png,,
358,20260919_023755_1d4d8f4f:000120,1,2026-09-18T18:04:58.343+00:00,CREDITS,"920,000",920 000,1.0,,GREEN,920000,,,,,,,,,,,,,,0,,wheelspin_lab/20260919_023755_1d4d8f4f/spin_000120/full.png,wheelspin_lab/20260919_023755_1d4d8f4f/spin_000120/slot_1.png,,
359,20260919_023755_1d4d8f4f:000120,2,2026-09-18T18:04:58.343+00:00,CREDITS,"45,000",45 000,1.0,,GREEN,45000,,,,,,,,,,,,,,0,,wheelspin_lab/20260919_023755_1d4d8f4f/spin_000120/full.png,wheelspin_lab/20260919_023755_1d4d8f4f/spin_000120/slot_2.png,,
360,20260919_023755_1d4d8f4f:000120,3,2026-09-18T18:04:58.343+00:00,CREDITS,"0 5,000",0 5 000,0.99,,GREEN,5000,,,,,,,,,,,,,,0,,wheelspin_lab/20260919_023755_1d4d8f4f/spin_000120/full.png,wheelspin_lab/20260919_023755_1d4d8f4f/spin_000120/slot_3.png,,
361,20260919_023755_1d4d8f4f:000121,1,2026-09-18T18:05:03.461+00:00,CAR,2002 ACURA RSX Type S,2002 acura rsx type s,0.78,,NEUTRAL,,2002,ACURA,RSX TYPE S,ACURA RSX,,,0,0,0,1,SELL,1.0,SELL,1,9000,wheelspin_lab/20260919_023755_1d4d8f4f/spin_000121/full.png,wheelspin_lab/20260919_023755_1d4d8f4f/spin_000121/slot_1.png,wheelspin_lab/20260919_023755_1d4d8f4f/20260919_023755_1d4d8f4f_000121/duplicate_030503_940968.png,1.0
362,20260919_023755_1d4d8f4f:000121,2,2026-09-18T18:05:03.461+00:00,CREDITS,"R 20,000",r 20 000,1.0,,NEUTRAL,20000,,,,,,,,,,,,,,0,,wheelspin_lab/20260919_023755_1d4d8f4f/spin_000121/full.png,wheelspin_lab/20260919_023755_1d4d8f4f/spin_000121/slot_2.png,,
363,20260919_023755_1d4d8f4f:000121,3,2026-09-18T18:05:03.461+00:00,CREDITS,"R 45,000",r 45 000,1.0,,NEUTRAL,45000,,,,,,,,,,,,,,0,,wheelspin_lab/20260919_023755_1d4d8f4f/spin_000121/full.png,wheelspin_lab/20260919_023755_1d4d8f4f/spin_000121/slot_3.png,,
364,20260919_023755_1d4d8f4f:000122,1,2026-09-18T18:05:10.851+00:00,CREDITS,"250,000",250 000,1.0,,ORANGE,250000,,,,,,,,,,,,,,0,,wheelspin_lab/20260919_023755_1d4d8f4f/spin_000122/full.png,wheelspin_lab/20260919_023755_1d4d8f4f/spin_000122/slot_1.png,,
365,20260919_023755_1d4d8f4f:000122,2,2026-09-18T18:05:10.851+00:00,CAR,2008 BMW M3,2008 bmw m3,0.78,,ORANGE,,2008,BMW,M3,BMW M3 08,,,0,0,0,1,SELL,1.0,SELL,1,21500,wheelspin_lab/20260919_023755_1d4d8f4f/spin_000122/full.png,wheelspin_lab/20260919_023755_1d4d8f4f/spin_000122/slot_2.png,wheelspin_lab/20260919_023755_1d4d8f4f/20260919_023755_1d4d8f4f_000122/duplicate_030511_312080.png,1.0
366,20260919_023755_1d4d8f4f:000122,3,2026-09-18T18:05:10.851+00:00,CREDITS,"15,000",15 000,1.0,,ORANGE,15000,,,,,,,,,,,,,,0,,wheelspin_lab/20260919_023755_1d4d8f4f/spin_000122/full.png,wheelspin_lab/20260919_023755_1d4d8f4f/spin_000122/slot_3.png,,
367,20260919_023755_1d4d8f4f:000123,1,2026-09-18T18:05:18.008+00:00,CREDITS,"R 20,000",r 20 000,1.0,,NEUTRAL,20000,,,,,,,,,,,,,,0,,wheelspin_lab/20260919_023755_1d4d8f4f/spin_000123/full.png,wheelspin_lab/20260919_023755_1d4d8f4f/spin_000123/slot_1.png,,
368,20260919_023755_1d4d8f4f:000123,2,2026-09-18T18:05:18.008+00:00,CREDITS,"R 20,000",r 20 000,1.0,,NEUTRAL,20000,,,,,,,,,,,,,,0,,wheelspin_lab/20260919_023755_1d4d8f4f/spin_000123/full.png,wheelspin_lab/20260919_023755_1d4d8f4f/spin_000123/slot_2.png,,
369,20260919_023755_1d4d8f4f:000123,3,2026-09-18T18:05:18.008+00:00,CREDITS,"15,000",15 000,1.0,,NEUTRAL,15000,,,,,,,,,,,,,,0,,wheelspin_lab/20260919_023755_1d4d8f4f/spin_000123/full.png,wheelspin_lab/20260919_023755_1d4d8f4f/spin_000123/slot_3.png,,
370,20260919_023755_1d4d8f4f:000124,1,2026-09-18T18:05:23.652+00:00,CREDITS,"20,000",20 000,1.0,,PURPLE,20000,,,,,,,,,,,,,,0,,wheelspin_lab/20260919_023755_1d4d8f4f/spin_000124/full.png,wheelspin_lab/20260919_023755_1d4d8f4f/spin_000124/slot_1.png,,
371,20260919_023755_1d4d8f4f:000124,2,2026-09-18T18:05:23.652+00:00,CREDITS,"80,000",80 000,1.0,,PURPLE,80000,,,,,,,,,,,,,,0,,wheelspin_lab/20260919_023755_1d4d8f4f/spin_000124/full.png,wheelspin_lab/20260919_023755_1d4d8f4f/spin_000124/slot_2.png,,
372,20260919_023755_1d4d8f4f:000124,3,2026-09-18T18:05:23.652+00:00,CAR,2020 WULING Sunshine S Forza Edition CREDITS BOOST,2020 wuling sunshine s forza edition credits boost,0.78,,PURPLE,,2020,WULING,SUNSHINE S FORZA EDITION CREDITS BOOST,SUNSHINE FE,,,1,0,0,1,SELL,1.0,SELL,1,250000,wheelspin_lab/20260919_023755_1d4d8f4f/spin_000124/full.png,wheelspin_lab/20260919_023755_1d4d8f4f/spin_000124/slot_3.png,wheelspin_lab/20260919_023755_1d4d8f4f/20260919_023755_1d4d8f4f_000124/duplicate_030524_041361.png,1.0
373,20260919_023755_1d4d8f4f:000125,1,2026-09-18T18:05:31.021+00:00,CREDITS,"75,000",75 000,1.0,,NEUTRAL,75000,,,,,,,,,,,,,,0,,wheelspin_lab/20260919_023755_1d4d8f4f/spin_000125/full.png,wheelspin_lab/20260919_023755_1d4d8f4f/spin_000125/slot_1.png,,
374,20260919_023755_1d4d8f4f:000125,2,2026-09-18T18:05:31.021+00:00,CREDITS,"R 150,000",r 150 000,1.0,,NEUTRAL,150000,,,,,,,,,,,,,,0,,wheelspin_lab/20260919_023755_1d4d8f4f/spin_000125/full.png,wheelspin_lab/20260919_023755_1d4d8f4f/spin_000125/slot_2.png,,
375,20260919_023755_1d4d8f4f:000125,3,2026-09-18T18:05:31.021+00:00,CREDITS,"R 45,000",r 45 000,1.0,,OTHER,45000,,,,,,,,,,,,,,0,,wheelspin_lab/20260919_023755_1d4d8f4f/spin_000125/full.png,wheelspin_lab/20260919_023755_1d4d8f4f/spin_000125/slot_3.png,,
376,20260919_023755_1d4d8f4f:000126,1,2026-09-18T18:05:36.726+00:00,CREDITS,"200,000",200 000,1.0,,PURPLE,200000,,,,,,,,,,,,,,0,,wheelspin_lab/20260919_023755_1d4d8f4f/spin_000126/full.png,wheelspin_lab/20260919_023755_1d4d8f4f/spin_000126/slot_1.png,,
377,20260919_023755_1d4d8f4f:000126,2,2026-09-18T18:05:36.726+00:00,CAR,2015 AUDI,2015 audi,0.45,,PURPLE,,2015,AUDI,AUDI SL,AUDI SL,,,0,0,0,1,SELL,1.0,SELL,1,10500,wheelspin_lab/20260919_023755_1d4d8f4f/spin_000126/full.png,wheelspin_lab/20260919_023755_1d4d8f4f/spin_000126/slot_2.png,wheelspin_lab/20260919_023755_1d4d8f4f/20260919_023755_1d4d8f4f_000126/duplicate_030537_193795.png,1.0
378,20260919_023755_1d4d8f4f:000126,3,2026-09-18T18:05:36.726+00:00,CREDITS,"20,000",20 000,1.0,,PURPLE,20000,,,,,,,,,,,,,,0,,wheelspin_lab/20260919_023755_1d4d8f4f/spin_000126/full.png,wheelspin_lab/20260919_023755_1d4d8f4f/spin_000126/slot_3.png,,
379,20260919_023755_1d4d8f4f:000127,1,2026-09-18T18:05:44.178+00:00,CREDITS,"250,000",250 000,1.0,,ORANGE,250000,,,,,,,,,,,,,,0,,wheelspin_lab/20260919_023755_1d4d8f4f/spin_000127/full.png,wheelspin_lab/20260919_023755_1d4d8f4f/spin_000127/slot_1.png,,
380,20260919_023755_1d4d8f4f:000127,2,2026-09-18T18:05:44.178+00:00,CAR,2009 BMW,2009 bmw,0.45,,ORANGE,,2009,BMW,BMW M5 09,BMW M5 09,,,0,0,0,1,SELL,1.0,SELL,1,27000,wheelspin_lab/20260919_023755_1d4d8f4f/spin_000127/full.png,wheelspin_lab/20260919_023755_1d4d8f4f/spin_000127/slot_2.png,wheelspin_lab/20260919_023755_1d4d8f4f/20260919_023755_1d4d8f4f_000127/duplicate_030544_589485.png,1.0
381,20260919_023755_1d4d8f4f:000127,3,2026-09-18T18:05:44.178+00:00,CREDITS,"200,000",200 000,1.0,,ORANGE,200000,,,,,,,,,,,,,,0,,wheelspin_lab/20260919_023755_1d4d8f4f/spin_000127/full.png,wheelspin_lab/20260919_023755_1d4d8f4f/spin_000127/slot_3.png,,
382,20260919_023755_1d4d8f4f:000128,1,2026-09-18T18:05:51.648+00:00,CREDITS,"c 15,000",c 15 000,1.0,,PURPLE,15000,,,,,,,,,,,,,,0,,wheelspin_lab/20260919_023755_1d4d8f4f/spin_000128/full.png,wheelspin_lab/20260919_023755_1d4d8f4f/spin_000128/slot_1.png,,
383,20260919_023755_1d4d8f4f:000128,2,2026-09-18T18:05:51.648+00:00,CREDITS,"95,000",95 000,1.0,,PURPLE,95000,,,,,,,,,,,,,,0,,wheelspin_lab/20260919_023755_1d4d8f4f/spin_000128/full.png,wheelspin_lab/20260919_023755_1d4d8f4f/spin_000128/slot_2.png,,
384,20260919_023755_1d4d8f4f:000128,3,2026-09-18T18:05:51.649+00:00,CAR,2018 MERCEDES-AMG E 63 s,2018 mercedes amg e 63 s,0.78,,PURPLE,,2018,MERCEDES,AMG E 63 S,MERCEDES AMG E63,,,0,0,0,1,SELL,1.0,SELL,1,31500,wheelspin_lab/20260919_023755_1d4d8f4f/spin_000128/full.png,wheelspin_lab/20260919_023755_1d4d8f4f/spin_000128/slot_3.png,wheelspin_lab/20260919_023755_1d4d8f4f/20260919_023755_1d4d8f4f_000128/duplicate_030552_128049.png,1.0
385,20260919_023755_1d4d8f4f:000129,1,2026-09-18T18:05:59.136+00:00,CREDITS,"10,000",10 000,1.0,,OTHER,10000,,,,,,,,,,,,,,0,,wheelspin_lab/20260919_023755_1d4d8f4f/spin_000129/full.png,wheelspin_lab/20260919_023755_1d4d8f4f/spin_000129/slot_1.png,,
386,20260919_023755_1d4d8f4f:000129,2,2026-09-18T18:05:59.136+00:00,CREDITS,"R 20,000",r 20 000,1.0,,OTHER,20000,,,,,,,,,,,,,,0,,wheelspin_lab/20260919_023755_1d4d8f4f/spin_000129/full.png,wheelspin_lab/20260919_023755_1d4d8f4f/spin_000129/slot_2.png,,
387,20260919_023755_1d4d8f4f:000129,3,2026-09-18T18:05:59.136+00:00,CREDITS,"R 20,000",r 20 000,1.0,,OTHER,20000,,,,,,,,,,,,,,0,,wheelspin_lab/20260919_023755_1d4d8f4f/spin_000129/full.png,wheelspin_lab/20260919_023755_1d4d8f4f/spin_000129/slot_3.png,,
388,20260919_023755_1d4d8f4f:000130,1,2026-09-18T18:06:04.900+00:00,CREDITS,"95,000",95 000,1.0,,GREEN,95000,,,,,,,,,,,,,,0,,wheelspin_lab/20260919_023755_1d4d8f4f/spin_000130/full.png,wheelspin_lab/20260919_023755_1d4d8f4f/spin_000130/slot_1.png,,
389,20260919_023755_1d4d8f4f:000130,2,2026-09-18T18:06:04.900+00:00,CREDITS,"95,000",95 000,1.0,,GREEN,95000,,,,,,,,,,,,,,0,,wheelspin_lab/20260919_023755_1d4d8f4f/spin_000130/full.png,wheelspin_lab/20260919_023755_1d4d8f4f/spin_000130/slot_2.png,,
390,20260919_023755_1d4d8f4f:000130,3,2026-09-18T18:06:04.900+00:00,CAR,2012 JEEP Wrangler Rubicon,2012 jeep wrangler rubicon,0.78,,GREEN,,2012,JEEP,WRANGLER RUBICON,JEEP WRANGLER,,,0,0,0,1,SELL,1.0,SELL,1,8000,wheelspin_lab/20260919_023755_1d4d8f4f/spin_000130/full.png,wheelspin_lab/20260919_023755_1d4d8f4f/spin_000130/slot_3.png,wheelspin_lab/20260919_023755_1d4d8f4f/20260919_023755_1d4d8f4f_000130/duplicate_030605_358512.png,1.0
391,20260919_023755_1d4d8f4f:000131,1,2026-09-18T18:06:12.416+00:00,CAR,2003 HONDA,2003 honda,0.45,,OTHER,,2003,HONDA,HONDA S2000,HONDA S2000,,,0,0,0,1,SELL,1.0,SELL,1,27500,wheelspin_lab/20260919_023755_1d4d8f4f/spin_000131/full.png,wheelspin_lab/20260919_023755_1d4d8f4f/spin_000131/slot_1.png,wheelspin_lab/20260919_023755_1d4d8f4f/20260919_023755_1d4d8f4f_000131/duplicate_030612_815717.png,1.0
392,20260919_023755_1d4d8f4f:000131,2,2026-09-18T18:06:12.416+00:00,CAR,2015 MERCEDES-AMG GTS,2015 mercedes amg gts,0.78,,NEUTRAL,,2015,MERCEDES,AMG GTS,M B AMG GT,,,0,0,0,1,SELL,1.0,SELL,1,45000,wheelspin_lab/20260919_023755_1d4d8f4f/spin_000131/full.png,wheelspin_lab/20260919_023755_1d4d8f4f/spin_000131/slot_2.png,wheelspin_lab/20260919_023755_1d4d8f4f/20260919_023755_1d4d8f4f_000131/duplicate_030614_320958.png,1.0
393,20260919_023755_1d4d8f4f:000131,3,2026-09-18T18:06:12.416+00:00,CREDITS,"10,000",10 000,1.0,,OTHER,10000,,,,,,,,,,,,,,0,,wheelspin_lab/20260919_023755_1d4d8f4f/spin_000131/full.png,wheelspin_lab/20260919_023755_1d4d8f4f/spin_000131/slot_3.png,,
394,20260919_023755_1d4d8f4f:000132,1,2026-09-18T18:06:21.039+00:00,CREDITS,"R 50,000",r 50 000,1.0,,BLUE,50000,,,,,,,,,,,,,,0,,wheelspin_lab/20260919_023755_1d4d8f4f/spin_000132/full.png,wheelspin_lab/20260919_023755_1d4d8f4f/spin_000132/slot_1.png,,
395,20260919_023755_1d4d8f4f:000132,2,2026-09-18T18:06:21.039+00:00,CAR,1969 CHEVROLET Camaro Super Sport Coupe,1969 chevrolet camaro super sport coupe,0.78,,BLUE,,1969,CHEVROLET,CAMARO SUPER SPORT COUPE,CHEVY CAMARO 69,,,0,0,0,1,SELL,1.0,SELL,1,37500,wheelspin_lab/20260919_023755_1d4d8f4f/spin_000132/full.png,wheelspin_lab/20260919_023755_1d4d8f4f/spin_000132/slot_2.png,wheelspin_lab/20260919_023755_1d4d8f4f/20260919_023755_1d4d8f4f_000132/duplicate_030621_418276.png,1.0
396,20260919_023755_1d4d8f4f:000132,3,2026-09-18T18:06:21.039+00:00,CREDITS,"15,000",15 000,1.0,,BLUE,15000,,,,,,,,,,,,,,0,,wheelspin_lab/20260919_023755_1d4d8f4f/spin_000132/full.png,wheelspin_lab/20260919_023755_1d4d8f4f/spin_000132/slot_3.png,,
397,20260919_023755_1d4d8f4f:000133,1,2026-09-18T18:06:28.308+00:00,CREDITS,"50,000",50 000,1.0,,NEUTRAL,50000,,,,,,,,,,,,,,0,,wheelspin_lab/20260919_023755_1d4d8f4f/spin_000133/full.png,wheelspin_lab/20260919_023755_1d4d8f4f/spin_000133/slot_1.png,,
398,20260919_023755_1d4d8f4f:000133,2,2026-09-18T18:06:28.309+00:00,CREDITS,"15,000",15 000,1.0,,NEUTRAL,15000,,,,,,,,,,,,,,0,,wheelspin_lab/20260919_023755_1d4d8f4f/spin_000133/full.png,wheelspin_lab/20260919_023755_1d4d8f4f/spin_000133/slot_2.png,,
399,20260919_023755_1d4d8f4f:000133,3,2026-09-18T18:06:28.309+00:00,CREDITS,"10,000",10 000,1.0,,NEUTRAL,10000,,,,,,,,,,,,,,0,,wheelspin_lab/20260919_023755_1d4d8f4f/spin_000133/full.png,wheelspin_lab/20260919_023755_1d4d8f4f/spin_000133/slot_3.png,,
400,20260919_023755_1d4d8f4f:000134,1,2026-09-18T18:06:33.881+00:00,CREDITS,"75,000",75 000,1.0,,NEUTRAL,75000,,,,,,,,,,,,,,0,,wheelspin_lab/20260919_023755_1d4d8f4f/spin_000134/full.png,wheelspin_lab/20260919_023755_1d4d8f4f/spin_000134/slot_1.png,,
401,20260919_023755_1d4d8f4f:000134,2,2026-09-18T18:06:33.881+00:00,CREDITS,"10,000",10 000,1.0,,OTHER,10000,,,,,,,,,,,,,,0,,wheelspin_lab/20260919_023755_1d4d8f4f/spin_000134/full.png,wheelspin_lab/20260919_023755_1d4d8f4f/spin_000134/slot_2.png,,
402,20260919_023755_1d4d8f4f:000134,3,2026-09-18T18:06:33.881+00:00,CREDITS,"R 20,000",r 20 000,1.0,,OTHER,20000,,,,,,,,,,,,,,0,,wheelspin_lab/20260919_023755_1d4d8f4f/spin_000134/full.png,wheelspin_lab/20260919_023755_1d4d8f4f/spin_000134/slot_3.png,,
403,20260919_023755_1d4d8f4f:000135,1,2026-09-18T18:06:39.459+00:00,CAR,HUMMER EV Pickup,hummer ev pickup,0.55,,NEUTRAL,,,,HUMMER EV TRUCK,HUMMER EV TRUCK,,,,0,0,1,SELL,1.0,SELL,1,47500,wheelspin_lab/20260919_023755_1d4d8f4f/spin_000135/full.png,wheelspin_lab/20260919_023755_1d4d8f4f/spin_000135/slot_1.png,wheelspin_lab/20260919_023755_1d4d8f4f/20260919_023755_1d4d8f4f_000135/duplicate_030639_960979.png,1.0
404,20260919_023755_1d4d8f4f:000135,2,2026-09-18T18:06:39.459+00:00,CREDITS,"200,000",200 000,1.0,,NEUTRAL,200000,,,,,,,,,,,,,,0,,wheelspin_lab/20260919_023755_1d4d8f4f/spin_000135/full.png,wheelspin_lab/20260919_023755_1d4d8f4f/spin_000135/slot_2.png,,
405,20260919_023755_1d4d8f4f:000135,3,2026-09-18T18:06:39.459+00:00,CREDITS,") 200,000",200 000,1.0,,NEUTRAL,200000,,,,,,,,,,,,,,0,,wheelspin_lab/20260919_023755_1d4d8f4f/spin_000135/full.png,wheelspin_lab/20260919_023755_1d4d8f4f/spin_000135/slot_3.png,,
406,20260919_023755_1d4d8f4f:000136,1,2026-09-18T18:06:46.691+00:00,CREDITS,"5,000",5 000,1.0,,NEUTRAL,5000,,,,,,,,,,,,,,0,,wheelspin_lab/20260919_023755_1d4d8f4f/spin_000136/full.png,wheelspin_lab/20260919_023755_1d4d8f4f/spin_000136/slot_1.png,,
407,20260919_023755_1d4d8f4f:000136,2,2026-09-18T18:06:46.691+00:00,CREDITS,"150,000",150 000,1.0,,NEUTRAL,150000,,,,,,,,,,,,,,0,,wheelspin_lab/20260919_023755_1d4d8f4f/spin_000136/full.png,wheelspin_lab/20260919_023755_1d4d8f4f/spin_000136/slot_2.png,,
408,20260919_023755_1d4d8f4f:000136,3,2026-09-18T18:06:46.691+00:00,CREDITS,"15,000",15 000,1.0,,NEUTRAL,15000,,,,,,,,,,,,,,0,,wheelspin_lab/20260919_023755_1d4d8f4f/spin_000136/full.png,wheelspin_lab/20260919_023755_1d4d8f4f/spin_000136/slot_3.png,,
409,20260919_023755_1d4d8f4f:000137,1,2026-09-18T18:06:52.392+00:00,CAR,2019 CHEVROLET Corvette ZRI,2019 chevrolet corvette zri,0.78,,PURPLE,,2019,CHEVROLET,CORVETTE ZRI,CORVETTE 19,,,0,0,0,1,SELL,1.0,SELL,1,125000,wheelspin_lab/20260919_023755_1d4d8f4f/spin_000137/full.png,wheelspin_lab/20260919_023755_1d4d8f4f/spin_000137/slot_1.png,wheelspin_lab/20260919_023755_1d4d8f4f/20260919_023755_1d4d8f4f_000137/duplicate_030652_844996.png,1.0
410,20260919_023755_1d4d8f4f:000137,2,2026-09-18T18:06:52.392+00:00,CAR,2002 NISSAN Silvia Spec-R,2002 nissan silvia spec r,0.78,,OTHER,,2002,NISSAN,SILVIA SPEC R,NISSAN SILVIA 02,,,0,0,0,1,SELL,1.0,SELL,1,22000,wheelspin_lab/20260919_023755_1d4d8f4f/spin_000137/full.png,wheelspin_lab/20260919_023755_1d4d8f4f/spin_000137/slot_2.png,wheelspin_lab/20260919_023755_1d4d8f4f/20260919_023755_1d4d8f4f_000137/duplicate_030654_466884.png,1.0
411,20260919_023755_1d4d8f4f:000137,3,2026-09-18T18:06:52.392+00:00,CREDITS,"R 20,000",r 20 000,1.0,,OTHER,20000,,,,,,,,,,,,,,0,,wheelspin_lab/20260919_023755_1d4d8f4f/spin_000137/full.png,wheelspin_lab/20260919_023755_1d4d8f4f/spin_000137/slot_3.png,,
412,20260919_023755_1d4d8f4f:000138,1,2026-09-18T18:07:01.254+00:00,CREDITS,"R 10,000",r 10 000,1.0,,NEUTRAL,10000,,,,,,,,,,,,,,0,,wheelspin_lab/20260919_023755_1d4d8f4f/spin_000138/full.png,wheelspin_lab/20260919_023755_1d4d8f4f/spin_000138/slot_1.png,,
413,20260919_023755_1d4d8f4f:000138,2,2026-09-18T18:07:01.254+00:00,CREDITS,"40,000",40 000,1.0,,NEUTRAL,40000,,,,,,,,,,,,,,0,,wheelspin_lab/20260919_023755_1d4d8f4f/spin_000138/full.png,wheelspin_lab/20260919_023755_1d4d8f4f/spin_000138/slot_2.png,,
414,20260919_023755_1d4d8f4f:000138,3,2026-09-18T18:07:01.254+00:00,CREDITS,"15,000",15 000,1.0,,NEUTRAL,15000,,,,,,,,,,,,,,0,,wheelspin_lab/20260919_023755_1d4d8f4f/spin_000138/full.png,wheelspin_lab/20260919_023755_1d4d8f4f/spin_000138/slot_3.png,,
415,20260919_023755_1d4d8f4f:000139,1,2026-09-18T18:07:06.598+00:00,CREDITS,"50,000",50 000,1.0,,NEUTRAL,50000,,,,,,,,,,,,,,0,,wheelspin_lab/20260919_023755_1d4d8f4f/spin_000139/full.png,wheelspin_lab/20260919_023755_1d4d8f4f/spin_000139/slot_1.png,,
416,20260919_023755_1d4d8f4f:000139,2,2026-09-18T18:07:06.598+00:00,CREDITS,"25,000",25 000,1.0,,NEUTRAL,25000,,,,,,,,,,,,,,0,,wheelspin_lab/20260919_023755_1d4d8f4f/spin_000139/full.png,wheelspin_lab/20260919_023755_1d4d8f4f/spin_000139/slot_2.png,,
417,20260919_023755_1d4d8f4f:000139,3,2026-09-18T18:07:06.598+00:00,CREDITS,"250,000",250 000,1.0,,NEUTRAL,250000,,,,,,,,,,,,,,0,,wheelspin_lab/20260919_023755_1d4d8f4f/spin_000139/full.png,wheelspin_lab/20260919_023755_1d4d8f4f/spin_000139/slot_3.png,,
418,20260919_023755_1d4d8f4f:000140,1,2026-09-18T18:07:12.188+00:00,CREDITS,"20,000",20 000,1.0,,OTHER,20000,,,,,,,,,,,,,,0,,wheelspin_lab/20260919_023755_1d4d8f4f/spin_000140/full.png,wheelspin_lab/20260919_023755_1d4d8f4f/spin_000140/slot_1.png,,
419,20260919_023755_1d4d8f4f:000140,2,2026-09-18T18:07:12.188+00:00,CREDITS,"15,000",15 000,1.0,,OTHER,15000,,,,,,,,,,,,,,0,,wheelspin_lab/20260919_023755_1d4d8f4f/spin_000140/full.png,wheelspin_lab/20260919_023755_1d4d8f4f/spin_000140/slot_2.png,,
420,20260919_023755_1d4d8f4f:000140,3,2026-09-18T18:07:12.188+00:00,CAR,1951 CHEVROLET Bei Air,1951 chevrolet bei air,0.78,,NEUTRAL,,1951,CHEVROLET,BEI AIR,CHEVY BEL AIR,,,0,0,0,1,SELL,1.0,SELL,1,34500,wheelspin_lab/20260919_023755_1d4d8f4f/spin_000140/full.png,wheelspin_lab/20260919_023755_1d4d8f4f/spin_000140/slot_3.png,wheelspin_lab/20260919_023755_1d4d8f4f/20260919_023755_1d4d8f4f_000140/duplicate_030712_593213.png,1.0
421,20260919_023755_1d4d8f4f:000141,1,2026-09-18T18:07:19.175+00:00,CREDITS,"10,000",10 000,1.0,,NEUTRAL,10000,,,,,,,,,,,,,,0,,wheelspin_lab/20260919_023755_1d4d8f4f/spin_000141/full.png,wheelspin_lab/20260919_023755_1d4d8f4f/spin_000141/slot_1.png,,
422,20260919_023755_1d4d8f4f:000141,2,2026-09-18T18:07:19.175+00:00,CREDITS,"12,000",12 000,1.0,,NEUTRAL,12000,,,,,,,,,,,,,,0,,wheelspin_lab/20260919_023755_1d4d8f4f/spin_000141/full.png,wheelspin_lab/20260919_023755_1d4d8f4f/spin_000141/slot_2.png,,
423,20260919_023755_1d4d8f4f:000141,3,2026-09-18T18:07:19.175+00:00,CAR,WRX STI,wrx sti,0.55,,NEUTRAL,,,,SUBARU WRX 15,SUBARU WRX 15,,,,0,0,1,SELL,1.0,SELL,1,13500,wheelspin_lab/20260919_023755_1d4d8f4f/spin_000141/full.png,wheelspin_lab/20260919_023755_1d4d8f4f/spin_000141/slot_3.png,wheelspin_lab/20260919_023755_1d4d8f4f/20260919_023755_1d4d8f4f_000141/duplicate_030719_547190.png,1.0
424,20260919_023755_1d4d8f4f:000142,1,2026-09-18T18:07:26.402+00:00,CREDITS,"10,000",10 000,1.0,,OTHER,10000,,,,,,,,,,,,,,0,,wheelspin_lab/20260919_023755_1d4d8f4f/spin_000142/full.png,wheelspin_lab/20260919_023755_1d4d8f4f/spin_000142/slot_1.png,,
425,20260919_023755_1d4d8f4f:000142,2,2026-09-18T18:07:26.402+00:00,CREDITS,"R 20,000",r 20 000,1.0,,OTHER,20000,,,,,,,,,,,,,,0,,wheelspin_lab/20260919_023755_1d4d8f4f/spin_000142/full.png,wheelspin_lab/20260919_023755_1d4d8f4f/spin_000142/slot_2.png,,
426,20260919_023755_1d4d8f4f:000142,3,2026-09-18T18:07:26.402+00:00,CREDITS,"R 50,000",r 50 000,1.0,,NEUTRAL,50000,,,,,,,,,,,,,,0,,wheelspin_lab/20260919_023755_1d4d8f4f/spin_000142/full.png,wheelspin_lab/20260919_023755_1d4d8f4f/spin_000142/slot_3.png,,
427,20260919_023755_1d4d8f4f:000143,1,2026-09-18T18:07:31.902+00:00,CREDITS,"R 250,000",r 250 000,1.0,,OTHER,250000,,,,,,,,,,,,,,0,,wheelspin_lab/20260919_023755_1d4d8f4f/spin_000143/full.png,wheelspin_lab/20260919_023755_1d4d8f4f/spin_000143/slot_1.png,,
428,20260919_023755_1d4d8f4f:000143,2,2026-09-18T18:07:31.902+00:00,CREDITS,"10,000",10 000,1.0,,OTHER,10000,,,,,,,,,,,,,,0,,wheelspin_lab/20260919_023755_1d4d8f4f/spin_000143/full.png,wheelspin_lab/20260919_023755_1d4d8f4f/spin_000143/slot_2.png,,
429,20260919_023755_1d4d8f4f:000143,3,2026-09-18T18:07:31.902+00:00,CREDITS,"R 100,000",r 100 000,1.0,,OTHER,100000,,,,,,,,,,,,,,0,,wheelspin_lab/20260919_023755_1d4d8f4f/spin_000143/full.png,wheelspin_lab/20260919_023755_1d4d8f4f/spin_000143/slot_3.png,,
430,20260919_023755_1d4d8f4f:000144,1,2026-09-18T18:07:37.285+00:00,CREDITS,"95,000",95 000,1.0,,BLUE,95000,,,,,,,,,,,,,,0,,wheelspin_lab/20260919_023755_1d4d8f4f/spin_000144/full.png,wheelspin_lab/20260919_023755_1d4d8f4f/spin_000144/slot_1.png,,
431,20260919_023755_1d4d8f4f:000144,2,2026-09-18T18:07:37.285+00:00,CAR,1972 RELIANT Supervan Ill,1972 reliant supervan ill,0.78,,BLUE,,1972,RELIANT,SUPERVAN ILL,RELIANT SUPERVAN,,,0,0,0,1,SELL,1.0,SELL,1,19500,wheelspin_lab/20260919_023755_1d4d8f4f/spin_000144/full.png,wheelspin_lab/20260919_023755_1d4d8f4f/spin_000144/slot_2.png,wheelspin_lab/20260919_023755_1d4d8f4f/20260919_023755_1d4d8f4f_000144/duplicate_030737_675066.png,1.0
432,20260919_023755_1d4d8f4f:000144,3,2026-09-18T18:07:37.285+00:00,CREDITS,"80,000",80 000,1.0,,BLUE,80000,,,,,,,,,,,,,,0,,wheelspin_lab/20260919_023755_1d4d8f4f/spin_000144/full.png,wheelspin_lab/20260919_023755_1d4d8f4f/spin_000144/slot_3.png,,
433,20260919_023755_1d4d8f4f:000145,1,2026-09-18T18:07:44.743+00:00,CREDITS,"45,000",45 000,1.0,,BLUE,45000,,,,,,,,,,,,,,0,,wheelspin_lab/20260919_023755_1d4d8f4f/spin_000145/full.png,wheelspin_lab/20260919_023755_1d4d8f4f/spin_000145/slot_1.png,,
434,20260919_023755_1d4d8f4f:000145,2,2026-09-18T18:07:44.743+00:00,CREDITS,"50,000",50 000,1.0,,BLUE,50000,,,,,,,,,,,,,,0,,wheelspin_lab/20260919_023755_1d4d8f4f/spin_000145/full.png,wheelspin_lab/20260919_023755_1d4d8f4f/spin_000145/slot_2.png,,
435,20260919_023755_1d4d8f4f:000145,3,2026-09-18T18:07:44.743+00:00,CREDITS,"0 5,000",0 5 000,0.99,,BLUE,5000,,,,,,,,,,,,,,0,,wheelspin_lab/20260919_023755_1d4d8f4f/spin_000145/full.png,wheelspin_lab/20260919_023755_1d4d8f4f/spin_000145/slot_3.png,,
436,20260919_023755_1d4d8f4f:000146,1,2026-09-18T18:07:49.594+00:00,CREDITS,"75,000",75 000,1.0,,NEUTRAL,75000,,,,,,,,,,,,,,0,,wheelspin_lab/20260919_023755_1d4d8f4f/spin_000146/full.png,wheelspin_lab/20260919_023755_1d4d8f4f/spin_000146/slot_1.png,,
437,20260919_023755_1d4d8f4f:000146,2,2026-09-18T18:07:49.594+00:00,CREDITS,"80,000",80 000,1.0,,NEUTRAL,80000,,,,,,,,,,,,,,0,,wheelspin_lab/20260919_023755_1d4d8f4f/spin_000146/full.png,wheelspin_lab/20260919_023755_1d4d8f4f/spin_000146/slot_2.png,,
438,20260919_023755_1d4d8f4f:000146,3,2026-09-18T18:07:49.595+00:00,CREDITS,"35,000",35 000,1.0,,NEUTRAL,35000,,,,,,,,,,,,,,0,,wheelspin_lab/20260919_023755_1d4d8f4f/spin_000146/full.png,wheelspin_lab/20260919_023755_1d4d8f4f/spin_000146/slot_3.png,,
439,20260919_023755_1d4d8f4f:000147,1,2026-09-18T18:07:55.201+00:00,CAR,Inopala Super Sport 409,inopala super sport 409,0.55,,NEUTRAL,,,,CHEVY IMPALA,CHEVY IMPALA,,,,0,0,1,SELL,1.0,SELL,1,35000,wheelspin_lab/20260919_023755_1d4d8f4f/spin_000147/full.png,wheelspin_lab/20260919_023755_1d4d8f4f/spin_000147/slot_1.png,wheelspin_lab/20260919_023755_1d4d8f4f/20260919_023755_1d4d8f4f_000147/duplicate_030755_577278.png,1.0
440,20260919_023755_1d4d8f4f:000147,2,2026-09-18T18:07:55.201+00:00,CREDITS,"5,000",5 000,1.0,,NEUTRAL,5000,,,,,,,,,,,,,,0,,wheelspin_lab/20260919_023755_1d4d8f4f/spin_000147/full.png,wheelspin_lab/20260919_023755_1d4d8f4f/spin_000147/slot_2.png,,
441,20260919_023755_1d4d8f4f:000147,3,2026-09-18T18:07:55.201+00:00,CREDITS,"25,000",25 000,1.0,,NEUTRAL,25000,,,,,,,,,,,,,,0,,wheelspin_lab/20260919_023755_1d4d8f4f/spin_000147/full.png,wheelspin_lab/20260919_023755_1d4d8f4f/spin_000147/slot_3.png,,
442,20260919_023755_1d4d8f4f:000148,1,2026-09-18T18:08:02.679+00:00,CAR,2020 FORD I F-450 DRW PLATINUM Fo DESTRUCTION SKILLS BOOST,2020 ford i f 450 drw platinum fo destruction skills boost,0.78,,PURPLE,,2020,FORD,I F 450 DRW PLATINUM FO DESTRUCTION SKILLS BOOST,FORD F 450 FE,,,0,0,0,1,SELL,1.0,SELL,1,250000,wheelspin_lab/20260919_023755_1d4d8f4f/spin_000148/full.png,wheelspin_lab/20260919_023755_1d4d8f4f/spin_000148/slot_1.png,wheelspin_lab/20260919_023755_1d4d8f4f/20260919_023755_1d4d8f4f_000148/duplicate_030803_135148.png,1.0
443,20260919_023755_1d4d8f4f:000148,2,2026-09-18T18:08:02.679+00:00,CREDITS,"10,000",10 000,1.0,,OTHER,10000,,,,,,,,,,,,,,0,,wheelspin_lab/20260919_023755_1d4d8f4f/spin_000148/full.png,wheelspin_lab/20260919_023755_1d4d8f4f/spin_000148/slot_2.png,,
444,20260919_023755_1d4d8f4f:000148,3,2026-09-18T18:08:02.679+00:00,CAR,2022 LAMBORGHINI Huracan Tecnica,2022 lamborghini huracan tecnica,0.78,,OTHER,,2022,LAMBORGHINI,HURACAN TECNICA,HURACAN TECNICA,,,0,0,1,1,SELL,1.0,SELL,1,182500,wheelspin_lab/20260919_023755_1d4d8f4f/spin_000148/full.png,wheelspin_lab/20260919_023755_1d4d8f4f/spin_000148/slot_3.png,wheelspin_lab/20260919_023755_1d4d8f4f/20260919_023755_1d4d8f4f_000148/duplicate_030804_500910.png,1.0
445,20260919_023755_1d4d8f4f:000149,1,2026-09-18T18:08:11.909+00:00,CAR,2017 FORD,2017 ford,0.45,,PURPLE,,2017,FORD,FORD GT 17,FORD GT 17,,,0,0,0,1,SELL,1.0,SELL,1,250000,wheelspin_lab/20260919_023755_1d4d8f4f/spin_000149/full.png,wheelspin_lab/20260919_023755_1d4d8f4f/spin_000149/slot_1.png,wheelspin_lab/20260919_023755_1d4d8f4f/20260919_023755_1d4d8f4f_000149/duplicate_030812_373813.png,1.0
446,20260919_023755_1d4d8f4f:000149,2,2026-09-18T18:08:11.909+00:00,CREDITS,"95,000",95 000,1.0,,PURPLE,95000,,,,,,,,,,,,,,0,,wheelspin_lab/20260919_023755_1d4d8f4f/spin_000149/full.png,wheelspin_lab/20260919_023755_1d4d8f4f/spin_000149/slot_2.png,,
447,20260919_023755_1d4d8f4f:000149,3,2026-09-18T18:08:11.909+00:00,CREDITS,"c 10,000",c 10 000,1.0,,PURPLE,10000,,,,,,,,,,,,,,0,,wheelspin_lab/20260919_023755_1d4d8f4f/spin_000149/full.png,wheelspin_lab/20260919_023755_1d4d8f4f/spin_000149/slot_3.png,,
448,20260919_023755_1d4d8f4f:000150,1,2026-09-18T18:08:19.306+00:00,CREDITS,"35,000",35 000,1.0,,BLUE,35000,,,,,,,,,,,,,,0,,wheelspin_lab/20260919_023755_1d4d8f4f/spin_000150/full.png,wheelspin_lab/20260919_023755_1d4d8f4f/spin_000150/slot_1.png,,
449,20260919_023755_1d4d8f4f:000150,2,2026-09-18T18:08:19.306+00:00,CAR,1970 DATSUN 510,1970 datsun 510,0.78,,BLUE,,1970,DATSUN,510,DATSUN 510,,,0,0,0,1,SELL,1.0,SELL,1,43000,wheelspin_lab/20260919_023755_1d4d8f4f/spin_000150/full.png,wheelspin_lab/20260919_023755_1d4d8f4f/spin_000150/slot_2.png,wheelspin_lab/20260919_023755_1d4d8f4f/20260919_023755_1d4d8f4f_000150/duplicate_030819_684980.png,1.0
450,20260919_023755_1d4d8f4f:000150,3,2026-09-18T18:08:19.306+00:00,CAR,2020 AUDI RS 3 Sedan,2020 audi rs 3 sedan,0.78,,BLUE,,2020,AUDI,RS 3 SEDAN,AUDI RS 3 20,,,0,0,0,1,SELL,1.0,SELL,1,26000,wheelspin_lab/20260919_023755_1d4d8f4f/spin_000150/full.png,wheelspin_lab/20260919_023755_1d4d8f4f/spin_000150/slot_3.png,wheelspin_lab/20260919_023755_1d4d8f4f/20260919_023755_1d4d8f4f_000150/duplicate_030821_116330.png,1.0
451,20260919_023755_1d4d8f4f:000151,1,2026-09-18T18:08:27.875+00:00,CREDITS,"15,000 CR",15 000 cr,1.0,,NEUTRAL,15000,,,,,,,,,,,,,,0,,wheelspin_lab/20260919_023755_1d4d8f4f/spin_000151/full.png,wheelspin_lab/20260919_023755_1d4d8f4f/spin_000151/slot_1.png,,
452,20260919_023755_1d4d8f4f:000151,2,2026-09-18T18:08:27.875+00:00,CREDITS,"15,000",15 000,1.0,,NEUTRAL,15000,,,,,,,,,,,,,,0,,wheelspin_lab/20260919_023755_1d4d8f4f/spin_000151/full.png,wheelspin_lab/20260919_023755_1d4d8f4f/spin_000151/slot_2.png,,
453,20260919_023755_1d4d8f4f:000151,3,2026-09-18T18:08:27.875+00:00,CREDITS,"15,000",15 000,1.0,,NEUTRAL,15000,,,,,,,,,,,,,,0,,wheelspin_lab/20260919_023755_1d4d8f4f/spin_000151/full.png,wheelspin_lab/20260919_023755_1d4d8f4f/spin_000151/slot_3.png,,
454,20260919_023755_1d4d8f4f:000152,1,2026-09-18T18:08:33.409+00:00,CAR,PORSCHE 911 GT3 RS,porsche 911 gt3 rs,0.55,,NEUTRAL,,,,911 GT3 RS 19,911 GT3 RS 19,,,,0,0,1,SELL,1.0,SELL,1,125000,wheelspin_lab/20260919_023755_1d4d8f4f/spin_000152/full.png,wheelspin_lab/20260919_023755_1d4d8f4f/spin_000152/slot_1.png,wheelspin_lab/20260919_023755_1d4d8f4f/20260919_023755_1d4d8f4f_000152/duplicate_030833_801349.png,1.0
455,20260919_023755_1d4d8f4f:000152,2,2026-09-18T18:08:33.409+00:00,OTHER,"20,000",20 000,0.55,,NEUTRAL,,,,,,,,,,,,,,,0,,wheelspin_lab/20260919_023755_1d4d8f4f/spin_000152/full.png,wheelspin_lab/20260919_023755_1d4d8f4f/spin_000152/slot_2.png,,
456,20260919_023755_1d4d8f4f:000152,3,2026-09-18T18:08:33.409+00:00,CREDITS,"8,000",8 000,1.0,,NEUTRAL,8000,,,,,,,,,,,,,,0,,wheelspin_lab/20260919_023755_1d4d8f4f/spin_000152/full.png,wheelspin_lab/20260919_023755_1d4d8f4f/spin_000152/slot_3.png,,
457,20260919_023755_1d4d8f4f:000153,1,2026-09-18T18:08:40.957+00:00,CREDITS,"25,000",25 000,1.0,,GREEN,25000,,,,,,,,,,,,,,0,,wheelspin_lab/20260919_023755_1d4d8f4f/spin_000153/full.png,wheelspin_lab/20260919_023755_1d4d8f4f/spin_000153/slot_1.png,,
458,20260919_023755_1d4d8f4f:000153,2,2026-09-18T18:08:40.957+00:00,CREDITS,"12,000",12 000,1.0,,GREEN,12000,,,,,,,,,,,,,,0,,wheelspin_lab/20260919_023755_1d4d8f4f/spin_000153/full.png,wheelspin_lab/20260919_023755_1d4d8f4f/spin_000153/slot_2.png,,
459,20260919_023755_1d4d8f4f:000153,3,2026-09-18T18:08:40.957+00:00,CAR,2018 JEEP Grand Cherokee Trackhaw\,2018 jeep grand cherokee trackhaw,0.78,,GREEN,,2018,JEEP,GRAND CHEROKEE TRACKHAW,JEEP TRACKHAWK,,,0,0,0,1,SELL,1.0,SELL,1,36000,wheelspin_lab/20260919_023755_1d4d8f4f/spin_000153/full.png,wheelspin_lab/20260919_023755_1d4d8f4f/spin_000153/slot_3.png,wheelspin_lab/20260919_023755_1d4d8f4f/20260919_023755_1d4d8f4f_000153/duplicate_030841_348704.png,1.0
460,20260919_023755_1d4d8f4f:000154,1,2026-09-18T18:08:48.305+00:00,CAR,2008 BMW M3,2008 bmw m3,0.78,,OTHER,,2008,BMW,M3,BMW M3 08,,,0,0,0,1,SELL,1.0,SELL,1,21500,wheelspin_lab/20260919_023755_1d4d8f4f/spin_000154/full.png,wheelspin_lab/20260919_023755_1d4d8f4f/spin_000154/slot_1.png,wheelspin_lab/20260919_023755_1d4d8f4f/20260919_023755_1d4d8f4f_000154/duplicate_030848_758023.png,1.0
461,20260919_023755_1d4d8f4f:000154,2,2026-09-18T18:08:48.305+00:00,CREDITS,"R 40,000",r 40 000,1.0,,OTHER,40000,,,,,,,,,,,,,,0,,wheelspin_lab/20260919_023755_1d4d8f4f/spin_000154/full.png,wheelspin_lab/20260919_023755_1d4d8f4f/spin_000154/slot_2.png,,
462,20260919_023755_1d4d8f4f:000154,3,2026-09-18T18:08:48.305+00:00,CREDITS,"p 20,000",p 20 000,1.0,,OTHER,20000,,,,,,,,,,,,,,0,,wheelspin_lab/20260919_023755_1d4d8f4f/spin_000154/full.png,wheelspin_lab/20260919_023755_1d4d8f4f/spin_000154/slot_3.png,,
463,20260919_023755_1d4d8f4f:000155,1,2026-09-18T18:08:55.420+00:00,CREDITS,"15,000",15 000,1.0,,NEUTRAL,15000,,,,,,,,,,,,,,0,,wheelspin_lab/20260919_023755_1d4d8f4f/spin_000155/full.png,wheelspin_lab/20260919_023755_1d4d8f4f/spin_000155/slot_1.png,,
464,20260919_023755_1d4d8f4f:000155,2,2026-09-18T18:08:55.420+00:00,CREDITS,"R 150,000",r 150 000,1.0,,NEUTRAL,150000,,,,,,,,,,,,,,0,,wheelspin_lab/20260919_023755_1d4d8f4f/spin_000155/full.png,wheelspin_lab/20260919_023755_1d4d8f4f/spin_000155/slot_2.png,,
465,20260919_023755_1d4d8f4f:000155,3,2026-09-18T18:08:55.420+00:00,CREDITS,"15,000",15 000,1.0,,NEUTRAL,15000,,,,,,,,,,,,,,0,,wheelspin_lab/20260919_023755_1d4d8f4f/spin_000155/full.png,wheelspin_lab/20260919_023755_1d4d8f4f/spin_000155/slot_3.png,,
466,20260919_023755_1d4d8f4f:000156,1,2026-09-18T18:09:01.076+00:00,CREDITS,"20,000",20 000,1.0,,OTHER,20000,,,,,,,,,,,,,,0,,wheelspin_lab/20260919_023755_1d4d8f4f/spin_000156/full.png,wheelspin_lab/20260919_023755_1d4d8f4f/spin_000156/slot_1.png,,
467,20260919_023755_1d4d8f4f:000156,2,2026-09-18T18:09:01.076+00:00,CAR,2023 PORSCHE 911 GT3 RS,2023 porsche 911 gt3 rs,0.78,,NEUTRAL,,2023,PORSCHE,911 GT3 RS,P 911 GT3 RS 23,,,0,0,0,1,SELL,1.0,SELL,1,212000,wheelspin_lab/20260919_023755_1d4d8f4f/spin_000156/full.png,wheelspin_lab/20260919_023755_1d4d8f4f/spin_000156/slot_2.png,wheelspin_lab/20260919_023755_1d4d8f4f/20260919_023755_1d4d8f4f_000156/duplicate_030901_571851.png,1.0
468,20260919_023755_1d4d8f4f:000156,3,2026-09-18T18:09:01.076+00:00,CREDITS,"R 20,000",r 20 000,1.0,,OTHER,20000,,,,,,,,,,,,,,0,,wheelspin_lab/20260919_023755_1d4d8f4f/spin_000156/full.png,wheelspin_lab/20260919_023755_1d4d8f4f/spin_000156/slot_3.png,,
469,20260919_023755_1d4d8f4f:000157,1,2026-09-18T18:09:08.312+00:00,CREDITS,"250,000 R)",250 000 r,1.0,,NEUTRAL,250000,,,,,,,,,,,,,,0,,wheelspin_lab/20260919_023755_1d4d8f4f/spin_000157/full.png,wheelspin_lab/20260919_023755_1d4d8f4f/spin_000157/slot_1.png,,
470,20260919_023755_1d4d8f4f:000157,2,2026-09-18T18:09:08.312+00:00,CREDITS,"45,000",45 000,1.0,,NEUTRAL,45000,,,,,,,,,,,,,,0,,wheelspin_lab/20260919_023755_1d4d8f4f/spin_000157/full.png,wheelspin_lab/20260919_023755_1d4d8f4f/spin_000157/slot_2.png,,
471,20260919_023755_1d4d8f4f:000157,3,2026-09-18T18:09:08.312+00:00,CREDITS,"R) 40,000",r 40 000,1.0,,NEUTRAL,40000,,,,,,,,,,,,,,0,,wheelspin_lab/20260919_023755_1d4d8f4f/spin_000157/full.png,wheelspin_lab/20260919_023755_1d4d8f4f/spin_000157/slot_3.png,,
472,20260919_023755_1d4d8f4f:000158,1,2026-09-18T18:09:13.871+00:00,CAR,2011 MAZDA RX-8 R3,2011 mazda rx 8 r3,0.78,,NEUTRAL,,2011,MAZDA,RX 8 R3,MAZDA RX 8,,,0,0,0,1,SELL,1.0,SELL,1,16500,wheelspin_lab/20260919_023755_1d4d8f4f/spin_000158/full.png,wheelspin_lab/20260919_023755_1d4d8f4f/spin_000158/slot_1.png,wheelspin_lab/20260919_023755_1d4d8f4f/20260919_023755_1d4d8f4f_000158/duplicate_030914_261988.png,1.0
473,20260919_023755_1d4d8f4f:000158,2,2026-09-18T18:09:13.871+00:00,CREDITS,"50,000",50 000,1.0,,NEUTRAL,50000,,,,,,,,,,,,,,0,,wheelspin_lab/20260919_023755_1d4d8f4f/spin_000158/full.png,wheelspin_lab/20260919_023755_1d4d8f4f/spin_000158/slot_2.png,,
474,20260919_023755_1d4d8f4f:000158,3,2026-09-18T18:09:13.871+00:00,CREDITS,"15,000",15 000,1.0,,OTHER,15000,,,,,,,,,,,,,,0,,wheelspin_lab/20260919_023755_1d4d8f4f/spin_000158/full.png,wheelspin_lab/20260919_023755_1d4d8f4f/spin_000158/slot_3.png,,
475,20260919_023755_1d4d8f4f:000159,1,2026-09-18T18:09:21.767+00:00,CREDITS,"150,000",150 000,1.0,,PURPLE,150000,,,,,,,,,,,,,,0,,wheelspin_lab/20260919_023755_1d4d8f4f/spin_000159/full.png,wheelspin_lab/20260919_023755_1d4d8f4f/spin_000159/slot_1.png,,
476,20260919_023755_1d4d8f4f:000159,2,2026-09-18T18:09:21.767+00:00,CREDITS,"200,000",200 000,1.0,,PURPLE,200000,,,,,,,,,,,,,,0,,wheelspin_lab/20260919_023755_1d4d8f4f/spin_000159/full.png,wheelspin_lab/20260919_023755_1d4d8f4f/spin_000159/slot_2.png,,
477,20260919_023755_1d4d8f4f:000159,3,2026-09-18T18:09:21.768+00:00,CREDITS,"0 5,000",0 5 000,0.99,,PURPLE,5000,,,,,,,,,,,,,,0,,wheelspin_lab/20260919_023755_1d4d8f4f/spin_000159/full.png,wheelspin_lab/20260919_023755_1d4d8f4f/spin_000159/slot_3.png,,
478,20260919_023755_1d4d8f4f:000160,1,2026-09-18T18:09:27.152+00:00,CREDITS,"175,000",175 000,1.0,,PURPLE,175000,,,,,,,,,,,,,,0,,wheelspin_lab/20260919_023755_1d4d8f4f/spin_000160/full.png,wheelspin_lab/20260919_023755_1d4d8f4f/spin_000160/slot_1.png,,
479,20260919_023755_1d4d8f4f:000160,2,2026-09-18T18:09:27.152+00:00,CREDITS,"10,000",10 000,1.0,,OTHER,10000,,,,,,,,,,,,,,0,,wheelspin_lab/20260919_023755_1d4d8f4f/spin_000160/full.png,wheelspin_lab/20260919_023755_1d4d8f4f/spin_000160/slot_2.png,,
480,20260919_023755_1d4d8f4f:000160,3,2026-09-18T18:09:27.153+00:00,CREDITS,"200,000",200 000,1.0,,PURPLE,200000,,,,,,,,,,,,,,0,,wheelspin_lab/20260919_023755_1d4d8f4f/spin_000160/full.png,wheelspin_lab/20260919_023755_1d4d8f4f/spin_000160/slot_3.png,,
481,20260919_023755_1d4d8f4f:000161,1,2026-09-18T18:09:32.443+00:00,CREDITS,"10,000",10 000,1.0,,NEUTRAL,10000,,,,,,,,,,,,,,0,,wheelspin_lab/20260919_023755_1d4d8f4f/spin_000161/full.png,wheelspin_lab/20260919_023755_1d4d8f4f/spin_000161/slot_1.png,,
482,20260919_023755_1d4d8f4f:000161,2,2026-09-18T18:09:32.443+00:00,CAR,430 Scuderia,430 scuderia,0.55,,NEUTRAL,,,,FERRARI 430 S,FERRARI 430 S,,,,0,0,1,SELL,1.0,SELL,1,177500,wheelspin_lab/20260919_023755_1d4d8f4f/spin_000161/full.png,wheelspin_lab/20260919_023755_1d4d8f4f/spin_000161/slot_2.png,wheelspin_lab/20260919_023755_1d4d8f4f/20260919_023755_1d4d8f4f_000161/duplicate_030932_961284.png,1.0
483,20260919_023755_1d4d8f4f:000161,3,2026-09-18T18:09:32.443+00:00,CAR,sports 800,sports 800,0.55,,NEUTRAL,,,,SPORTS 800 65,SPORTS 800 65,,,,0,0,1,SELL,1.0,SELL,1,125000,wheelspin_lab/20260919_023755_1d4d8f4f/spin_000161/full.png,wheelspin_lab/20260919_023755_1d4d8f4f/spin_000161/slot_3.png,wheelspin_lab/20260919_023755_1d4d8f4f/20260919_023755_1d4d8f4f_000161/duplicate_030934_389144.png,1.0
484,20260919_023755_1d4d8f4f:000162,1,2026-09-18T18:09:41.372+00:00,CREDITS,"920,000",920 000,1.0,,ORANGE,920000,,,,,,,,,,,,,,0,,wheelspin_lab/20260919_023755_1d4d8f4f/spin_000162/full.png,wheelspin_lab/20260919_023755_1d4d8f4f/spin_000162/slot_1.png,,
485,20260919_023755_1d4d8f4f:000162,2,2026-09-18T18:09:41.372+00:00,CREDITS,"250,000",250 000,1.0,,ORANGE,250000,,,,,,,,,,,,,,0,,wheelspin_lab/20260919_023755_1d4d8f4f/spin_000162/full.png,wheelspin_lab/20260919_023755_1d4d8f4f/spin_000162/slot_2.png,,
486,20260919_023755_1d4d8f4f:000162,3,2026-09-18T18:09:41.372+00:00,CREDITS,"e 8,000",e 8 000,0.99,,GREEN,8000,,,,,,,,,,,,,,0,,wheelspin_lab/20260919_023755_1d4d8f4f/spin_000162/full.png,wheelspin_lab/20260919_023755_1d4d8f4f/spin_000162/slot_3.png,,
487,20260919_023755_1d4d8f4f:000163,1,2026-09-18T18:09:46.781+00:00,CAR,2005 MAZDA Mazdaspeed MX-5,2005 mazda mazdaspeed mx 5,0.78,,BLUE,,2005,MAZDA,MAZDASPEED MX 5,MAZDA MX 5 05,,,0,0,0,1,SELL,1.0,SELL,1,10500,wheelspin_lab/20260919_023755_1d4d8f4f/spin_000163/full.png,wheelspin_lab/20260919_023755_1d4d8f4f/spin_000163/slot_1.png,wheelspin_lab/20260919_023755_1d4d8f4f/20260919_023755_1d4d8f4f_000163/duplicate_030947_175444.png,1.0
488,20260919_023755_1d4d8f4f:000163,2,2026-09-18T18:09:46.781+00:00,CAR,1997 TOYOTA Soarer 2.5 GT-T,1997 toyota soarer 2 5 gt t,0.78,,BLUE,,1997,TOYOTA,SOARER 2 5 GT T,SOARER 97,,,0,0,0,1,SELL,1.0,SELL,1,9000,wheelspin_lab/20260919_023755_1d4d8f4f/spin_000163/full.png,wheelspin_lab/20260919_023755_1d4d8f4f/spin_000163/slot_2.png,wheelspin_lab/20260919_023755_1d4d8f4f/20260919_023755_1d4d8f4f_000163/duplicate_030948_883968.png,1.0
489,20260919_023755_1d4d8f4f:000163,3,2026-09-18T18:09:46.781+00:00,CREDITS,"20,000",20 000,1.0,,BLUE,20000,,,,,,,,,,,,,,0,,wheelspin_lab/20260919_023755_1d4d8f4f/spin_000163/full.png,wheelspin_lab/20260919_023755_1d4d8f4f/spin_000163/slot_3.png,,
490,20260919_023755_1d4d8f4f:000164,1,2026-09-18T18:09:55.961+00:00,CREDITS,"200,000",200 000,1.0,,PURPLE,200000,,,,,,,,,,,,,,0,,wheelspin_lab/20260919_023755_1d4d8f4f/spin_000164/full.png,wheelspin_lab/20260919_023755_1d4d8f4f/spin_000164/slot_1.png,,
491,20260919_023755_1d4d8f4f:000164,2,2026-09-18T18:09:55.961+00:00,CREDITS,"15,000",15 000,1.0,,OTHER,15000,,,,,,,,,,,,,,0,,wheelspin_lab/20260919_023755_1d4d8f4f/spin_000164/full.png,wheelspin_lab/20260919_023755_1d4d8f4f/spin_000164/slot_2.png,,
492,20260919_023755_1d4d8f4f:000164,3,2026-09-18T18:09:55.961+00:00,CREDITS,"10,000",10 000,1.0,,OTHER,10000,,,,,,,,,,,,,,0,,wheelspin_lab/20260919_023755_1d4d8f4f/spin_000164/full.png,wheelspin_lab/20260919_023755_1d4d8f4f/spin_000164/slot_3.png,,
493,20260919_023755_1d4d8f4f:000165,1,2026-09-18T18:10:01.564+00:00,CREDITS,"p 20,000",p 20 000,1.0,,OTHER,20000,,,,,,,,,,,,,,0,,wheelspin_lab/20260919_023755_1d4d8f4f/spin_000165/full.png,wheelspin_lab/20260919_023755_1d4d8f4f/spin_000165/slot_1.png,,
494,20260919_023755_1d4d8f4f:000165,2,2026-09-18T18:10:01.564+00:00,CREDITS,"10,000",10 000,1.0,,OTHER,10000,,,,,,,,,,,,,,0,,wheelspin_lab/20260919_023755_1d4d8f4f/spin_000165/full.png,wheelspin_lab/20260919_023755_1d4d8f4f/spin_000165/slot_2.png,,
495,20260919_023755_1d4d8f4f:000165,3,2026-09-18T18:10:01.564+00:00,CAR,1989 FORMULA DRIFT #98 BMW 325i,1989 formula drift 98 bmw 325i,0.78,,PURPLE,,1989,FORMULA,DRIFT 98 BMW 325I,98 BMW 325I,,,0,0,0,1,SELL,1.0,SELL,1,75000,wheelspin_lab/20260919_023755_1d4d8f4f/spin_000165/full.png,wheelspin_lab/20260919_023755_1d4d8f4f/spin_000165/slot_3.png,wheelspin_lab/20260919_023755_1d4d8f4f/20260919_023755_1d4d8f4f_000165/duplicate_031001_956691.png,1.0
496,20260919_023755_1d4d8f4f:000166,1,2026-09-18T18:10:08.969+00:00,CREDITS,"15,000",15 000,1.0,,PURPLE,15000,,,,,,,,,,,,,,0,,wheelspin_lab/20260919_023755_1d4d8f4f/spin_000166/full.png,wheelspin_lab/20260919_023755_1d4d8f4f/spin_000166/slot_1.png,,
497,20260919_023755_1d4d8f4f:000166,2,2026-09-18T18:10:08.969+00:00,CREDITS,"200,000",200 000,1.0,,PURPLE,200000,,,,,,,,,,,,,,0,,wheelspin_lab/20260919_023755_1d4d8f4f/spin_000166/full.png,wheelspin_lab/20260919_023755_1d4d8f4f/spin_000166/slot_2.png,,
498,20260919_023755_1d4d8f4f:000166,3,2026-09-18T18:10:08.969+00:00,CREDITS,"75,000",75 000,1.0,,PURPLE,75000,,,,,,,,,,,,,,0,,wheelspin_lab/20260919_023755_1d4d8f4f/spin_000166/full.png,wheelspin_lab/20260919_023755_1d4d8f4f/spin_000166/slot_3.png,,
499,20260919_023755_1d4d8f4f:000167,1,2026-09-18T18:10:14.689+00:00,CAR,1932 FORD )e Luxe Five-Window Coupt,1932 ford e luxe five window coupt,0.78,,GREEN,,1932,FORD,E LUXE FIVE WINDOW COUPT,FORD COUPE 32,,,0,0,0,1,SELL,1.0,SELL,1,18000,wheelspin_lab/20260919_023755_1d4d8f4f/spin_000167/full.png,wheelspin_lab/20260919_023755_1d4d8f4f/spin_000167/slot_1.png,wheelspin_lab/20260919_023755_1d4d8f4f/20260919_023755_1d4d8f4f_000167/duplicate_031015_095180.png,1.0
500,20260919_023755_1d4d8f4f:000167,2,2026-09-18T18:10:14.690+00:00,CREDITS,"95,000",95 000,1.0,,GREEN,95000,,,,,,,,,,,,,,0,,wheelspin_lab/20260919_023755_1d4d8f4f/spin_000167/full.png,wheelspin_lab/20260919_023755_1d4d8f4f/spin_000167/slot_2.png,,
501,20260919_023755_1d4d8f4f:000167,3,2026-09-18T18:10:14.690+00:00,CREDITS,"c 10,000",c 10 000,1.0,,GREEN,10000,,,,,,,,,,,,,,0,,wheelspin_lab/20260919_023755_1d4d8f4f/spin_000167/full.png,wheelspin_lab/20260919_023755_1d4d8f4f/spin_000167/slot_3.png,,
502,20260919_023755_1d4d8f4f:000168,1,2026-09-18T18:10:22.180+00:00,CREDITS,"45,000",45 000,1.0,,PURPLE,45000,,,,,,,,,,,,,,0,,wheelspin_lab/20260919_023755_1d4d8f4f/spin_000168/full.png,wheelspin_lab/20260919_023755_1d4d8f4f/spin_000168/slot_1.png,,
503,20260919_023755_1d4d8f4f:000168,2,2026-09-18T18:10:22.180+00:00,CREDITS,"200,000",200 000,1.0,,PURPLE,200000,,,,,,,,,,,,,,0,,wheelspin_lab/20260919_023755_1d4d8f4f/spin_000168/full.png,wheelspin_lab/20260919_023755_1d4d8f4f/spin_000168/slot_2.png,,
504,20260919_023755_1d4d8f4f:000168,3,2026-09-18T18:10:22.180+00:00,CREDITS,"20,000",20 000,1.0,,PURPLE,20000,,,,,,,,,,,,,,0,,wheelspin_lab/20260919_023755_1d4d8f4f/spin_000168/full.png,wheelspin_lab/20260919_023755_1d4d8f4f/spin_000168/slot_3.png,,
505,20260919_023755_1d4d8f4f:000169,1,2026-09-18T18:10:27.495+00:00,CREDITS,"10,000",10 000,1.0,,OTHER,10000,,,,,,,,,,,,,,0,,wheelspin_lab/20260919_023755_1d4d8f4f/spin_000169/full.png,wheelspin_lab/20260919_023755_1d4d8f4f/spin_000169/slot_1.png,,
506,20260919_023755_1d4d8f4f:000169,2,2026-09-18T18:10:27.495+00:00,CAR,2023 FORMULA DRIFT 64 Forsberg Racing Nissan,2023 formula drift 64 forsberg racing nissan,0.78,,PURPLE,,2023,FORMULA,DRIFT 64 FORSBERG RACING NISSAN,64 NISSAN Z,,,0,0,0,1,SELL,1.0,SELL,1,100000,wheelspin_lab/20260919_023755_1d4d8f4f/spin_000169/full.png,wheelspin_lab/20260919_023755_1d4d8f4f/spin_000169/slot_2.png,wheelspin_lab/20260919_023755_1d4d8f4f/20260919_023755_1d4d8f4f_000169/duplicate_031027_960796.png,1.0
507,20260919_023755_1d4d8f4f:000169,3,2026-09-18T18:10:27.495+00:00,CREDITS,"R 20,000",r 20 000,1.0,,OTHER,20000,,,,,,,,,,,,,,0,,wheelspin_lab/20260919_023755_1d4d8f4f/spin_000169/full.png,wheelspin_lab/20260919_023755_1d4d8f4f/spin_000169/slot_3.png,,
508,20260919_023755_1d4d8f4f:000170,1,2026-09-18T18:10:35.196+00:00,CAR,2016 JEEP Trailcat,2016 jeep trailcat,0.78,,BLUE,,2016,JEEP,TRAILCAT,JEEP TRAILCAT,,,0,0,0,1,SELL,1.0,SELL,1,35000,wheelspin_lab/20260919_023755_1d4d8f4f/spin_000170/full.png,wheelspin_lab/20260919_023755_1d4d8f4f/spin_000170/slot_1.png,wheelspin_lab/20260919_023755_1d4d8f4f/20260919_023755_1d4d8f4f_000170/duplicate_031035_651174.png,1.0
509,20260919_023755_1d4d8f4f:000170,2,2026-09-18T18:10:35.196+00:00,CREDITS,"R 175,000",r 175 000,1.0,,PURPLE,175000,,,,,,,,,,,,,,0,,wheelspin_lab/20260919_023755_1d4d8f4f/spin_000170/full.png,wheelspin_lab/20260919_023755_1d4d8f4f/spin_000170/slot_2.png,,
510,20260919_023755_1d4d8f4f:000170,3,2026-09-18T18:10:35.196+00:00,CREDITS,"25,000",25 000,1.0,,OTHER,25000,,,,,,,,,,,,,,0,,wheelspin_lab/20260919_023755_1d4d8f4f/spin_000170/full.png,wheelspin_lab/20260919_023755_1d4d8f4f/spin_000170/slot_3.png,,
511,20260919_023755_1d4d8f4f:000171,1,2026-09-18T18:10:42.944+00:00,CREDITS,"c 15,000",c 15 000,1.0,,GREEN,15000,,,,,,,,,,,,,,0,,wheelspin_lab/20260919_023755_1d4d8f4f/spin_000171/full.png,wheelspin_lab/20260919_023755_1d4d8f4f/spin_000171/slot_1.png,,
512,20260919_023755_1d4d8f4f:000171,2,2026-09-18T18:10:42.944+00:00,CREDITS,"20,000",20 000,1.0,,GREEN,20000,,,,,,,,,,,,,,0,,wheelspin_lab/20260919_023755_1d4d8f4f/spin_000171/full.png,wheelspin_lab/20260919_023755_1d4d8f4f/spin_000171/slot_2.png,,
513,20260919_023755_1d4d8f4f:000171,3,2026-09-18T18:10:42.944+00:00,CREDITS,"0 5,000",0 5 000,0.99,,GREEN,5000,,,,,,,,,,,,,,0,,wheelspin_lab/20260919_023755_1d4d8f4f/spin_000171/full.png,wheelspin_lab/20260919_023755_1d4d8f4f/spin_000171/slot_3.png,,
514,20260919_023755_1d4d8f4f:000172,1,2026-09-18T18:10:48.145+00:00,CREDITS,"100,000",100 000,1.0,,NEUTRAL,100000,,,,,,,,,,,,,,0,,wheelspin_lab/20260919_023755_1d4d8f4f/spin_000172/full.png,wheelspin_lab/20260919_023755_1d4d8f4f/spin_000172/slot_1.png,,
515,20260919_023755_1d4d8f4f:000172,2,2026-09-18T18:10:48.145+00:00,CAR,1977 PONTIAC Firebird Trans Am,1977 pontiac firebird trans am,0.78,,NEUTRAL,,1977,PONTIAC,FIREBIRD TRANS AM,PONTIAC WA 77,,,0,0,0,1,SELL,1.0,SELL,1,30000,wheelspin_lab/20260919_023755_1d4d8f4f/spin_000172/full.png,wheelspin_lab/20260919_023755_1d4d8f4f/spin_000172/slot_2.png,wheelspin_lab/20260919_023755_1d4d8f4f/20260919_023755_1d4d8f4f_000172/duplicate_031048_635156.png,1.0
516,20260919_023755_1d4d8f4f:000172,3,2026-09-18T18:10:48.145+00:00,CREDITS,"R 100,000",r 100 000,1.0,,NEUTRAL,100000,,,,,,,,,,,,,,0,,wheelspin_lab/20260919_023755_1d4d8f4f/spin_000172/full.png,wheelspin_lab/20260919_023755_1d4d8f4f/spin_000172/slot_3.png,,
517,20260919_023755_1d4d8f4f:000173,1,2026-09-18T18:10:54.994+00:00,CREDITS,"150,000",150 000,1.0,,NEUTRAL,150000,,,,,,,,,,,,,,0,,wheelspin_lab/20260919_023755_1d4d8f4f/spin_000173/full.png,wheelspin_lab/20260919_023755_1d4d8f4f/spin_000173/slot_1.png,,
518,20260919_023755_1d4d8f4f:000173,2,2026-09-18T18:10:54.994+00:00,CREDITS,"35,000",35 000,1.0,,NEUTRAL,35000,,,,,,,,,,,,,,0,,wheelspin_lab/20260919_023755_1d4d8f4f/spin_000173/full.png,wheelspin_lab/20260919_023755_1d4d8f4f/spin_000173/slot_2.png,,
519,20260919_023755_1d4d8f4f:000173,3,2026-09-18T18:10:54.994+00:00,CREDITS,"50,000",50 000,1.0,,NEUTRAL,50000,,,,,,,,,,,,,,0,,wheelspin_lab/20260919_023755_1d4d8f4f/spin_000173/full.png,wheelspin_lab/20260919_023755_1d4d8f4f/spin_000173/slot_3.png,,
520,20260919_023755_1d4d8f4f:000174,1,2026-09-18T18:11:00.631+00:00,CAR,2016 ASTON MARTIN Vulcan,2016 aston martin vulcan,0.78,,OTHER,,2016,ASTON,MARTIN VULCAN,AM VULCAN,,,0,0,0,1,SELL,1.0,SELL,1,1150000,wheelspin_lab/20260919_023755_1d4d8f4f/spin_000174/full.png,wheelspin_lab/20260919_023755_1d4d8f4f/spin_000174/slot_1.png,wheelspin_lab/20260919_023755_1d4d8f4f/20260919_023755_1d4d8f4f_000174/duplicate_031101_099412.png,1.0
521,20260919_023755_1d4d8f4f:000174,2,2026-09-18T18:11:00.633+00:00,CAR,1988 CHEVROLET Monte Carlo Super Sport,1988 chevrolet monte carlo super sport,0.78,,OTHER,,1988,CHEVROLET,MONTE CARLO SUPER SPORT,CHEVY MONTECARLO,,,0,0,0,1,SELL,1.0,SELL,1,15000,wheelspin_lab/20260919_023755_1d4d8f4f/spin_000174/full.png,wheelspin_lab/20260919_023755_1d4d8f4f/spin_000174/slot_2.png,wheelspin_lab/20260919_023755_1d4d8f4f/20260919_023755_1d4d8f4f_000174/duplicate_031102_635040.png,1.0
522,20260919_023755_1d4d8f4f:000174,3,2026-09-18T18:11:00.633+00:00,CREDITS,"R 20,000",r 20 000,1.0,,OTHER,20000,,,,,,,,,,,,,,0,,wheelspin_lab/20260919_023755_1d4d8f4f/spin_000174/full.png,wheelspin_lab/20260919_023755_1d4d8f4f/spin_000174/slot_3.png,,
523,20260919_023755_1d4d8f4f:000175,1,2026-09-18T18:11:09.641+00:00,CAR,2013 VERCEDES-BENZ A 45 AMG,2013 vercedes benz a 45 amg,0.78,,NEUTRAL,,2013,VERCEDES,BENZ A 45 AMG,M B A45,,,0,0,0,1,SELL,1.0,SELL,1,12500,wheelspin_lab/20260919_023755_1d4d8f4f/spin_000175/full.png,wheelspin_lab/20260919_023755_1d4d8f4f/spin_000175/slot_1.png,wheelspin_lab/20260919_023755_1d4d8f4f/20260919_023755_1d4d8f4f_000175/duplicate_031110_027799.png,1.0
524,20260919_023755_1d4d8f4f:000175,2,2026-09-18T18:11:09.641+00:00,CREDITS,"12,000",12 000,1.0,,NEUTRAL,12000,,,,,,,,,,,,,,0,,wheelspin_lab/20260919_023755_1d4d8f4f/spin_000175/full.png,wheelspin_lab/20260919_023755_1d4d8f4f/spin_000175/slot_2.png,,
525,20260919_023755_1d4d8f4f:000175,3,2026-09-18T18:11:09.641+00:00,CREDITS,"20,000",20 000,1.0,,NEUTRAL,20000,,,,,,,,,,,,,,0,,wheelspin_lab/20260919_023755_1d4d8f4f/spin_000175/full.png,wheelspin_lab/20260919_023755_1d4d8f4f/spin_000175/slot_3.png,,
526,20260919_023755_1d4d8f4f:000176,1,2026-09-18T18:11:17.131+00:00,CREDITS,"95,000",95 000,1.0,,ORANGE,95000,,,,,,,,,,,,,,0,,wheelspin_lab/20260919_023755_1d4d8f4f/spin_000176/full.png,wheelspin_lab/20260919_023755_1d4d8f4f/spin_000176/slot_1.png,,
527,20260919_023755_1d4d8f4f:000176,2,2026-09-18T18:11:17.131+00:00,CREDITS,"15,000",15 000,1.0,,ORANGE,15000,,,,,,,,,,,,,,0,,wheelspin_lab/20260919_023755_1d4d8f4f/spin_000176/full.png,wheelspin_lab/20260919_023755_1d4d8f4f/spin_000176/slot_2.png,,
528,20260919_023755_1d4d8f4f:000176,3,2026-09-18T18:11:17.131+00:00,CREDITS,"250,000",250 000,1.0,,ORANGE,250000,,,,,,,,,,,,,,0,,wheelspin_lab/20260919_023755_1d4d8f4f/spin_000176/full.png,wheelspin_lab/20260919_023755_1d4d8f4f/spin_000176/slot_3.png,,
529,20260919_023755_1d4d8f4f:000177,1,2026-09-18T18:11:22.208+00:00,CREDITS,"20,000",20 000,1.0,,NEUTRAL,20000,,,,,,,,,,,,,,0,,wheelspin_lab/20260919_023755_1d4d8f4f/spin_000177/full.png,wheelspin_lab/20260919_023755_1d4d8f4f/spin_000177/slot_1.png,,
530,20260919_023755_1d4d8f4f:000177,2,2026-09-18T18:11:22.208+00:00,CREDITS,"10,000",10 000,1.0,,NEUTRAL,10000,,,,,,,,,,,,,,0,,wheelspin_lab/20260919_023755_1d4d8f4f/spin_000177/full.png,wheelspin_lab/20260919_023755_1d4d8f4f/spin_000177/slot_2.png,,
531,20260919_023755_1d4d8f4f:000177,3,2026-09-18T18:11:22.208+00:00,CAR,2022 CT5-v Blackwing,2022 ct5 v blackwing,0.78,,NEUTRAL,,2022,CT5,V BLACKWING,CADILLAC CT5 V,,,0,0,0,1,SELL,1.0,SELL,1,45000,wheelspin_lab/20260919_023755_1d4d8f4f/spin_000177/full.png,wheelspin_lab/20260919_023755_1d4d8f4f/spin_000177/slot_3.png,wheelspin_lab/20260919_023755_1d4d8f4f/20260919_023755_1d4d8f4f_000177/duplicate_031122_593169.png,1.0
532,20260919_023755_1d4d8f4f:000178,1,2026-09-18T18:11:29.506+00:00,CAR,2014 FORD 'V Limited Edition Pursuit U,2014 ford v limited edition pursuit u,0.78,,NEUTRAL,,2014,FORD,V LIMITED EDITION PURSUIT U,FORD UTE 14,,,0,0,0,1,SELL,1.0,SELL,1,20000,wheelspin_lab/20260919_023755_1d4d8f4f/spin_000178/full.png,wheelspin_lab/20260919_023755_1d4d8f4f/spin_000178/slot_1.png,wheelspin_lab/20260919_023755_1d4d8f4f/20260919_023755_1d4d8f4f_000178/duplicate_031129_985170.png,1.0
533,20260919_023755_1d4d8f4f:000178,2,2026-09-18T18:11:29.506+00:00,CREDITS,"15,000",15 000,1.0,,NEUTRAL,15000,,,,,,,,,,,,,,0,,wheelspin_lab/20260919_023755_1d4d8f4f/spin_000178/full.png,wheelspin_lab/20260919_023755_1d4d8f4f/spin_000178/slot_2.png,,
534,20260919_023755_1d4d8f4f:000178,3,2026-09-18T18:11:29.506+00:00,CREDITS,"R 50,000",r 50 000,1.0,,NEUTRAL,50000,,,,,,,,,,,,,,0,,wheelspin_lab/20260919_023755_1d4d8f4f/spin_000178/full.png,wheelspin_lab/20260919_023755_1d4d8f4f/spin_000178/slot_3.png,,
535,20260919_023755_1d4d8f4f:000179,1,2026-09-18T18:11:36.725+00:00,CREDITS,"R 45,000",r 45 000,1.0,,OTHER,45000,,,,,,,,,,,,,,0,,wheelspin_lab/20260919_023755_1d4d8f4f/spin_000179/full.png,wheelspin_lab/20260919_023755_1d4d8f4f/spin_000179/slot_1.png,,
536,20260919_023755_1d4d8f4f:000179,2,2026-09-18T18:11:36.725+00:00,CAR,2012 NISSAN Black Edition 835) Forza E SPEED SKILLS BOOST,2012 nissan black edition 835 forza e speed skills boost,0.78,,NEUTRAL,,2012,NISSAN,BLACK EDITION 835 FORZA E SPEED SKILLS BOOST,GT R FE 12,,,0,0,0,1,SELL,1.0,SELL,1,375000,wheelspin_lab/20260919_023755_1d4d8f4f/spin_000179/full.png,wheelspin_lab/20260919_023755_1d4d8f4f/spin_000179/slot_2.png,wheelspin_lab/20260919_023755_1d4d8f4f/20260919_023755_1d4d8f4f_000179/duplicate_031137_282408.png,1.0
537,20260919_023755_1d4d8f4f:000179,3,2026-09-18T18:11:36.725+00:00,CREDITS,"R 20,000",r 20 000,1.0,,OTHER,20000,,,,,,,,,,,,,,0,,wheelspin_lab/20260919_023755_1d4d8f4f/spin_000179/full.png,wheelspin_lab/20260919_023755_1d4d8f4f/spin_000179/slot_3.png,,
538,20260919_023755_1d4d8f4f:000180,1,2026-09-18T18:11:44.191+00:00,CREDITS,"15,000",15 000,1.0,,NEUTRAL,15000,,,,,,,,,,,,,,0,,wheelspin_lab/20260919_023755_1d4d8f4f/spin_000180/full.png,wheelspin_lab/20260919_023755_1d4d8f4f/spin_000180/slot_1.png,,
539,20260919_023755_1d4d8f4f:000180,2,2026-09-18T18:11:44.191+00:00,CAR,RS 4 Avant,rs 4 avant,0.55,,NEUTRAL,,,,AUDI RS 4 01,AUDI RS 4 01,,,,0,0,1,SELL,1.0,SELL,1,87500,wheelspin_lab/20260919_023755_1d4d8f4f/spin_000180/full.png,wheelspin_lab/20260919_023755_1d4d8f4f/spin_000180/slot_2.png,wheelspin_lab/20260919_023755_1d4d8f4f/20260919_023755_1d4d8f4f_000180/duplicate_031144_670322.png,1.0
540,20260919_023755_1d4d8f4f:000180,3,2026-09-18T18:11:44.191+00:00,CREDITS,"10,000",10 000,1.0,,NEUTRAL,10000,,,,,,,,,,,,,,0,,wheelspin_lab/20260919_023755_1d4d8f4f/spin_000180/full.png,wheelspin_lab/20260919_023755_1d4d8f4f/spin_000180/slot_3.png,,
541,20260919_023755_1d4d8f4f:000181,1,2026-09-18T18:11:51.492+00:00,CREDITS,"250,000",250 000,1.0,,ORANGE,250000,,,,,,,,,,,,,,0,,wheelspin_lab/20260919_023755_1d4d8f4f/spin_000181/full.png,wheelspin_lab/20260919_023755_1d4d8f4f/spin_000181/slot_1.png,,
542,20260919_023755_1d4d8f4f:000181,2,2026-09-18T18:11:51.492+00:00,CAR,2015 AUDI,2015 audi,0.45,,ORANGE,,2015,AUDI,AUDI SL,AUDI SL,,,0,0,0,1,SELL,1.0,SELL,1,10500,wheelspin_lab/20260919_023755_1d4d8f4f/spin_000181/full.png,wheelspin_lab/20260919_023755_1d4d8f4f/spin_000181/slot_2.png,wheelspin_lab/20260919_023755_1d4d8f4f/20260919_023755_1d4d8f4f_000181/duplicate_031151_873668.png,1.0
543,20260919_023755_1d4d8f4f:000181,3,2026-09-18T18:11:51.492+00:00,CREDITS,"45,000",45 000,1.0,,ORANGE,45000,,,,,,,,,,,,,,0,,wheelspin_lab/20260919_023755_1d4d8f4f/spin_000181/full.png,wheelspin_lab/20260919_023755_1d4d8f4f/spin_000181/slot_3.png,,
544,20260919_023755_1d4d8f4f:000182,1,2026-09-18T18:11:58.113+00:00,CREDITS,"15,000",15 000,1.0,,OTHER,15000,,,,,,,,,,,,,,0,,wheelspin_lab/20260919_023755_1d4d8f4f/spin_000182/full.png,wheelspin_lab/20260919_023755_1d4d8f4f/spin_000182/slot_1.png,,
545,20260919_023755_1d4d8f4f:000182,2,2026-09-18T18:11:58.113+00:00,CREDITS,"R 20,000",r 20 000,1.0,,OTHER,20000,,,,,,,,,,,,,,0,,wheelspin_lab/20260919_023755_1d4d8f4f/spin_000182/full.png,wheelspin_lab/20260919_023755_1d4d8f4f/spin_000182/slot_2.png,,
546,20260919_023755_1d4d8f4f:000182,3,2026-09-18T18:11:58.113+00:00,CREDITS,"R 50,000",r 50 000,1.0,,BLUE,50000,,,,,,,,,,,,,,0,,wheelspin_lab/20260919_023755_1d4d8f4f/spin_000182/full.png,wheelspin_lab/20260919_023755_1d4d8f4f/spin_000182/slot_3.png,,
547,20260919_023755_1d4d8f4f:000183,1,2026-09-18T18:12:03.505+00:00,CREDITS,"95,000",95 000,1.0,,BLUE,95000,,,,,,,,,,,,,,0,,wheelspin_lab/20260919_023755_1d4d8f4f/spin_000183/full.png,wheelspin_lab/20260919_023755_1d4d8f4f/spin_000183/slot_1.png,,
548,20260919_023755_1d4d8f4f:000183,2,2026-09-18T18:12:03.505+00:00,CREDITS,"15,000",15 000,1.0,,BLUE,15000,,,,,,,,,,,,,,0,,wheelspin_lab/20260919_023755_1d4d8f4f/spin_000183/full.png,wheelspin_lab/20260919_023755_1d4d8f4f/spin_000183/slot_2.png,,
549,20260919_023755_1d4d8f4f:000183,3,2026-09-18T18:12:03.505+00:00,CREDITS,"50,000",50 000,1.0,,BLUE,50000,,,,,,,,,,,,,,0,,wheelspin_lab/20260919_023755_1d4d8f4f/spin_000183/full.png,wheelspin_lab/20260919_023755_1d4d8f4f/spin_000183/slot_3.png,,
550,20260919_023755_1d4d8f4f:000184,1,2026-09-18T18:12:08.588+00:00,CREDITS,"15,000",15 000,1.0,,OTHER,15000,,,,,,,,,,,,,,0,,wheelspin_lab/20260919_023755_1d4d8f4f/spin_000184/full.png,wheelspin_lab/20260919_023755_1d4d8f4f/spin_000184/slot_1.png,,
551,20260919_023755_1d4d8f4f:000184,2,2026-09-18T18:12:08.588+00:00,CREDITS,"R 100,000",r 100 000,1.0,,NEUTRAL,100000,,,,,,,,,,,,,,0,,wheelspin_lab/20260919_023755_1d4d8f4f/spin_000184/full.png,wheelspin_lab/20260919_023755_1d4d8f4f/spin_000184/slot_2.png,,
552,20260919_023755_1d4d8f4f:000184,3,2026-09-18T18:12:08.588+00:00,CREDITS,"R 40,000",r 40 000,1.0,,OTHER,40000,,,,,,,,,,,,,,0,,wheelspin_lab/20260919_023755_1d4d8f4f/spin_000184/full.png,wheelspin_lab/20260919_023755_1d4d8f4f/spin_000184/slot_3.png,,
553,20260919_023755_1d4d8f4f:000185,1,2026-09-18T18:12:14.100+00:00,CREDITS,"95,000",95 000,1.0,,PURPLE,95000,,,,,,,,,,,,,,0,,wheelspin_lab/20260919_023755_1d4d8f4f/spin_000185/full.png,wheelspin_lab/20260919_023755_1d4d8f4f/spin_000185/slot_1.png,,
554,20260919_023755_1d4d8f4f:000185,2,2026-09-18T18:12:14.100+00:00,CREDITS,"150,000",150 000,1.0,,PURPLE,150000,,,,,,,,,,,,,,0,,wheelspin_lab/20260919_023755_1d4d8f4f/spin_000185/full.png,wheelspin_lab/20260919_023755_1d4d8f4f/spin_000185/slot_2.png,,
555,20260919_023755_1d4d8f4f:000185,3,2026-09-18T18:12:14.100+00:00,CAR,1980 ABARTH Fiat 131,1980 abarth fiat 131,0.78,,PURPLE,,1980,ABARTH,FIAT 131,ABARTH 131,,,0,0,0,1,SELL,1.0,SELL,1,62500,wheelspin_lab/20260919_023755_1d4d8f4f/spin_000185/full.png,wheelspin_lab/20260919_023755_1d4d8f4f/spin_000185/slot_3.png,wheelspin_lab/20260919_023755_1d4d8f4f/20260919_023755_1d4d8f4f_000185/duplicate_031214_598871.png,1.0
556,20260919_023755_1d4d8f4f:000186,1,2026-09-18T18:12:21.604+00:00,CREDITS,"150,000",150 000,1.0,,PURPLE,150000,,,,,,,,,,,,,,0,,wheelspin_lab/20260919_023755_1d4d8f4f/spin_000186/full.png,wheelspin_lab/20260919_023755_1d4d8f4f/spin_000186/slot_1.png,,
557,20260919_023755_1d4d8f4f:000186,2,2026-09-18T18:12:21.604+00:00,CREDITS,"95,000",95 000,1.0,,PURPLE,95000,,,,,,,,,,,,,,0,,wheelspin_lab/20260919_023755_1d4d8f4f/spin_000186/full.png,wheelspin_lab/20260919_023755_1d4d8f4f/spin_000186/slot_2.png,,
558,20260919_023755_1d4d8f4f:000186,3,2026-09-18T18:12:21.604+00:00,CREDITS,"c 15,000",c 15 000,1.0,,PURPLE,15000,,,,,,,,,,,,,,0,,wheelspin_lab/20260919_023755_1d4d8f4f/spin_000186/full.png,wheelspin_lab/20260919_023755_1d4d8f4f/spin_000186/slot_3.png,,
559,20260919_023755_1d4d8f4f:000187,1,2026-09-18T18:12:26.620+00:00,CAR,2000 NISSAN Skyline GT-R v•spec II,2000 nissan skyline gt r v spec ii,0.78,,BLUE,,2000,NISSAN,SKYLINE GT R VSPEC II,SKYLINE GT R 00,,,0,0,0,1,SELL,1.0,SELL,1,100000,wheelspin_lab/20260919_023755_1d4d8f4f/spin_000187/full.png,wheelspin_lab/20260919_023755_1d4d8f4f/spin_000187/slot_1.png,wheelspin_lab/20260919_023755_1d4d8f4f/20260919_023755_1d4d8f4f_000187/duplicate_031227_023019.png,1.0
560,20260919_023755_1d4d8f4f:000187,2,2026-09-18T18:12:26.620+00:00,CREDITS,"15,000",15 000,1.0,,BLUE,15000,,,,,,,,,,,,,,0,,wheelspin_lab/20260919_023755_1d4d8f4f/spin_000187/full.png,wheelspin_lab/20260919_023755_1d4d8f4f/spin_000187/slot_2.png,,
561,20260919_023755_1d4d8f4f:000187,3,2026-09-18T18:12:26.620+00:00,CREDITS,"R 100,000",r 100 000,1.0,,BLUE,100000,,,,,,,,,,,,,,0,,wheelspin_lab/20260919_023755_1d4d8f4f/spin_000187/full.png,wheelspin_lab/20260919_023755_1d4d8f4f/spin_000187/slot_3.png,,
562,20260919_023755_1d4d8f4f:000188,1,2026-09-18T18:12:33.270+00:00,CREDITS,"15,000 CR",15 000 cr,1.0,,NEUTRAL,15000,,,,,,,,,,,,,,0,,wheelspin_lab/20260919_023755_1d4d8f4f/spin_000188/full.png,wheelspin_lab/20260919_023755_1d4d8f4f/spin_000188/slot_1.png,,
563,20260919_023755_1d4d8f4f:000188,2,2026-09-18T18:12:33.270+00:00,CREDITS,"10,000",10 000,1.0,,NEUTRAL,10000,,,,,,,,,,,,,,0,,wheelspin_lab/20260919_023755_1d4d8f4f/spin_000188/full.png,wheelspin_lab/20260919_023755_1d4d8f4f/spin_000188/slot_2.png,,
564,20260919_023755_1d4d8f4f:000188,3,2026-09-18T18:12:33.270+00:00,CREDITS,"R 45,000",r 45 000,1.0,,NEUTRAL,45000,,,,,,,,,,,,,,0,,wheelspin_lab/20260919_023755_1d4d8f4f/spin_000188/full.png,wheelspin_lab/20260919_023755_1d4d8f4f/spin_000188/slot_3.png,,
565,20260919_023755_1d4d8f4f:000189,1,2026-09-18T18:12:39.035+00:00,CREDITS,"e 5,000",e 5 000,0.99,,PURPLE,5000,,,,,,,,,,,,,,0,,wheelspin_lab/20260919_023755_1d4d8f4f/spin_000189/full.png,wheelspin_lab/20260919_023755_1d4d8f4f/spin_000189/slot_1.png,,
566,20260919_023755_1d4d8f4f:000189,2,2026-09-18T18:12:39.035+00:00,CREDITS,"200,000",200 000,1.0,,PURPLE,200000,,,,,,,,,,,,,,0,,wheelspin_lab/20260919_023755_1d4d8f4f/spin_000189/full.png,wheelspin_lab/20260919_023755_1d4d8f4f/spin_000189/slot_2.png,,
567,20260919_023755_1d4d8f4f:000189,3,2026-09-18T18:12:39.036+00:00,CREDITS,"0 5,000",0 5 000,0.99,,PURPLE,5000,,,,,,,,,,,,,,0,,wheelspin_lab/20260919_023755_1d4d8f4f/spin_000189/full.png,wheelspin_lab/20260919_023755_1d4d8f4f/spin_000189/slot_3.png,,
568,20260919_023755_1d4d8f4f:000190,1,2026-09-18T18:12:44.152+00:00,CREDITS,"20,000",20 000,1.0,,OTHER,20000,,,,,,,,,,,,,,0,,wheelspin_lab/20260919_023755_1d4d8f4f/spin_000190/full.png,wheelspin_lab/20260919_023755_1d4d8f4f/spin_000190/slot_1.png,,
569,20260919_023755_1d4d8f4f:000190,2,2026-09-18T18:12:44.152+00:00,CAR,2019 PORSCHE 911 Carrera S,2019 porsche 911 carrera s,0.78,,NEUTRAL,,2019,PORSCHE,911 CARRERA S,PORSCHE 911 19,,,0,0,0,1,SELL,1.0,SELL,1,72500,wheelspin_lab/20260919_023755_1d4d8f4f/spin_000190/full.png,wheelspin_lab/20260919_023755_1d4d8f4f/spin_000190/slot_2.png,wheelspin_lab/20260919_023755_1d4d8f4f/20260919_023755_1d4d8f4f_000190/duplicate_031244_542558.png,1.0
570,20260919_023755_1d4d8f4f:000190,3,2026-09-18T18:12:44.152+00:00,CAR,2018 FORD Mustang RTR spec 5,2018 ford mustang rtr spec 5,0.78,,NEUTRAL,,2018,FORD,MUSTANG RTR SPEC 5,FORD MUSTANG S5,,,0,0,0,1,SELL,1.0,SELL,1,17500,wheelspin_lab/20260919_023755_1d4d8f4f/spin_000190/full.png,wheelspin_lab/20260919_023755_1d4d8f4f/spin_000190/slot_3.png,wheelspin_lab/20260919_023755_1d4d8f4f/20260919_023755_1d4d8f4f_000190/duplicate_031246_160251.png,1.0
571,20260919_023755_1d4d8f4f:000191,1,2026-09-18T18:12:53.265+00:00,CAR,1994 NISSAN Silvia K's,1994 nissan silvia k s,0.78,,OTHER,,1994,NISSAN,SILVIA K S,SILVIA 94,,,0,0,0,1,SELL,1.0,SELL,1,10000,wheelspin_lab/20260919_023755_1d4d8f4f/spin_000191/full.png,wheelspin_lab/20260919_023755_1d4d8f4f/spin_000191/slot_1.png,wheelspin_lab/20260919_023755_1d4d8f4f/20260919_023755_1d4d8f4f_000191/duplicate_031253_644738.png,1.0
572,20260919_023755_1d4d8f4f:000191,2,2026-09-18T18:12:53.265+00:00,CREDITS,"15,000",15 000,1.0,,OTHER,15000,,,,,,,,,,,,,,0,,wheelspin_lab/20260919_023755_1d4d8f4f/spin_000191/full.png,wheelspin_lab/20260919_023755_1d4d8f4f/spin_000191/slot_2.png,,
573,20260919_023755_1d4d8f4f:000191,3,2026-09-18T18:12:53.265+00:00,CREDITS,"15,000",15 000,1.0,,OTHER,15000,,,,,,,,,,,,,,0,,wheelspin_lab/20260919_023755_1d4d8f4f/spin_000191/full.png,wheelspin_lab/20260919_023755_1d4d8f4f/spin_000191/slot_3.png,,
574,20260919_023755_1d4d8f4f:000192,1,2026-09-18T18:13:00.786+00:00,OTHER,"95,000",95 000,0.55,,OTHER,,,,,,,,,,,,,,,0,,wheelspin_lab/20260919_023755_1d4d8f4f/spin_000192/full.png,wheelspin_lab/20260919_023755_1d4d8f4f/spin_000192/slot_1.png,,
575,20260919_023755_1d4d8f4f:000192,2,2026-09-18T18:13:00.786+00:00,CREDITS,"R 20,000",r 20 000,1.0,,OTHER,20000,,,,,,,,,,,,,,0,,wheelspin_lab/20260919_023755_1d4d8f4f/spin_000192/full.png,wheelspin_lab/20260919_023755_1d4d8f4f/spin_000192/slot_2.png,,
576,20260919_023755_1d4d8f4f:000192,3,2026-09-18T18:13:00.786+00:00,CREDITS,"p 20,000",p 20 000,1.0,,OTHER,20000,,,,,,,,,,,,,,0,,wheelspin_lab/20260919_023755_1d4d8f4f/spin_000192/full.png,wheelspin_lab/20260919_023755_1d4d8f4f/spin_000192/slot_3.png,,
577,20260919_023755_1d4d8f4f:000193,1,2026-09-18T18:13:06.125+00:00,CREDITS,"10,000",10 000,1.0,,OTHER,10000,,,,,,,,,,,,,,0,,wheelspin_lab/20260919_023755_1d4d8f4f/spin_000193/full.png,wheelspin_lab/20260919_023755_1d4d8f4f/spin_000193/slot_1.png,,
578,20260919_023755_1d4d8f4f:000193,2,2026-09-18T18:13:06.125+00:00,CREDITS,"175,000",175 000,1.0,,PURPLE,175000,,,,,,,,,,,,,,0,,wheelspin_lab/20260919_023755_1d4d8f4f/spin_000193/full.png,wheelspin_lab/20260919_023755_1d4d8f4f/spin_000193/slot_2.png,,
579,20260919_023755_1d4d8f4f:000193,3,2026-09-18T18:13:06.125+00:00,OTHER,"95,000",95 000,0.55,,PURPLE,,,,,,,,,,,,,,,0,,wheelspin_lab/20260919_023755_1d4d8f4f/spin_000193/full.png,wheelspin_lab/20260919_023755_1d4d8f4f/spin_000193/slot_3.png,,
580,20260919_023755_1d4d8f4f:000194,1,2026-09-18T18:13:11.637+00:00,CREDITS,"025,000",025 000,1.0,,GREEN,25000,,,,,,,,,,,,,,0,,wheelspin_lab/20260919_023755_1d4d8f4f/spin_000194/full.png,wheelspin_lab/20260919_023755_1d4d8f4f/spin_000194/slot_1.png,,
581,20260919_023755_1d4d8f4f:000194,2,2026-09-18T18:13:11.637+00:00,CREDITS,"940,000",940 000,1.0,,GREEN,940000,,,,,,,,,,,,,,0,,wheelspin_lab/20260919_023755_1d4d8f4f/spin_000194/full.png,wheelspin_lab/20260919_023755_1d4d8f4f/spin_000194/slot_2.png,,
582,20260919_023755_1d4d8f4f:000194,3,2026-09-18T18:13:11.638+00:00,CREDITS,"0 5,000",0 5 000,0.99,,GREEN,5000,,,,,,,,,,,,,,0,,wheelspin_lab/20260919_023755_1d4d8f4f/spin_000194/full.png,wheelspin_lab/20260919_023755_1d4d8f4f/spin_000194/slot_3.png,,
583,20260919_023755_1d4d8f4f:000195,1,2026-09-18T18:13:16.759+00:00,CREDITS,"R 20,000",r 20 000,1.0,,NEUTRAL,20000,,,,,,,,,,,,,,0,,wheelspin_lab/20260919_023755_1d4d8f4f/spin_000195/full.png,wheelspin_lab/20260919_023755_1d4d8f4f/spin_000195/slot_1.png,,
584,20260919_023755_1d4d8f4f:000195,2,2026-09-18T18:13:16.759+00:00,CAR,2010 Mazdaspeed 3,2010 mazdaspeed 3,0.78,,NEUTRAL,,2010,MAZDASPEED,3,MAZDA 3,,,0,0,0,1,SELL,1.0,SELL,1,12500,wheelspin_lab/20260919_023755_1d4d8f4f/spin_000195/full.png,wheelspin_lab/20260919_023755_1d4d8f4f/spin_000195/slot_2.png,wheelspin_lab/20260919_023755_1d4d8f4f/20260919_023755_1d4d8f4f_000195/duplicate_031317_157111.png,1.0
585,20260919_023755_1d4d8f4f:000195,3,2026-09-18T18:13:16.759+00:00,CAR,1905 MITSUBISHI Eclipse GSX,1905 mitsubishi eclipse gsx,0.78,,NEUTRAL,,1905,MITSUBISHI,ECLIPSE GSX,ECLIPSE GSX,,,0,0,0,1,SELL,1.0,SELL,1,17500,wheelspin_lab/20260919_023755_1d4d8f4f/spin_000195/full.png,wheelspin_lab/20260919_023755_1d4d8f4f/spin_000195/slot_3.png,wheelspin_lab/20260919_023755_1d4d8f4f/20260919_023755_1d4d8f4f_000195/duplicate_031318_747962.png,1.0
586,20260919_023755_1d4d8f4f:000196,1,2026-09-18T18:13:25.739+00:00,CAR,2016 CADILLAC CTS-V Sedan,2016 cadillac cts v sedan,0.78,,OTHER,,2016,CADILLAC,CTS V SEDAN,CADDY CTS V 16,,,0,0,0,1,SELL,1.0,SELL,1,30000,wheelspin_lab/20260919_023755_1d4d8f4f/spin_000196/full.png,wheelspin_lab/20260919_023755_1d4d8f4f/spin_000196/slot_1.png,wheelspin_lab/20260919_023755_1d4d8f4f/20260919_023755_1d4d8f4f_000196/duplicate_031326_123614.png,1.0
587,20260919_023755_1d4d8f4f:000196,2,2026-09-18T18:13:25.739+00:00,CREDITS,"98,000",98 000,1.0,,PURPLE,98000,,,,,,,,,,,,,,0,,wheelspin_lab/20260919_023755_1d4d8f4f/spin_000196/full.png,wheelspin_lab/20260919_023755_1d4d8f4f/spin_000196/slot_2.png,,
588,20260919_023755_1d4d8f4f:000196,3,2026-09-18T18:13:25.739+00:00,CREDITS,"p 150,000",p 150 000,1.0,,PURPLE,150000,,,,,,,,,,,,,,0,,wheelspin_lab/20260919_023755_1d4d8f4f/spin_000196/full.png,wheelspin_lab/20260919_023755_1d4d8f4f/spin_000196/slot_3.png,,
589,20260919_023755_1d4d8f4f:000197,1,2026-09-18T18:13:33.226+00:00,CREDITS,"12,000",12 000,1.0,,NEUTRAL,12000,,,,,,,,,,,,,,0,,wheelspin_lab/20260919_023755_1d4d8f4f/spin_000197/full.png,wheelspin_lab/20260919_023755_1d4d8f4f/spin_000197/slot_1.png,,
590,20260919_023755_1d4d8f4f:000197,2,2026-09-18T18:13:33.226+00:00,CREDITS,"45,000",45 000,1.0,,NEUTRAL,45000,,,,,,,,,,,,,,0,,wheelspin_lab/20260919_023755_1d4d8f4f/spin_000197/full.png,wheelspin_lab/20260919_023755_1d4d8f4f/spin_000197/slot_2.png,,
591,20260919_023755_1d4d8f4f:000197,3,2026-09-18T18:13:33.226+00:00,CAR,1992 FORD Escort RS Cosworth,1992 ford escort rs cosworth,0.78,,NEUTRAL,,1992,FORD,ESCORT RS COSWORTH,FORD ESCORT 92,,,0,0,0,1,SELL,1.0,SELL,1,32500,wheelspin_lab/20260919_023755_1d4d8f4f/spin_000197/full.png,wheelspin_lab/20260919_023755_1d4d8f4f/spin_000197/slot_3.png,wheelspin_lab/20260919_023755_1d4d8f4f/20260919_023755_1d4d8f4f_000197/duplicate_031333_621249.png,1.0
592,20260919_023755_1d4d8f4f:000198,1,2026-09-18T18:13:40.628+00:00,CREDITS,"c 10,000",c 10 000,1.0,,GREEN,10000,,,,,,,,,,,,,,0,,wheelspin_lab/20260919_023755_1d4d8f4f/spin_000198/full.png,wheelspin_lab/20260919_023755_1d4d8f4f/spin_000198/slot_1.png,,
593,20260919_023755_1d4d8f4f:000198,2,2026-09-18T18:13:40.628+00:00,CREDITS,"95,000",95 000,1.0,,GREEN,95000,,,,,,,,,,,,,,0,,wheelspin_lab/20260919_023755_1d4d8f4f/spin_000198/full.png,wheelspin_lab/20260919_023755_1d4d8f4f/spin_000198/slot_2.png,,
594,20260919_023755_1d4d8f4f:000198,3,2026-09-18T18:13:40.630+00:00,CREDITS,"c 12,000",c 12 000,1.0,,GREEN,12000,,,,,,,,,,,,,,0,,wheelspin_lab/20260919_023755_1d4d8f4f/spin_000198/full.png,wheelspin_lab/20260919_023755_1d4d8f4f/spin_000198/slot_3.png,,
595,20260919_023755_1d4d8f4f:000199,1,2026-09-18T18:13:45.784+00:00,CAR,1972 RELIANT Supervan Ill,1972 reliant supervan ill,0.78,,NEUTRAL,,1972,RELIANT,SUPERVAN ILL,RELIANT SUPERVAN,,,0,0,0,1,SELL,1.0,SELL,1,19500,wheelspin_lab/20260919_023755_1d4d8f4f/spin_000199/full.png,wheelspin_lab/20260919_023755_1d4d8f4f/spin_000199/slot_1.png,wheelspin_lab/20260919_023755_1d4d8f4f/20260919_023755_1d4d8f4f_000199/duplicate_031346_177663.png,1.0
596,20260919_023755_1d4d8f4f:000199,2,2026-09-18T18:13:45.784+00:00,CREDITS,"50,000",50 000,1.0,,NEUTRAL,50000,,,,,,,,,,,,,,0,,wheelspin_lab/20260919_023755_1d4d8f4f/spin_000199/full.png,wheelspin_lab/20260919_023755_1d4d8f4f/spin_000199/slot_2.png,,
597,20260919_023755_1d4d8f4f:000199,3,2026-09-18T18:13:45.784+00:00,CAR,19/3 RX-3,19 3 rx 3,0.55,,NEUTRAL,,,,MAZDA RX 3,MAZDA RX 3,,,,0,0,1,SELL,1.0,SELL,1,36500,wheelspin_lab/20260919_023755_1d4d8f4f/spin_000199/full.png,wheelspin_lab/20260919_023755_1d4d8f4f/spin_000199/slot_3.png,wheelspin_lab/20260919_023755_1d4d8f4f/20260919_023755_1d4d8f4f_000199/duplicate_031347_690222.png,1.0
598,20260919_023755_1d4d8f4f:000200,1,2026-09-18T18:13:54.665+00:00,CREDITS,"200,000",200 000,1.0,,NEUTRAL,200000,,,,,,,,,,,,,,0,,wheelspin_lab/20260919_023755_1d4d8f4f/spin_000200/full.png,wheelspin_lab/20260919_023755_1d4d8f4f/spin_000200/slot_1.png,,
599,20260919_023755_1d4d8f4f:000200,2,2026-09-18T18:13:54.665+00:00,CREDITS,"R 20,000",r 20 000,1.0,,NEUTRAL,20000,,,,,,,,,,,,,,0,,wheelspin_lab/20260919_023755_1d4d8f4f/spin_000200/full.png,wheelspin_lab/20260919_023755_1d4d8f4f/spin_000200/slot_2.png,,
600,20260919_023755_1d4d8f4f:000200,3,2026-09-18T18:13:54.665+00:00,CAR,2017 FERRARI 812 Superfast,2017 ferrari 812 superfast,0.78,,NEUTRAL,,2017,FERRARI,812 SUPERFAST,FERRARI 812,,,0,0,0,1,SELL,1.0,SELL,1,197500,wheelspin_lab/20260919_023755_1d4d8f4f/spin_000200/full.png,wheelspin_lab/20260919_023755_1d4d8f4f/spin_000200/slot_3.png,wheelspin_lab/20260919_023755_1d4d8f4f/20260919_023755_1d4d8f4f_000200/duplicate_031355_040183.png,1.0
601,20260919_023755_1d4d8f4f:000201,1,2026-09-18T18:14:02.228+00:00,CREDITS,"20,000",20 000,1.0,,PURPLE,20000,,,,,,,,,,,,,,0,,wheelspin_lab/20260919_023755_1d4d8f4f/spin_000201/full.png,wheelspin_lab/20260919_023755_1d4d8f4f/spin_000201/slot_1.png,,
602,20260919_023755_1d4d8f4f:000201,2,2026-09-18T18:14:02.228+00:00,CREDITS,"200,000",200 000,1.0,,PURPLE,200000,,,,,,,,,,,,,,0,,wheelspin_lab/20260919_023755_1d4d8f4f/spin_000201/full.png,wheelspin_lab/20260919_023755_1d4d8f4f/spin_000201/slot_2.png,,
603,20260919_023755_1d4d8f4f:000201,3,2026-09-18T18:14:02.228+00:00,CAR,1989 NISSAN S-Cargo Forza Edition CREDITS BOOST,1989 nissan s cargo forza edition credits boost,1.0,,PURPLE,,1989,Nissan,S-Cargo Forza Edition,S CARGO FE,,,1,0,0,1,SELL,1.0,SELL,1,250000,wheelspin_lab/20260919_023755_1d4d8f4f/spin_000201/full.png,wheelspin_lab/20260919_023755_1d4d8f4f/spin_000201/slot_3.png,wheelspin_lab/20260919_023755_1d4d8f4f/20260919_023755_1d4d8f4f_000201/duplicate_031402_716897.png,1.0
604,20260919_023755_1d4d8f4f:000202,1,2026-09-18T18:14:09.509+00:00,CAR,288 GTO,288 gto,0.55,,NEUTRAL,,,,FERRARI 288 GTO,FERRARI 288 GTO,,,,0,0,1,SELL,1.0,SELL,1,1400000,wheelspin_lab/20260919_023755_1d4d8f4f/spin_000202/full.png,wheelspin_lab/20260919_023755_1d4d8f4f/spin_000202/slot_1.png,wheelspin_lab/20260919_023755_1d4d8f4f/20260919_023755_1d4d8f4f_000202/duplicate_031409_970030.png,1.0
605,20260919_023755_1d4d8f4f:000202,2,2026-09-18T18:14:09.509+00:00,CAR,plus,plus,0.55,,NEUTRAL,,,,AUDI R8 VIO PLUS,AUDI R8 VIO PLUS,,,,0,0,1,SELL,1.0,SELL,1,80000,wheelspin_lab/20260919_023755_1d4d8f4f/spin_000202/full.png,wheelspin_lab/20260919_023755_1d4d8f4f/spin_000202/slot_2.png,wheelspin_lab/20260919_023755_1d4d8f4f/20260919_023755_1d4d8f4f_000202/duplicate_031411_545354.png,1.0
606,20260919_023755_1d4d8f4f:000202,3,2026-09-18T18:14:09.511+00:00,CREDITS,"20,000",20 000,1.0,,NEUTRAL,20000,,,,,,,,,,,,,,0,,wheelspin_lab/20260919_023755_1d4d8f4f/spin_000202/full.png,wheelspin_lab/20260919_023755_1d4d8f4f/spin_000202/slot_3.png,,
607,20260919_023755_1d4d8f4f:000203,1,2026-09-18T18:14:18.356+00:00,CREDITS,"80,000",80 000,1.0,,BLUE,80000,,,,,,,,,,,,,,0,,wheelspin_lab/20260919_023755_1d4d8f4f/spin_000203/full.png,wheelspin_lab/20260919_023755_1d4d8f4f/spin_000203/slot_1.png,,
608,20260919_023755_1d4d8f4f:000203,2,2026-09-18T18:14:18.356+00:00,CAR,2019 BMW Z4 Roadster,2019 bmw z4 roadster,0.78,,BLUE,,2019,BMW,Z4 ROADSTER,BMW Z4 19,,,0,0,0,1,SELL,1.0,SELL,1,19000,wheelspin_lab/20260919_023755_1d4d8f4f/spin_000203/full.png,wheelspin_lab/20260919_023755_1d4d8f4f/spin_000203/slot_2.png,wheelspin_lab/20260919_023755_1d4d8f4f/20260919_023755_1d4d8f4f_000203/duplicate_031418_755850.png,1.0
609,20260919_023755_1d4d8f4f:000203,3,2026-09-18T18:14:18.356+00:00,CREDITS,"15,000",15 000,1.0,,BLUE,15000,,,,,,,,,,,,,,0,,wheelspin_lab/20260919_023755_1d4d8f4f/spin_000203/full.png,wheelspin_lab/20260919_023755_1d4d8f4f/spin_000203/slot_3.png,,
610,20260919_023755_1d4d8f4f:000204,1,2026-09-18T18:14:25.719+00:00,CREDITS,"R 175,000",r 175 000,1.0,,NEUTRAL,175000,,,,,,,,,,,,,,0,,wheelspin_lab/20260919_023755_1d4d8f4f/spin_000204/full.png,wheelspin_lab/20260919_023755_1d4d8f4f/spin_000204/slot_1.png,,
611,20260919_023755_1d4d8f4f:000204,2,2026-09-18T18:14:25.719+00:00,CREDITS,"45,000",45 000,1.0,,NEUTRAL,45000,,,,,,,,,,,,,,0,,wheelspin_lab/20260919_023755_1d4d8f4f/spin_000204/full.png,wheelspin_lab/20260919_023755_1d4d8f4f/spin_000204/slot_2.png,,
612,20260919_023755_1d4d8f4f:000204,3,2026-09-18T18:14:25.719+00:00,CAR,2018 JEEP Grand Cherokee Trackhawk,2018 jeep grand cherokee trackhawk,0.78,,NEUTRAL,,2018,JEEP,GRAND CHEROKEE TRACKHAWK,JEEP TRACKHAWK,,,0,0,0,1,SELL,1.0,SELL,1,36000,wheelspin_lab/20260919_023755_1d4d8f4f/spin_000204/full.png,wheelspin_lab/20260919_023755_1d4d8f4f/spin_000204/slot_3.png,wheelspin_lab/20260919_023755_1d4d8f4f/20260919_023755_1d4d8f4f_000204/duplicate_031426_206625.png,1.0
613,20260919_023755_1d4d8f4f:000205,1,2026-09-18T18:14:33.271+00:00,CAR,2021 MERCEDES-AMG GT Black Series,2021 mercedes amg gt black series,0.78,,PURPLE,,2021,MERCEDES,AMG GT BLACK SERIES,AMG GT BLACK,,,0,0,0,1,SELL,1.0,SELL,1,220000,wheelspin_lab/20260919_023755_1d4d8f4f/spin_000205/full.png,wheelspin_lab/20260919_023755_1d4d8f4f/spin_000205/slot_1.png,wheelspin_lab/20260919_023755_1d4d8f4f/20260919_023755_1d4d8f4f_000205/duplicate_031433_673240.png,1.0
614,20260919_023755_1d4d8f4f:000205,2,2026-09-18T18:14:33.271+00:00,CREDITS,"10,000",10 000,1.0,,OTHER,10000,,,,,,,,,,,,,,0,,wheelspin_lab/20260919_023755_1d4d8f4f/spin_000205/full.png,wheelspin_lab/20260919_023755_1d4d8f4f/spin_000205/slot_2.png,,
615,20260919_023755_1d4d8f4f:000205,3,2026-09-18T18:14:33.271+00:00,CAR,2000 FORD Mustang SVT Cobra R,2000 ford mustang svt cobra r,0.78,,OTHER,,2000,FORD,MUSTANG SVT COBRA R,FORD MUSTANG 00,,,0,0,0,1,SELL,1.0,SELL,1,76500,wheelspin_lab/20260919_023755_1d4d8f4f/spin_000205/full.png,wheelspin_lab/20260919_023755_1d4d8f4f/spin_000205/slot_3.png,wheelspin_lab/20260919_023755_1d4d8f4f/20260919_023755_1d4d8f4f_000205/duplicate_031435_233323.png,1.0
616,20260919_023755_1d4d8f4f:000206,1,2026-09-18T18:14:42.336+00:00,CAR,Black Edition (R35) Forza E SPO SKILLS BOOST,black edition r35 forza e spo skills boost,0.55,,NEUTRAL,,,,GT R FE 12,GT R FE 12,,,,0,0,1,SELL,1.0,SELL,1,375000,wheelspin_lab/20260919_023755_1d4d8f4f/spin_000206/full.png,wheelspin_lab/20260919_023755_1d4d8f4f/spin_000206/slot_1.png,wheelspin_lab/20260919_023755_1d4d8f4f/20260919_023755_1d4d8f4f_000206/duplicate_031442_818308.png,1.0
617,20260919_023755_1d4d8f4f:000206,2,2026-09-18T18:14:42.336+00:00,OTHER,"20,000",20 000,0.55,,NEUTRAL,,,,,,,,,,,,,,,0,,wheelspin_lab/20260919_023755_1d4d8f4f/spin_000206/full.png,wheelspin_lab/20260919_023755_1d4d8f4f/spin_000206/slot_2.png,,
618,20260919_023755_1d4d8f4f:000206,3,2026-09-18T18:14:42.336+00:00,CREDITS,"100,000",100 000,1.0,,NEUTRAL,100000,,,,,,,,,,,,,,0,,wheelspin_lab/20260919_023755_1d4d8f4f/spin_000206/full.png,wheelspin_lab/20260919_023755_1d4d8f4f/spin_000206/slot_3.png,,
619,20260919_023755_1d4d8f4f:000207,1,2026-09-18T18:17:54.377+00:00,CREDITS,"R 20,000",r 20 000,1.0,,OTHER,20000,,,,,,,,,,,,,,0,,wheelspin_lab/20260919_023755_1d4d8f4f/spin_000207/full.png,wheelspin_lab/20260919_023755_1d4d8f4f/spin_000207/slot_1.png,,
620,20260919_023755_1d4d8f4f:000207,2,2026-09-18T18:17:54.377+00:00,CAR,1970 HONDA S800,1970 honda s800,0.78,,OTHER,,1970,HONDA,S800,HONDA S800,,,0,0,0,1,SELL,1.0,SELL,1,20000,wheelspin_lab/20260919_023755_1d4d8f4f/spin_000207/full.png,wheelspin_lab/20260919_023755_1d4d8f4f/spin_000207/slot_2.png,wheelspin_lab/20260919_023755_1d4d8f4f/20260919_023755_1d4d8f4f_000207/duplicate_031754_791529.png,1.0
621,20260919_023755_1d4d8f4f:000207,3,2026-09-18T18:17:54.378+00:00,CREDITS,"200,000",200 000,1.0,,PURPLE,200000,,,,,,,,,,,,,,0,,wheelspin_lab/20260919_023755_1d4d8f4f/spin_000207/full.png,wheelspin_lab/20260919_023755_1d4d8f4f/spin_000207/slot_3.png,,
622,20260919_023755_1d4d8f4f:000208,1,2026-09-18T18:18:01.630+00:00,CREDITS,"20,000",20 000,1.0,,OTHER,20000,,,,,,,,,,,,,,0,,wheelspin_lab/20260919_023755_1d4d8f4f/spin_000208/full.png,wheelspin_lab/20260919_023755_1d4d8f4f/spin_000208/slot_1.png,,
623,20260919_023755_1d4d8f4f:000208,2,2026-09-18T18:18:01.630+00:00,CREDITS,"15,000",15 000,1.0,,OTHER,15000,,,,,,,,,,,,,,0,,wheelspin_lab/20260919_023755_1d4d8f4f/spin_000208/full.png,wheelspin_lab/20260919_023755_1d4d8f4f/spin_000208/slot_2.png,,
624,20260919_023755_1d4d8f4f:000208,3,2026-09-18T18:18:01.630+00:00,CREDITS,"15,000",15 000,1.0,,OTHER,15000,,,,,,,,,,,,,,0,,wheelspin_lab/20260919_023755_1d4d8f4f/spin_000208/full.png,wheelspin_lab/20260919_023755_1d4d8f4f/spin_000208/slot_3.png,,
625,20260919_023755_1d4d8f4f:000209,1,2026-09-18T18:18:06.866+00:00,CREDITS,"10,000",10 000,1.0,,OTHER,10000,,,,,,,,,,,,,,0,,wheelspin_lab/20260919_023755_1d4d8f4f/spin_000209/full.png,wheelspin_lab/20260919_023755_1d4d8f4f/spin_000209/slot_1.png,,
626,20260919_023755_1d4d8f4f:000209,2,2026-09-18T18:18:06.866+00:00,CREDITS,"R 25,000",r 25 000,1.0,,OTHER,25000,,,,,,,,,,,,,,0,,wheelspin_lab/20260919_023755_1d4d8f4f/spin_000209/full.png,wheelspin_lab/20260919_023755_1d4d8f4f/spin_000209/slot_2.png,,
627,20260919_023755_1d4d8f4f:000209,3,2026-09-18T18:18:06.866+00:00,CREDITS,"R 20,000",r 20 000,1.0,,OTHER,20000,,,,,,,,,,,,,,0,,wheelspin_lab/20260919_023755_1d4d8f4f/spin_000209/full.png,wheelspin_lab/20260919_023755_1d4d8f4f/spin_000209/slot_3.png,,
628,20260919_023755_1d4d8f4f:000210,1,2026-09-18T18:18:12.239+00:00,CREDITS,"15,000",15 000,1.0,,OTHER,15000,,,,,,,,,,,,,,0,,wheelspin_lab/20260919_023755_1d4d8f4f/spin_000210/full.png,wheelspin_lab/20260919_023755_1d4d8f4f/spin_000210/slot_1.png,,
629,20260919_023755_1d4d8f4f:000210,2,2026-09-18T18:18:12.239+00:00,CREDITS,"250,000",250 000,1.0,,OTHER,250000,,,,,,,,,,,,,,0,,wheelspin_lab/20260919_023755_1d4d8f4f/spin_000210/full.png,wheelspin_lab/20260919_023755_1d4d8f4f/spin_000210/slot_2.png,,
630,20260919_023755_1d4d8f4f:000210,3,2026-09-18T18:18:12.239+00:00,CREDITS,"15,000",15 000,1.0,,OTHER,15000,,,,,,,,,,,,,,0,,wheelspin_lab/20260919_023755_1d4d8f4f/spin_000210/full.png,wheelspin_lab/20260919_023755_1d4d8f4f/spin_000210/slot_3.png,,
631,20260919_023755_1d4d8f4f:000211,1,2026-09-18T18:18:17.789+00:00,CREDITS,"R 50,000",r 50 000,1.0,,BLUE,50000,,,,,,,,,,,,,,0,,wheelspin_lab/20260919_023755_1d4d8f4f/spin_000211/full.png,wheelspin_lab/20260919_023755_1d4d8f4f/spin_000211/slot_1.png,,
632,20260919_023755_1d4d8f4f:000211,2,2026-09-18T18:18:17.789+00:00,CAR,1993 FORD Mustang SVT Cobra R,1993 ford mustang svt cobra r,0.78,,OTHER,,1993,FORD,MUSTANG SVT COBRA R,FORD MUSTANG 93,,,0,0,0,1,SELL,1.0,SELL,1,42000,wheelspin_lab/20260919_023755_1d4d8f4f/spin_000211/full.png,wheelspin_lab/20260919_023755_1d4d8f4f/spin_000211/slot_2.png,wheelspin_lab/20260919_023755_1d4d8f4f/20260919_023755_1d4d8f4f_000211/duplicate_031818_182414.png,1.0
633,20260919_023755_1d4d8f4f:000211,3,2026-09-18T18:18:17.789+00:00,CREDITS,"75,000",75 000,1.0,,BLUE,75000,,,,,,,,,,,,,,0,,wheelspin_lab/20260919_023755_1d4d8f4f/spin_000211/full.png,wheelspin_lab/20260919_023755_1d4d8f4f/spin_000211/slot_3.png,,
634,20260919_023755_1d4d8f4f:000212,1,2026-09-18T18:18:25.432+00:00,CREDITS,"35,000",35 000,1.0,,NEUTRAL,35000,,,,,,,,,,,,,,0,,wheelspin_lab/20260919_023755_1d4d8f4f/spin_000212/full.png,wheelspin_lab/20260919_023755_1d4d8f4f/spin_000212/slot_1.png,,
635,20260919_023755_1d4d8f4f:000212,2,2026-09-18T18:18:25.432+00:00,CREDITS,"50,000",50 000,1.0,,NEUTRAL,50000,,,,,,,,,,,,,,0,,wheelspin_lab/20260919_023755_1d4d8f4f/spin_000212/full.png,wheelspin_lab/20260919_023755_1d4d8f4f/spin_000212/slot_2.png,,
636,20260919_023755_1d4d8f4f:000212,3,2026-09-18T18:18:25.432+00:00,CREDITS,"250,000",250 000,1.0,,NEUTRAL,250000,,,,,,,,,,,,,,0,,wheelspin_lab/20260919_023755_1d4d8f4f/spin_000212/full.png,wheelspin_lab/20260919_023755_1d4d8f4f/spin_000212/slot_3.png,,
637,20260919_023755_1d4d8f4f:000213,1,2026-09-18T18:18:30.690+00:00,CREDITS,"15,000",15 000,1.0,,NEUTRAL,15000,,,,,,,,,,,,,,0,,wheelspin_lab/20260919_023755_1d4d8f4f/spin_000213/full.png,wheelspin_lab/20260919_023755_1d4d8f4f/spin_000213/slot_1.png,,
638,20260919_023755_1d4d8f4f:000213,2,2026-09-18T18:18:30.690+00:00,CREDITS,"40,000",40 000,1.0,,NEUTRAL,40000,,,,,,,,,,,,,,0,,wheelspin_lab/20260919_023755_1d4d8f4f/spin_000213/full.png,wheelspin_lab/20260919_023755_1d4d8f4f/spin_000213/slot_2.png,,
639,20260919_023755_1d4d8f4f:000213,3,2026-09-18T18:18:30.690+00:00,CREDITS,"45,000",45 000,1.0,,NEUTRAL,45000,,,,,,,,,,,,,,0,,wheelspin_lab/20260919_023755_1d4d8f4f/spin_000213/full.png,wheelspin_lab/20260919_023755_1d4d8f4f/spin_000213/slot_3.png,,
640,20260919_023755_1d4d8f4f:000214,1,2026-09-18T18:18:36.330+00:00,CREDITS,"15,000",15 000,1.0,,PURPLE,15000,,,,,,,,,,,,,,0,,wheelspin_lab/20260919_023755_1d4d8f4f/spin_000214/full.png,wheelspin_lab/20260919_023755_1d4d8f4f/spin_000214/slot_1.png,,
641,20260919_023755_1d4d8f4f:000214,2,2026-09-18T18:18:36.330+00:00,CREDITS,"150,000",150 000,1.0,,PURPLE,150000,,,,,,,,,,,,,,0,,wheelspin_lab/20260919_023755_1d4d8f4f/spin_000214/full.png,wheelspin_lab/20260919_023755_1d4d8f4f/spin_000214/slot_2.png,,
642,20260919_023755_1d4d8f4f:000214,3,2026-09-18T18:18:36.330+00:00,CREDITS,"10,000",10 000,1.0,,PURPLE,10000,,,,,,,,,,,,,,0,,wheelspin_lab/20260919_023755_1d4d8f4f/spin_000214/full.png,wheelspin_lab/20260919_023755_1d4d8f4f/spin_000214/slot_3.png,,
643,20260919_023755_1d4d8f4f:000215,1,2026-09-18T18:18:41.824+00:00,CREDITS,"920,000",920 000,1.0,,ORANGE,920000,,,,,,,,,,,,,,0,,wheelspin_lab/20260919_023755_1d4d8f4f/spin_000215/full.png,wheelspin_lab/20260919_023755_1d4d8f4f/spin_000215/slot_1.png,,
644,20260919_023755_1d4d8f4f:000215,2,2026-09-18T18:18:41.824+00:00,CREDITS,"250,000",250 000,1.0,,ORANGE,250000,,,,,,,,,,,,,,0,,wheelspin_lab/20260919_023755_1d4d8f4f/spin_000215/full.png,wheelspin_lab/20260919_023755_1d4d8f4f/spin_000215/slot_2.png,,
645,20260919_023755_1d4d8f4f:000215,3,2026-09-18T18:18:41.824+00:00,CREDITS,"0 5,000",0 5 000,0.99,,ORANGE,5000,,,,,,,,,,,,,,0,,wheelspin_lab/20260919_023755_1d4d8f4f/spin_000215/full.png,wheelspin_lab/20260919_023755_1d4d8f4f/spin_000215/slot_3.png,,
646,20260919_023755_1d4d8f4f:000216,1,2026-09-18T18:18:46.966+00:00,CREDITS,"R 25,000",r 25 000,1.0,,NEUTRAL,25000,,,,,,,,,,,,,,0,,wheelspin_lab/20260919_023755_1d4d8f4f/spin_000216/full.png,wheelspin_lab/20260919_023755_1d4d8f4f/spin_000216/slot_1.png,,
647,20260919_023755_1d4d8f4f:000216,2,2026-09-18T18:18:46.967+00:00,CREDITS,"R 80,000",r 80 000,1.0,,NEUTRAL,80000,,,,,,,,,,,,,,0,,wheelspin_lab/20260919_023755_1d4d8f4f/spin_000216/full.png,wheelspin_lab/20260919_023755_1d4d8f4f/spin_000216/slot_2.png,,
648,20260919_023755_1d4d8f4f:000216,3,2026-09-18T18:18:46.967+00:00,CAR,2021 ALUMICR/\FT #122 Class 1 Buggy,2021 alumicr ft 122 class 1 buggy,0.78,,NEUTRAL,,2021,ALUMICR,FT 122 CLASS 1 BUGGY,122 AC CLASS 1,,,0,0,0,1,SELL,1.0,SELL,1,80000,wheelspin_lab/20260919_023755_1d4d8f4f/spin_000216/full.png,wheelspin_lab/20260919_023755_1d4d8f4f/spin_000216/slot_3.png,wheelspin_lab/20260919_023755_1d4d8f4f/20260919_023755_1d4d8f4f_000216/duplicate_031847_371139.png,1.0
649,20260919_023755_1d4d8f4f:000217,1,2026-09-18T18:18:54.404+00:00,CAR,1970 CHEVROLET Camaro Z28,1970 chevrolet camaro z28,0.78,,OTHER,,1970,CHEVROLET,CAMARO Z28,CHEVY CAMARO 70,,,0,0,0,1,SELL,1.0,SELL,1,27500,wheelspin_lab/20260919_023755_1d4d8f4f/spin_000217/full.png,wheelspin_lab/20260919_023755_1d4d8f4f/spin_000217/slot_1.png,wheelspin_lab/20260919_023755_1d4d8f4f/20260919_023755_1d4d8f4f_000217/duplicate_031854_818819.png,1.0
650,20260919_023755_1d4d8f4f:000217,2,2026-09-18T18:18:54.404+00:00,CREDITS,"250,000",250 000,1.0,,OTHER,250000,,,,,,,,,,,,,,0,,wheelspin_lab/20260919_023755_1d4d8f4f/spin_000217/full.png,wheelspin_lab/20260919_023755_1d4d8f4f/spin_000217/slot_2.png,,
651,20260919_023755_1d4d8f4f:000217,3,2026-09-18T18:18:54.404+00:00,CREDITS,"10,000",10 000,1.0,,OTHER,10000,,,,,,,,,,,,,,0,,wheelspin_lab/20260919_023755_1d4d8f4f/spin_000217/full.png,wheelspin_lab/20260919_023755_1d4d8f4f/spin_000217/slot_3.png,,
652,20260919_023755_1d4d8f4f:000218,1,2026-09-18T18:19:02.040+00:00,CREDITS,"15,000",15 000,1.0,,OTHER,15000,,,,,,,,,,,,,,0,,wheelspin_lab/20260919_023755_1d4d8f4f/spin_000218/full.png,wheelspin_lab/20260919_023755_1d4d8f4f/spin_000218/slot_1.png,,
653,20260919_023755_1d4d8f4f:000218,2,2026-09-18T18:19:02.040+00:00,CREDITS,"10,000",10 000,1.0,,PURPLE,10000,,,,,,,,,,,,,,0,,wheelspin_lab/20260919_023755_1d4d8f4f/spin_000218/full.png,wheelspin_lab/20260919_023755_1d4d8f4f/spin_000218/slot_2.png,,
654,20260919_023755_1d4d8f4f:000218,3,2026-09-18T18:19:02.041+00:00,CREDITS,"200,000",200 000,1.0,,PURPLE,200000,,,,,,,,,,,,,,0,,wheelspin_lab/20260919_023755_1d4d8f4f/spin_000218/full.png,wheelspin_lab/20260919_023755_1d4d8f4f/spin_000218/slot_3.png,,
655,20260919_023755_1d4d8f4f:000219,1,2026-09-18T18:19:07.378+00:00,CREDITS,"R 40,000",r 40 000,1.0,,PURPLE,40000,,,,,,,,,,,,,,0,,wheelspin_lab/20260919_023755_1d4d8f4f/spin_000219/full.png,wheelspin_lab/20260919_023755_1d4d8f4f/spin_000219/slot_1.png,,
656,20260919_023755_1d4d8f4f:000219,2,2026-09-18T18:19:07.378+00:00,CAR,2020 FORMULA DRIFT BMW M2,2020 formula drift bmw m2,0.78,,PURPLE,,2020,FORMULA,DRIFT BMW M2,91 BMW M2,,,0,0,0,1,SELL,1.0,SELL,1,75000,wheelspin_lab/20260919_023755_1d4d8f4f/spin_000219/full.png,wheelspin_lab/20260919_023755_1d4d8f4f/spin_000219/slot_2.png,wheelspin_lab/20260919_023755_1d4d8f4f/20260919_023755_1d4d8f4f_000219/duplicate_031907_772263.png,1.0
657,20260919_023755_1d4d8f4f:000219,3,2026-09-18T18:19:07.378+00:00,CREDITS,"R 100,000",r 100 000,1.0,,PURPLE,100000,,,,,,,,,,,,,,0,,wheelspin_lab/20260919_023755_1d4d8f4f/spin_000219/full.png,wheelspin_lab/20260919_023755_1d4d8f4f/spin_000219/slot_3.png,,
658,20260919_023755_1d4d8f4f:000220,1,2026-09-18T18:19:14.863+00:00,CAR,2018 CHEVROLET Camaro ZLI ILE,2018 chevrolet camaro zli ile,0.78,,BLUE,,2018,CHEVROLET,CAMARO ZLI ILE,CHEVY CAMARO 18,,,0,0,0,1,SELL,1.0,SELL,1,35000,wheelspin_lab/20260919_023755_1d4d8f4f/spin_000220/full.png,wheelspin_lab/20260919_023755_1d4d8f4f/spin_000220/slot_1.png,wheelspin_lab/20260919_023755_1d4d8f4f/20260919_023755_1d4d8f4f_000220/duplicate_031915_281739.png,1.0
659,20260919_023755_1d4d8f4f:000220,2,2026-09-18T18:19:14.863+00:00,CREDITS,"0 5,000",0 5 000,0.99,,OTHER,5000,,,,,,,,,,,,,,0,,wheelspin_lab/20260919_023755_1d4d8f4f/spin_000220/full.png,wheelspin_lab/20260919_023755_1d4d8f4f/spin_000220/slot_2.png,,
660,20260919_023755_1d4d8f4f:000220,3,2026-09-18T18:19:14.863+00:00,CREDITS,"R 50,000",r 50 000,1.0,,BLUE,50000,,,,,,,,,,,,,,0,,wheelspin_lab/20260919_023755_1d4d8f4f/spin_000220/full.png,wheelspin_lab/20260919_023755_1d4d8f4f/spin_000220/slot_3.png,,
661,20260919_023755_1d4d8f4f:000221,1,2026-09-18T18:19:22.152+00:00,CREDITS,"R 50,000",r 50 000,1.0,,NEUTRAL,50000,,,,,,,,,,,,,,0,,wheelspin_lab/20260919_023755_1d4d8f4f/spin_000221/full.png,wheelspin_lab/20260919_023755_1d4d8f4f/spin_000221/slot_1.png,,
662,20260919_023755_1d4d8f4f:000221,2,2026-09-18T18:19:22.152+00:00,CAR,1965 TOYOTA sports 800,1965 toyota sports 800,0.78,,NEUTRAL,,1965,TOYOTA,SPORTS 800,SPORTS 800 65,,,0,0,0,1,SELL,1.0,SELL,1,125000,wheelspin_lab/20260919_023755_1d4d8f4f/spin_000221/full.png,wheelspin_lab/20260919_023755_1d4d8f4f/spin_000221/slot_2.png,wheelspin_lab/20260919_023755_1d4d8f4f/20260919_023755_1d4d8f4f_000221/duplicate_031922_568613.png,1.0
663,20260919_023755_1d4d8f4f:000221,3,2026-09-18T18:19:22.152+00:00,CREDITS,"10,000",10 000,1.0,,OTHER,10000,,,,,,,,,,,,,,0,,wheelspin_lab/20260919_023755_1d4d8f4f/spin_000221/full.png,wheelspin_lab/20260919_023755_1d4d8f4f/spin_000221/slot_3.png,,
664,20260919_023755_1d4d8f4f:000222,1,2026-09-18T18:19:29.482+00:00,CREDITS,"75,000",75 000,1.0,,NEUTRAL,75000,,,,,,,,,,,,,,0,,wheelspin_lab/20260919_023755_1d4d8f4f/spin_000222/full.png,wheelspin_lab/20260919_023755_1d4d8f4f/spin_000222/slot_1.png,,
665,20260919_023755_1d4d8f4f:000222,2,2026-09-18T18:19:29.482+00:00,CREDITS,"R 20,000",r 20 000,1.0,,NEUTRAL,20000,,,,,,,,,,,,,,0,,wheelspin_lab/20260919_023755_1d4d8f4f/spin_000222/full.png,wheelspin_lab/20260919_023755_1d4d8f4f/spin_000222/slot_2.png,,
666,20260919_023755_1d4d8f4f:000222,3,2026-09-18T18:19:29.482+00:00,CREDITS,"35,000",35 000,1.0,,NEUTRAL,35000,,,,,,,,,,,,,,0,,wheelspin_lab/20260919_023755_1d4d8f4f/spin_000222/full.png,wheelspin_lab/20260919_023755_1d4d8f4f/spin_000222/slot_3.png,,
667,20260919_023755_1d4d8f4f:000223,1,2026-09-18T18:19:35.176+00:00,CAR,2020 FORMULA DRIFT BMW M2,2020 formula drift bmw m2,0.78,,PURPLE,,2020,FORMULA,DRIFT BMW M2,91 BMW M2,,,0,0,0,1,SELL,1.0,SELL,1,75000,wheelspin_lab/20260919_023755_1d4d8f4f/spin_000223/full.png,wheelspin_lab/20260919_023755_1d4d8f4f/spin_000223/slot_1.png,wheelspin_lab/20260919_023755_1d4d8f4f/20260919_023755_1d4d8f4f_000223/duplicate_031935_657455.png,1.0
668,20260919_023755_1d4d8f4f:000223,2,2026-09-18T18:19:35.176+00:00,CREDITS,"15,000",15 000,1.0,,OTHER,15000,,,,,,,,,,,,,,0,,wheelspin_lab/20260919_023755_1d4d8f4f/spin_000223/full.png,wheelspin_lab/20260919_023755_1d4d8f4f/spin_000223/slot_2.png,,
669,20260919_023755_1d4d8f4f:000223,3,2026-09-18T18:19:35.176+00:00,OTHER,"95,000",95 000,0.55,,PURPLE,,,,,,,,,,,,,,,0,,wheelspin_lab/20260919_023755_1d4d8f4f/spin_000223/full.png,wheelspin_lab/20260919_023755_1d4d8f4f/spin_000223/slot_3.png,,
670,20260919_023755_1d4d8f4f:000224,1,2026-09-18T18:19:42.536+00:00,CAR,2015 BMW,2015 bmw,0.45,,PURPLE,,2015,BMW,BMW I8,BMW I8,,,0,0,0,1,SELL,1.0,SELL,1,35000,wheelspin_lab/20260919_023755_1d4d8f4f/spin_000224/full.png,wheelspin_lab/20260919_023755_1d4d8f4f/spin_000224/slot_1.png,wheelspin_lab/20260919_023755_1d4d8f4f/20260919_023755_1d4d8f4f_000224/duplicate_031943_023676.png,1.0
671,20260919_023755_1d4d8f4f:000224,2,2026-09-18T18:19:42.536+00:00,CREDITS,"e 8,000",e 8 000,0.99,,PURPLE,8000,,,,,,,,,,,,,,0,,wheelspin_lab/20260919_023755_1d4d8f4f/spin_000224/full.png,wheelspin_lab/20260919_023755_1d4d8f4f/spin_000224/slot_2.png,,
672,20260919_023755_1d4d8f4f:000224,3,2026-09-18T18:19:42.536+00:00,CREDITS,"150,000",150 000,1.0,,PURPLE,150000,,,,,,,,,,,,,,0,,wheelspin_lab/20260919_023755_1d4d8f4f/spin_000224/full.png,wheelspin_lab/20260919_023755_1d4d8f4f/spin_000224/slot_3.png,,
673,20260919_023755_1d4d8f4f:000225,1,2026-09-18T18:19:49.693+00:00,CREDITS,"20,000",20 000,1.0,,NEUTRAL,20000,,,,,,,,,,,,,,0,,wheelspin_lab/20260919_023755_1d4d8f4f/spin_000225/full.png,wheelspin_lab/20260919_023755_1d4d8f4f/spin_000225/slot_1.png,,
674,20260919_023755_1d4d8f4f:000225,2,2026-09-18T18:19:49.693+00:00,CREDITS,"35,000",35 000,1.0,,NEUTRAL,35000,,,,,,,,,,,,,,0,,wheelspin_lab/20260919_023755_1d4d8f4f/spin_000225/full.png,wheelspin_lab/20260919_023755_1d4d8f4f/spin_000225/slot_2.png,,
675,20260919_023755_1d4d8f4f:000225,3,2026-09-18T18:19:49.693+00:00,CAR,2013 MAZDA MX-5,2013 mazda mx 5,0.78,,NEUTRAL,,2013,MAZDA,MX 5,MAZDA MX 5 13,,,0,0,0,1,SELL,1.0,SELL,1,14000,wheelspin_lab/20260919_023755_1d4d8f4f/spin_000225/full.png,wheelspin_lab/20260919_023755_1d4d8f4f/spin_000225/slot_3.png,wheelspin_lab/20260919_023755_1d4d8f4f/20260919_023755_1d4d8f4f_000225/duplicate_031950_067038.png,1.0
676,20260919_023755_1d4d8f4f:000226,1,2026-09-18T18:19:57.069+00:00,CREDITS,"20,000",20 000,1.0,,OTHER,20000,,,,,,,,,,,,,,0,,wheelspin_lab/20260919_023755_1d4d8f4f/spin_000226/full.png,wheelspin_lab/20260919_023755_1d4d8f4f/spin_000226/slot_1.png,,
677,20260919_023755_1d4d8f4f:000226,2,2026-09-18T18:19:57.070+00:00,CREDITS,"R 45,000",r 45 000,1.0,,OTHER,45000,,,,,,,,,,,,,,0,,wheelspin_lab/20260919_023755_1d4d8f4f/spin_000226/full.png,wheelspin_lab/20260919_023755_1d4d8f4f/spin_000226/slot_2.png,,
678,20260919_023755_1d4d8f4f:000226,3,2026-09-18T18:19:57.070+00:00,CAR,2014 MCLAREN 650S spider,2014 mclaren 650s spider,0.78,,NEUTRAL,,2014,MCLAREN,650S SPIDER,650S SPIDER,,,0,0,0,1,SELL,1.0,SELL,1,65000,wheelspin_lab/20260919_023755_1d4d8f4f/spin_000226/full.png,wheelspin_lab/20260919_023755_1d4d8f4f/spin_000226/slot_3.png,wheelspin_lab/20260919_023755_1d4d8f4f/20260919_023755_1d4d8f4f_000226/duplicate_031957_524063.png,1.0
679,20260919_023755_1d4d8f4f:000227,1,2026-09-18T18:20:04.443+00:00,CREDITS,"R 250,000",r 250 000,1.0,,OTHER,250000,,,,,,,,,,,,,,0,,wheelspin_lab/20260919_023755_1d4d8f4f/spin_000227/full.png,wheelspin_lab/20260919_023755_1d4d8f4f/spin_000227/slot_1.png,,
680,20260919_023755_1d4d8f4f:000227,2,2026-09-18T18:20:04.443+00:00,CAR,1964 CHEVROLET Impala Super Sport 409,1964 chevrolet impala super sport 409,0.78,,OTHER,,1964,CHEVROLET,IMPALA SUPER SPORT 409,CHEVY IMPALA,,,0,0,0,1,SELL,1.0,SELL,1,35000,wheelspin_lab/20260919_023755_1d4d8f4f/spin_000227/full.png,wheelspin_lab/20260919_023755_1d4d8f4f/spin_000227/slot_2.png,wheelspin_lab/20260919_023755_1d4d8f4f/20260919_023755_1d4d8f4f_000227/duplicate_032004_850246.png,1.0
681,20260919_023755_1d4d8f4f:000227,3,2026-09-18T18:20:04.443+00:00,CAR,1989 NISSAN S-Cargo Forza Edition CREDITS BOOST,1989 nissan s cargo forza edition credits boost,1.0,,NEUTRAL,,1989,Nissan,S-Cargo Forza Edition,S CARGO FE,,,1,0,0,1,SELL,1.0,SELL,1,250000,wheelspin_lab/20260919_023755_1d4d8f4f/spin_000227/full.png,wheelspin_lab/20260919_023755_1d4d8f4f/spin_000227/slot_3.png,wheelspin_lab/20260919_023755_1d4d8f4f/20260919_023755_1d4d8f4f_000227/duplicate_032006_556664.png,1.0
682,20260919_023755_1d4d8f4f:000228,1,2026-09-18T18:20:13.414+00:00,CAR,1969 FERRARI Dino 246 GT,1969 ferrari dino 246 gt,0.78,,NEUTRAL,,1969,FERRARI,DINO 246 GT,FERRARI DINO,,,0,0,0,1,SELL,1.0,SELL,1,195000,wheelspin_lab/20260919_023755_1d4d8f4f/spin_000228/full.png,wheelspin_lab/20260919_023755_1d4d8f4f/spin_000228/slot_1.png,wheelspin_lab/20260919_023755_1d4d8f4f/20260919_023755_1d4d8f4f_000228/duplicate_032013_790472.png,1.0
683,20260919_023755_1d4d8f4f:000228,2,2026-09-18T18:20:13.414+00:00,CREDITS,"R 35,000",r 35 000,1.0,,OTHER,35000,,,,,,,,,,,,,,0,,wheelspin_lab/20260919_023755_1d4d8f4f/spin_000228/full.png,wheelspin_lab/20260919_023755_1d4d8f4f/spin_000228/slot_2.png,,
684,20260919_023755_1d4d8f4f:000228,3,2026-09-18T18:20:13.414+00:00,CREDITS,"15,000",15 000,1.0,,OTHER,15000,,,,,,,,,,,,,,0,,wheelspin_lab/20260919_023755_1d4d8f4f/spin_000228/full.png,wheelspin_lab/20260919_023755_1d4d8f4f/spin_000228/slot_3.png,,
685,20260919_023755_1d4d8f4f:000229,1,2026-09-18T18:20:21.258+00:00,CREDITS,"95,000",95 000,1.0,,GREEN,95000,,,,,,,,,,,,,,0,,wheelspin_lab/20260919_023755_1d4d8f4f/spin_000229/full.png,wheelspin_lab/20260919_023755_1d4d8f4f/spin_000229/slot_1.png,,
686,20260919_023755_1d4d8f4f:000229,2,2026-09-18T18:20:21.258+00:00,CREDITS,"925,000",925 000,1.0,,GREEN,925000,,,,,,,,,,,,,,0,,wheelspin_lab/20260919_023755_1d4d8f4f/spin_000229/full.png,wheelspin_lab/20260919_023755_1d4d8f4f/spin_000229/slot_2.png,,
687,20260919_023755_1d4d8f4f:000229,3,2026-09-18T18:20:21.258+00:00,CREDITS,"0 5,000",0 5 000,0.99,,GREEN,5000,,,,,,,,,,,,,,0,,wheelspin_lab/20260919_023755_1d4d8f4f/spin_000229/full.png,wheelspin_lab/20260919_023755_1d4d8f4f/spin_000229/slot_3.png,,
688,20260919_023755_1d4d8f4f:000230,1,2026-09-18T18:20:26.209+00:00,CREDITS,"12,000",12 000,1.0,,NEUTRAL,12000,,,,,,,,,,,,,,0,,wheelspin_lab/20260919_023755_1d4d8f4f/spin_000230/full.png,wheelspin_lab/20260919_023755_1d4d8f4f/spin_000230/slot_1.png,,
689,20260919_023755_1d4d8f4f:000230,2,2026-09-18T18:20:26.209+00:00,CREDITS,"R 20,000",r 20 000,1.0,,NEUTRAL,20000,,,,,,,,,,,,,,0,,wheelspin_lab/20260919_023755_1d4d8f4f/spin_000230/full.png,wheelspin_lab/20260919_023755_1d4d8f4f/spin_000230/slot_2.png,,
690,20260919_023755_1d4d8f4f:000230,3,2026-09-18T18:20:26.209+00:00,CREDITS,"250,000",250 000,1.0,,NEUTRAL,250000,,,,,,,,,,,,,,0,,wheelspin_lab/20260919_023755_1d4d8f4f/spin_000230/full.png,wheelspin_lab/20260919_023755_1d4d8f4f/spin_000230/slot_3.png,,
691,20260919_023755_1d4d8f4f:000231,1,2026-09-18T18:20:32.046+00:00,CREDITS,"80,000",80 000,1.0,,BLUE,80000,,,,,,,,,,,,,,0,,wheelspin_lab/20260919_023755_1d4d8f4f/spin_000231/full.png,wheelspin_lab/20260919_023755_1d4d8f4f/spin_000231/slot_1.png,,
692,20260919_023755_1d4d8f4f:000231,2,2026-09-18T18:20:32.046+00:00,CREDITS,"e 8,000",e 8 000,0.99,,BLUE,8000,,,,,,,,,,,,,,0,,wheelspin_lab/20260919_023755_1d4d8f4f/spin_000231/full.png,wheelspin_lab/20260919_023755_1d4d8f4f/spin_000231/slot_2.png,,
693,20260919_023755_1d4d8f4f:000231,3,2026-09-18T18:20:32.046+00:00,CREDITS,"35,000",35 000,1.0,,BLUE,35000,,,,,,,,,,,,,,0,,wheelspin_lab/20260919_023755_1d4d8f4f/spin_000231/full.png,wheelspin_lab/20260919_023755_1d4d8f4f/spin_000231/slot_3.png,,
694,20260919_023755_1d4d8f4f:000232,1,2026-09-18T18:20:37.582+00:00,CREDITS,"50,000",50 000,1.0,,BLUE,50000,,,,,,,,,,,,,,0,,wheelspin_lab/20260919_023755_1d4d8f4f/spin_000232/full.png,wheelspin_lab/20260919_023755_1d4d8f4f/spin_000232/slot_1.png,,
695,20260919_023755_1d4d8f4f:000232,2,2026-09-18T18:20:37.582+00:00,CREDITS,"95,000",95 000,1.0,,BLUE,95000,,,,,,,,,,,,,,0,,wheelspin_lab/20260919_023755_1d4d8f4f/spin_000232/full.png,wheelspin_lab/20260919_023755_1d4d8f4f/spin_000232/slot_2.png,,
696,20260919_023755_1d4d8f4f:000232,3,2026-09-18T18:20:37.582+00:00,CREDITS,"c 15,000",c 15 000,1.0,,BLUE,15000,,,,,,,,,,,,,,0,,wheelspin_lab/20260919_023755_1d4d8f4f/spin_000232/full.png,wheelspin_lab/20260919_023755_1d4d8f4f/spin_000232/slot_3.png,,
697,20260919_023755_1d4d8f4f:000233,1,2026-09-18T18:20:42.672+00:00,CREDITS,"15,000",15 000,1.0,,NEUTRAL,15000,,,,,,,,,,,,,,0,,wheelspin_lab/20260919_023755_1d4d8f4f/spin_000233/full.png,wheelspin_lab/20260919_023755_1d4d8f4f/spin_000233/slot_1.png,,
698,20260919_023755_1d4d8f4f:000233,2,2026-09-18T18:20:42.672+00:00,CREDITS,"10,000",10 000,1.0,,NEUTRAL,10000,,,,,,,,,,,,,,0,,wheelspin_lab/20260919_023755_1d4d8f4f/spin_000233/full.png,wheelspin_lab/20260919_023755_1d4d8f4f/spin_000233/slot_2.png,,
699,20260919_023755_1d4d8f4f:000233,3,2026-09-18T18:20:42.672+00:00,CAR,2005 SUB/\RJ LEGACY B4 2.0 GT,2005 sub rj legacy b4 2 0 gt,0.78,,NEUTRAL,,2005,SUB,RJ LEGACY B4 2 0 GT,SUBARU LEGACY,,,0,0,0,1,SELL,1.0,SELL,1,5000,wheelspin_lab/20260919_023755_1d4d8f4f/spin_000233/full.png,wheelspin_lab/20260919_023755_1d4d8f4f/spin_000233/slot_3.png,wheelspin_lab/20260919_023755_1d4d8f4f/20260919_023755_1d4d8f4f_000233/duplicate_032043_087059.png,1.0
700,20260919_023755_1d4d8f4f:000234,1,2026-09-18T18:20:50.211+00:00,CREDITS,"25,000",25 000,1.0,,OTHER,25000,,,,,,,,,,,,,,0,,wheelspin_lab/20260919_023755_1d4d8f4f/spin_000234/full.png,wheelspin_lab/20260919_023755_1d4d8f4f/spin_000234/slot_1.png,,
701,20260919_023755_1d4d8f4f:000234,2,2026-09-18T18:20:50.213+00:00,CREDITS,"R 175,000",r 175 000,1.0,,PURPLE,175000,,,,,,,,,,,,,,0,,wheelspin_lab/20260919_023755_1d4d8f4f/spin_000234/full.png,wheelspin_lab/20260919_023755_1d4d8f4f/spin_000234/slot_2.png,,
702,20260919_023755_1d4d8f4f:000234,3,2026-09-18T18:20:50.213+00:00,CREDITS,"p 10,000",p 10 000,1.0,,OTHER,10000,,,,,,,,,,,,,,0,,wheelspin_lab/20260919_023755_1d4d8f4f/spin_000234/full.png,wheelspin_lab/20260919_023755_1d4d8f4f/spin_000234/slot_3.png,,
703,20260919_023755_1d4d8f4f:000235,1,2026-09-18T18:20:55.449+00:00,CREDITS,"R 50,000",r 50 000,1.0,,PURPLE,50000,,,,,,,,,,,,,,0,,wheelspin_lab/20260919_023755_1d4d8f4f/spin_000235/full.png,wheelspin_lab/20260919_023755_1d4d8f4f/spin_000235/slot_1.png,,
704,20260919_023755_1d4d8f4f:000235,2,2026-09-18T18:20:55.449+00:00,CAR,1992 GMC Typhoon,1992 gmc typhoon,0.78,,PURPLE,,1992,GMC,TYPHOON,GMC TYPHOON,,,0,0,0,1,SELL,1.0,SELL,1,19000,wheelspin_lab/20260919_023755_1d4d8f4f/spin_000235/full.png,wheelspin_lab/20260919_023755_1d4d8f4f/spin_000235/slot_2.png,wheelspin_lab/20260919_023755_1d4d8f4f/20260919_023755_1d4d8f4f_000235/duplicate_032055_876889.png,1.0
705,20260919_023755_1d4d8f4f:000235,3,2026-09-18T18:20:55.449+00:00,CREDITS,"200,000",200 000,1.0,,PURPLE,200000,,,,,,,,,,,,,,0,,wheelspin_lab/20260919_023755_1d4d8f4f/spin_000235/full.png,wheelspin_lab/20260919_023755_1d4d8f4f/spin_000235/slot_3.png,,
706,20260919_023755_1d4d8f4f:000236,1,2026-09-18T18:21:02.813+00:00,CREDITS,"150,000",150 000,1.0,,NEUTRAL,150000,,,,,,,,,,,,,,0,,wheelspin_lab/20260919_023755_1d4d8f4f/spin_000236/full.png,wheelspin_lab/20260919_023755_1d4d8f4f/spin_000236/slot_1.png,,
707,20260919_023755_1d4d8f4f:000236,2,2026-09-18T18:21:02.814+00:00,CAR,2013 TOYOTA 86,2013 toyota 86,0.78,,NEUTRAL,,2013,TOYOTA,86,TOYOTA 86,,,0,0,0,1,SELL,1.0,SELL,1,7500,wheelspin_lab/20260919_023755_1d4d8f4f/spin_000236/full.png,wheelspin_lab/20260919_023755_1d4d8f4f/spin_000236/slot_2.png,wheelspin_lab/20260919_023755_1d4d8f4f/20260919_023755_1d4d8f4f_000236/duplicate_032103_357086.png,1.0
708,20260919_023755_1d4d8f4f:000236,3,2026-09-18T18:21:02.814+00:00,CREDITS,"R 75,000",r 75 000,1.0,,NEUTRAL,75000,,,,,,,,,,,,,,0,,wheelspin_lab/20260919_023755_1d4d8f4f/spin_000236/full.png,wheelspin_lab/20260919_023755_1d4d8f4f/spin_000236/slot_3.png,,
709,20260919_023755_1d4d8f4f:000237,1,2026-09-18T18:21:10.050+00:00,CREDITS,"R 20,000",r 20 000,1.0,,NEUTRAL,20000,,,,,,,,,,,,,,0,,wheelspin_lab/20260919_023755_1d4d8f4f/spin_000237/full.png,wheelspin_lab/20260919_023755_1d4d8f4f/spin_000237/slot_1.png,,
710,20260919_023755_1d4d8f4f:000237,2,2026-09-18T18:21:10.050+00:00,CAR,2018 JEEP hand Cherokee Trackhawk,2018 jeep hand cherokee trackhawk,0.78,,NEUTRAL,,2018,JEEP,HAND CHEROKEE TRACKHAWK,JEEP TRACKHAWK,,,0,0,0,1,SELL,1.0,SELL,1,36000,wheelspin_lab/20260919_023755_1d4d8f4f/spin_000237/full.png,wheelspin_lab/20260919_023755_1d4d8f4f/spin_000237/slot_2.png,wheelspin_lab/20260919_023755_1d4d8f4f/20260919_023755_1d4d8f4f_000237/duplicate_032110_441670.png,1.0
711,20260919_023755_1d4d8f4f:000237,3,2026-09-18T18:21:10.050+00:00,CREDITS,"20,000",20 000,1.0,,NEUTRAL,20000,,,,,,,,,,,,,,0,,wheelspin_lab/20260919_023755_1d4d8f4f/spin_000237/full.png,wheelspin_lab/20260919_023755_1d4d8f4f/spin_000237/slot_3.png,,
712,20260919_023755_1d4d8f4f:000238,1,2026-09-18T18:21:17.598+00:00,CREDITS,"15,000",15 000,1.0,,NEUTRAL,15000,,,,,,,,,,,,,,0,,wheelspin_lab/20260919_023755_1d4d8f4f/spin_000238/full.png,wheelspin_lab/20260919_023755_1d4d8f4f/spin_000238/slot_1.png,,
713,20260919_023755_1d4d8f4f:000238,2,2026-09-18T18:21:17.598+00:00,OTHER,"20,000",20 000,0.55,,NEUTRAL,,,,,,,,,,,,,,,0,,wheelspin_lab/20260919_023755_1d4d8f4f/spin_000238/full.png,wheelspin_lab/20260919_023755_1d4d8f4f/spin_000238/slot_2.png,,
714,20260919_023755_1d4d8f4f:000238,3,2026-09-18T18:21:17.598+00:00,CREDITS,"20,000",20 000,1.0,,NEUTRAL,20000,,,,,,,,,,,,,,0,,wheelspin_lab/20260919_023755_1d4d8f4f/spin_000238/full.png,wheelspin_lab/20260919_023755_1d4d8f4f/spin_000238/slot_3.png,,
715,20260919_023755_1d4d8f4f:000239,1,2026-09-18T18:21:23.111+00:00,CREDITS,"R 10,000",r 10 000,1.0,,NEUTRAL,10000,,,,,,,,,,,,,,0,,wheelspin_lab/20260919_023755_1d4d8f4f/spin_000239/full.png,wheelspin_lab/20260919_023755_1d4d8f4f/spin_000239/slot_1.png,,
716,20260919_023755_1d4d8f4f:000239,2,2026-09-18T18:21:23.111+00:00,CREDITS,"€98,000",98 000,1.0,,NEUTRAL,98000,,,,,,,,,,,,,,0,,wheelspin_lab/20260919_023755_1d4d8f4f/spin_000239/full.png,wheelspin_lab/20260919_023755_1d4d8f4f/spin_000239/slot_2.png,,
717,20260919_023755_1d4d8f4f:000239,3,2026-09-18T18:21:23.111+00:00,CAR,2015 AUDI RS 6 Avant,2015 audi rs 6 avant,0.78,,NEUTRAL,,2015,AUDI,RS 6 AVANT,AUDI RS 6 15,,,0,0,0,1,SELL,1.0,SELL,1,30000,wheelspin_lab/20260919_023755_1d4d8f4f/spin_000239/full.png,wheelspin_lab/20260919_023755_1d4d8f4f/spin_000239/slot_3.png,wheelspin_lab/20260919_023755_1d4d8f4f/20260919_023755_1d4d8f4f_000239/duplicate_032123_531696.png,1.0
718,20260919_023755_1d4d8f4f:000240,1,2026-09-18T18:21:30.693+00:00,CAR,2021 VOLKSWAGEN Golf R,2021 volkswagen golf r,0.78,,GREEN,,2021,VOLKSWAGEN,GOLF R,VW GOLF R 21,,,0,0,0,1,SELL,1.0,SELL,1,14500,wheelspin_lab/20260919_023755_1d4d8f4f/spin_000240/full.png,wheelspin_lab/20260919_023755_1d4d8f4f/spin_000240/slot_1.png,wheelspin_lab/20260919_023755_1d4d8f4f/20260919_023755_1d4d8f4f_000240/duplicate_032131_082805.png,1.0
719,20260919_023755_1d4d8f4f:000240,2,2026-09-18T18:21:30.693+00:00,CAR,2015 AUDI,2015 audi,0.45,,GREEN,,2015,AUDI,AUDI SL,AUDI SL,,,0,0,0,1,SELL,1.0,SELL,1,10500,wheelspin_lab/20260919_023755_1d4d8f4f/spin_000240/full.png,wheelspin_lab/20260919_023755_1d4d8f4f/spin_000240/slot_2.png,wheelspin_lab/20260919_023755_1d4d8f4f/20260919_023755_1d4d8f4f_000240/duplicate_032132_676818.png,1.0
720,20260919_023755_1d4d8f4f:000240,3,2026-09-18T18:21:30.693+00:00,CREDITS,"0 5,000",0 5 000,0.99,,GREEN,5000,,,,,,,,,,,,,,0,,wheelspin_lab/20260919_023755_1d4d8f4f/spin_000240/full.png,wheelspin_lab/20260919_023755_1d4d8f4f/spin_000240/slot_3.png,,
721,20260919_023755_1d4d8f4f:000241,1,2026-09-18T18:21:39.912+00:00,CREDITS,"95,000",95 000,1.0,,GREEN,95000,,,,,,,,,,,,,,0,,wheelspin_lab/20260919_023755_1d4d8f4f/spin_000241/full.png,wheelspin_lab/20260919_023755_1d4d8f4f/spin_000241/slot_1.png,,
722,20260919_023755_1d4d8f4f:000241,2,2026-09-18T18:21:39.912+00:00,CREDITS,"15,000",15 000,1.0,,GREEN,15000,,,,,,,,,,,,,,0,,wheelspin_lab/20260919_023755_1d4d8f4f/spin_000241/full.png,wheelspin_lab/20260919_023755_1d4d8f4f/spin_000241/slot_2.png,,
723,20260919_023755_1d4d8f4f:000241,3,2026-09-18T18:21:39.912+00:00,CREDITS,"c 15,000",c 15 000,1.0,,GREEN,15000,,,,,,,,,,,,,,0,,wheelspin_lab/20260919_023755_1d4d8f4f/spin_000241/full.png,wheelspin_lab/20260919_023755_1d4d8f4f/spin_000241/slot_3.png,,
724,20260919_023755_1d4d8f4f:000242,1,2026-09-18T18:21:45.052+00:00,CREDITS,"10,000",10 000,1.0,,OTHER,10000,,,,,,,,,,,,,,0,,wheelspin_lab/20260919_023755_1d4d8f4f/spin_000242/full.png,wheelspin_lab/20260919_023755_1d4d8f4f/spin_000242/slot_1.png,,
725,20260919_023755_1d4d8f4f:000242,2,2026-09-18T18:21:45.052+00:00,CREDITS,"12,000",12 000,1.0,,OTHER,12000,,,,,,,,,,,,,,0,,wheelspin_lab/20260919_023755_1d4d8f4f/spin_000242/full.png,wheelspin_lab/20260919_023755_1d4d8f4f/spin_000242/slot_2.png,,
726,20260919_023755_1d4d8f4f:000242,3,2026-09-18T18:21:45.052+00:00,CREDITS,"R 150,000",r 150 000,1.0,,NEUTRAL,150000,,,,,,,,,,,,,,0,,wheelspin_lab/20260919_023755_1d4d8f4f/spin_000242/full.png,wheelspin_lab/20260919_023755_1d4d8f4f/spin_000242/slot_3.png,,
727,20260919_023755_1d4d8f4f:000243,1,2026-09-18T18:21:50.629+00:00,CREDITS,"200,000",200 000,1.0,,OTHER,200000,,,,,,,,,,,,,,0,,wheelspin_lab/20260919_023755_1d4d8f4f/spin_000243/full.png,wheelspin_lab/20260919_023755_1d4d8f4f/spin_000243/slot_1.png,,
728,20260919_023755_1d4d8f4f:000243,2,2026-09-18T18:21:50.629+00:00,CREDITS,"250,000",250 000,1.0,,OTHER,250000,,,,,,,,,,,,,,0,,wheelspin_lab/20260919_023755_1d4d8f4f/spin_000243/full.png,wheelspin_lab/20260919_023755_1d4d8f4f/spin_000243/slot_2.png,,
729,20260919_023755_1d4d8f4f:000243,3,2026-09-18T18:21:50.629+00:00,CREDITS,"R 20,000",r 20 000,1.0,,OTHER,20000,,,,,,,,,,,,,,0,,wheelspin_lab/20260919_023755_1d4d8f4f/spin_000243/full.png,wheelspin_lab/20260919_023755_1d4d8f4f/spin_000243/slot_3.png,,
730,20260919_023755_1d4d8f4f:000244,1,2026-09-18T18:21:56.200+00:00,CREDITS,"75,000",75 000,1.0,,NEUTRAL,75000,,,,,,,,,,,,,,0,,wheelspin_lab/20260919_023755_1d4d8f4f/spin_000244/full.png,wheelspin_lab/20260919_023755_1d4d8f4f/spin_000244/slot_1.png,,
731,20260919_023755_1d4d8f4f:000244,2,2026-09-18T18:21:56.200+00:00,CREDITS,"15,000",15 000,1.0,,NEUTRAL,15000,,,,,,,,,,,,,,0,,wheelspin_lab/20260919_023755_1d4d8f4f/spin_000244/full.png,wheelspin_lab/20260919_023755_1d4d8f4f/spin_000244/slot_2.png,,
732,20260919_023755_1d4d8f4f:000244,3,2026-09-18T18:21:56.200+00:00,CAR,MITSUBISHI Montero Exceed 2800 TD,mitsubishi montero exceed 2800 td,0.55,,NEUTRAL,,,,MONTERO 95,MONTERO 95,,,,0,0,1,SELL,1.0,SELL,1,12500,wheelspin_lab/20260919_023755_1d4d8f4f/spin_000244/full.png,wheelspin_lab/20260919_023755_1d4d8f4f/spin_000244/slot_3.png,wheelspin_lab/20260919_023755_1d4d8f4f/20260919_023755_1d4d8f4f_000244/duplicate_032156_620831.png,1.0
733,20260919_023755_1d4d8f4f:000245,1,2026-09-18T18:22:03.602+00:00,CAR,1965 MINI Cooper S,1965 mini cooper s,0.78,,OTHER,,1965,MINI,COOPER S,MINI 65,,,0,0,0,1,SELL,1.0,SELL,1,19500,wheelspin_lab/20260919_023755_1d4d8f4f/spin_000245/full.png,wheelspin_lab/20260919_023755_1d4d8f4f/spin_000245/slot_1.png,wheelspin_lab/20260919_023755_1d4d8f4f/20260919_023755_1d4d8f4f_000245/duplicate_032203_981690.png,1.0
734,20260919_023755_1d4d8f4f:000245,2,2026-09-18T18:22:03.602+00:00,CREDITS,"250,000",250 000,1.0,,OTHER,250000,,,,,,,,,,,,,,0,,wheelspin_lab/20260919_023755_1d4d8f4f/spin_000245/full.png,wheelspin_lab/20260919_023755_1d4d8f4f/spin_000245/slot_2.png,,
735,20260919_023755_1d4d8f4f:000245,3,2026-09-18T18:22:03.602+00:00,CREDITS,"R 45,000",r 45 000,1.0,,OTHER,45000,,,,,,,,,,,,,,0,,wheelspin_lab/20260919_023755_1d4d8f4f/spin_000245/full.png,wheelspin_lab/20260919_023755_1d4d8f4f/spin_000245/slot_3.png,,
736,20260919_023755_1d4d8f4f:000246,1,2026-09-18T18:22:10.853+00:00,CAR,1905 Corrado VR6,1905 corrado vr6,0.78,,NEUTRAL,,1905,CORRADO,VR6,VW CORRADO,,,0,0,0,1,SELL,1.0,SELL,1,15000,wheelspin_lab/20260919_023755_1d4d8f4f/spin_000246/full.png,wheelspin_lab/20260919_023755_1d4d8f4f/spin_000246/slot_1.png,wheelspin_lab/20260919_023755_1d4d8f4f/20260919_023755_1d4d8f4f_000246/duplicate_032211_307920.png,1.0
737,20260919_023755_1d4d8f4f:000246,2,2026-09-18T18:22:10.853+00:00,CREDITS,"15,000",15 000,1.0,,NEUTRAL,15000,,,,,,,,,,,,,,0,,wheelspin_lab/20260919_023755_1d4d8f4f/spin_000246/full.png,wheelspin_lab/20260919_023755_1d4d8f4f/spin_000246/slot_2.png,,
738,20260919_023755_1d4d8f4f:000246,3,2026-09-18T18:22:10.853+00:00,CREDITS,"R 40,000",r 40 000,1.0,,NEUTRAL,40000,,,,,,,,,,,,,,0,,wheelspin_lab/20260919_023755_1d4d8f4f/spin_000246/full.png,wheelspin_lab/20260919_023755_1d4d8f4f/spin_000246/slot_3.png,,
739,20260919_023755_1d4d8f4f:000247,1,2026-09-18T18:22:17.915+00:00,CREDITS,"20,000",20 000,1.0,,NEUTRAL,20000,,,,,,,,,,,,,,0,,wheelspin_lab/20260919_023755_1d4d8f4f/spin_000247/full.png,wheelspin_lab/20260919_023755_1d4d8f4f/spin_000247/slot_1.png,,
740,20260919_023755_1d4d8f4f:000247,2,2026-09-18T18:22:17.915+00:00,CREDITS,"150,000",150 000,1.0,,NEUTRAL,150000,,,,,,,,,,,,,,0,,wheelspin_lab/20260919_023755_1d4d8f4f/spin_000247/full.png,wheelspin_lab/20260919_023755_1d4d8f4f/spin_000247/slot_2.png,,
741,20260919_023755_1d4d8f4f:000247,3,2026-09-18T18:22:17.915+00:00,CREDITS,"10,000",10 000,1.0,,NEUTRAL,10000,,,,,,,,,,,,,,0,,wheelspin_lab/20260919_023755_1d4d8f4f/spin_000247/full.png,wheelspin_lab/20260919_023755_1d4d8f4f/spin_000247/slot_3.png,,
742,20260919_023755_1d4d8f4f:000248,1,2026-09-18T18:22:23.671+00:00,CREDITS,"45,000",45 000,1.0,,BLUE,45000,,,,,,,,,,,,,,0,,wheelspin_lab/20260919_023755_1d4d8f4f/spin_000248/full.png,wheelspin_lab/20260919_023755_1d4d8f4f/spin_000248/slot_1.png,,
743,20260919_023755_1d4d8f4f:000248,2,2026-09-18T18:22:23.671+00:00,OTHER,"95,000",95 000,0.55,,BLUE,,,,,,,,,,,,,,,0,,wheelspin_lab/20260919_023755_1d4d8f4f/spin_000248/full.png,wheelspin_lab/20260919_023755_1d4d8f4f/spin_000248/slot_2.png,,
744,20260919_023755_1d4d8f4f:000248,3,2026-09-18T18:22:23.671+00:00,CAR,2000 NISSAN Skyline GT-R V•spec II,2000 nissan skyline gt r v spec ii,0.78,,BLUE,,2000,NISSAN,SKYLINE GT R VSPEC II,SKYLINE GT R 00,,,0,0,0,1,SELL,1.0,SELL,1,100000,wheelspin_lab/20260919_023755_1d4d8f4f/spin_000248/full.png,wheelspin_lab/20260919_023755_1d4d8f4f/spin_000248/slot_3.png,wheelspin_lab/20260919_023755_1d4d8f4f/20260919_023755_1d4d8f4f_000248/duplicate_032224_061488.png,1.0
745,20260919_023755_1d4d8f4f:000249,1,2026-09-18T18:22:31.996+00:00,CREDITS,"5,000",5 000,1.0,,NEUTRAL,5000,,,,,,,,,,,,,,0,,wheelspin_lab/20260919_023755_1d4d8f4f/spin_000249/full.png,wheelspin_lab/20260919_023755_1d4d8f4f/spin_000249/slot_1.png,,
746,20260919_023755_1d4d8f4f:000249,2,2026-09-18T18:22:31.996+00:00,CAR,#4402 Ultra 4 'Trophy Jeep,4402 ultra 4 trophy jeep,0.55,,NEUTRAL,,,,4402 ULTRA 4,4402 ULTRA 4,,,,0,0,1,SELL,1.0,SELL,1,125000,wheelspin_lab/20260919_023755_1d4d8f4f/spin_000249/full.png,wheelspin_lab/20260919_023755_1d4d8f4f/spin_000249/slot_2.png,wheelspin_lab/20260919_023755_1d4d8f4f/20260919_023755_1d4d8f4f_000249/duplicate_032232_396854.png,1.0
747,20260919_023755_1d4d8f4f:000249,3,2026-09-18T18:22:31.996+00:00,CAR,SAN mosx,san mosx,0.55,,NEUTRAL,,,,NISSAN 240SX 93,NISSAN 240SX 93,,,,0,0,1,SELL,1.0,SELL,1,125000,wheelspin_lab/20260919_023755_1d4d8f4f/spin_000249/full.png,wheelspin_lab/20260919_023755_1d4d8f4f/spin_000249/slot_3.png,wheelspin_lab/20260919_023755_1d4d8f4f/20260919_023755_1d4d8f4f_000249/duplicate_032233_913485.png,1.0
748,20260919_023755_1d4d8f4f:000250,1,2026-09-18T18:22:40.987+00:00,CREDITS,"10,000",10 000,1.0,,OTHER,10000,,,,,,,,,,,,,,0,,wheelspin_lab/20260919_023755_1d4d8f4f/spin_000250/full.png,wheelspin_lab/20260919_023755_1d4d8f4f/spin_000250/slot_1.png,,
749,20260919_023755_1d4d8f4f:000250,2,2026-09-18T18:22:40.987+00:00,CAR,1970 PORSCHE 917 LH Forza Edition SPEED SKILLS BOOST,1970 porsche 917 lh forza edition speed skills boost,0.78,,NEUTRAL,,1970,PORSCHE,917 LH FORZA EDITION SPEED SKILLS BOOST,PORSCHE 917 FE,,,1,0,0,1,SELL,1.0,SELL,1,625000,wheelspin_lab/20260919_023755_1d4d8f4f/spin_000250/full.png,wheelspin_lab/20260919_023755_1d4d8f4f/spin_000250/slot_2.png,wheelspin_lab/20260919_023755_1d4d8f4f/20260919_023755_1d4d8f4f_000250/duplicate_032241_394310.png,1.0
750,20260919_023755_1d4d8f4f:000250,3,2026-09-18T18:22:40.987+00:00,CREDITS,"R 40,000",r 40 000,1.0,,OTHER,40000,,,,,,,,,,,,,,0,,wheelspin_lab/20260919_023755_1d4d8f4f/spin_000250/full.png,wheelspin_lab/20260919_023755_1d4d8f4f/spin_000250/slot_3.png,,
751,20260919_023755_1d4d8f4f:000251,1,2026-09-18T18:22:48.231+00:00,CREDITS,"10,000",10 000,1.0,,BLUE,10000,,,,,,,,,,,,,,0,,wheelspin_lab/20260919_023755_1d4d8f4f/spin_000251/full.png,wheelspin_lab/20260919_023755_1d4d8f4f/spin_000251/slot_1.png,,
752,20260919_023755_1d4d8f4f:000251,2,2026-09-18T18:22:48.231+00:00,CREDITS,"15,000",15 000,1.0,,OTHER,15000,,,,,,,,,,,,,,0,,wheelspin_lab/20260919_023755_1d4d8f4f/spin_000251/full.png,wheelspin_lab/20260919_023755_1d4d8f4f/spin_000251/slot_2.png,,
753,20260919_023755_1d4d8f4f:000251,3,2026-09-18T18:22:48.232+00:00,CREDITS,"R 50,000",r 50 000,1.0,,BLUE,50000,,,,,,,,,,,,,,0,,wheelspin_lab/20260919_023755_1d4d8f4f/spin_000251/full.png,wheelspin_lab/20260919_023755_1d4d8f4f/spin_000251/slot_3.png,,
754,20260919_023755_1d4d8f4f:000252,1,2026-09-18T18:22:54.005+00:00,CREDITS,"95,000",95 000,1.0,,GREEN,95000,,,,,,,,,,,,,,0,,wheelspin_lab/20260919_023755_1d4d8f4f/spin_000252/full.png,wheelspin_lab/20260919_023755_1d4d8f4f/spin_000252/slot_1.png,,
755,20260919_023755_1d4d8f4f:000252,2,2026-09-18T18:22:54.005+00:00,CREDITS,"95,000",95 000,1.0,,GREEN,95000,,,,,,,,,,,,,,0,,wheelspin_lab/20260919_023755_1d4d8f4f/spin_000252/full.png,wheelspin_lab/20260919_023755_1d4d8f4f/spin_000252/slot_2.png,,
756,20260919_023755_1d4d8f4f:000252,3,2026-09-18T18:22:54.005+00:00,CREDITS,"20,000",20 000,1.0,,GREEN,20000,,,,,,,,,,,,,,0,,wheelspin_lab/20260919_023755_1d4d8f4f/spin_000252/full.png,wheelspin_lab/20260919_023755_1d4d8f4f/spin_000252/slot_3.png,,
757,20260919_023755_1d4d8f4f:000253,1,2026-09-18T18:22:59.228+00:00,CAR,2008 BMW Z4 M coupé,2008 bmw z4 m coup,0.78,,BLUE,,2008,BMW,Z4 M COUPE,BMW Z4 08,,,0,0,0,1,SELL,1.0,SELL,1,31500,wheelspin_lab/20260919_023755_1d4d8f4f/spin_000253/full.png,wheelspin_lab/20260919_023755_1d4d8f4f/spin_000253/slot_1.png,wheelspin_lab/20260919_023755_1d4d8f4f/20260919_023755_1d4d8f4f_000253/duplicate_032259_649752.png,1.0
758,20260919_023755_1d4d8f4f:000253,2,2026-09-18T18:22:59.228+00:00,CREDITS,"15,000",15 000,1.0,,OTHER,15000,,,,,,,,,,,,,,0,,wheelspin_lab/20260919_023755_1d4d8f4f/spin_000253/full.png,wheelspin_lab/20260919_023755_1d4d8f4f/spin_000253/slot_2.png,,
759,20260919_023755_1d4d8f4f:000253,3,2026-09-18T18:22:59.228+00:00,CREDITS,"R 25,000",r 25 000,1.0,,BLUE,25000,,,,,,,,,,,,,,0,,wheelspin_lab/20260919_023755_1d4d8f4f/spin_000253/full.png,wheelspin_lab/20260919_023755_1d4d8f4f/spin_000253/slot_3.png,,
760,20260919_023755_1d4d8f4f:000254,1,2026-09-18T18:23:06.668+00:00,CREDITS,"200,000",200 000,1.0,,NEUTRAL,200000,,,,,,,,,,,,,,0,,wheelspin_lab/20260919_023755_1d4d8f4f/spin_000254/full.png,wheelspin_lab/20260919_023755_1d4d8f4f/spin_000254/slot_1.png,,
761,20260919_023755_1d4d8f4f:000254,2,2026-09-18T18:23:06.668+00:00,CREDITS,"50,000",50 000,1.0,,NEUTRAL,50000,,,,,,,,,,,,,,0,,wheelspin_lab/20260919_023755_1d4d8f4f/spin_000254/full.png,wheelspin_lab/20260919_023755_1d4d8f4f/spin_000254/slot_2.png,,
762,20260919_023755_1d4d8f4f:000254,3,2026-09-18T18:23:06.668+00:00,CREDITS,"R 45,000",r 45 000,1.0,,OTHER,45000,,,,,,,,,,,,,,0,,wheelspin_lab/20260919_023755_1d4d8f4f/spin_000254/full.png,wheelspin_lab/20260919_023755_1d4d8f4f/spin_000254/slot_3.png,,
763,20260919_023755_1d4d8f4f:000255,1,2026-09-18T18:23:12.026+00:00,CREDITS,"p 35,000",p 35 000,1.0,,OTHER,35000,,,,,,,,,,,,,,0,,wheelspin_lab/20260919_023755_1d4d8f4f/spin_000255/full.png,wheelspin_lab/20260919_023755_1d4d8f4f/spin_000255/slot_1.png,,
764,20260919_023755_1d4d8f4f:000255,2,2026-09-18T18:23:12.026+00:00,CREDITS,"p 100,000",p 100 000,1.0,,BLUE,100000,,,,,,,,,,,,,,0,,wheelspin_lab/20260919_023755_1d4d8f4f/spin_000255/full.png,wheelspin_lab/20260919_023755_1d4d8f4f/spin_000255/slot_2.png,,
765,20260919_023755_1d4d8f4f:000255,3,2026-09-18T18:23:12.026+00:00,CREDITS,"R 20,000",r 20 000,1.0,,OTHER,20000,,,,,,,,,,,,,,0,,wheelspin_lab/20260919_023755_1d4d8f4f/spin_000255/full.png,wheelspin_lab/20260919_023755_1d4d8f4f/spin_000255/slot_3.png,,
766,20260919_023755_1d4d8f4f:000256,1,2026-09-18T18:23:17.202+00:00,CREDITS,"100,000",100 000,1.0,,NEUTRAL,100000,,,,,,,,,,,,,,0,,wheelspin_lab/20260919_023755_1d4d8f4f/spin_000256/full.png,wheelspin_lab/20260919_023755_1d4d8f4f/spin_000256/slot_1.png,,
767,20260919_023755_1d4d8f4f:000256,2,2026-09-18T18:23:17.202+00:00,CREDITS,"45,000",45 000,1.0,,NEUTRAL,45000,,,,,,,,,,,,,,0,,wheelspin_lab/20260919_023755_1d4d8f4f/spin_000256/full.png,wheelspin_lab/20260919_023755_1d4d8f4f/spin_000256/slot_2.png,,
768,20260919_023755_1d4d8f4f:000256,3,2026-09-18T18:23:17.202+00:00,CAR,2022 PORSCHE Mission R,2022 porsche mission r,0.78,,NEUTRAL,,2022,PORSCHE,MISSION R,PORSCHE MISSIONR,,,0,0,0,1,SELL,1.0,SELL,1,2500000,wheelspin_lab/20260919_023755_1d4d8f4f/spin_000256/full.png,wheelspin_lab/20260919_023755_1d4d8f4f/spin_000256/slot_3.png,wheelspin_lab/20260919_023755_1d4d8f4f/20260919_023755_1d4d8f4f_000256/duplicate_032317_593237.png,1.0
769,20260919_023755_1d4d8f4f:000257,1,2026-09-18T18:23:24.456+00:00,CREDITS,"50,000",50 000,1.0,,NEUTRAL,50000,,,,,,,,,,,,,,0,,wheelspin_lab/20260919_023755_1d4d8f4f/spin_000257/full.png,wheelspin_lab/20260919_023755_1d4d8f4f/spin_000257/slot_1.png,,
770,20260919_023755_1d4d8f4f:000257,2,2026-09-18T18:23:24.456+00:00,CAR,MERCEDES-BENZ SL 65 AMG Black Series,mercedes benz sl 65 amg black series,0.55,,NEUTRAL,,,,M B SL65,M B SL65,,,,0,0,1,SELL,1.0,SELL,1,180000,wheelspin_lab/20260919_023755_1d4d8f4f/spin_000257/full.png,wheelspin_lab/20260919_023755_1d4d8f4f/spin_000257/slot_2.png,wheelspin_lab/20260919_023755_1d4d8f4f/20260919_023755_1d4d8f4f_000257/duplicate_032324_979173.png,1.0
771,20260919_023755_1d4d8f4f:000257,3,2026-09-18T18:23:24.456+00:00,CREDITS,"20,000",20 000,1.0,,NEUTRAL,20000,,,,,,,,,,,,,,0,,wheelspin_lab/20260919_023755_1d4d8f4f/spin_000257/full.png,wheelspin_lab/20260919_023755_1d4d8f4f/spin_000257/slot_3.png,,
772,20260919_023755_1d4d8f4f:000258,1,2026-09-18T18:23:31.714+00:00,CREDITS,"R 80,000",r 80 000,1.0,,NEUTRAL,80000,,,,,,,,,,,,,,0,,wheelspin_lab/20260919_023755_1d4d8f4f/spin_000258/full.png,wheelspin_lab/20260919_023755_1d4d8f4f/spin_000258/slot_1.png,,
773,20260919_023755_1d4d8f4f:000258,2,2026-09-18T18:23:31.714+00:00,CREDITS,"15,000",15 000,1.0,,NEUTRAL,15000,,,,,,,,,,,,,,0,,wheelspin_lab/20260919_023755_1d4d8f4f/spin_000258/full.png,wheelspin_lab/20260919_023755_1d4d8f4f/spin_000258/slot_2.png,,
774,20260919_023755_1d4d8f4f:000258,3,2026-09-18T18:23:31.714+00:00,CREDITS,"200,000",200 000,1.0,,NEUTRAL,200000,,,,,,,,,,,,,,0,,wheelspin_lab/20260919_023755_1d4d8f4f/spin_000258/full.png,wheelspin_lab/20260919_023755_1d4d8f4f/spin_000258/slot_3.png,,
775,20260919_023755_1d4d8f4f:000259,1,2026-09-18T18:23:37.073+00:00,CREDITS,"40,000",40 000,1.0,,NEUTRAL,40000,,,,,,,,,,,,,,0,,wheelspin_lab/20260919_023755_1d4d8f4f/spin_000259/full.png,wheelspin_lab/20260919_023755_1d4d8f4f/spin_000259/slot_1.png,,
776,20260919_023755_1d4d8f4f:000259,2,2026-09-18T18:23:37.073+00:00,CREDITS,"R 20,000",r 20 000,1.0,,NEUTRAL,20000,,,,,,,,,,,,,,0,,wheelspin_lab/20260919_023755_1d4d8f4f/spin_000259/full.png,wheelspin_lab/20260919_023755_1d4d8f4f/spin_000259/slot_2.png,,
777,20260919_023755_1d4d8f4f:000259,3,2026-09-18T18:23:37.073+00:00,CREDITS,"R 100,000",r 100 000,1.0,,NEUTRAL,100000,,,,,,,,,,,,,,0,,wheelspin_lab/20260919_023755_1d4d8f4f/spin_000259/full.png,wheelspin_lab/20260919_023755_1d4d8f4f/spin_000259/slot_3.png,,
778,20260919_023755_1d4d8f4f:000260,1,2026-09-18T18:23:42.477+00:00,CAR,2005 SUBARU IMPREZA WRX STI,2005 subaru impreza wrx sti,0.78,,OTHER,,2005,SUBARU,IMPREZA WRX STI,SUBARU WRX 05,,,0,0,0,1,SELL,1.0,SELL,1,17500,wheelspin_lab/20260919_023755_1d4d8f4f/spin_000260/full.png,wheelspin_lab/20260919_023755_1d4d8f4f/spin_000260/slot_1.png,wheelspin_lab/20260919_023755_1d4d8f4f/20260919_023755_1d4d8f4f_000260/duplicate_032342_847390.png,1.0
779,20260919_023755_1d4d8f4f:000260,2,2026-09-18T18:23:42.477+00:00,CREDITS,"p 15,000",p 15 000,1.0,,OTHER,15000,,,,,,,,,,,,,,0,,wheelspin_lab/20260919_023755_1d4d8f4f/spin_000260/full.png,wheelspin_lab/20260919_023755_1d4d8f4f/spin_000260/slot_2.png,,
780,20260919_023755_1d4d8f4f:000260,3,2026-09-18T18:23:42.477+00:00,CAR,1970 DODGE Coronet Super Bee,1970 dodge coronet super bee,0.78,,BLUE,,1970,DODGE,CORONET SUPER BEE,DODGE SUPER BEE,,,0,0,0,1,SELL,1.0,SELL,1,87500,wheelspin_lab/20260919_023755_1d4d8f4f/spin_000260/full.png,wheelspin_lab/20260919_023755_1d4d8f4f/spin_000260/slot_3.png,wheelspin_lab/20260919_023755_1d4d8f4f/20260919_023755_1d4d8f4f_000260/duplicate_032344_578629.png,1.0
781,20260919_023755_1d4d8f4f:000261,1,2026-09-18T18:23:51.473+00:00,CREDITS,"20,000",20 000,1.0,,NEUTRAL,20000,,,,,,,,,,,,,,0,,wheelspin_lab/20260919_023755_1d4d8f4f/spin_000261/full.png,wheelspin_lab/20260919_023755_1d4d8f4f/spin_000261/slot_1.png,,
782,20260919_023755_1d4d8f4f:000261,2,2026-09-18T18:23:51.473+00:00,CAR,LEGACY RS,legacy rs,0.55,,NEUTRAL,,,,SUBARU LEGACY RS,SUBARU LEGACY RS,,,,0,0,1,SELL,1.0,SELL,1,7500,wheelspin_lab/20260919_023755_1d4d8f4f/spin_000261/full.png,wheelspin_lab/20260919_023755_1d4d8f4f/spin_000261/slot_2.png,wheelspin_lab/20260919_023755_1d4d8f4f/20260919_023755_1d4d8f4f_000261/duplicate_032351_970093.png,1.0
783,20260919_023755_1d4d8f4f:000261,3,2026-09-18T18:23:51.473+00:00,CREDITS,"150,000",150 000,1.0,,NEUTRAL,150000,,,,,,,,,,,,,,0,,wheelspin_lab/20260919_023755_1d4d8f4f/spin_000261/full.png,wheelspin_lab/20260919_023755_1d4d8f4f/spin_000261/slot_3.png,,
784,20260919_023755_1d4d8f4f:000262,1,2026-09-18T18:23:58.971+00:00,CREDITS,"R 20,000",r 20 000,1.0,,NEUTRAL,20000,,,,,,,,,,,,,,0,,wheelspin_lab/20260919_023755_1d4d8f4f/spin_000262/full.png,wheelspin_lab/20260919_023755_1d4d8f4f/spin_000262/slot_1.png,,
785,20260919_023755_1d4d8f4f:000262,2,2026-09-18T18:23:58.971+00:00,CAR,MERCEDES-BENZ AMG CLK GTR,mercedes benz amg clk gtr,0.55,,NEUTRAL,,,,M B CLK GTR,M B CLK GTR,,,,1,1,1,SELL,1.0,SELL,1,1800000,wheelspin_lab/20260919_023755_1d4d8f4f/spin_000262/full.png,wheelspin_lab/20260919_023755_1d4d8f4f/spin_000262/slot_2.png,wheelspin_lab/20260919_023755_1d4d8f4f/20260919_023755_1d4d8f4f_000262/duplicate_032359_333115.png,1.0
786,20260919_023755_1d4d8f4f:000262,3,2026-09-18T18:23:58.971+00:00,CREDITS,"200,000",200 000,1.0,,NEUTRAL,200000,,,,,,,,,,,,,,0,,wheelspin_lab/20260919_023755_1d4d8f4f/spin_000262/full.png,wheelspin_lab/20260919_023755_1d4d8f4f/spin_000262/slot_3.png,,
787,20260919_023755_1d4d8f4f:000263,1,2026-09-18T18:24:06.272+00:00,CREDITS,"920,000",920 000,1.0,,PURPLE,920000,,,,,,,,,,,,,,0,,wheelspin_lab/20260919_023755_1d4d8f4f/spin_000263/full.png,wheelspin_lab/20260919_023755_1d4d8f4f/spin_000263/slot_1.png,,
788,20260919_023755_1d4d8f4f:000263,2,2026-09-18T18:24:06.272+00:00,CREDITS,"95,000",95 000,1.0,,PURPLE,95000,,,,,,,,,,,,,,0,,wheelspin_lab/20260919_023755_1d4d8f4f/spin_000263/full.png,wheelspin_lab/20260919_023755_1d4d8f4f/spin_000263/slot_2.png,,
789,20260919_023755_1d4d8f4f:000263,3,2026-09-18T18:24:06.272+00:00,CREDITS,"175,000",175 000,1.0,,PURPLE,175000,,,,,,,,,,,,,,0,,wheelspin_lab/20260919_023755_1d4d8f4f/spin_000263/full.png,wheelspin_lab/20260919_023755_1d4d8f4f/spin_000263/slot_3.png,,
790,20260919_023755_1d4d8f4f:000264,1,2026-09-18T18:24:11.542+00:00,CAR,1965 TOYOTA sports 800,1965 toyota sports 800,0.78,,BLUE,,1965,TOYOTA,SPORTS 800,SPORTS 800 65,,,0,0,0,1,SELL,1.0,SELL,1,125000,wheelspin_lab/20260919_023755_1d4d8f4f/spin_000264/full.png,wheelspin_lab/20260919_023755_1d4d8f4f/spin_000264/slot_1.png,wheelspin_lab/20260919_023755_1d4d8f4f/20260919_023755_1d4d8f4f_000264/duplicate_032412_021725.png,1.0
791,20260919_023755_1d4d8f4f:000264,2,2026-09-18T18:24:11.542+00:00,CAR,2014 FORD Ranger T6 Rally Raid,2014 ford ranger t6 rally raid,1.0,,PURPLE,,2014,Ford,Ranger T6 Rally Raid,FORD RANGER T6,,,0,0,0,1,SELL,1.0,SELL,1,175000,wheelspin_lab/20260919_023755_1d4d8f4f/spin_000264/full.png,wheelspin_lab/20260919_023755_1d4d8f4f/spin_000264/slot_2.png,wheelspin_lab/20260919_023755_1d4d8f4f/20260919_023755_1d4d8f4f_000264/duplicate_032413_310969.png,1.0
792,20260919_023755_1d4d8f4f:000264,3,2026-09-18T18:24:11.542+00:00,CREDITS,"15,000",15 000,1.0,,OTHER,15000,,,,,,,,,,,,,,0,,wheelspin_lab/20260919_023755_1d4d8f4f/spin_000264/full.png,wheelspin_lab/20260919_023755_1d4d8f4f/spin_000264/slot_3.png,,
793,20260919_023755_1d4d8f4f:000265,1,2026-09-18T18:24:20.280+00:00,CREDITS,"R 50,000",r 50 000,1.0,,BLUE,50000,,,,,,,,,,,,,,0,,wheelspin_lab/20260919_023755_1d4d8f4f/spin_000265/full.png,wheelspin_lab/20260919_023755_1d4d8f4f/spin_000265/slot_1.png,,
794,20260919_023755_1d4d8f4f:000265,2,2026-09-18T18:24:20.280+00:00,CREDITS,"10,000",10 000,1.0,,OTHER,10000,,,,,,,,,,,,,,0,,wheelspin_lab/20260919_023755_1d4d8f4f/spin_000265/full.png,wheelspin_lab/20260919_023755_1d4d8f4f/spin_000265/slot_2.png,,
795,20260919_023755_1d4d8f4f:000265,3,2026-09-18T18:24:20.280+00:00,CREDITS,"R 45,000",r 45 000,1.0,,OTHER,45000,,,,,,,,,,,,,,0,,wheelspin_lab/20260919_023755_1d4d8f4f/spin_000265/full.png,wheelspin_lab/20260919_023755_1d4d8f4f/spin_000265/slot_3.png,,
796,20260919_023755_1d4d8f4f:000266,1,2026-09-18T18:24:25.495+00:00,CAR,FJ40,fj40,0.55,,NEUTRAL,,,,TOYOTA FJ40,TOYOTA FJ40,,,,0,0,1,SELL,1.0,SELL,1,51500,wheelspin_lab/20260919_023755_1d4d8f4f/spin_000266/full.png,wheelspin_lab/20260919_023755_1d4d8f4f/spin_000266/slot_1.png,wheelspin_lab/20260919_023755_1d4d8f4f/20260919_023755_1d4d8f4f_000266/duplicate_032425_956993.png,1.0
797,20260919_023755_1d4d8f4f:000266,2,2026-09-18T18:24:25.496+00:00,CAR,IMPREZA WRX STI,impreza wrx sti,0.55,,NEUTRAL,,,,SUBARU WRX 04,SUBARU WRX 04,,,,0,0,1,SELL,1.0,SELL,1,15000,wheelspin_lab/20260919_023755_1d4d8f4f/spin_000266/full.png,wheelspin_lab/20260919_023755_1d4d8f4f/spin_000266/slot_2.png,wheelspin_lab/20260919_023755_1d4d8f4f/20260919_023755_1d4d8f4f_000266/duplicate_032427_219209.png,1.0
798,20260919_023755_1d4d8f4f:000266,3,2026-09-18T18:24:25.496+00:00,CREDITS,"10,000",10 000,1.0,,NEUTRAL,10000,,,,,,,,,,,,,,0,,wheelspin_lab/20260919_023755_1d4d8f4f/spin_000266/full.png,wheelspin_lab/20260919_023755_1d4d8f4f/spin_000266/slot_3.png,,
799,20260919_023755_1d4d8f4f:000267,1,2026-09-18T18:24:34.060+00:00,CAR,Supervan Ill,supervan ill,0.55,,NEUTRAL,,,,ECLIPSE GSX,RELIANT SUPERVAN,,,,0,0,1,SELL,1.0,SELL,1,19500,wheelspin_lab/20260919_023755_1d4d8f4f/spin_000267/full.png,wheelspin_lab/20260919_023755_1d4d8f4f/spin_000267/slot_1.png,wheelspin_lab/20260919_023755_1d4d8f4f/20260919_023755_1d4d8f4f_000267/duplicate_032434_551983.png,1.0
800,20260919_023755_1d4d8f4f:000267,2,2026-09-18T18:24:34.060+00:00,OTHER,"20,000",20 000,0.55,,NEUTRAL,,,,,,,,,,,,,,,0,,wheelspin_lab/20260919_023755_1d4d8f4f/spin_000267/full.png,wheelspin_lab/20260919_023755_1d4d8f4f/spin_000267/slot_2.png,,
801,20260919_023755_1d4d8f4f:000267,3,2026-09-18T18:24:34.060+00:00,CAR,1905 MITSUBISHI Eclipse GSX,1905 mitsubishi eclipse gsx,0.78,,NEUTRAL,,1905,MITSUBISHI,ECLIPSE GSX,ECLIPSE GSX,,,0,0,0,1,SELL,1.0,SELL,1,17500,wheelspin_lab/20260919_023755_1d4d8f4f/spin_000267/full.png,wheelspin_lab/20260919_023755_1d4d8f4f/spin_000267/slot_3.png,wheelspin_lab/20260919_023755_1d4d8f4f/20260919_023755_1d4d8f4f_000267/duplicate_032435_863203.png,1.0
802,20260919_023755_1d4d8f4f:000268,1,2026-09-18T18:24:43.096+00:00,CREDITS,"15,000",15 000,1.0,,NEUTRAL,15000,,,,,,,,,,,,,,0,,wheelspin_lab/20260919_023755_1d4d8f4f/spin_000268/full.png,wheelspin_lab/20260919_023755_1d4d8f4f/spin_000268/slot_1.png,,
803,20260919_023755_1d4d8f4f:000268,2,2026-09-18T18:24:43.096+00:00,CREDITS,"15,000",15 000,1.0,,NEUTRAL,15000,,,,,,,,,,,,,,0,,wheelspin_lab/20260919_023755_1d4d8f4f/spin_000268/full.png,wheelspin_lab/20260919_023755_1d4d8f4f/spin_000268/slot_2.png,,
804,20260919_023755_1d4d8f4f:000268,3,2026-09-18T18:24:43.096+00:00,CREDITS,"10,000",10 000,1.0,,NEUTRAL,10000,,,,,,,,,,,,,,0,,wheelspin_lab/20260919_023755_1d4d8f4f/spin_000268/full.png,wheelspin_lab/20260919_023755_1d4d8f4f/spin_000268/slot_3.png,,
805,20260919_023755_1d4d8f4f:000269,1,2026-09-18T18:24:48.824+00:00,CAR,1980 RENAULT 5 Turbo,1980 renault 5 turbo,0.78,,ORANGE,,1980,RENAULT,5 TURBO,RENAULT 5 TURBO,,,0,0,0,1,SELL,1.0,SELL,1,71500,wheelspin_lab/20260919_023755_1d4d8f4f/spin_000269/full.png,wheelspin_lab/20260919_023755_1d4d8f4f/spin_000269/slot_1.png,wheelspin_lab/20260919_023755_1d4d8f4f/20260919_023755_1d4d8f4f_000269/duplicate_032449_213081.png,1.0
806,20260919_023755_1d4d8f4f:000269,2,2026-09-18T18:24:48.824+00:00,CAR,2017 FORD,2017 ford,0.45,,ORANGE,,2017,FORD,FORD GT 17,FORD GT 17,,,0,0,0,1,SELL,1.0,SELL,1,250000,wheelspin_lab/20260919_023755_1d4d8f4f/spin_000269/full.png,wheelspin_lab/20260919_023755_1d4d8f4f/spin_000269/slot_2.png,wheelspin_lab/20260919_023755_1d4d8f4f/20260919_023755_1d4d8f4f_000269/duplicate_032451_087778.png,1.0
807,20260919_023755_1d4d8f4f:000269,3,2026-09-18T18:24:48.825+00:00,CREDITS,"250,000",250 000,1.0,,ORANGE,250000,,,,,,,,,,,,,,0,,wheelspin_lab/20260919_023755_1d4d8f4f/spin_000269/full.png,wheelspin_lab/20260919_023755_1d4d8f4f/spin_000269/slot_3.png,,
808,20260919_023755_1d4d8f4f:000270,1,2026-09-18T18:24:57.763+00:00,CAR,1972 RELIANT Supervan Ill,1972 reliant supervan ill,0.78,,NEUTRAL,,1972,RELIANT,SUPERVAN ILL,RELIANT SUPERVAN,,,0,0,0,1,SELL,1.0,SELL,1,19500,wheelspin_lab/20260919_023755_1d4d8f4f/spin_000270/full.png,wheelspin_lab/20260919_023755_1d4d8f4f/spin_000270/slot_1.png,wheelspin_lab/20260919_023755_1d4d8f4f/20260919_023755_1d4d8f4f_000270/duplicate_032458_231382.png,1.0
809,20260919_023755_1d4d8f4f:000270,2,2026-09-18T18:24:57.763+00:00,CREDITS,"10,000",10 000,1.0,,NEUTRAL,10000,,,,,,,,,,,,,,0,,wheelspin_lab/20260919_023755_1d4d8f4f/spin_000270/full.png,wheelspin_lab/20260919_023755_1d4d8f4f/spin_000270/slot_2.png,,
810,20260919_023755_1d4d8f4f:000270,3,2026-09-18T18:24:57.763+00:00,CREDITS,"35,000",35 000,1.0,,NEUTRAL,35000,,,,,,,,,,,,,,0,,wheelspin_lab/20260919_023755_1d4d8f4f/spin_000270/full.png,wheelspin_lab/20260919_023755_1d4d8f4f/spin_000270/slot_3.png,,
811,20260919_023755_1d4d8f4f:000271,1,2026-09-18T18:25:05.077+00:00,CREDITS,"45,000",45 000,1.0,,NEUTRAL,45000,,,,,,,,,,,,,,0,,wheelspin_lab/20260919_023755_1d4d8f4f/spin_000271/full.png,wheelspin_lab/20260919_023755_1d4d8f4f/spin_000271/slot_1.png,,
812,20260919_023755_1d4d8f4f:000271,2,2026-09-18T18:25:05.077+00:00,CREDITS,"45,000",45 000,1.0,,NEUTRAL,45000,,,,,,,,,,,,,,0,,wheelspin_lab/20260919_023755_1d4d8f4f/spin_000271/full.png,wheelspin_lab/20260919_023755_1d4d8f4f/spin_000271/slot_2.png,,
813,20260919_023755_1d4d8f4f:000271,3,2026-09-18T18:25:05.077+00:00,CAR,2012 NISSAN Black Edition (R35) Forza E SPEED SKILLS BOOST,2012 nissan black edition r35 forza e speed skills boost,0.78,,NEUTRAL,,2012,NISSAN,BLACK EDITION R35 FORZA E SPEED SKILLS BOOST,GT R FE 12,,,0,0,0,1,SELL,1.0,SELL,1,375000,wheelspin_lab/20260919_023755_1d4d8f4f/spin_000271/full.png,wheelspin_lab/20260919_023755_1d4d8f4f/spin_000271/slot_3.png,wheelspin_lab/20260919_023755_1d4d8f4f/20260919_023755_1d4d8f4f_000271/duplicate_032505_447531.png,1.0
814,20260919_023755_1d4d8f4f:000272,1,2026-09-18T18:25:12.498+00:00,CREDITS,"15,000",15 000,1.0,,OTHER,15000,,,,,,,,,,,,,,0,,wheelspin_lab/20260919_023755_1d4d8f4f/spin_000272/full.png,wheelspin_lab/20260919_023755_1d4d8f4f/spin_000272/slot_1.png,,
815,20260919_023755_1d4d8f4f:000272,2,2026-09-18T18:25:12.498+00:00,CREDITS,"150,000",150 000,1.0,,PURPLE,150000,,,,,,,,,,,,,,0,,wheelspin_lab/20260919_023755_1d4d8f4f/spin_000272/full.png,wheelspin_lab/20260919_023755_1d4d8f4f/spin_000272/slot_2.png,,
816,20260919_023755_1d4d8f4f:000272,3,2026-09-18T18:25:12.498+00:00,CREDITS,"15,000",15 000,1.0,,OTHER,15000,,,,,,,,,,,,,,0,,wheelspin_lab/20260919_023755_1d4d8f4f/spin_000272/full.png,wheelspin_lab/20260919_023755_1d4d8f4f/spin_000272/slot_3.png,,
817,20260919_023755_1d4d8f4f:000273,1,2026-09-18T18:25:18.088+00:00,CREDITS,"150,000",150 000,1.0,,PURPLE,150000,,,,,,,,,,,,,,0,,wheelspin_lab/20260919_023755_1d4d8f4f/spin_000273/full.png,wheelspin_lab/20260919_023755_1d4d8f4f/spin_000273/slot_1.png,,
818,20260919_023755_1d4d8f4f:000273,2,2026-09-18T18:25:18.088+00:00,CAR,1989 FORMULA DRIFT #98 BMW 325i,1989 formula drift 98 bmw 325i,0.78,,PURPLE,,1989,FORMULA,DRIFT 98 BMW 325I,98 BMW 325I,,,0,0,0,1,SELL,1.0,SELL,1,75000,wheelspin_lab/20260919_023755_1d4d8f4f/spin_000273/full.png,wheelspin_lab/20260919_023755_1d4d8f4f/spin_000273/slot_2.png,wheelspin_lab/20260919_023755_1d4d8f4f/20260919_023755_1d4d8f4f_000273/duplicate_032518_600369.png,1.0
819,20260919_023755_1d4d8f4f:000273,3,2026-09-18T18:25:18.088+00:00,CREDITS,"0 5,000",0 5 000,0.99,,PURPLE,5000,,,,,,,,,,,,,,0,,wheelspin_lab/20260919_023755_1d4d8f4f/spin_000273/full.png,wheelspin_lab/20260919_023755_1d4d8f4f/spin_000273/slot_3.png,,
820,20260919_023755_1d4d8f4f:000274,1,2026-09-18T18:25:25.380+00:00,CREDITS,"R 40,000",r 40 000,1.0,,OTHER,40000,,,,,,,,,,,,,,0,,wheelspin_lab/20260919_023755_1d4d8f4f/spin_000274/full.png,wheelspin_lab/20260919_023755_1d4d8f4f/spin_000274/slot_1.png,,
821,20260919_023755_1d4d8f4f:000274,2,2026-09-18T18:25:25.380+00:00,CREDITS,"10,000",10 000,1.0,,OTHER,10000,,,,,,,,,,,,,,0,,wheelspin_lab/20260919_023755_1d4d8f4f/spin_000274/full.png,wheelspin_lab/20260919_023755_1d4d8f4f/spin_000274/slot_2.png,,
822,20260919_023755_1d4d8f4f:000274,3,2026-09-18T18:25:25.380+00:00,CAR,2007 HONDA Civic Type R,2007 honda civic type r,0.78,,OTHER,,2007,HONDA,CIVIC TYPE R,HONDA CIVIC 07,,,0,0,0,1,SELL,1.0,SELL,1,8500,wheelspin_lab/20260919_023755_1d4d8f4f/spin_000274/full.png,wheelspin_lab/20260919_023755_1d4d8f4f/spin_000274/slot_3.png,wheelspin_lab/20260919_023755_1d4d8f4f/20260919_023755_1d4d8f4f_000274/duplicate_032525_784490.png,1.0
823,20260919_023755_1d4d8f4f:000275,1,2026-09-18T18:25:32.538+00:00,CAR,911 GT3,911 gt3,0.55,,NEUTRAL,,,,911 GT3 04,911 GT3 04,,,,0,0,1,SELL,1.0,SELL,1,67500,wheelspin_lab/20260919_023755_1d4d8f4f/spin_000275/full.png,wheelspin_lab/20260919_023755_1d4d8f4f/spin_000275/slot_1.png,wheelspin_lab/20260919_023755_1d4d8f4f/20260919_023755_1d4d8f4f_000275/duplicate_032533_005257.png,1.0
824,20260919_023755_1d4d8f4f:000275,2,2026-09-18T18:25:32.538+00:00,CREDITS,"15,000",15 000,1.0,,NEUTRAL,15000,,,,,,,,,,,,,,0,,wheelspin_lab/20260919_023755_1d4d8f4f/spin_000275/full.png,wheelspin_lab/20260919_023755_1d4d8f4f/spin_000275/slot_2.png,,
825,20260919_023755_1d4d8f4f:000275,3,2026-09-18T18:25:32.538+00:00,CREDITS,"250,000",250 000,1.0,,NEUTRAL,250000,,,,,,,,,,,,,,0,,wheelspin_lab/20260919_023755_1d4d8f4f/spin_000275/full.png,wheelspin_lab/20260919_023755_1d4d8f4f/spin_000275/slot_3.png,,
826,20260919_023755_1d4d8f4f:000276,1,2026-09-18T18:25:39.903+00:00,CREDITS,"p 10,000",p 10 000,1.0,,OTHER,10000,,,,,,,,,,,,,,0,,wheelspin_lab/20260919_023755_1d4d8f4f/spin_000276/full.png,wheelspin_lab/20260919_023755_1d4d8f4f/spin_000276/slot_1.png,,
827,20260919_023755_1d4d8f4f:000276,2,2026-09-18T18:25:39.903+00:00,CAR,1979 CHEVROLET Camaro Z28,1979 chevrolet camaro z28,0.78,,BLUE,,1979,CHEVROLET,CAMARO Z28,CHEVY CAMARO 79,,,0,0,0,1,SELL,1.0,SELL,1,10000,wheelspin_lab/20260919_023755_1d4d8f4f/spin_000276/full.png,wheelspin_lab/20260919_023755_1d4d8f4f/spin_000276/slot_2.png,wheelspin_lab/20260919_023755_1d4d8f4f/20260919_023755_1d4d8f4f_000276/duplicate_032540_296662.png,1.0
828,20260919_023755_1d4d8f4f:000276,3,2026-09-18T18:25:39.903+00:00,CREDITS,"p 15,000",p 15 000,1.0,,OTHER,15000,,,,,,,,,,,,,,0,,wheelspin_lab/20260919_023755_1d4d8f4f/spin_000276/full.png,wheelspin_lab/20260919_023755_1d4d8f4f/spin_000276/slot_3.png,,
829,20260919_023755_1d4d8f4f:000277,1,2026-09-18T18:25:47.261+00:00,CREDITS,"45,000",45 000,1.0,,NEUTRAL,45000,,,,,,,,,,,,,,0,,wheelspin_lab/20260919_023755_1d4d8f4f/spin_000277/full.png,wheelspin_lab/20260919_023755_1d4d8f4f/spin_000277/slot_1.png,,
830,20260919_023755_1d4d8f4f:000277,2,2026-09-18T18:25:47.261+00:00,CREDITS,"15,000",15 000,1.0,,NEUTRAL,15000,,,,,,,,,,,,,,0,,wheelspin_lab/20260919_023755_1d4d8f4f/spin_000277/full.png,wheelspin_lab/20260919_023755_1d4d8f4f/spin_000277/slot_2.png,,
831,20260919_023755_1d4d8f4f:000277,3,2026-09-18T18:25:47.261+00:00,CREDITS,"R) 40,000",r 40 000,1.0,,NEUTRAL,40000,,,,,,,,,,,,,,0,,wheelspin_lab/20260919_023755_1d4d8f4f/spin_000277/full.png,wheelspin_lab/20260919_023755_1d4d8f4f/spin_000277/slot_3.png,,
832,20260919_023755_1d4d8f4f:000278,1,2026-09-18T18:44:56.536+00:00,CREDITS,"80,000",80 000,1.0,,BLUE,80000,,,,,,,,,,,,,,0,,wheelspin_lab/20260919_023755_1d4d8f4f/spin_000278/full.png,wheelspin_lab/20260919_023755_1d4d8f4f/spin_000278/slot_1.png,,
833,20260919_023755_1d4d8f4f:000278,2,2026-09-18T18:44:56.536+00:00,CREDITS,"c 10,000",c 10 000,1.0,,BLUE,10000,,,,,,,,,,,,,,0,,wheelspin_lab/20260919_023755_1d4d8f4f/spin_000278/full.png,wheelspin_lab/20260919_023755_1d4d8f4f/spin_000278/slot_2.png,,
834,20260919_023755_1d4d8f4f:000278,3,2026-09-18T18:44:56.536+00:00,CREDITS,"80,000",80 000,1.0,,BLUE,80000,,,,,,,,,,,,,,0,,wheelspin_lab/20260919_023755_1d4d8f4f/spin_000278/full.png,wheelspin_lab/20260919_023755_1d4d8f4f/spin_000278/slot_3.png,,
835,20260919_023755_1d4d8f4f:000279,1,2026-09-18T18:45:01.992+00:00,CREDITS,"920,000",920 000,1.0,,GREEN,920000,,,,,,,,,,,,,,0,,wheelspin_lab/20260919_023755_1d4d8f4f/spin_000279/full.png,wheelspin_lab/20260919_023755_1d4d8f4f/spin_000279/slot_1.png,,
836,20260919_023755_1d4d8f4f:000279,2,2026-09-18T18:45:01.992+00:00,CREDITS,"95,000",95 000,1.0,,GREEN,95000,,,,,,,,,,,,,,0,,wheelspin_lab/20260919_023755_1d4d8f4f/spin_000279/full.png,wheelspin_lab/20260919_023755_1d4d8f4f/spin_000279/slot_2.png,,
837,20260919_023755_1d4d8f4f:000279,3,2026-09-18T18:45:01.992+00:00,CREDITS,"e 8,000",e 8 000,0.99,,GREEN,8000,,,,,,,,,,,,,,0,,wheelspin_lab/20260919_023755_1d4d8f4f/spin_000279/full.png,wheelspin_lab/20260919_023755_1d4d8f4f/spin_000279/slot_3.png,,
838,20260919_023755_1d4d8f4f:000280,1,2026-09-18T18:45:07.406+00:00,CREDITS,"R 20,000",r 20 000,1.0,,NEUTRAL,20000,,,,,,,,,,,,,,0,,wheelspin_lab/20260919_023755_1d4d8f4f/spin_000280/full.png,wheelspin_lab/20260919_023755_1d4d8f4f/spin_000280/slot_1.png,,
839,20260919_023755_1d4d8f4f:000280,2,2026-09-18T18:45:07.406+00:00,CAR,2020 TOYOTA GR supra,2020 toyota gr supra,0.78,,NEUTRAL,,2020,TOYOTA,GR SUPRA,TOYOTA SUPRA 20,,,0,0,0,1,SELL,1.0,SELL,1,22500,wheelspin_lab/20260919_023755_1d4d8f4f/spin_000280/full.png,wheelspin_lab/20260919_023755_1d4d8f4f/spin_000280/slot_2.png,wheelspin_lab/20260919_023755_1d4d8f4f/20260919_023755_1d4d8f4f_000280/duplicate_034507_796088.png,1.0
840,20260919_023755_1d4d8f4f:000280,3,2026-09-18T18:45:07.406+00:00,CAR,2021 LAMBORGHINI Countach LPI 800-4,2021 lamborghini countach lpi 800 4,0.78,,NEUTRAL,,2021,LAMBORGHINI,COUNTACH LPI 800 4,COUNTACH 21,,,0,0,1,1,SELL,1.0,SELL,1,1050000,wheelspin_lab/20260919_023755_1d4d8f4f/spin_000280/full.png,wheelspin_lab/20260919_023755_1d4d8f4f/spin_000280/slot_3.png,wheelspin_lab/20260919_023755_1d4d8f4f/20260919_023755_1d4d8f4f_000280/duplicate_034509_393235.png,1.0
841,20260919_023755_1d4d8f4f:000281,1,2026-09-18T18:45:16.309+00:00,CAR,Essenza SCV12,essenza scv12,0.55,,NEUTRAL,,,,LAMBO SCV12,LAMBO SCV12,,,,0,1,1,SELL,1.0,SELL,1,750000,wheelspin_lab/20260919_023755_1d4d8f4f/spin_000281/full.png,wheelspin_lab/20260919_023755_1d4d8f4f/spin_000281/slot_1.png,wheelspin_lab/20260919_023755_1d4d8f4f/20260919_023755_1d4d8f4f_000281/duplicate_034516_764044.png,1.0
842,20260919_023755_1d4d8f4f:000281,2,2026-09-18T18:45:16.309+00:00,CREDITS,"15,000",15 000,1.0,,NEUTRAL,15000,,,,,,,,,,,,,,0,,wheelspin_lab/20260919_023755_1d4d8f4f/spin_000281/full.png,wheelspin_lab/20260919_023755_1d4d8f4f/spin_000281/slot_2.png,,
843,20260919_023755_1d4d8f4f:000281,3,2026-09-18T18:45:16.309+00:00,CREDITS,"25,000",25 000,1.0,,NEUTRAL,25000,,,,,,,,,,,,,,0,,wheelspin_lab/20260919_023755_1d4d8f4f/spin_000281/full.png,wheelspin_lab/20260919_023755_1d4d8f4f/spin_000281/slot_3.png,,
844,20260919_023755_1d4d8f4f:000282,1,2026-09-18T18:45:23.937+00:00,CREDITS,"95,000",95 000,1.0,,PURPLE,95000,,,,,,,,,,,,,,0,,wheelspin_lab/20260919_023755_1d4d8f4f/spin_000282/full.png,wheelspin_lab/20260919_023755_1d4d8f4f/spin_000282/slot_1.png,,
845,20260919_023755_1d4d8f4f:000282,2,2026-09-18T18:45:23.937+00:00,CREDITS,"15,000",15 000,1.0,,PURPLE,15000,,,,,,,,,,,,,,0,,wheelspin_lab/20260919_023755_1d4d8f4f/spin_000282/full.png,wheelspin_lab/20260919_023755_1d4d8f4f/spin_000282/slot_2.png,,
846,20260919_023755_1d4d8f4f:000282,3,2026-09-18T18:45:23.937+00:00,CREDITS,"200,000",200 000,1.0,,PURPLE,200000,,,,,,,,,,,,,,0,,wheelspin_lab/20260919_023755_1d4d8f4f/spin_000282/full.png,wheelspin_lab/20260919_023755_1d4d8f4f/spin_000282/slot_3.png,,
847,20260919_023755_1d4d8f4f:000283,1,2026-09-18T18:45:28.969+00:00,CREDITS,"75,000",75 000,1.0,,NEUTRAL,75000,,,,,,,,,,,,,,0,,wheelspin_lab/20260919_023755_1d4d8f4f/spin_000283/full.png,wheelspin_lab/20260919_023755_1d4d8f4f/spin_000283/slot_1.png,,
848,20260919_023755_1d4d8f4f:000283,2,2026-09-18T18:45:28.969+00:00,CREDITS,"10,000",10 000,1.0,,NEUTRAL,10000,,,,,,,,,,,,,,0,,wheelspin_lab/20260919_023755_1d4d8f4f/spin_000283/full.png,wheelspin_lab/20260919_023755_1d4d8f4f/spin_000283/slot_2.png,,
849,20260919_023755_1d4d8f4f:000283,3,2026-09-18T18:45:28.969+00:00,CREDITS,"45,000",45 000,1.0,,NEUTRAL,45000,,,,,,,,,,,,,,0,,wheelspin_lab/20260919_023755_1d4d8f4f/spin_000283/full.png,wheelspin_lab/20260919_023755_1d4d8f4f/spin_000283/slot_3.png,,
850,20260919_023755_1d4d8f4f:000284,1,2026-09-18T18:45:34.458+00:00,CREDITS,"15,000",15 000,1.0,,NEUTRAL,15000,,,,,,,,,,,,,,0,,wheelspin_lab/20260919_023755_1d4d8f4f/spin_000284/full.png,wheelspin_lab/20260919_023755_1d4d8f4f/spin_000284/slot_1.png,,
851,20260919_023755_1d4d8f4f:000284,2,2026-09-18T18:45:34.458+00:00,CREDITS,"5,000",5 000,1.0,,NEUTRAL,5000,,,,,,,,,,,,,,0,,wheelspin_lab/20260919_023755_1d4d8f4f/spin_000284/full.png,wheelspin_lab/20260919_023755_1d4d8f4f/spin_000284/slot_2.png,,
852,20260919_023755_1d4d8f4f:000284,3,2026-09-18T18:45:34.458+00:00,CREDITS,"15,000",15 000,1.0,,NEUTRAL,15000,,,,,,,,,,,,,,0,,wheelspin_lab/20260919_023755_1d4d8f4f/spin_000284/full.png,wheelspin_lab/20260919_023755_1d4d8f4f/spin_000284/slot_3.png,,
853,20260919_023755_1d4d8f4f:000285,1,2026-09-18T18:45:40.253+00:00,CREDITS,"c 75,000",c 75 000,1.0,,PURPLE,75000,,,,,,,,,,,,,,0,,wheelspin_lab/20260919_023755_1d4d8f4f/spin_000285/full.png,wheelspin_lab/20260919_023755_1d4d8f4f/spin_000285/slot_1.png,,
854,20260919_023755_1d4d8f4f:000285,2,2026-09-18T18:45:40.254+00:00,CAR,2023 MEYERS Manx 2.0,2023 meyers manx 2 0,0.78,,PURPLE,,2023,MEYERS,MANX 2 0,MEYERS MANX 2 0,,,0,0,0,1,SELL,1.0,SELL,1,37000,wheelspin_lab/20260919_023755_1d4d8f4f/spin_000285/full.png,wheelspin_lab/20260919_023755_1d4d8f4f/spin_000285/slot_2.png,wheelspin_lab/20260919_023755_1d4d8f4f/20260919_023755_1d4d8f4f_000285/duplicate_034540_733793.png,1.0
855,20260919_023755_1d4d8f4f:000285,3,2026-09-18T18:45:40.254+00:00,CREDITS,"0 5,000",0 5 000,0.99,,PURPLE,5000,,,,,,,,,,,,,,0,,wheelspin_lab/20260919_023755_1d4d8f4f/spin_000285/full.png,wheelspin_lab/20260919_023755_1d4d8f4f/spin_000285/slot_3.png,,
856,20260919_023755_1d4d8f4f:000286,1,2026-09-18T18:45:47.554+00:00,CREDITS,"20,000",20 000,1.0,,NEUTRAL,20000,,,,,,,,,,,,,,0,,wheelspin_lab/20260919_023755_1d4d8f4f/spin_000286/full.png,wheelspin_lab/20260919_023755_1d4d8f4f/spin_000286/slot_1.png,,
857,20260919_023755_1d4d8f4f:000286,2,2026-09-18T18:45:47.554+00:00,CREDITS,"10,000",10 000,1.0,,NEUTRAL,10000,,,,,,,,,,,,,,0,,wheelspin_lab/20260919_023755_1d4d8f4f/spin_000286/full.png,wheelspin_lab/20260919_023755_1d4d8f4f/spin_000286/slot_2.png,,
858,20260919_023755_1d4d8f4f:000286,3,2026-09-18T18:45:47.554+00:00,CREDITS,"20,000",20 000,1.0,,NEUTRAL,20000,,,,,,,,,,,,,,0,,wheelspin_lab/20260919_023755_1d4d8f4f/spin_000286/full.png,wheelspin_lab/20260919_023755_1d4d8f4f/spin_000286/slot_3.png,,
859,20260919_023755_1d4d8f4f:000287,1,2026-09-18T18:45:53.207+00:00,CAR,1970 HONDA S800,1970 honda s800,0.78,,ORANGE,,1970,HONDA,S800,HONDA S800,,,0,0,0,1,SELL,1.0,SELL,1,20000,wheelspin_lab/20260919_023755_1d4d8f4f/spin_000287/full.png,wheelspin_lab/20260919_023755_1d4d8f4f/spin_000287/slot_1.png,wheelspin_lab/20260919_023755_1d4d8f4f/20260919_023755_1d4d8f4f_000287/duplicate_034553_580737.png,1.0
860,20260919_023755_1d4d8f4f:000287,2,2026-09-18T18:45:53.207+00:00,CREDITS,"100,000",100 000,1.0,,ORANGE,100000,,,,,,,,,,,,,,0,,wheelspin_lab/20260919_023755_1d4d8f4f/spin_000287/full.png,wheelspin_lab/20260919_023755_1d4d8f4f/spin_000287/slot_2.png,,
861,20260919_023755_1d4d8f4f:000287,3,2026-09-18T18:45:53.207+00:00,CREDITS,"250,000",250 000,1.0,,ORANGE,250000,,,,,,,,,,,,,,0,,wheelspin_lab/20260919_023755_1d4d8f4f/spin_000287/full.png,wheelspin_lab/20260919_023755_1d4d8f4f/spin_000287/slot_3.png,,
862,20260919_023755_1d4d8f4f:000288,1,2026-09-18T18:46:00.615+00:00,CREDITS,"10,000",10 000,1.0,,NEUTRAL,10000,,,,,,,,,,,,,,0,,wheelspin_lab/20260919_023755_1d4d8f4f/spin_000288/full.png,wheelspin_lab/20260919_023755_1d4d8f4f/spin_000288/slot_1.png,,
863,20260919_023755_1d4d8f4f:000288,2,2026-09-18T18:46:00.615+00:00,CREDITS,"5,000",5 000,1.0,,NEUTRAL,5000,,,,,,,,,,,,,,0,,wheelspin_lab/20260919_023755_1d4d8f4f/spin_000288/full.png,wheelspin_lab/20260919_023755_1d4d8f4f/spin_000288/slot_2.png,,
864,20260919_023755_1d4d8f4f:000288,3,2026-09-18T18:46:00.616+00:00,CAR,2010 FORD Victoria Police Intercep,2010 ford victoria police intercep,0.78,,NEUTRAL,,2010,FORD,VICTORIA POLICE INTERCEP,CROWN VICTORIA,,,0,0,0,1,SELL,1.0,SELL,1,7500,wheelspin_lab/20260919_023755_1d4d8f4f/spin_000288/full.png,wheelspin_lab/20260919_023755_1d4d8f4f/spin_000288/slot_3.png,wheelspin_lab/20260919_023755_1d4d8f4f/20260919_023755_1d4d8f4f_000288/duplicate_034601_077015.png,1.0
865,20260919_023755_1d4d8f4f:000289,1,2026-09-18T18:46:07.956+00:00,CAR,620R,620r,0.55,,NEUTRAL,,,,MCLAREN 620R,MCLAREN 620R,,,,0,0,1,SELL,1.0,SELL,1,130000,wheelspin_lab/20260919_023755_1d4d8f4f/spin_000289/full.png,wheelspin_lab/20260919_023755_1d4d8f4f/spin_000289/slot_1.png,wheelspin_lab/20260919_023755_1d4d8f4f/20260919_023755_1d4d8f4f_000289/duplicate_034608_441533.png,1.0
866,20260919_023755_1d4d8f4f:000289,2,2026-09-18T18:46:07.956+00:00,CREDITS,"50,000",50 000,1.0,,NEUTRAL,50000,,,,,,,,,,,,,,0,,wheelspin_lab/20260919_023755_1d4d8f4f/spin_000289/full.png,wheelspin_lab/20260919_023755_1d4d8f4f/spin_000289/slot_2.png,,
867,20260919_023755_1d4d8f4f:000289,3,2026-09-18T18:46:07.956+00:00,CREDITS,"15,000",15 000,1.0,,NEUTRAL,15000,,,,,,,,,,,,,,0,,wheelspin_lab/20260919_023755_1d4d8f4f/spin_000289/full.png,wheelspin_lab/20260919_023755_1d4d8f4f/spin_000289/slot_3.png,,
868,20260919_023755_1d4d8f4f:000290,1,2026-09-18T18:46:15.253+00:00,CREDITS,"p 20,000",p 20 000,1.0,,OTHER,20000,,,,,,,,,,,,,,0,,wheelspin_lab/20260919_023755_1d4d8f4f/spin_000290/full.png,wheelspin_lab/20260919_023755_1d4d8f4f/spin_000290/slot_1.png,,
869,20260919_023755_1d4d8f4f:000290,2,2026-09-18T18:46:15.254+00:00,CREDITS,"p 15,000",p 15 000,1.0,,OTHER,15000,,,,,,,,,,,,,,0,,wheelspin_lab/20260919_023755_1d4d8f4f/spin_000290/full.png,wheelspin_lab/20260919_023755_1d4d8f4f/spin_000290/slot_2.png,,
870,20260919_023755_1d4d8f4f:000290,3,2026-09-18T18:46:15.254+00:00,CREDITS,"p 10,000",p 10 000,1.0,,OTHER,10000,,,,,,,,,,,,,,0,,wheelspin_lab/20260919_023755_1d4d8f4f/spin_000290/full.png,wheelspin_lab/20260919_023755_1d4d8f4f/spin_000290/slot_3.png,,
871,20260919_023755_1d4d8f4f:000291,1,2026-09-18T18:46:20.707+00:00,CREDITS,"150,000",150 000,1.0,,NEUTRAL,150000,,,,,,,,,,,,,,0,,wheelspin_lab/20260919_023755_1d4d8f4f/spin_000291/full.png,wheelspin_lab/20260919_023755_1d4d8f4f/spin_000291/slot_1.png,,
872,20260919_023755_1d4d8f4f:000291,2,2026-09-18T18:46:20.707+00:00,CREDITS,"50,000",50 000,1.0,,NEUTRAL,50000,,,,,,,,,,,,,,0,,wheelspin_lab/20260919_023755_1d4d8f4f/spin_000291/full.png,wheelspin_lab/20260919_023755_1d4d8f4f/spin_000291/slot_2.png,,
873,20260919_023755_1d4d8f4f:000291,3,2026-09-18T18:46:20.707+00:00,CREDITS,"50,000",50 000,1.0,,NEUTRAL,50000,,,,,,,,,,,,,,0,,wheelspin_lab/20260919_023755_1d4d8f4f/spin_000291/full.png,wheelspin_lab/20260919_023755_1d4d8f4f/spin_000291/slot_3.png,,
874,20260919_023755_1d4d8f4f:000292,1,2026-09-18T18:46:26.274+00:00,CREDITS,"920,000",920 000,1.0,,BLUE,920000,,,,,,,,,,,,,,0,,wheelspin_lab/20260919_023755_1d4d8f4f/spin_000292/full.png,wheelspin_lab/20260919_023755_1d4d8f4f/spin_000292/slot_1.png,,
875,20260919_023755_1d4d8f4f:000292,2,2026-09-18T18:46:26.274+00:00,CREDITS,"e 8,000",e 8 000,0.99,,BLUE,8000,,,,,,,,,,,,,,0,,wheelspin_lab/20260919_023755_1d4d8f4f/spin_000292/full.png,wheelspin_lab/20260919_023755_1d4d8f4f/spin_000292/slot_2.png,,
876,20260919_023755_1d4d8f4f:000292,3,2026-09-18T18:46:26.274+00:00,CREDITS,"100,000",100 000,1.0,,BLUE,100000,,,,,,,,,,,,,,0,,wheelspin_lab/20260919_023755_1d4d8f4f/spin_000292/full.png,wheelspin_lab/20260919_023755_1d4d8f4f/spin_000292/slot_3.png,,
877,20260919_023755_1d4d8f4f:000293,1,2026-09-18T18:46:31.571+00:00,CAR,2022 ALUMICRAFT #6165 Trick Truck,2022 alumicraft 6165 trick truck,0.78,,PURPLE,,2022,ALUMICRAFT,6165 TRICK TRUCK,6165 TRUCK,,,0,0,0,1,SELL,1.0,SELL,1,150000,wheelspin_lab/20260919_023755_1d4d8f4f/spin_000293/full.png,wheelspin_lab/20260919_023755_1d4d8f4f/spin_000293/slot_1.png,wheelspin_lab/20260919_023755_1d4d8f4f/20260919_023755_1d4d8f4f_000293/duplicate_034632_025469.png,1.0
878,20260919_023755_1d4d8f4f:000293,2,2026-09-18T18:46:31.571+00:00,CAR,1986 FORD F-150 XLT Lariat,1986 ford f 150 xlt lariat,0.78,,PURPLE,,1986,FORD,F 150 XLT LARIAT,FORD F 150 86,,,0,0,0,1,SELL,1.0,SELL,1,22500,wheelspin_lab/20260919_023755_1d4d8f4f/spin_000293/full.png,wheelspin_lab/20260919_023755_1d4d8f4f/spin_000293/slot_2.png,wheelspin_lab/20260919_023755_1d4d8f4f/20260919_023755_1d4d8f4f_000293/duplicate_034633_691208.png,1.0
879,20260919_023755_1d4d8f4f:000293,3,2026-09-18T18:46:31.571+00:00,CREDITS,"R 20,000",r 20 000,1.0,,PURPLE,20000,,,,,,,,,,,,,,0,,wheelspin_lab/20260919_023755_1d4d8f4f/spin_000293/full.png,wheelspin_lab/20260919_023755_1d4d8f4f/spin_000293/slot_3.png,,
880,20260919_023755_1d4d8f4f:000294,1,2026-09-18T18:46:40.305+00:00,CREDITS,"35,000",35 000,1.0,,NEUTRAL,35000,,,,,,,,,,,,,,0,,wheelspin_lab/20260919_023755_1d4d8f4f/spin_000294/full.png,wheelspin_lab/20260919_023755_1d4d8f4f/spin_000294/slot_1.png,,
881,20260919_023755_1d4d8f4f:000294,2,2026-09-18T18:46:40.305+00:00,CREDITS,"15,000",15 000,1.0,,NEUTRAL,15000,,,,,,,,,,,,,,0,,wheelspin_lab/20260919_023755_1d4d8f4f/spin_000294/full.png,wheelspin_lab/20260919_023755_1d4d8f4f/spin_000294/slot_2.png,,
882,20260919_023755_1d4d8f4f:000294,3,2026-09-18T18:46:40.306+00:00,CREDITS,"R 175,000",r 175 000,1.0,,NEUTRAL,175000,,,,,,,,,,,,,,0,,wheelspin_lab/20260919_023755_1d4d8f4f/spin_000294/full.png,wheelspin_lab/20260919_023755_1d4d8f4f/spin_000294/slot_3.png,,
883,20260919_023755_1d4d8f4f:000295,1,2026-09-18T18:46:45.574+00:00,CAR,2016 CADILLAC ATS-V,2016 cadillac ats v,0.78,,OTHER,,2016,CADILLAC,ATS V,CADDY ATS V,,,0,0,0,1,SELL,1.0,SELL,1,20500,wheelspin_lab/20260919_023755_1d4d8f4f/spin_000295/full.png,wheelspin_lab/20260919_023755_1d4d8f4f/spin_000295/slot_1.png,wheelspin_lab/20260919_023755_1d4d8f4f/20260919_023755_1d4d8f4f_000295/duplicate_034645_939192.png,1.0
884,20260919_023755_1d4d8f4f:000295,2,2026-09-18T18:46:45.574+00:00,CREDITS,"50,000",50 000,1.0,,NEUTRAL,50000,,,,,,,,,,,,,,0,,wheelspin_lab/20260919_023755_1d4d8f4f/spin_000295/full.png,wheelspin_lab/20260919_023755_1d4d8f4f/spin_000295/slot_2.png,,
885,20260919_023755_1d4d8f4f:000295,3,2026-09-18T18:46:45.574+00:00,CREDITS,"R 20,000",r 20 000,1.0,,OTHER,20000,,,,,,,,,,,,,,0,,wheelspin_lab/20260919_023755_1d4d8f4f/spin_000295/full.png,wheelspin_lab/20260919_023755_1d4d8f4f/spin_000295/slot_3.png,,
886,20260919_023755_1d4d8f4f:000296,1,2026-09-18T18:46:52.885+00:00,CREDITS,"R 20,000",r 20 000,1.0,,NEUTRAL,20000,,,,,,,,,,,,,,0,,wheelspin_lab/20260919_023755_1d4d8f4f/spin_000296/full.png,wheelspin_lab/20260919_023755_1d4d8f4f/spin_000296/slot_1.png,,
887,20260919_023755_1d4d8f4f:000296,2,2026-09-18T18:46:52.885+00:00,CREDITS,"15,000",15 000,1.0,,NEUTRAL,15000,,,,,,,,,,,,,,0,,wheelspin_lab/20260919_023755_1d4d8f4f/spin_000296/full.png,wheelspin_lab/20260919_023755_1d4d8f4f/spin_000296/slot_2.png,,
888,20260919_023755_1d4d8f4f:000296,3,2026-09-18T18:46:52.885+00:00,CREDITS,"R 50,000",r 50 000,1.0,,NEUTRAL,50000,,,,,,,,,,,,,,0,,wheelspin_lab/20260919_023755_1d4d8f4f/spin_000296/full.png,wheelspin_lab/20260919_023755_1d4d8f4f/spin_000296/slot_3.png,,
889,20260919_023755_1d4d8f4f:000297,1,2026-09-18T18:46:58.206+00:00,CAR,2003 AUDI RS 6,2003 audi rs 6,0.78,,NEUTRAL,,2003,AUDI,RS 6,AUDI RS 6 03,,,0,0,0,1,SELL,1.0,SELL,1,17500,wheelspin_lab/20260919_023755_1d4d8f4f/spin_000297/full.png,wheelspin_lab/20260919_023755_1d4d8f4f/spin_000297/slot_1.png,wheelspin_lab/20260919_023755_1d4d8f4f/20260919_023755_1d4d8f4f_000297/duplicate_034658_680230.png,1.0
890,20260919_023755_1d4d8f4f:000297,2,2026-09-18T18:46:58.206+00:00,CREDITS,"25,000",25 000,1.0,,NEUTRAL,25000,,,,,,,,,,,,,,0,,wheelspin_lab/20260919_023755_1d4d8f4f/spin_000297/full.png,wheelspin_lab/20260919_023755_1d4d8f4f/spin_000297/slot_2.png,,
891,20260919_023755_1d4d8f4f:000297,3,2026-09-18T18:46:58.206+00:00,CAR,2014 HSV lited Edition Gen-F GTS Ma,2014 hsv lited edition gen f gts ma,0.78,,NEUTRAL,,2014,HSV,LITED EDITION GEN F GTS MA,HSV MALOO 14,,,0,0,0,1,SELL,1.0,SELL,1,32500,wheelspin_lab/20260919_023755_1d4d8f4f/spin_000297/full.png,wheelspin_lab/20260919_023755_1d4d8f4f/spin_000297/slot_3.png,wheelspin_lab/20260919_023755_1d4d8f4f/20260919_023755_1d4d8f4f_000297/duplicate_034700_235700.png,1.0
892,20260919_023755_1d4d8f4f:000298,1,2026-09-18T18:47:07.297+00:00,CREDITS,"R 50,000",r 50 000,1.0,,NEUTRAL,50000,,,,,,,,,,,,,,0,,wheelspin_lab/20260919_023755_1d4d8f4f/spin_000298/full.png,wheelspin_lab/20260919_023755_1d4d8f4f/spin_000298/slot_1.png,,
893,20260919_023755_1d4d8f4f:000298,2,2026-09-18T18:47:07.297+00:00,CAR,1980 RENAULT 5 Turbo,1980 renault 5 turbo,0.78,,NEUTRAL,,1980,RENAULT,5 TURBO,RENAULT 5 TURBO,,,0,0,0,1,SELL,1.0,SELL,1,71500,wheelspin_lab/20260919_023755_1d4d8f4f/spin_000298/full.png,wheelspin_lab/20260919_023755_1d4d8f4f/spin_000298/slot_2.png,wheelspin_lab/20260919_023755_1d4d8f4f/20260919_023755_1d4d8f4f_000298/duplicate_034707_681892.png,1.0
894,20260919_023755_1d4d8f4f:000298,3,2026-09-18T18:47:07.297+00:00,CREDITS,"10,000",10 000,1.0,,OTHER,10000,,,,,,,,,,,,,,0,,wheelspin_lab/20260919_023755_1d4d8f4f/spin_000298/full.png,wheelspin_lab/20260919_023755_1d4d8f4f/spin_000298/slot_3.png,,
895,20260919_023755_1d4d8f4f:000299,1,2026-09-18T18:47:14.669+00:00,CREDITS,"R 20,000",r 20 000,1.0,,NEUTRAL,20000,,,,,,,,,,,,,,0,,wheelspin_lab/20260919_023755_1d4d8f4f/spin_000299/full.png,wheelspin_lab/20260919_023755_1d4d8f4f/spin_000299/slot_1.png,,
896,20260919_023755_1d4d8f4f:000299,2,2026-09-18T18:47:14.669+00:00,CREDITS,"12,000",12 000,1.0,,NEUTRAL,12000,,,,,,,,,,,,,,0,,wheelspin_lab/20260919_023755_1d4d8f4f/spin_000299/full.png,wheelspin_lab/20260919_023755_1d4d8f4f/spin_000299/slot_2.png,,
897,20260919_023755_1d4d8f4f:000299,3,2026-09-18T18:47:14.669+00:00,CREDITS,"25,000",25 000,1.0,,NEUTRAL,25000,,,,,,,,,,,,,,0,,wheelspin_lab/20260919_023755_1d4d8f4f/spin_000299/full.png,wheelspin_lab/20260919_023755_1d4d8f4f/spin_000299/slot_3.png,,
898,20260919_023755_1d4d8f4f:000300,1,2026-09-18T18:47:20.404+00:00,CREDITS,"15,000",15 000,1.0,,GREEN,15000,,,,,,,,,,,,,,0,,wheelspin_lab/20260919_023755_1d4d8f4f/spin_000300/full.png,wheelspin_lab/20260919_023755_1d4d8f4f/spin_000300/slot_1.png,,
899,20260919_023755_1d4d8f4f:000300,2,2026-09-18T18:47:20.405+00:00,CREDITS,"20,000",20 000,1.0,,GREEN,20000,,,,,,,,,,,,,,0,,wheelspin_lab/20260919_023755_1d4d8f4f/spin_000300/full.png,wheelspin_lab/20260919_023755_1d4d8f4f/spin_000300/slot_2.png,,
900,20260919_023755_1d4d8f4f:000300,3,2026-09-18T18:47:20.405+00:00,CREDITS,"0 5,000",0 5 000,0.99,,GREEN,5000,,,,,,,,,,,,,,0,,wheelspin_lab/20260919_023755_1d4d8f4f/spin_000300/full.png,wheelspin_lab/20260919_023755_1d4d8f4f/spin_000300/slot_3.png,,
901,20260919_023755_1d4d8f4f:000301,1,2026-09-18T18:47:25.464+00:00,CAR,D ATSU U 510,d atsu u 510,0.55,,NEUTRAL,,,,DATSUN 510,DATSUN 510,,,,0,0,1,SELL,1.0,SELL,1,43000,wheelspin_lab/20260919_023755_1d4d8f4f/spin_000301/full.png,wheelspin_lab/20260919_023755_1d4d8f4f/spin_000301/slot_1.png,wheelspin_lab/20260919_023755_1d4d8f4f/20260919_023755_1d4d8f4f_000301/duplicate_034725_924165.png,1.0
902,20260919_023755_1d4d8f4f:000301,2,2026-09-18T18:47:25.464+00:00,CREDITS,"45,000",45 000,1.0,,NEUTRAL,45000,,,,,,,,,,,,,,0,,wheelspin_lab/20260919_023755_1d4d8f4f/spin_000301/full.png,wheelspin_lab/20260919_023755_1d4d8f4f/spin_000301/slot_2.png,,
903,20260919_023755_1d4d8f4f:000301,3,2026-09-18T18:47:25.464+00:00,CREDITS,"20,000",20 000,1.0,,NEUTRAL,20000,,,,,,,,,,,,,,0,,wheelspin_lab/20260919_023755_1d4d8f4f/spin_000301/full.png,wheelspin_lab/20260919_023755_1d4d8f4f/spin_000301/slot_3.png,,
904,20260919_023755_1d4d8f4f:000302,1,2026-09-18T18:47:32.631+00:00,CREDITS,"15,000",15 000,1.0,,OTHER,15000,,,,,,,,,,,,,,0,,wheelspin_lab/20260919_023755_1d4d8f4f/spin_000302/full.png,wheelspin_lab/20260919_023755_1d4d8f4f/spin_000302/slot_1.png,,
905,20260919_023755_1d4d8f4f:000302,2,2026-09-18T18:47:32.631+00:00,CREDITS,"R 35,000",r 35 000,1.0,,OTHER,35000,,,,,,,,,,,,,,0,,wheelspin_lab/20260919_023755_1d4d8f4f/spin_000302/full.png,wheelspin_lab/20260919_023755_1d4d8f4f/spin_000302/slot_2.png,,
906,20260919_023755_1d4d8f4f:000302,3,2026-09-18T18:47:32.631+00:00,CREDITS,"R 20,000",r 20 000,1.0,,OTHER,20000,,,,,,,,,,,,,,0,,wheelspin_lab/20260919_023755_1d4d8f4f/spin_000302/full.png,wheelspin_lab/20260919_023755_1d4d8f4f/spin_000302/slot_3.png,,
907,20260919_023755_1d4d8f4f:000303,1,2026-09-18T18:47:37.882+00:00,CAR,Elise Series 1 Sport 190,elise series 1 sport 190,0.55,,NEUTRAL,,,,LOTUS ELISE 99,LOTUS ELISE 99,,,,0,0,1,SELL,1.0,SELL,1,23500,wheelspin_lab/20260919_023755_1d4d8f4f/spin_000303/full.png,wheelspin_lab/20260919_023755_1d4d8f4f/spin_000303/slot_1.png,wheelspin_lab/20260919_023755_1d4d8f4f/20260919_023755_1d4d8f4f_000303/duplicate_034738_247252.png,1.0
908,20260919_023755_1d4d8f4f:000303,2,2026-09-18T18:47:37.882+00:00,CREDITS,"10,000",10 000,1.0,,NEUTRAL,10000,,,,,,,,,,,,,,0,,wheelspin_lab/20260919_023755_1d4d8f4f/spin_000303/full.png,wheelspin_lab/20260919_023755_1d4d8f4f/spin_000303/slot_2.png,,
909,20260919_023755_1d4d8f4f:000303,3,2026-09-18T18:47:37.882+00:00,CREDITS,"12,000",12 000,1.0,,NEUTRAL,12000,,,,,,,,,,,,,,0,,wheelspin_lab/20260919_023755_1d4d8f4f/spin_000303/full.png,wheelspin_lab/20260919_023755_1d4d8f4f/spin_000303/slot_3.png,,
910,20260919_023755_1d4d8f4f:000304,1,2026-09-18T18:49:24.700+00:00,CREDITS,"95,000",95 000,1.0,,PURPLE,95000,,,,,,,,,,,,,,0,,wheelspin_lab/20260919_023755_1d4d8f4f/spin_000304/full.png,wheelspin_lab/20260919_023755_1d4d8f4f/spin_000304/slot_1.png,,
911,20260919_023755_1d4d8f4f:000304,2,2026-09-18T18:49:24.701+00:00,CREDITS,"175,000",175 000,1.0,,PURPLE,175000,,,,,,,,,,,,,,0,,wheelspin_lab/20260919_023755_1d4d8f4f/spin_000304/full.png,wheelspin_lab/20260919_023755_1d4d8f4f/spin_000304/slot_2.png,,
912,20260919_023755_1d4d8f4f:000304,3,2026-09-18T18:49:24.701+00:00,CAR,2015 CHEVROLET Corvette Z06,2015 chevrolet corvette z06,0.78,,PURPLE,,2015,CHEVROLET,CORVETTE Z06,CORVETTE 15,,,0,0,0,1,SELL,1.0,SELL,1,50000,wheelspin_lab/20260919_023755_1d4d8f4f/spin_000304/full.png,wheelspin_lab/20260919_023755_1d4d8f4f/spin_000304/slot_3.png,wheelspin_lab/20260919_023755_1d4d8f4f/20260919_023755_1d4d8f4f_000304/duplicate_034925_220777.png,1.0
913,20260919_023755_1d4d8f4f:000305,1,2026-09-18T18:49:31.902+00:00,CAR,2020 FORD / F-450 DRW PLATINUM Fo DESTRUCTION SKILLS BOOST,2020 ford f 450 drw platinum fo destruction skills boost,0.78,,NEUTRAL,,2020,FORD,F 450 DRW PLATINUM FO DESTRUCTION SKILLS BOOST,FORD F 450 FE,,,0,0,0,1,SELL,1.0,SELL,1,250000,wheelspin_lab/20260919_023755_1d4d8f4f/spin_000305/full.png,wheelspin_lab/20260919_023755_1d4d8f4f/spin_000305/slot_1.png,wheelspin_lab/20260919_023755_1d4d8f4f/20260919_023755_1d4d8f4f_000305/duplicate_034932_298780.png,1.0
914,20260919_023755_1d4d8f4f:000305,2,2026-09-18T18:49:31.903+00:00,CAR,2015 DODGE Challenger SRT Hellcat,2015 dodge challenger srt hellcat,0.78,,NEUTRAL,,2015,DODGE,CHALLENGER SRT HELLCAT,CHALLENGER 15,,,0,0,0,1,SELL,1.0,SELL,1,26500,wheelspin_lab/20260919_023755_1d4d8f4f/spin_000305/full.png,wheelspin_lab/20260919_023755_1d4d8f4f/spin_000305/slot_2.png,wheelspin_lab/20260919_023755_1d4d8f4f/20260919_023755_1d4d8f4f_000305/duplicate_034933_834620.png,1.0
915,20260919_023755_1d4d8f4f:000305,3,2026-09-18T18:49:31.903+00:00,CAR,2018 DEBERT' rolet Silverado 1500 Drift 1,2018 debert rolet silverado 1500 drift 1,0.78,,NEUTRAL,,2018,DEBERT,ROLET SILVERADO 1500 DRIFT 1,SILVERADO DD,,,0,0,0,1,SELL,1.0,SELL,1,125000,wheelspin_lab/20260919_023755_1d4d8f4f/spin_000305/full.png,wheelspin_lab/20260919_023755_1d4d8f4f/spin_000305/slot_3.png,wheelspin_lab/20260919_023755_1d4d8f4f/20260919_023755_1d4d8f4f_000305/duplicate_034935_216658.png,1.0
916,20260919_023755_1d4d8f4f:000306,1,2026-09-18T18:49:41.922+00:00,CREDITS,"200,000",200 000,1.0,,PURPLE,200000,,,,,,,,,,,,,,0,,wheelspin_lab/20260919_023755_1d4d8f4f/spin_000306/full.png,wheelspin_lab/20260919_023755_1d4d8f4f/spin_000306/slot_1.png,,
917,20260919_023755_1d4d8f4f:000306,2,2026-09-18T18:49:41.922+00:00,CREDITS,"250,000",250 000,1.0,,OTHER,250000,,,,,,,,,,,,,,0,,wheelspin_lab/20260919_023755_1d4d8f4f/spin_000306/full.png,wheelspin_lab/20260919_023755_1d4d8f4f/spin_000306/slot_2.png,,
918,20260919_023755_1d4d8f4f:000306,3,2026-09-18T18:49:41.922+00:00,CREDITS,"200,000",200 000,1.0,,PURPLE,200000,,,,,,,,,,,,,,0,,wheelspin_lab/20260919_023755_1d4d8f4f/spin_000306/full.png,wheelspin_lab/20260919_023755_1d4d8f4f/spin_000306/slot_3.png,,
919,20260919_023755_1d4d8f4f:000307,1,2026-09-18T18:49:47.157+00:00,CREDITS,"R 100,000",r 100 000,1.0,,PURPLE,100000,,,,,,,,,,,,,,0,,wheelspin_lab/20260919_023755_1d4d8f4f/spin_000307/full.png,wheelspin_lab/20260919_023755_1d4d8f4f/spin_000307/slot_1.png,,
920,20260919_023755_1d4d8f4f:000307,2,2026-09-18T18:49:47.157+00:00,CREDITS,"200,000",200 000,1.0,,PURPLE,200000,,,,,,,,,,,,,,0,,wheelspin_lab/20260919_023755_1d4d8f4f/spin_000307/full.png,wheelspin_lab/20260919_023755_1d4d8f4f/spin_000307/slot_2.png,,
921,20260919_023755_1d4d8f4f:000307,3,2026-09-18T18:49:47.157+00:00,CREDITS,"R 20,000",r 20 000,1.0,,PURPLE,20000,,,,,,,,,,,,,,0,,wheelspin_lab/20260919_023755_1d4d8f4f/spin_000307/full.png,wheelspin_lab/20260919_023755_1d4d8f4f/spin_000307/slot_3.png,,
922,20260919_023755_1d4d8f4f:000308,1,2026-09-18T18:49:52.867+00:00,CREDITS,"95,000",95 000,1.0,,GREEN,95000,,,,,,,,,,,,,,0,,wheelspin_lab/20260919_023755_1d4d8f4f/spin_000308/full.png,wheelspin_lab/20260919_023755_1d4d8f4f/spin_000308/slot_1.png,,
923,20260919_023755_1d4d8f4f:000308,2,2026-09-18T18:49:52.868+00:00,CREDITS,"20,000",20 000,1.0,,GREEN,20000,,,,,,,,,,,,,,0,,wheelspin_lab/20260919_023755_1d4d8f4f/spin_000308/full.png,wheelspin_lab/20260919_023755_1d4d8f4f/spin_000308/slot_2.png,,
924,20260919_023755_1d4d8f4f:000308,3,2026-09-18T18:49:52.868+00:00,CREDITS,"40,000",40 000,1.0,,GREEN,40000,,,,,,,,,,,,,,0,,wheelspin_lab/20260919_023755_1d4d8f4f/spin_000308/full.png,wheelspin_lab/20260919_023755_1d4d8f4f/spin_000308/slot_3.png,,
925,20260919_023755_1d4d8f4f:000309,1,2026-09-18T18:49:58.149+00:00,CAR,FORD 'V Lilliited Edition Pursuit U,ford v lilliited edition pursuit u,0.55,,NEUTRAL,,,,FORD UTE 14,FORD UTE 14,,,,0,0,1,SELL,1.0,SELL,1,20000,wheelspin_lab/20260919_023755_1d4d8f4f/spin_000309/full.png,wheelspin_lab/20260919_023755_1d4d8f4f/spin_000309/slot_1.png,wheelspin_lab/20260919_023755_1d4d8f4f/20260919_023755_1d4d8f4f_000309/duplicate_034958_538607.png,1.0
926,20260919_023755_1d4d8f4f:000309,2,2026-09-18T18:49:58.149+00:00,CREDITS,"200,000",200 000,1.0,,NEUTRAL,200000,,,,,,,,,,,,,,0,,wheelspin_lab/20260919_023755_1d4d8f4f/spin_000309/full.png,wheelspin_lab/20260919_023755_1d4d8f4f/spin_000309/slot_2.png,,
927,20260919_023755_1d4d8f4f:000309,3,2026-09-18T18:49:58.149+00:00,CAR,2016 CIS-V Sedan,2016 cis v sedan,0.78,,NEUTRAL,,2016,CIS,V SEDAN,CADDY CTS V 16,,,0,0,0,1,SELL,1.0,SELL,1,30000,wheelspin_lab/20260919_023755_1d4d8f4f/spin_000309/full.png,wheelspin_lab/20260919_023755_1d4d8f4f/spin_000309/slot_3.png,wheelspin_lab/20260919_023755_1d4d8f4f/20260919_023755_1d4d8f4f_000309/duplicate_035248_296758.png,1.0
928,20260919_023755_1d4d8f4f:000310,1,2026-09-18T18:52:55.602+00:00,CAR,1973 MAZDA RX-3,1973 mazda rx 3,0.78,,PURPLE,,1973,MAZDA,RX 3,MAZDA RX 3,,,0,0,0,1,SELL,1.0,SELL,1,36500,wheelspin_lab/20260919_023755_1d4d8f4f/spin_000310/full.png,wheelspin_lab/20260919_023755_1d4d8f4f/spin_000310/slot_1.png,wheelspin_lab/20260919_023755_1d4d8f4f/20260919_023755_1d4d8f4f_000310/duplicate_035256_044427.png,1.0
929,20260919_023755_1d4d8f4f:000310,2,2026-09-18T18:52:55.602+00:00,CREDITS,"150,000",150 000,1.0,,PURPLE,150000,,,,,,,,,,,,,,0,,wheelspin_lab/20260919_023755_1d4d8f4f/spin_000310/full.png,wheelspin_lab/20260919_023755_1d4d8f4f/spin_000310/slot_2.png,,
930,20260919_023755_1d4d8f4f:000310,3,2026-09-18T18:52:55.604+00:00,CREDITS,"0 5,000",0 5 000,0.99,,PURPLE,5000,,,,,,,,,,,,,,0,,wheelspin_lab/20260919_023755_1d4d8f4f/spin_000310/full.png,wheelspin_lab/20260919_023755_1d4d8f4f/spin_000310/slot_3.png,,
931,20260919_023755_1d4d8f4f:000311,1,2026-09-18T18:53:03.136+00:00,CREDITS,"10,000",10 000,1.0,,OTHER,10000,,,,,,,,,,,,,,0,,wheelspin_lab/20260919_023755_1d4d8f4f/spin_000311/full.png,wheelspin_lab/20260919_023755_1d4d8f4f/spin_000311/slot_1.png,,
932,20260919_023755_1d4d8f4f:000311,2,2026-09-18T18:53:03.136+00:00,CREDITS,"R 25,000",r 25 000,1.0,,OTHER,25000,,,,,,,,,,,,,,0,,wheelspin_lab/20260919_023755_1d4d8f4f/spin_000311/full.png,wheelspin_lab/20260919_023755_1d4d8f4f/spin_000311/slot_2.png,,
933,20260919_023755_1d4d8f4f:000311,3,2026-09-18T18:53:03.136+00:00,CREDITS,"R 50,000",r 50 000,1.0,,NEUTRAL,50000,,,,,,,,,,,,,,0,,wheelspin_lab/20260919_023755_1d4d8f4f/spin_000311/full.png,wheelspin_lab/20260919_023755_1d4d8f4f/spin_000311/slot_3.png,,
934,20260919_023755_1d4d8f4f:000312,1,2026-09-18T18:53:08.664+00:00,CAR,2016 R8 VIO plus,2016 r8 vio plus,0.78,,NEUTRAL,,2016,R8,VIO PLUS,AUDI R8 VIO PLUS,,,0,0,0,1,SELL,1.0,SELL,1,80000,wheelspin_lab/20260919_023755_1d4d8f4f/spin_000312/full.png,wheelspin_lab/20260919_023755_1d4d8f4f/spin_000312/slot_1.png,wheelspin_lab/20260919_023755_1d4d8f4f/20260919_023755_1d4d8f4f_000312/duplicate_035309_143083.png,1.0
935,20260919_023755_1d4d8f4f:000312,2,2026-09-18T18:53:08.664+00:00,CAR,2021 LEXUS LC 500,2021 lexus lc 500,0.78,,NEUTRAL,,2021,LEXUS,LC 500,LEXUS LC 500 21,,,0,0,0,1,SELL,1.0,SELL,1,39500,wheelspin_lab/20260919_023755_1d4d8f4f/spin_000312/full.png,wheelspin_lab/20260919_023755_1d4d8f4f/spin_000312/slot_2.png,wheelspin_lab/20260919_023755_1d4d8f4f/20260919_023755_1d4d8f4f_000312/duplicate_035310_644532.png,1.0
936,20260919_023755_1d4d8f4f:000312,3,2026-09-18T18:53:08.664+00:00,CREDITS,"R 40,000",r 40 000,1.0,,NEUTRAL,40000,,,,,,,,,,,,,,0,,wheelspin_lab/20260919_023755_1d4d8f4f/spin_000312/full.png,wheelspin_lab/20260919_023755_1d4d8f4f/spin_000312/slot_3.png,,
937,20260919_023755_1d4d8f4f:000313,1,2026-09-18T18:53:17.546+00:00,CAR,2015 DODGE Challenger SRT Hellcat,2015 dodge challenger srt hellcat,0.78,,NEUTRAL,,2015,DODGE,CHALLENGER SRT HELLCAT,CHALLENGER 15,,,0,0,0,1,SELL,1.0,SELL,1,26500,wheelspin_lab/20260919_023755_1d4d8f4f/spin_000313/full.png,wheelspin_lab/20260919_023755_1d4d8f4f/spin_000313/slot_1.png,wheelspin_lab/20260919_023755_1d4d8f4f/20260919_023755_1d4d8f4f_000313/duplicate_035317_952688.png,1.0
938,20260919_023755_1d4d8f4f:000313,2,2026-09-18T18:53:17.546+00:00,CREDITS,"15,000",15 000,1.0,,NEUTRAL,15000,,,,,,,,,,,,,,0,,wheelspin_lab/20260919_023755_1d4d8f4f/spin_000313/full.png,wheelspin_lab/20260919_023755_1d4d8f4f/spin_000313/slot_2.png,,
939,20260919_023755_1d4d8f4f:000313,3,2026-09-18T18:53:17.546+00:00,CREDITS,"20,000",20 000,1.0,,NEUTRAL,20000,,,,,,,,,,,,,,0,,wheelspin_lab/20260919_023755_1d4d8f4f/spin_000313/full.png,wheelspin_lab/20260919_023755_1d4d8f4f/spin_000313/slot_3.png,,
940,20260919_023755_1d4d8f4f:000314,1,2026-09-18T18:53:24.953+00:00,CREDITS,"15,000 CR",15 000 cr,1.0,,NEUTRAL,15000,,,,,,,,,,,,,,0,,wheelspin_lab/20260919_023755_1d4d8f4f/spin_000314/full.png,wheelspin_lab/20260919_023755_1d4d8f4f/spin_000314/slot_1.png,,
941,20260919_023755_1d4d8f4f:000314,2,2026-09-18T18:53:24.953+00:00,CREDITS,"35,000",35 000,1.0,,NEUTRAL,35000,,,,,,,,,,,,,,0,,wheelspin_lab/20260919_023755_1d4d8f4f/spin_000314/full.png,wheelspin_lab/20260919_023755_1d4d8f4f/spin_000314/slot_2.png,,
942,20260919_023755_1d4d8f4f:000314,3,2026-09-18T18:53:24.953+00:00,CAR,2005 MAZDA Mazdaspeed MX-5,2005 mazda mazdaspeed mx 5,0.78,,NEUTRAL,,2005,MAZDA,MAZDASPEED MX 5,MAZDA MX 5 05,,,0,0,0,1,SELL,1.0,SELL,1,10500,wheelspin_lab/20260919_023755_1d4d8f4f/spin_000314/full.png,wheelspin_lab/20260919_023755_1d4d8f4f/spin_000314/slot_3.png,wheelspin_lab/20260919_023755_1d4d8f4f/20260919_023755_1d4d8f4f_000314/duplicate_035325_433464.png,1.0
943,20260919_023755_1d4d8f4f:000315,1,2026-09-18T18:53:32.398+00:00,CREDITS,"e 5,000",e 5 000,0.99,,GREEN,5000,,,,,,,,,,,,,,0,,wheelspin_lab/20260919_023755_1d4d8f4f/spin_000315/full.png,wheelspin_lab/20260919_023755_1d4d8f4f/spin_000315/slot_1.png,,
944,20260919_023755_1d4d8f4f:000315,2,2026-09-18T18:53:32.398+00:00,CREDITS,"15,000",15 000,1.0,,GREEN,15000,,,,,,,,,,,,,,0,,wheelspin_lab/20260919_023755_1d4d8f4f/spin_000315/full.png,wheelspin_lab/20260919_023755_1d4d8f4f/spin_000315/slot_2.png,,
945,20260919_023755_1d4d8f4f:000315,3,2026-09-18T18:53:32.398+00:00,CAR,2005 BMW,2005 bmw,0.45,,GREEN,,2005,BMW,BMW M3 05,BMW M3 05,,,0,0,0,1,SELL,1.0,SELL,1,17500,wheelspin_lab/20260919_023755_1d4d8f4f/spin_000315/full.png,wheelspin_lab/20260919_023755_1d4d8f4f/spin_000315/slot_3.png,wheelspin_lab/20260919_023755_1d4d8f4f/20260919_023755_1d4d8f4f_000315/duplicate_035332_781865.png,1.0
946,20260919_023755_1d4d8f4f:000316,1,2026-09-18T18:53:40.153+00:00,CREDITS,"200,000",200 000,1.0,,ORANGE,200000,,,,,,,,,,,,,,0,,wheelspin_lab/20260919_023755_1d4d8f4f/spin_000316/full.png,wheelspin_lab/20260919_023755_1d4d8f4f/spin_000316/slot_1.png,,
947,20260919_023755_1d4d8f4f:000316,2,2026-09-18T18:53:40.153+00:00,CAR,1989 FERRARI F40 Competizione,1989 ferrari f40 competizione,0.78,,ORANGE,,1989,FERRARI,F40 COMPETIZIONE,FERRARI F40 C,,,0,0,0,1,SELL,1.0,SELL,1,1600000,wheelspin_lab/20260919_023755_1d4d8f4f/spin_000316/full.png,wheelspin_lab/20260919_023755_1d4d8f4f/spin_000316/slot_2.png,wheelspin_lab/20260919_023755_1d4d8f4f/20260919_023755_1d4d8f4f_000316/duplicate_035340_538838.png,1.0
948,20260919_023755_1d4d8f4f:000316,3,2026-09-18T18:53:40.153+00:00,CREDITS,"0 5,000",0 5 000,0.99,,ORANGE,5000,,,,,,,,,,,,,,0,,wheelspin_lab/20260919_023755_1d4d8f4f/spin_000316/full.png,wheelspin_lab/20260919_023755_1d4d8f4f/spin_000316/slot_3.png,,
949,20260919_023755_1d4d8f4f:000317,1,2026-09-18T18:56:56.143+00:00,OTHER,lited Edition Gen-F GTS Ma,lited edition gen f gts ma,0.55,,NEUTRAL,,,,,,,,,,,,,,,0,,wheelspin_lab/20260919_023755_1d4d8f4f/spin_000317/full.png,wheelspin_lab/20260919_023755_1d4d8f4f/spin_000317/slot_1.png,,
950,20260919_023755_1d4d8f4f:000317,2,2026-09-18T18:56:56.143+00:00,OTHER,"20,000",20 000,0.55,,NEUTRAL,,,,,,,,,,,,,,,0,,wheelspin_lab/20260919_023755_1d4d8f4f/spin_000317/full.png,wheelspin_lab/20260919_023755_1d4d8f4f/spin_000317/slot_2.png,,
951,20260919_023755_1d4d8f4f:000317,3,2026-09-18T18:56:56.144+00:00,CREDITS,"100,000",100 000,1.0,,NEUTRAL,100000,,,,,,,,,,,,,,0,,wheelspin_lab/20260919_023755_1d4d8f4f/spin_000317/full.png,wheelspin_lab/20260919_023755_1d4d8f4f/spin_000317/slot_3.png,,
952,20260919_023755_1d4d8f4f:000318,1,2026-09-18T19:09:32.735+00:00,CREDITS,"150,000",150 000,1.0,,PURPLE,150000,,,,,,,,,,,,,,0,,wheelspin_lab/20260919_023755_1d4d8f4f/spin_000318/full.png,wheelspin_lab/20260919_023755_1d4d8f4f/spin_000318/slot_1.png,,
953,20260919_023755_1d4d8f4f:000318,2,2026-09-18T19:09:32.735+00:00,CREDITS,"40,000",40 000,1.0,,PURPLE,40000,,,,,,,,,,,,,,0,,wheelspin_lab/20260919_023755_1d4d8f4f/spin_000318/full.png,wheelspin_lab/20260919_023755_1d4d8f4f/spin_000318/slot_2.png,,
954,20260919_023755_1d4d8f4f:000318,3,2026-09-18T19:09:32.735+00:00,CREDITS,"80,000",80 000,1.0,,PURPLE,80000,,,,,,,,,,,,,,0,,wheelspin_lab/20260919_023755_1d4d8f4f/spin_000318/full.png,wheelspin_lab/20260919_023755_1d4d8f4f/spin_000318/slot_3.png,,
955,20260919_023755_1d4d8f4f:000319,1,2026-09-18T19:09:38.457+00:00,OTHER,FORD XB Falcon GT,ford xb falcon gt,0.55,,NEUTRAL,,,,,,,,,,,,,,,0,,wheelspin_lab/20260919_023755_1d4d8f4f/spin_000319/full.png,wheelspin_lab/20260919_023755_1d4d8f4f/spin_000319/slot_1.png,,
956,20260919_023755_1d4d8f4f:000319,2,2026-09-18T19:09:38.457+00:00,CREDITS,"15,000",15 000,1.0,,NEUTRAL,15000,,,,,,,,,,,,,,0,,wheelspin_lab/20260919_023755_1d4d8f4f/spin_000319/full.png,wheelspin_lab/20260919_023755_1d4d8f4f/spin_000319/slot_2.png,,
957,20260919_023755_1d4d8f4f:000319,3,2026-09-18T19:09:38.457+00:00,CREDITS,"R 45,000",r 45 000,1.0,,NEUTRAL,45000,,,,,,,,,,,,,,0,,wheelspin_lab/20260919_023755_1d4d8f4f/spin_000319/full.png,wheelspin_lab/20260919_023755_1d4d8f4f/spin_000319/slot_3.png,,
958,20260919_023755_1d4d8f4f:000320,1,2026-09-18T19:12:40.970+00:00,CREDITS,"R 20,000",r 20 000,1.0,,NEUTRAL,20000,,,,,,,,,,,,,,0,,wheelspin_lab/20260919_023755_1d4d8f4f/spin_000320/full.png,wheelspin_lab/20260919_023755_1d4d8f4f/spin_000320/slot_1.png,,
959,20260919_023755_1d4d8f4f:000320,2,2026-09-18T19:12:40.970+00:00,CAR,2022 FORD Focus ST,2022 ford focus st,0.78,,NEUTRAL,,2022,FORD,FOCUS ST,FORD FOCUS 22,,,0,0,0,1,SELL,1.0,SELL,1,17000,wheelspin_lab/20260919_023755_1d4d8f4f/spin_000320/full.png,wheelspin_lab/20260919_023755_1d4d8f4f/spin_000320/slot_2.png,wheelspin_lab/20260919_023755_1d4d8f4f/20260919_023755_1d4d8f4f_000320/duplicate_041241_362799.png,1.0
960,20260919_023755_1d4d8f4f:000320,3,2026-09-18T19:12:40.970+00:00,CREDITS,"R 45,000",r 45 000,1.0,,NEUTRAL,45000,,,,,,,,,,,,,,0,,wheelspin_lab/20260919_023755_1d4d8f4f/spin_000320/full.png,wheelspin_lab/20260919_023755_1d4d8f4f/spin_000320/slot_3.png,,
961,20260919_023755_1d4d8f4f:000321,1,2026-09-18T19:12:48.448+00:00,CREDITS,"10,000",10 000,1.0,,NEUTRAL,10000,,,,,,,,,,,,,,0,,wheelspin_lab/20260919_023755_1d4d8f4f/spin_000321/full.png,wheelspin_lab/20260919_023755_1d4d8f4f/spin_000321/slot_1.png,,
962,20260919_023755_1d4d8f4f:000321,2,2026-09-18T19:12:48.449+00:00,OTHER,"20,000",20 000,0.55,,NEUTRAL,,,,,,,,,,,,,,,0,,wheelspin_lab/20260919_023755_1d4d8f4f/spin_000321/full.png,wheelspin_lab/20260919_023755_1d4d8f4f/spin_000321/slot_2.png,,
963,20260919_023755_1d4d8f4f:000321,3,2026-09-18T19:12:48.450+00:00,CAR,2011 AUDI RS 3 Sportback,2011 audi rs 3 sportback,0.78,,NEUTRAL,,2011,AUDI,RS 3 SPORTBACK,AUDI RS 3,,,0,0,0,1,SELL,1.0,SELL,1,10000,wheelspin_lab/20260919_023755_1d4d8f4f/spin_000321/full.png,wheelspin_lab/20260919_023755_1d4d8f4f/spin_000321/slot_3.png,wheelspin_lab/20260919_023755_1d4d8f4f/20260919_023755_1d4d8f4f_000321/duplicate_041248_877795.png,1.0
964,20260919_023755_1d4d8f4f:000322,1,2026-09-18T19:12:55.776+00:00,CREDITS,"20,000",20 000,1.0,,OTHER,20000,,,,,,,,,,,,,,0,,wheelspin_lab/20260919_023755_1d4d8f4f/spin_000322/full.png,wheelspin_lab/20260919_023755_1d4d8f4f/spin_000322/slot_1.png,,
965,20260919_023755_1d4d8f4f:000322,2,2026-09-18T19:12:55.776+00:00,CAR,2019 FERRARI Monza SP2,2019 ferrari monza sp2,0.78,,OTHER,,2019,FERRARI,MONZA SP2,FERRARI MONZA,,,0,0,0,1,SELL,1.0,SELL,1,1250000,wheelspin_lab/20260919_023755_1d4d8f4f/spin_000322/full.png,wheelspin_lab/20260919_023755_1d4d8f4f/spin_000322/slot_2.png,wheelspin_lab/20260919_023755_1d4d8f4f/20260919_023755_1d4d8f4f_000322/duplicate_041256_165557.png,1.0
966,20260919_023755_1d4d8f4f:000322,3,2026-09-18T19:12:55.776+00:00,CREDITS,"15,000",15 000,1.0,,OTHER,15000,,,,,,,,,,,,,,0,,wheelspin_lab/20260919_023755_1d4d8f4f/spin_000322/full.png,wheelspin_lab/20260919_023755_1d4d8f4f/spin_000322/slot_3.png,,
967,20260919_023755_1d4d8f4f:000323,1,2026-09-18T19:13:03.109+00:00,CREDITS,"200,000",200 000,1.0,,NEUTRAL,200000,,,,,,,,,,,,,,0,,wheelspin_lab/20260919_023755_1d4d8f4f/spin_000323/full.png,wheelspin_lab/20260919_023755_1d4d8f4f/spin_000323/slot_1.png,,
968,20260919_023755_1d4d8f4f:000323,2,2026-09-18T19:13:03.109+00:00,CREDITS,"10,000",10 000,1.0,,NEUTRAL,10000,,,,,,,,,,,,,,0,,wheelspin_lab/20260919_023755_1d4d8f4f/spin_000323/full.png,wheelspin_lab/20260919_023755_1d4d8f4f/spin_000323/slot_2.png,,
969,20260919_023755_1d4d8f4f:000323,3,2026-09-18T19:13:03.109+00:00,CREDITS,"35,000",35 000,1.0,,NEUTRAL,35000,,,,,,,,,,,,,,0,,wheelspin_lab/20260919_023755_1d4d8f4f/spin_000323/full.png,wheelspin_lab/20260919_023755_1d4d8f4f/spin_000323/slot_3.png,,
970,20260919_023755_1d4d8f4f:000324,1,2026-09-18T19:13:08.904+00:00,CREDITS,"920,000",920 000,1.0,,PURPLE,920000,,,,,,,,,,,,,,0,,wheelspin_lab/20260919_023755_1d4d8f4f/spin_000324/full.png,wheelspin_lab/20260919_023755_1d4d8f4f/spin_000324/slot_1.png,,
971,20260919_023755_1d4d8f4f:000324,2,2026-09-18T19:13:08.904+00:00,CREDITS,"95,000",95 000,1.0,,PURPLE,95000,,,,,,,,,,,,,,0,,wheelspin_lab/20260919_023755_1d4d8f4f/spin_000324/full.png,wheelspin_lab/20260919_023755_1d4d8f4f/spin_000324/slot_2.png,,
972,20260919_023755_1d4d8f4f:000324,3,2026-09-18T19:13:08.904+00:00,CAR,1986 FORD -150 XLT Lariat Forza Editio STUNT SKILLS BOOST,1986 ford 150 xlt lariat forza editio stunt skills boost,0.78,,PURPLE,,1986,FORD,150 XLT LARIAT FORZA EDITIO STUNT SKILLS BOOST,FORD F 150 FE,,,0,0,0,1,SELL,1.0,SELL,1,250000,wheelspin_lab/20260919_023755_1d4d8f4f/spin_000324/full.png,wheelspin_lab/20260919_023755_1d4d8f4f/spin_000324/slot_3.png,wheelspin_lab/20260919_023755_1d4d8f4f/20260919_023755_1d4d8f4f_000324/duplicate_041309_309655.png,1.0
973,20260919_023755_1d4d8f4f:000325,1,2026-09-18T19:13:16.321+00:00,CREDITS,"15,000",15 000,1.0,,OTHER,15000,,,,,,,,,,,,,,0,,wheelspin_lab/20260919_023755_1d4d8f4f/spin_000325/full.png,wheelspin_lab/20260919_023755_1d4d8f4f/spin_000325/slot_1.png,,
974,20260919_023755_1d4d8f4f:000325,2,2026-09-18T19:13:16.321+00:00,CREDITS,"10,000",10 000,1.0,,OTHER,10000,,,,,,,,,,,,,,0,,wheelspin_lab/20260919_023755_1d4d8f4f/spin_000325/full.png,wheelspin_lab/20260919_023755_1d4d8f4f/spin_000325/slot_2.png,,
975,20260919_023755_1d4d8f4f:000325,3,2026-09-18T19:13:16.321+00:00,CAR,1992 NISSAN Skyline GT-R,1992 nissan skyline gt r,0.78,,NEUTRAL,,1992,NISSAN,SKYLINE GT R,SKYLINE GT R 92,,,0,0,0,1,SELL,1.0,SELL,1,36000,wheelspin_lab/20260919_023755_1d4d8f4f/spin_000325/full.png,wheelspin_lab/20260919_023755_1d4d8f4f/spin_000325/slot_3.png,wheelspin_lab/20260919_023755_1d4d8f4f/20260919_023755_1d4d8f4f_000325/duplicate_041316_818760.png,1.0
976,20260919_023755_1d4d8f4f:000326,1,2026-09-18T19:13:23.629+00:00,CREDITS,"15,000",15 000,1.0,,NEUTRAL,15000,,,,,,,,,,,,,,0,,wheelspin_lab/20260919_023755_1d4d8f4f/spin_000326/full.png,wheelspin_lab/20260919_023755_1d4d8f4f/spin_000326/slot_1.png,,
977,20260919_023755_1d4d8f4f:000326,2,2026-09-18T19:13:23.629+00:00,CREDITS,"200,000",200 000,1.0,,NEUTRAL,200000,,,,,,,,,,,,,,0,,wheelspin_lab/20260919_023755_1d4d8f4f/spin_000326/full.png,wheelspin_lab/20260919_023755_1d4d8f4f/spin_000326/slot_2.png,,
978,20260919_023755_1d4d8f4f:000326,3,2026-09-18T19:13:23.629+00:00,CREDITS,"10,000",10 000,1.0,,NEUTRAL,10000,,,,,,,,,,,,,,0,,wheelspin_lab/20260919_023755_1d4d8f4f/spin_000326/full.png,wheelspin_lab/20260919_023755_1d4d8f4f/spin_000326/slot_3.png,,
979,20260919_023755_1d4d8f4f:000327,1,2026-09-18T19:13:29.128+00:00,CAR,2021 PORSCHE 911 GT3,2021 porsche 911 gt3,0.78,,NEUTRAL,,2021,PORSCHE,911 GT3,911 GT3 21,,,0,0,0,1,SELL,1.0,SELL,1,130000,wheelspin_lab/20260919_023755_1d4d8f4f/spin_000327/full.png,wheelspin_lab/20260919_023755_1d4d8f4f/spin_000327/slot_1.png,wheelspin_lab/20260919_023755_1d4d8f4f/20260919_023755_1d4d8f4f_000327/duplicate_041329_504520.png,1.0
980,20260919_023755_1d4d8f4f:000327,2,2026-09-18T19:13:29.128+00:00,CREDITS,"15,000",15 000,1.0,,NEUTRAL,15000,,,,,,,,,,,,,,0,,wheelspin_lab/20260919_023755_1d4d8f4f/spin_000327/full.png,wheelspin_lab/20260919_023755_1d4d8f4f/spin_000327/slot_2.png,,
981,20260919_023755_1d4d8f4f:000327,3,2026-09-18T19:13:29.128+00:00,CREDITS,"15,000",15 000,1.0,,NEUTRAL,15000,,,,,,,,,,,,,,0,,wheelspin_lab/20260919_023755_1d4d8f4f/spin_000327/full.png,wheelspin_lab/20260919_023755_1d4d8f4f/spin_000327/slot_3.png,,
982,20260919_023755_1d4d8f4f:000328,1,2026-09-18T19:13:36.346+00:00,CAR,2010 LAMBORGHINI Murciélago LP 670-4 SV,2010 lamborghini murci lago lp 670 4 sv,0.78,,PURPLE,,2010,LAMBORGHINI,MURCIELAGO LP 670 4 SV,LAMBO MURCIELAGO,,,0,1,1,1,KEEP,1.0,KEEP,1,,wheelspin_lab/20260919_023755_1d4d8f4f/spin_000328/full.png,wheelspin_lab/20260919_023755_1d4d8f4f/spin_000328/slot_1.png,wheelspin_lab/20260919_023755_1d4d8f4f/20260919_023755_1d4d8f4f_000328/duplicate_041336_746604.png,1.0
983,20260919_023755_1d4d8f4f:000328,2,2026-09-18T19:13:36.346+00:00,CREDITS,"R 175,000",r 175 000,1.0,,PURPLE,175000,,,,,,,,,,,,,,0,,wheelspin_lab/20260919_023755_1d4d8f4f/spin_000328/full.png,wheelspin_lab/20260919_023755_1d4d8f4f/spin_000328/slot_2.png,,
984,20260919_023755_1d4d8f4f:000328,3,2026-09-18T19:13:36.346+00:00,OTHER,"95,000",95 000,0.55,,OTHER,,,,,,,,,,,,,,,0,,wheelspin_lab/20260919_023755_1d4d8f4f/spin_000328/full.png,wheelspin_lab/20260919_023755_1d4d8f4f/spin_000328/slot_3.png,,
985,20260919_023755_1d4d8f4f:000329,1,2026-09-18T19:13:43.183+00:00,CAR,2016 JEEP Trailcat,2016 jeep trailcat,0.78,,BLUE,,2016,JEEP,TRAILCAT,JEEP TRAILCAT,,,0,0,0,1,SELL,1.0,SELL,1,35000,wheelspin_lab/20260919_023755_1d4d8f4f/spin_000329/full.png,wheelspin_lab/20260919_023755_1d4d8f4f/spin_000329/slot_1.png,wheelspin_lab/20260919_023755_1d4d8f4f/20260919_023755_1d4d8f4f_000329/duplicate_041343_562620.png,1.0
986,20260919_023755_1d4d8f4f:000329,2,2026-09-18T19:13:43.183+00:00,CREDITS,"75,000",75 000,1.0,,BLUE,75000,,,,,,,,,,,,,,0,,wheelspin_lab/20260919_023755_1d4d8f4f/spin_000329/full.png,wheelspin_lab/20260919_023755_1d4d8f4f/spin_000329/slot_2.png,,
987,20260919_023755_1d4d8f4f:000329,3,2026-09-18T19:13:43.184+00:00,CAR,1988 CHEVROLET Monte Carlo Super Sport,1988 chevrolet monte carlo super sport,0.78,,BLUE,,1988,CHEVROLET,MONTE CARLO SUPER SPORT,CHEVY MONTECARIO,,,0,0,0,1,SELL,1.0,SELL,1,15000,wheelspin_lab/20260919_023755_1d4d8f4f/spin_000329/full.png,wheelspin_lab/20260919_023755_1d4d8f4f/spin_000329/slot_3.png,wheelspin_lab/20260919_023755_1d4d8f4f/20260919_023755_1d4d8f4f_000329/duplicate_041345_268278.png,1.0
988,20260919_023755_1d4d8f4f:000330,1,2026-09-18T19:13:52.197+00:00,CAR,1987 MERCEDES-BENZ AMG Hammer Coupe,1987 mercedes benz amg hammer coupe,0.78,,GREEN,,1987,MERCEDES,BENZ AMG HAMMER COUPE,AMG HAMMER COUPE,,,0,0,0,1,SELL,1.0,SELL,1,112500,wheelspin_lab/20260919_023755_1d4d8f4f/spin_000330/full.png,wheelspin_lab/20260919_023755_1d4d8f4f/spin_000330/slot_1.png,wheelspin_lab/20260919_023755_1d4d8f4f/20260919_023755_1d4d8f4f_000330/duplicate_041352_659881.png,1.0
989,20260919_023755_1d4d8f4f:000330,2,2026-09-18T19:13:52.197+00:00,CREDITS,"20,000",20 000,1.0,,GREEN,20000,,,,,,,,,,,,,,0,,wheelspin_lab/20260919_023755_1d4d8f4f/spin_000330/full.png,wheelspin_lab/20260919_023755_1d4d8f4f/spin_000330/slot_2.png,,
990,20260919_023755_1d4d8f4f:000330,3,2026-09-18T19:13:52.197+00:00,CREDITS,"0 5,000",0 5 000,0.99,,GREEN,5000,,,,,,,,,,,,,,0,,wheelspin_lab/20260919_023755_1d4d8f4f/spin_000330/full.png,wheelspin_lab/20260919_023755_1d4d8f4f/spin_000330/slot_3.png,,
991,20260919_023755_1d4d8f4f:000331,1,2026-09-18T19:13:59.392+00:00,CREDITS,"175,000",175 000,1.0,,NEUTRAL,175000,,,,,,,,,,,,,,0,,wheelspin_lab/20260919_023755_1d4d8f4f/spin_000331/full.png,wheelspin_lab/20260919_023755_1d4d8f4f/spin_000331/slot_1.png,,
992,20260919_023755_1d4d8f4f:000331,2,2026-09-18T19:13:59.393+00:00,CREDITS,"250,000",250 000,1.0,,NEUTRAL,250000,,,,,,,,,,,,,,0,,wheelspin_lab/20260919_023755_1d4d8f4f/spin_000331/full.png,wheelspin_lab/20260919_023755_1d4d8f4f/spin_000331/slot_2.png,,
993,20260919_023755_1d4d8f4f:000331,3,2026-09-18T19:13:59.393+00:00,CREDITS,"150,000",150 000,1.0,,NEUTRAL,150000,,,,,,,,,,,,,,0,,wheelspin_lab/20260919_023755_1d4d8f4f/spin_000331/full.png,wheelspin_lab/20260919_023755_1d4d8f4f/spin_000331/slot_3.png,,
994,20260919_023755_1d4d8f4f:000332,1,2026-09-18T19:14:04.676+00:00,CREDITS,"75,000",75 000,1.0,,OTHER,75000,,,,,,,,,,,,,,0,,wheelspin_lab/20260919_023755_1d4d8f4f/spin_000332/full.png,wheelspin_lab/20260919_023755_1d4d8f4f/spin_000332/slot_1.png,,
995,20260919_023755_1d4d8f4f:000332,2,2026-09-18T19:14:04.676+00:00,CREDITS,"200,000",200 000,1.0,,PURPLE,200000,,,,,,,,,,,,,,0,,wheelspin_lab/20260919_023755_1d4d8f4f/spin_000332/full.png,wheelspin_lab/20260919_023755_1d4d8f4f/spin_000332/slot_2.png,,
996,20260919_023755_1d4d8f4f:000332,3,2026-09-18T19:14:04.676+00:00,CREDITS,"250,000",250 000,1.0,,OTHER,250000,,,,,,,,,,,,,,0,,wheelspin_lab/20260919_023755_1d4d8f4f/spin_000332/full.png,wheelspin_lab/20260919_023755_1d4d8f4f/spin_000332/slot_3.png,,
997,20260919_023755_1d4d8f4f:000333,1,2026-09-18T19:14:10.158+00:00,CREDITS,"20,000",20 000,1.0,,NEUTRAL,20000,,,,,,,,,,,,,,0,,wheelspin_lab/20260919_023755_1d4d8f4f/spin_000333/full.png,wheelspin_lab/20260919_023755_1d4d8f4f/spin_000333/slot_1.png,,
998,20260919_023755_1d4d8f4f:000333,2,2026-09-18T19:14:10.158+00:00,CREDITS,"50,000",50 000,1.0,,NEUTRAL,50000,,,,,,,,,,,,,,0,,wheelspin_lab/20260919_023755_1d4d8f4f/spin_000333/full.png,wheelspin_lab/20260919_023755_1d4d8f4f/spin_000333/slot_2.png,,
999,20260919_023755_1d4d8f4f:000333,3,2026-09-18T19:14:10.158+00:00,CREDITS,"25,000",25 000,1.0,,NEUTRAL,25000,,,,,,,,,,,,,,0,,wheelspin_lab/20260919_023755_1d4d8f4f/spin_000333/full.png,wheelspin_lab/20260919_023755_1d4d8f4f/spin_000333/slot_3.png,,
1000,20260919_023755_1d4d8f4f:000334,1,2026-09-18T19:14:15.910+00:00,CREDITS,"920,000",920 000,1.0,,GREEN,920000,,,,,,,,,,,,,,0,,wheelspin_lab/20260919_023755_1d4d8f4f/spin_000334/full.png,wheelspin_lab/20260919_023755_1d4d8f4f/spin_000334/slot_1.png,,
1001,20260919_023755_1d4d8f4f:000334,2,2026-09-18T19:14:15.910+00:00,CREDITS,"20,000",20 000,1.0,,GREEN,20000,,,,,,,,,,,,,,0,,wheelspin_lab/20260919_023755_1d4d8f4f/spin_000334/full.png,wheelspin_lab/20260919_023755_1d4d8f4f/spin_000334/slot_2.png,,
1002,20260919_023755_1d4d8f4f:000334,3,2026-09-18T19:14:15.910+00:00,CREDITS,"0 5,000",0 5 000,0.99,,GREEN,5000,,,,,,,,,,,,,,0,,wheelspin_lab/20260919_023755_1d4d8f4f/spin_000334/full.png,wheelspin_lab/20260919_023755_1d4d8f4f/spin_000334/slot_3.png,,
1003,20260919_023755_1d4d8f4f:000335,1,2026-09-18T19:14:21.054+00:00,CREDITS,"20,000",20 000,1.0,,OTHER,20000,,,,,,,,,,,,,,0,,wheelspin_lab/20260919_023755_1d4d8f4f/spin_000335/full.png,wheelspin_lab/20260919_023755_1d4d8f4f/spin_000335/slot_1.png,,
1004,20260919_023755_1d4d8f4f:000335,2,2026-09-18T19:14:21.054+00:00,CREDITS,"R 45,000",r 45 000,1.0,,BLUE,45000,,,,,,,,,,,,,,0,,wheelspin_lab/20260919_023755_1d4d8f4f/spin_000335/full.png,wheelspin_lab/20260919_023755_1d4d8f4f/spin_000335/slot_2.png,,
1005,20260919_023755_1d4d8f4f:000335,3,2026-09-18T19:14:21.054+00:00,CAR,2008 MITSUBISHI Lancer Evolution X GSR,2008 mitsubishi lancer evolution x gsr,0.78,,BLUE,,2008,MITSUBISHI,LANCER EVOLUTION X GSR,LANCER GSR 08,,,0,0,0,1,SELL,1.0,SELL,1,12500,wheelspin_lab/20260919_023755_1d4d8f4f/spin_000335/full.png,wheelspin_lab/20260919_023755_1d4d8f4f/spin_000335/slot_3.png,wheelspin_lab/20260919_023755_1d4d8f4f/20260919_023755_1d4d8f4f_000335/duplicate_041421_506124.png,1.0
1006,20260919_023755_1d4d8f4f:000336,1,2026-09-18T19:14:28.328+00:00,CREDITS,"15,000",15 000,1.0,,OTHER,15000,,,,,,,,,,,,,,0,,wheelspin_lab/20260919_023755_1d4d8f4f/spin_000336/full.png,wheelspin_lab/20260919_023755_1d4d8f4f/spin_000336/slot_1.png,,
1007,20260919_023755_1d4d8f4f:000336,2,2026-09-18T19:14:28.329+00:00,CREDITS,"10,000",10 000,1.0,,OTHER,10000,,,,,,,,,,,,,,0,,wheelspin_lab/20260919_023755_1d4d8f4f/spin_000336/full.png,wheelspin_lab/20260919_023755_1d4d8f4f/spin_000336/slot_2.png,,
1008,20260919_023755_1d4d8f4f:000336,3,2026-09-18T19:14:28.329+00:00,CREDITS,"R 50,000",r 50 000,1.0,,NEUTRAL,50000,,,,,,,,,,,,,,0,,wheelspin_lab/20260919_023755_1d4d8f4f/spin_000336/full.png,wheelspin_lab/20260919_023755_1d4d8f4f/spin_000336/slot_3.png,,
1009,20260919_023755_1d4d8f4f:000337,1,2026-09-18T19:14:33.917+00:00,CAR,2002 NISSAN Silvia Spec-R,2002 nissan silvia spec r,0.78,,OTHER,,2002,NISSAN,SILVIA SPEC R,NISSAN SILVIA 02,,,0,0,0,1,SELL,1.0,SELL,1,22000,wheelspin_lab/20260919_023755_1d4d8f4f/spin_000337/full.png,wheelspin_lab/20260919_023755_1d4d8f4f/spin_000337/slot_1.png,wheelspin_lab/20260919_023755_1d4d8f4f/20260919_023755_1d4d8f4f_000337/duplicate_041434_316362.png,1.0
1010,20260919_023755_1d4d8f4f:000337,2,2026-09-18T19:14:33.917+00:00,CREDITS,"R 20,000",r 20 000,1.0,,OTHER,20000,,,,,,,,,,,,,,0,,wheelspin_lab/20260919_023755_1d4d8f4f/spin_000337/full.png,wheelspin_lab/20260919_023755_1d4d8f4f/spin_000337/slot_2.png,,
1011,20260919_023755_1d4d8f4f:000337,3,2026-09-18T19:14:33.917+00:00,CREDITS,"R 150,000",r 150 000,1.0,,PURPLE,150000,,,,,,,,,,,,,,0,,wheelspin_lab/20260919_023755_1d4d8f4f/spin_000337/full.png,wheelspin_lab/20260919_023755_1d4d8f4f/spin_000337/slot_3.png,,
1012,20260919_023755_1d4d8f4f:000338,1,2026-09-18T19:14:41.207+00:00,CAR,hand Cherokee Trackhawk,hand cherokee trackhawk,0.55,,NEUTRAL,,,,JEEP TRACKHAWK,JEEP TRACKHAWK,,,,0,0,1,SELL,1.0,SELL,1,36000,wheelspin_lab/20260919_023755_1d4d8f4f/spin_000338/full.png,wheelspin_lab/20260919_023755_1d4d8f4f/spin_000338/slot_1.png,wheelspin_lab/20260919_023755_1d4d8f4f/20260919_023755_1d4d8f4f_000338/duplicate_042546_331994.png,1.0
1013,20260919_023755_1d4d8f4f:000338,2,2026-09-18T19:14:41.207+00:00,CREDITS,"5,000",5 000,1.0,,NEUTRAL,5000,,,,,,,,,,,,,,0,,wheelspin_lab/20260919_023755_1d4d8f4f/spin_000338/full.png,wheelspin_lab/20260919_023755_1d4d8f4f/spin_000338/slot_2.png,,
1014,20260919_023755_1d4d8f4f:000338,3,2026-09-18T19:14:41.207+00:00,CREDITS,"20,000",20 000,1.0,,NEUTRAL,20000,,,,,,,,,,,,,,0,,wheelspin_lab/20260919_023755_1d4d8f4f/spin_000338/full.png,wheelspin_lab/20260919_023755_1d4d8f4f/spin_000338/slot_3.png,,
1015,20260919_023755_1d4d8f4f:000339,1,2026-09-18T19:25:53.352+00:00,CREDITS,"c 15,000",c 15 000,1.0,,PURPLE,15000,,,,,,,,,,,,,,0,,wheelspin_lab/20260919_023755_1d4d8f4f/spin_000339/full.png,wheelspin_lab/20260919_023755_1d4d8f4f/spin_000339/slot_1.png,,
1016,20260919_023755_1d4d8f4f:000339,2,2026-09-18T19:25:53.352+00:00,CREDITS,"95,000",95 000,1.0,,PURPLE,95000,,,,,,,,,,,,,,0,,wheelspin_lab/20260919_023755_1d4d8f4f/spin_000339/full.png,wheelspin_lab/20260919_023755_1d4d8f4f/spin_000339/slot_2.png,,
1017,20260919_023755_1d4d8f4f:000339,3,2026-09-18T19:25:53.352+00:00,CREDITS,"150,000",150 000,1.0,,PURPLE,150000,,,,,,,,,,,,,,0,,wheelspin_lab/20260919_023755_1d4d8f4f/spin_000339/full.png,wheelspin_lab/20260919_023755_1d4d8f4f/spin_000339/slot_3.png,,
1018,20260919_023755_1d4d8f4f:000340,1,2026-09-18T19:25:58.718+00:00,CREDITS,"R 80,000",r 80 000,1.0,,PURPLE,80000,,,,,,,,,,,,,,0,,wheelspin_lab/20260919_023755_1d4d8f4f/spin_000340/full.png,wheelspin_lab/20260919_023755_1d4d8f4f/spin_000340/slot_1.png,,
1019,20260919_023755_1d4d8f4f:000340,2,2026-09-18T19:25:58.718+00:00,CAR,1991 GMC Syclone,1991 gmc syclone,0.78,,PURPLE,,1991,GMC,SYCLONE,GMC SYCLONE,,,0,0,0,1,SELL,1.0,SELL,1,23000,wheelspin_lab/20260919_023755_1d4d8f4f/spin_000340/full.png,wheelspin_lab/20260919_023755_1d4d8f4f/spin_000340/slot_2.png,wheelspin_lab/20260919_023755_1d4d8f4f/20260919_023755_1d4d8f4f_000340/duplicate_042559_115366.png,1.0
1020,20260919_023755_1d4d8f4f:000340,3,2026-09-18T19:25:58.718+00:00,CREDITS,"15,000",15 000,1.0,,OTHER,15000,,,,,,,,,,,,,,0,,wheelspin_lab/20260919_023755_1d4d8f4f/spin_000340/full.png,wheelspin_lab/20260919_023755_1d4d8f4f/spin_000340/slot_3.png,,
1021,20260919_023755_1d4d8f4f:000341,1,2026-09-18T19:26:06.169+00:00,CREDITS,"8,000",8 000,1.0,,NEUTRAL,8000,,,,,,,,,,,,,,0,,wheelspin_lab/20260919_023755_1d4d8f4f/spin_000341/full.png,wheelspin_lab/20260919_023755_1d4d8f4f/spin_000341/slot_1.png,,
1022,20260919_023755_1d4d8f4f:000341,2,2026-09-18T19:26:06.169+00:00,CREDITS,"12,000",12 000,1.0,,NEUTRAL,12000,,,,,,,,,,,,,,0,,wheelspin_lab/20260919_023755_1d4d8f4f/spin_000341/full.png,wheelspin_lab/20260919_023755_1d4d8f4f/spin_000341/slot_2.png,,
1023,20260919_023755_1d4d8f4f:000341,3,2026-09-18T19:26:06.169+00:00,CREDITS,"12,000",12 000,1.0,,NEUTRAL,12000,,,,,,,,,,,,,,0,,wheelspin_lab/20260919_023755_1d4d8f4f/spin_000341/full.png,wheelspin_lab/20260919_023755_1d4d8f4f/spin_000341/slot_3.png,,
1024,20260919_023755_1d4d8f4f:000342,1,2026-09-18T19:26:11.665+00:00,CREDITS,"100,000",100 000,1.0,,NEUTRAL,100000,,,,,,,,,,,,,,0,,wheelspin_lab/20260919_023755_1d4d8f4f/spin_000342/full.png,wheelspin_lab/20260919_023755_1d4d8f4f/spin_000342/slot_1.png,,
1025,20260919_023755_1d4d8f4f:000342,2,2026-09-18T19:26:11.665+00:00,CREDITS,"10,000",10 000,1.0,,NEUTRAL,10000,,,,,,,,,,,,,,0,,wheelspin_lab/20260919_023755_1d4d8f4f/spin_000342/full.png,wheelspin_lab/20260919_023755_1d4d8f4f/spin_000342/slot_2.png,,
1026,20260919_023755_1d4d8f4f:000342,3,2026-09-18T19:26:11.665+00:00,CAR,TT RS coupé,tt rs coup,0.55,,NEUTRAL,,,,AUDI TT RS,AUDI TT RS,,,,0,0,1,SELL,1.0,SELL,1,17500,wheelspin_lab/20260919_023755_1d4d8f4f/spin_000342/full.png,wheelspin_lab/20260919_023755_1d4d8f4f/spin_000342/slot_3.png,wheelspin_lab/20260919_023755_1d4d8f4f/20260919_023755_1d4d8f4f_000342/duplicate_042612_033706.png,1.0
1027,20260919_023755_1d4d8f4f:000343,1,2026-09-18T19:26:19.168+00:00,CAR,1992 FORD Escort RS Cosworth,1992 ford escort rs cosworth,0.78,,NEUTRAL,,1992,FORD,ESCORT RS COSWORTH,FORD ESCORT 92,,,0,0,0,1,SELL,1.0,SELL,1,32500,wheelspin_lab/20260919_023755_1d4d8f4f/spin_000343/full.png,wheelspin_lab/20260919_023755_1d4d8f4f/spin_000343/slot_1.png,wheelspin_lab/20260919_023755_1d4d8f4f/20260919_023755_1d4d8f4f_000343/duplicate_042619_582614.png,1.0
1028,20260919_023755_1d4d8f4f:000343,2,2026-09-18T19:26:19.168+00:00,CAR,2020 WULING Sunshine S Forza Edition CREDITS BOOST,2020 wuling sunshine s forza edition credits boost,0.78,,NEUTRAL,,2020,WULING,SUNSHINE S FORZA EDITION CREDITS BOOST,SUNSHINE FE,,,1,0,0,1,SELL,1.0,SELL,1,250000,wheelspin_lab/20260919_023755_1d4d8f4f/spin_000343/full.png,wheelspin_lab/20260919_023755_1d4d8f4f/spin_000343/slot_2.png,wheelspin_lab/20260919_023755_1d4d8f4f/20260919_023755_1d4d8f4f_000343/duplicate_042621_111832.png,1.0
1029,20260919_023755_1d4d8f4f:000343,3,2026-09-18T19:26:19.168+00:00,CREDITS,"10,000",10 000,1.0,,OTHER,10000,,,,,,,,,,,,,,0,,wheelspin_lab/20260919_023755_1d4d8f4f/spin_000343/full.png,wheelspin_lab/20260919_023755_1d4d8f4f/spin_000343/slot_3.png,,
1030,20260919_023755_1d4d8f4f:000344,1,2026-09-18T19:26:27.893+00:00,CREDITS,"10,000",10 000,1.0,,OTHER,10000,,,,,,,,,,,,,,0,,wheelspin_lab/20260919_023755_1d4d8f4f/spin_000344/full.png,wheelspin_lab/20260919_023755_1d4d8f4f/spin_000344/slot_1.png,,
1031,20260919_023755_1d4d8f4f:000344,2,2026-09-18T19:26:27.893+00:00,CREDITS,"250,000",250 000,1.0,,OTHER,250000,,,,,,,,,,,,,,0,,wheelspin_lab/20260919_023755_1d4d8f4f/spin_000344/full.png,wheelspin_lab/20260919_023755_1d4d8f4f/spin_000344/slot_2.png,,
1032,20260919_023755_1d4d8f4f:000344,3,2026-09-18T19:26:27.893+00:00,CREDITS,"R 20,000",r 20 000,1.0,,OTHER,20000,,,,,,,,,,,,,,0,,wheelspin_lab/20260919_023755_1d4d8f4f/spin_000344/full.png,wheelspin_lab/20260919_023755_1d4d8f4f/spin_000344/slot_3.png,,
1033,20260919_023755_1d4d8f4f:000345,1,2026-09-18T19:26:33.513+00:00,CAR,2010,2010,0.45,,NEUTRAL,,2010,,BMW M4 16,BMW M4 16,,,0,0,0,1,SELL,1.0,SELL,1,62500,wheelspin_lab/20260919_023755_1d4d8f4f/spin_000345/full.png,wheelspin_lab/20260919_023755_1d4d8f4f/spin_000345/slot_1.png,wheelspin_lab/20260919_023755_1d4d8f4f/20260919_023755_1d4d8f4f_000345/duplicate_042633_909791.png,1.0
1034,20260919_023755_1d4d8f4f:000345,2,2026-09-18T19:26:33.513+00:00,CREDITS,"50,000",50 000,1.0,,NEUTRAL,50000,,,,,,,,,,,,,,0,,wheelspin_lab/20260919_023755_1d4d8f4f/spin_000345/full.png,wheelspin_lab/20260919_023755_1d4d8f4f/spin_000345/slot_2.png,,
1035,20260919_023755_1d4d8f4f:000345,3,2026-09-18T19:26:33.513+00:00,CREDITS,"25,000",25 000,1.0,,NEUTRAL,25000,,,,,,,,,,,,,,0,,wheelspin_lab/20260919_023755_1d4d8f4f/spin_000345/full.png,wheelspin_lab/20260919_023755_1d4d8f4f/spin_000345/slot_3.png,,
1036,20260919_023755_1d4d8f4f:000346,1,2026-09-18T19:26:40.881+00:00,CAR,1992 VOLKSWAGEN Golf GTi 16v Mk2,1992 volkswagen golf gti 16v mk2,0.78,,OTHER,,1992,VOLKSWAGEN,GOLF GTI 16V MK2,VW GTI MK2 92,,,0,0,0,1,SELL,1.0,SELL,1,11000,wheelspin_lab/20260919_023755_1d4d8f4f/spin_000346/full.png,wheelspin_lab/20260919_023755_1d4d8f4f/spin_000346/slot_1.png,wheelspin_lab/20260919_023755_1d4d8f4f/20260919_023755_1d4d8f4f_000346/duplicate_042641_348886.png,1.0
1037,20260919_023755_1d4d8f4f:000346,2,2026-09-18T19:26:40.881+00:00,CREDITS,"250,000",250 000,1.0,,OTHER,250000,,,,,,,,,,,,,,0,,wheelspin_lab/20260919_023755_1d4d8f4f/spin_000346/full.png,wheelspin_lab/20260919_023755_1d4d8f4f/spin_000346/slot_2.png,,
1038,20260919_023755_1d4d8f4f:000346,3,2026-09-18T19:26:40.881+00:00,CAR,2005 SUBARU IMPREZA WRX STI,2005 subaru impreza wrx sti,0.78,,OTHER,,2005,SUBARU,IMPREZA WRX STI,SUBARU WRX 05,,,0,0,0,1,SELL,1.0,SELL,1,17500,wheelspin_lab/20260919_023755_1d4d8f4f/spin_000346/full.png,wheelspin_lab/20260919_023755_1d4d8f4f/spin_000346/slot_3.png,wheelspin_lab/20260919_023755_1d4d8f4f/20260919_023755_1d4d8f4f_000346/duplicate_042642_783967.png,1.0
1039,20260919_023755_1d4d8f4f:000347,1,2026-09-18T19:26:49.844+00:00,CREDITS,"200,000",200 000,1.0,,PURPLE,200000,,,,,,,,,,,,,,0,,wheelspin_lab/20260919_023755_1d4d8f4f/spin_000347/full.png,wheelspin_lab/20260919_023755_1d4d8f4f/spin_000347/slot_1.png,,
1040,20260919_023755_1d4d8f4f:000347,2,2026-09-18T19:26:49.844+00:00,CREDITS,"R 40,000",r 40 000,1.0,,OTHER,40000,,,,,,,,,,,,,,0,,wheelspin_lab/20260919_023755_1d4d8f4f/spin_000347/full.png,wheelspin_lab/20260919_023755_1d4d8f4f/spin_000347/slot_2.png,,
1041,20260919_023755_1d4d8f4f:000347,3,2026-09-18T19:26:49.846+00:00,CREDITS,"15,000",15 000,1.0,,OTHER,15000,,,,,,,,,,,,,,0,,wheelspin_lab/20260919_023755_1d4d8f4f/spin_000347/full.png,wheelspin_lab/20260919_023755_1d4d8f4f/spin_000347/slot_3.png,,
1042,20260919_023755_1d4d8f4f:000348,1,2026-09-18T19:26:55.306+00:00,CAR,1970 HONDA S800,1970 honda s800,0.78,,GREEN,,1970,HONDA,S800,HONDA S800,,,0,0,0,1,SELL,1.0,SELL,1,20000,wheelspin_lab/20260919_023755_1d4d8f4f/spin_000348/full.png,wheelspin_lab/20260919_023755_1d4d8f4f/spin_000348/slot_1.png,wheelspin_lab/20260919_023755_1d4d8f4f/20260919_023755_1d4d8f4f_000348/duplicate_042655_757598.png,1.0
1043,20260919_023755_1d4d8f4f:000348,2,2026-09-18T19:26:55.306+00:00,CREDITS,"95,000",95 000,1.0,,GREEN,95000,,,,,,,,,,,,,,0,,wheelspin_lab/20260919_023755_1d4d8f4f/spin_000348/full.png,wheelspin_lab/20260919_023755_1d4d8f4f/spin_000348/slot_2.png,,
1044,20260919_023755_1d4d8f4f:000348,3,2026-09-18T19:26:55.306+00:00,CREDITS,"c 15,000",c 15 000,1.0,,GREEN,15000,,,,,,,,,,,,,,0,,wheelspin_lab/20260919_023755_1d4d8f4f/spin_000348/full.png,wheelspin_lab/20260919_023755_1d4d8f4f/spin_000348/slot_3.png,,
1045,20260919_023755_1d4d8f4f:000349,1,2026-09-18T19:27:02.642+00:00,CREDITS,"R 100,000",r 100 000,1.0,,NEUTRAL,100000,,,,,,,,,,,,,,0,,wheelspin_lab/20260919_023755_1d4d8f4f/spin_000349/full.png,wheelspin_lab/20260919_023755_1d4d8f4f/spin_000349/slot_1.png,,
1046,20260919_023755_1d4d8f4f:000349,2,2026-09-18T19:27:02.642+00:00,CREDITS,"15,000",15 000,1.0,,OTHER,15000,,,,,,,,,,,,,,0,,wheelspin_lab/20260919_023755_1d4d8f4f/spin_000349/full.png,wheelspin_lab/20260919_023755_1d4d8f4f/spin_000349/slot_2.png,,
1047,20260919_023755_1d4d8f4f:000349,3,2026-09-18T19:27:02.642+00:00,CREDITS,"R 20,000",r 20 000,1.0,,OTHER,20000,,,,,,,,,,,,,,0,,wheelspin_lab/20260919_023755_1d4d8f4f/spin_000349/full.png,wheelspin_lab/20260919_023755_1d4d8f4f/spin_000349/slot_3.png,,
1048,20260919_023755_1d4d8f4f:000350,1,2026-09-18T19:27:07.972+00:00,CREDITS,"R 45,000",r 45 000,1.0,,OTHER,45000,,,,,,,,,,,,,,0,,wheelspin_lab/20260919_023755_1d4d8f4f/spin_000350/full.png,wheelspin_lab/20260919_023755_1d4d8f4f/spin_000350/slot_1.png,,
1049,20260919_023755_1d4d8f4f:000350,2,2026-09-18T19:27:07.972+00:00,CAR,1994 SUBARU Vivio RX-R,1994 subaru vivio rx r,0.78,,PURPLE,,1994,SUBARU,VIVIO RX R,SUBARU VIVIO 94,,,0,0,0,1,SELL,1.0,SELL,1,5000,wheelspin_lab/20260919_023755_1d4d8f4f/spin_000350/full.png,wheelspin_lab/20260919_023755_1d4d8f4f/spin_000350/slot_2.png,wheelspin_lab/20260919_023755_1d4d8f4f/20260919_023755_1d4d8f4f_000350/duplicate_042708_382430.png,1.0
1050,20260919_023755_1d4d8f4f:000350,3,2026-09-18T19:27:07.972+00:00,CREDITS,"R 35,000",r 35 000,1.0,,PURPLE,35000,,,,,,,,,,,,,,0,,wheelspin_lab/20260919_023755_1d4d8f4f/spin_000350/full.png,wheelspin_lab/20260919_023755_1d4d8f4f/spin_000350/slot_3.png,,
1051,20260919_023755_1d4d8f4f:000351,1,2026-09-18T19:27:15.537+00:00,CREDITS,"e 8,000",e 8 000,0.99,,GREEN,8000,,,,,,,,,,,,,,0,,wheelspin_lab/20260919_023755_1d4d8f4f/spin_000351/full.png,wheelspin_lab/20260919_023755_1d4d8f4f/spin_000351/slot_1.png,,
1052,20260919_023755_1d4d8f4f:000351,2,2026-09-18T19:27:15.537+00:00,CREDITS,"95,000",95 000,1.0,,GREEN,95000,,,,,,,,,,,,,,0,,wheelspin_lab/20260919_023755_1d4d8f4f/spin_000351/full.png,wheelspin_lab/20260919_023755_1d4d8f4f/spin_000351/slot_2.png,,
1053,20260919_023755_1d4d8f4f:000351,3,2026-09-18T19:27:15.537+00:00,CREDITS,"c 10,000",c 10 000,1.0,,GREEN,10000,,,,,,,,,,,,,,0,,wheelspin_lab/20260919_023755_1d4d8f4f/spin_000351/full.png,wheelspin_lab/20260919_023755_1d4d8f4f/spin_000351/slot_3.png,,
1054,20260919_023755_1d4d8f4f:000352,1,2026-09-18T19:27:20.761+00:00,CREDITS,"R 250,000",r 250 000,1.0,,NEUTRAL,250000,,,,,,,,,,,,,,0,,wheelspin_lab/20260919_023755_1d4d8f4f/spin_000352/full.png,wheelspin_lab/20260919_023755_1d4d8f4f/spin_000352/slot_1.png,,
1055,20260919_023755_1d4d8f4f:000352,2,2026-09-18T19:27:20.761+00:00,CREDITS,"250,000",250 000,1.0,,NEUTRAL,250000,,,,,,,,,,,,,,0,,wheelspin_lab/20260919_023755_1d4d8f4f/spin_000352/full.png,wheelspin_lab/20260919_023755_1d4d8f4f/spin_000352/slot_2.png,,
1056,20260919_023755_1d4d8f4f:000352,3,2026-09-18T19:27:20.761+00:00,CREDITS,"R 45,000",r 45 000,1.0,,NEUTRAL,45000,,,,,,,,,,,,,,0,,wheelspin_lab/20260919_023755_1d4d8f4f/spin_000352/full.png,wheelspin_lab/20260919_023755_1d4d8f4f/spin_000352/slot_3.png,,
1057,20260919_023755_1d4d8f4f:000353,1,2026-09-18T19:27:26.478+00:00,CAR,1964 CHEVROLET Impala Super Sport 409,1964 chevrolet impala super sport 409,0.78,,BLUE,,1964,CHEVROLET,IMPALA SUPER SPORT 409,CHEVY IMPALA,,,0,0,0,1,SELL,1.0,SELL,1,35000,wheelspin_lab/20260919_023755_1d4d8f4f/spin_000353/full.png,wheelspin_lab/20260919_023755_1d4d8f4f/spin_000353/slot_1.png,wheelspin_lab/20260919_023755_1d4d8f4f/20260919_023755_1d4d8f4f_000353/duplicate_042726_943617.png,1.0
1058,20260919_023755_1d4d8f4f:000353,2,2026-09-18T19:27:26.478+00:00,CAR,1970 DODGE Coronet Super Bee,1970 dodge coronet super bee,0.78,,BLUE,,1970,DODGE,CORONET SUPER BEE,DODGE SUPER BEE,,,0,0,0,1,SELL,1.0,SELL,1,87500,wheelspin_lab/20260919_023755_1d4d8f4f/spin_000353/full.png,wheelspin_lab/20260919_023755_1d4d8f4f/spin_000353/slot_2.png,wheelspin_lab/20260919_023755_1d4d8f4f/20260919_023755_1d4d8f4f_000353/duplicate_042728_352159.png,1.0
1059,20260919_023755_1d4d8f4f:000353,3,2026-09-18T19:27:26.478+00:00,CAR,2022 BMW M5 CS,2022 bmw m5 cs,0.78,,BLUE,,2022,BMW,M5 CS,BMW M5 22,,,0,0,0,1,SELL,1.0,SELL,1,75000,wheelspin_lab/20260919_023755_1d4d8f4f/spin_000353/full.png,wheelspin_lab/20260919_023755_1d4d8f4f/spin_000353/slot_3.png,wheelspin_lab/20260919_023755_1d4d8f4f/20260919_023755_1d4d8f4f_000353/duplicate_042729_890969.png,1.0
1060,20260919_023755_1d4d8f4f:000354,1,2026-09-18T19:27:36.782+00:00,CREDITS,"40,000",40 000,1.0,,NEUTRAL,40000,,,,,,,,,,,,,,0,,wheelspin_lab/20260919_023755_1d4d8f4f/spin_000354/full.png,wheelspin_lab/20260919_023755_1d4d8f4f/spin_000354/slot_1.png,,
1061,20260919_023755_1d4d8f4f:000354,2,2026-09-18T19:27:36.782+00:00,CREDITS,"15,000",15 000,1.0,,NEUTRAL,15000,,,,,,,,,,,,,,0,,wheelspin_lab/20260919_023755_1d4d8f4f/spin_000354/full.png,wheelspin_lab/20260919_023755_1d4d8f4f/spin_000354/slot_2.png,,
1062,20260919_023755_1d4d8f4f:000354,3,2026-09-18T19:27:36.782+00:00,CAR,1093 NISSAN 240sx,1093 nissan 240sx,0.55,,NEUTRAL,,,,NISSAN 240SX 93,NISSAN 240SX 93,,,,0,0,1,SELL,1.0,SELL,1,125000,wheelspin_lab/20260919_023755_1d4d8f4f/spin_000354/full.png,wheelspin_lab/20260919_023755_1d4d8f4f/spin_000354/slot_3.png,wheelspin_lab/20260919_023755_1d4d8f4f/20260919_023755_1d4d8f4f_000354/duplicate_042737_178826.png,1.0
1063,20260919_023755_1d4d8f4f:000355,1,2026-09-18T19:27:44.148+00:00,CAR,Beetle,beetle,0.55,,NEUTRAL,,,,VW BEETLE,VW BEETLE,,,,0,0,1,SELL,1.0,SELL,1,8500,wheelspin_lab/20260919_023755_1d4d8f4f/spin_000355/full.png,wheelspin_lab/20260919_023755_1d4d8f4f/spin_000355/slot_1.png,wheelspin_lab/20260919_023755_1d4d8f4f/20260919_023755_1d4d8f4f_000355/duplicate_042744_534760.png,1.0
1064,20260919_023755_1d4d8f4f:000355,2,2026-09-18T19:27:44.148+00:00,CREDITS,"75,000",75 000,1.0,,NEUTRAL,75000,,,,,,,,,,,,,,0,,wheelspin_lab/20260919_023755_1d4d8f4f/spin_000355/full.png,wheelspin_lab/20260919_023755_1d4d8f4f/spin_000355/slot_2.png,,
1065,20260919_023755_1d4d8f4f:000355,3,2026-09-18T19:27:44.148+00:00,CREDITS,"75,000",75 000,1.0,,NEUTRAL,75000,,,,,,,,,,,,,,0,,wheelspin_lab/20260919_023755_1d4d8f4f/spin_000355/full.png,wheelspin_lab/20260919_023755_1d4d8f4f/spin_000355/slot_3.png,,
1066,20260919_023755_1d4d8f4f:000356,1,2026-09-18T19:27:51.607+00:00,CAR,2005 TVR Sagaris,2005 tvr sagaris,0.78,,BLUE,,2005,TVR,SAGARIS,TVR SAGARIS,,,0,0,0,1,SELL,1.0,SELL,1,57500,wheelspin_lab/20260919_023755_1d4d8f4f/spin_000356/full.png,wheelspin_lab/20260919_023755_1d4d8f4f/spin_000356/slot_1.png,wheelspin_lab/20260919_023755_1d4d8f4f/20260919_023755_1d4d8f4f_000356/duplicate_042752_096470.png,1.0
1067,20260919_023755_1d4d8f4f:000356,2,2026-09-18T19:27:51.607+00:00,CREDITS,"R 50,000",r 50 000,1.0,,BLUE,50000,,,,,,,,,,,,,,0,,wheelspin_lab/20260919_023755_1d4d8f4f/spin_000356/full.png,wheelspin_lab/20260919_023755_1d4d8f4f/spin_000356/slot_2.png,,
1068,20260919_023755_1d4d8f4f:000356,3,2026-09-18T19:27:51.607+00:00,CREDITS,"15,000",15 000,1.0,,OTHER,15000,,,,,,,,,,,,,,0,,wheelspin_lab/20260919_023755_1d4d8f4f/spin_000356/full.png,wheelspin_lab/20260919_023755_1d4d8f4f/spin_000356/slot_3.png,,
1069,20260919_023755_1d4d8f4f:000357,1,2026-09-18T19:27:58.885+00:00,CREDITS,"200,000",200 000,1.0,,PURPLE,200000,,,,,,,,,,,,,,0,,wheelspin_lab/20260919_023755_1d4d8f4f/spin_000357/full.png,wheelspin_lab/20260919_023755_1d4d8f4f/spin_000357/slot_1.png,,
1070,20260919_023755_1d4d8f4f:000357,2,2026-09-18T19:27:58.885+00:00,CAR,2009 MERCEDES-BENZ SL 65 AMG Black Series,2009 mercedes benz sl 65 amg black series,0.78,,PURPLE,,2009,MERCEDES,BENZ SL 65 AMG BLACK SERIES,M B SL65,,,0,0,0,1,SELL,1.0,SELL,1,180000,wheelspin_lab/20260919_023755_1d4d8f4f/spin_000357/full.png,wheelspin_lab/20260919_023755_1d4d8f4f/spin_000357/slot_2.png,wheelspin_lab/20260919_023755_1d4d8f4f/20260919_023755_1d4d8f4f_000357/duplicate_042759_287847.png,1.0
1071,20260919_023755_1d4d8f4f:000357,3,2026-09-18T19:27:58.885+00:00,CREDITS,"10,000",10 000,1.0,,PURPLE,10000,,,,,,,,,,,,,,0,,wheelspin_lab/20260919_023755_1d4d8f4f/spin_000357/full.png,wheelspin_lab/20260919_023755_1d4d8f4f/spin_000357/slot_3.png,,
1072,20260919_023755_1d4d8f4f:000358,1,2026-09-18T19:28:06.278+00:00,CREDITS,"150,000",150 000,1.0,,NEUTRAL,150000,,,,,,,,,,,,,,0,,wheelspin_lab/20260919_023755_1d4d8f4f/spin_000358/full.png,wheelspin_lab/20260919_023755_1d4d8f4f/spin_000358/slot_1.png,,
1073,20260919_023755_1d4d8f4f:000358,2,2026-09-18T19:28:06.278+00:00,CAR,2015 HONDA Civic Type R,2015 honda civic type r,0.78,,NEUTRAL,,2015,HONDA,CIVIC TYPE R,HONDA CIVIC 16,,,0,0,0,1,SELL,1.0,SELL,1,15000,wheelspin_lab/20260919_023755_1d4d8f4f/spin_000358/full.png,wheelspin_lab/20260919_023755_1d4d8f4f/spin_000358/slot_2.png,wheelspin_lab/20260919_023755_1d4d8f4f/20260919_023755_1d4d8f4f_000358/duplicate_042806_748096.png,1.0
1074,20260919_023755_1d4d8f4f:000358,3,2026-09-18T19:28:06.278+00:00,CREDITS,"15,000",15 000,1.0,,NEUTRAL,15000,,,,,,,,,,,,,,0,,wheelspin_lab/20260919_023755_1d4d8f4f/spin_000358/full.png,wheelspin_lab/20260919_023755_1d4d8f4f/spin_000358/slot_3.png,,
1075,20260919_023755_1d4d8f4f:000359,1,2026-09-18T19:28:13.304+00:00,CREDITS,"15,000",15 000,1.0,,OTHER,15000,,,,,,,,,,,,,,0,,wheelspin_lab/20260919_023755_1d4d8f4f/spin_000359/full.png,wheelspin_lab/20260919_023755_1d4d8f4f/spin_000359/slot_1.png,,
1076,20260919_023755_1d4d8f4f:000359,2,2026-09-18T19:28:13.304+00:00,CREDITS,"R 20,000",r 20 000,1.0,,OTHER,20000,,,,,,,,,,,,,,0,,wheelspin_lab/20260919_023755_1d4d8f4f/spin_000359/full.png,wheelspin_lab/20260919_023755_1d4d8f4f/spin_000359/slot_2.png,,
1077,20260919_023755_1d4d8f4f:000359,3,2026-09-18T19:28:13.304+00:00,CREDITS,"R 20,000",r 20 000,1.0,,OTHER,20000,,,,,,,,,,,,,,0,,wheelspin_lab/20260919_023755_1d4d8f4f/spin_000359/full.png,wheelspin_lab/20260919_023755_1d4d8f4f/spin_000359/slot_3.png,,
1078,20260919_023755_1d4d8f4f:000360,1,2026-09-18T19:28:18.834+00:00,CREDITS,"15,000",15 000,1.0,,NEUTRAL,15000,,,,,,,,,,,,,,0,,wheelspin_lab/20260919_023755_1d4d8f4f/spin_000360/full.png,wheelspin_lab/20260919_023755_1d4d8f4f/spin_000360/slot_1.png,,
1079,20260919_023755_1d4d8f4f:000360,2,2026-09-18T19:28:18.834+00:00,CREDITS,"5,000",5 000,1.0,,NEUTRAL,5000,,,,,,,,,,,,,,0,,wheelspin_lab/20260919_023755_1d4d8f4f/spin_000360/full.png,wheelspin_lab/20260919_023755_1d4d8f4f/spin_000360/slot_2.png,,
1080,20260919_023755_1d4d8f4f:000360,3,2026-09-18T19:28:18.834+00:00,CREDITS,"50,000",50 000,1.0,,NEUTRAL,50000,,,,,,,,,,,,,,0,,wheelspin_lab/20260919_023755_1d4d8f4f/spin_000360/full.png,wheelspin_lab/20260919_023755_1d4d8f4f/spin_000360/slot_3.png,,
1081,20260919_023755_1d4d8f4f:000361,1,2026-09-18T19:28:24.241+00:00,CREDITS,"20,000",20 000,1.0,,OTHER,20000,,,,,,,,,,,,,,0,,wheelspin_lab/20260919_023755_1d4d8f4f/spin_000361/full.png,wheelspin_lab/20260919_023755_1d4d8f4f/spin_000361/slot_1.png,,
1082,20260919_023755_1d4d8f4f:000361,2,2026-09-18T19:28:24.241+00:00,CREDITS,"15,000",15 000,1.0,,OTHER,15000,,,,,,,,,,,,,,0,,wheelspin_lab/20260919_023755_1d4d8f4f/spin_000361/full.png,wheelspin_lab/20260919_023755_1d4d8f4f/spin_000361/slot_2.png,,
1083,20260919_023755_1d4d8f4f:000361,3,2026-09-18T19:28:24.241+00:00,CAR,2020 WULING Sunshine S Forza Edition CREDITS BOOST,2020 wuling sunshine s forza edition credits boost,0.78,,NEUTRAL,,2020,WULING,SUNSHINE S FORZA EDITION CREDITS BOOST,SUNSHINE FE,,,1,0,0,1,SELL,1.0,SELL,1,250000,wheelspin_lab/20260919_023755_1d4d8f4f/spin_000361/full.png,wheelspin_lab/20260919_023755_1d4d8f4f/spin_000361/slot_3.png,wheelspin_lab/20260919_023755_1d4d8f4f/20260919_023755_1d4d8f4f_000361/duplicate_042824_666047.png,1.0
1084,20260919_023755_1d4d8f4f:000362,1,2026-09-18T19:28:31.840+00:00,CAR,2002 ACURA RSX Type S,2002 acura rsx type s,0.78,,OTHER,,2002,ACURA,RSX TYPE S,ACURA RSX,,,0,0,0,1,SELL,1.0,SELL,1,9000,wheelspin_lab/20260919_023755_1d4d8f4f/spin_000362/full.png,wheelspin_lab/20260919_023755_1d4d8f4f/spin_000362/slot_1.png,wheelspin_lab/20260919_023755_1d4d8f4f/20260919_023755_1d4d8f4f_000362/duplicate_042832_319977.png,1.0
1085,20260919_023755_1d4d8f4f:000362,2,2026-09-18T19:28:31.840+00:00,CREDITS,"200,000",200 000,1.0,,PURPLE,200000,,,,,,,,,,,,,,0,,wheelspin_lab/20260919_023755_1d4d8f4f/spin_000362/full.png,wheelspin_lab/20260919_023755_1d4d8f4f/spin_000362/slot_2.png,,
1086,20260919_023755_1d4d8f4f:000362,3,2026-09-18T19:28:31.840+00:00,CAR,19/3 FORD capri RS3100,19 3 ford capri rs3100,0.55,,PURPLE,,,,FORD CAPRI MKL,FORD CAPRI MKL,,,,0,0,1,SELL,1.0,SELL,1,34500,wheelspin_lab/20260919_023755_1d4d8f4f/spin_000362/full.png,wheelspin_lab/20260919_023755_1d4d8f4f/spin_000362/slot_3.png,wheelspin_lab/20260919_023755_1d4d8f4f/20260919_023755_1d4d8f4f_000362/duplicate_042833_790053.png,1.0
1087,20260919_023755_1d4d8f4f:000363,1,2026-09-18T19:28:40.902+00:00,CAR,2004 PORSCHE 911 GT3,2004 porsche 911 gt3,0.78,,NEUTRAL,,2004,PORSCHE,911 GT3,911 GT3 04,,,0,0,0,1,SELL,1.0,SELL,1,67500,wheelspin_lab/20260919_023755_1d4d8f4f/spin_000363/full.png,wheelspin_lab/20260919_023755_1d4d8f4f/spin_000363/slot_1.png,wheelspin_lab/20260919_023755_1d4d8f4f/20260919_023755_1d4d8f4f_000363/duplicate_042841_289757.png,1.0
1088,20260919_023755_1d4d8f4f:000363,2,2026-09-18T19:28:40.902+00:00,CREDITS,"35,000",35 000,1.0,,NEUTRAL,35000,,,,,,,,,,,,,,0,,wheelspin_lab/20260919_023755_1d4d8f4f/spin_000363/full.png,wheelspin_lab/20260919_023755_1d4d8f4f/spin_000363/slot_2.png,,
1089,20260919_023755_1d4d8f4f:000363,3,2026-09-18T19:28:40.902+00:00,CREDITS,"R 45,000",r 45 000,1.0,,NEUTRAL,45000,,,,,,,,,,,,,,0,,wheelspin_lab/20260919_023755_1d4d8f4f/spin_000363/full.png,wheelspin_lab/20260919_023755_1d4d8f4f/spin_000363/slot_3.png,,
1090,20260919_023755_1d4d8f4f:000364,1,2026-09-18T19:28:48.241+00:00,CREDITS,"R 100,000",r 100 000,1.0,,NEUTRAL,100000,,,,,,,,,,,,,,0,,wheelspin_lab/20260919_023755_1d4d8f4f/spin_000364/full.png,wheelspin_lab/20260919_023755_1d4d8f4f/spin_000364/slot_1.png,,
1091,20260919_023755_1d4d8f4f:000364,2,2026-09-18T19:28:48.241+00:00,CREDITS,"R 20,000",r 20 000,1.0,,OTHER,20000,,,,,,,,,,,,,,0,,wheelspin_lab/20260919_023755_1d4d8f4f/spin_000364/full.png,wheelspin_lab/20260919_023755_1d4d8f4f/spin_000364/slot_2.png,,
1092,20260919_023755_1d4d8f4f:000364,3,2026-09-18T19:28:48.241+00:00,CREDITS,"R 40,000",r 40 000,1.0,,OTHER,40000,,,,,,,,,,,,,,0,,wheelspin_lab/20260919_023755_1d4d8f4f/spin_000364/full.png,wheelspin_lab/20260919_023755_1d4d8f4f/spin_000364/slot_3.png,,
1093,20260919_023755_1d4d8f4f:000365,1,2026-09-18T19:28:53.440+00:00,CREDITS,"12,000",12 000,1.0,,OTHER,12000,,,,,,,,,,,,,,0,,wheelspin_lab/20260919_023755_1d4d8f4f/spin_000365/full.png,wheelspin_lab/20260919_023755_1d4d8f4f/spin_000365/slot_1.png,,
1094,20260919_023755_1d4d8f4f:000365,2,2026-09-18T19:28:53.440+00:00,CREDITS,"10,000",10 000,1.0,,OTHER,10000,,,,,,,,,,,,,,0,,wheelspin_lab/20260919_023755_1d4d8f4f/spin_000365/full.png,wheelspin_lab/20260919_023755_1d4d8f4f/spin_000365/slot_2.png,,
1095,20260919_023755_1d4d8f4f:000365,3,2026-09-18T19:28:53.440+00:00,CAR,2009 CHEVROLET Corvette ZRI,2009 chevrolet corvette zri,0.78,,NEUTRAL,,2009,CHEVROLET,CORVETTE ZRI,CORVETTE 09,,,0,0,0,1,SELL,1.0,SELL,1,62500,wheelspin_lab/20260919_023755_1d4d8f4f/spin_000365/full.png,wheelspin_lab/20260919_023755_1d4d8f4f/spin_000365/slot_3.png,wheelspin_lab/20260919_023755_1d4d8f4f/20260919_023755_1d4d8f4f_000365/duplicate_042853_844735.png,1.0
1096,20260919_023755_1d4d8f4f:000366,1,2026-09-18T19:29:00.911+00:00,CREDITS,"R 50,000",r 50 000,1.0,,BLUE,50000,,,,,,,,,,,,,,0,,wheelspin_lab/20260919_023755_1d4d8f4f/spin_000366/full.png,wheelspin_lab/20260919_023755_1d4d8f4f/spin_000366/slot_1.png,,
1097,20260919_023755_1d4d8f4f:000366,2,2026-09-18T19:29:00.911+00:00,CREDITS,"10,000",10 000,1.0,,OTHER,10000,,,,,,,,,,,,,,0,,wheelspin_lab/20260919_023755_1d4d8f4f/spin_000366/full.png,wheelspin_lab/20260919_023755_1d4d8f4f/spin_000366/slot_2.png,,
1098,20260919_023755_1d4d8f4f:000366,3,2026-09-18T19:29:00.911+00:00,CREDITS,"p 10,000",p 10 000,1.0,,OTHER,10000,,,,,,,,,,,,,,0,,wheelspin_lab/20260919_023755_1d4d8f4f/spin_000366/full.png,wheelspin_lab/20260919_023755_1d4d8f4f/spin_000366/slot_3.png,,
1099,20260919_023755_1d4d8f4f:000367,1,2026-09-18T19:29:06.104+00:00,CREDITS,"R 20,000",r 20 000,1.0,,NEUTRAL,20000,,,,,,,,,,,,,,0,,wheelspin_lab/20260919_023755_1d4d8f4f/spin_000367/full.png,wheelspin_lab/20260919_023755_1d4d8f4f/spin_000367/slot_1.png,,
1100,20260919_023755_1d4d8f4f:000367,2,2026-09-18T19:29:06.104+00:00,CREDITS,"25,000",25 000,1.0,,NEUTRAL,25000,,,,,,,,,,,,,,0,,wheelspin_lab/20260919_023755_1d4d8f4f/spin_000367/full.png,wheelspin_lab/20260919_023755_1d4d8f4f/spin_000367/slot_2.png,,
1101,20260919_023755_1d4d8f4f:000367,3,2026-09-18T19:29:06.104+00:00,CREDITS,"20,000",20 000,1.0,,NEUTRAL,20000,,,,,,,,,,,,,,0,,wheelspin_lab/20260919_023755_1d4d8f4f/spin_000367/full.png,wheelspin_lab/20260919_023755_1d4d8f4f/spin_000367/slot_3.png,,
1102,20260919_023755_1d4d8f4f:000368,1,2026-09-18T19:29:11.972+00:00,CAR,1994 SUBARU Vivio RX-R,1994 subaru vivio rx r,0.78,,PURPLE,,1994,SUBARU,VIVIO RX R,SUBARU VIVIO 94,,,0,0,0,1,SELL,1.0,SELL,1,5000,wheelspin_lab/20260919_023755_1d4d8f4f/spin_000368/full.png,wheelspin_lab/20260919_023755_1d4d8f4f/spin_000368/slot_1.png,wheelspin_lab/20260919_023755_1d4d8f4f/20260919_023755_1d4d8f4f_000368/duplicate_042912_383454.png,1.0
1103,20260919_023755_1d4d8f4f:000368,2,2026-09-18T19:29:11.972+00:00,OTHER,"98,000",98 000,0.55,,PURPLE,,,,,,,,,,,,,,,0,,wheelspin_lab/20260919_023755_1d4d8f4f/spin_000368/full.png,wheelspin_lab/20260919_023755_1d4d8f4f/spin_000368/slot_2.png,,
1104,20260919_023755_1d4d8f4f:000368,3,2026-09-18T19:29:11.972+00:00,CREDITS,"0 5,000",0 5 000,0.99,,PURPLE,5000,,,,,,,,,,,,,,0,,wheelspin_lab/20260919_023755_1d4d8f4f/spin_000368/full.png,wheelspin_lab/20260919_023755_1d4d8f4f/spin_000368/slot_3.png,,
1105,20260919_023755_1d4d8f4f:000369,1,2026-09-18T19:29:19.396+00:00,CAR,GTO,gto,0.55,,NEUTRAL,,,,MITSUBISHI GTO,MITSUBISHI GTO,,,,0,0,1,SELL,1.0,SELL,1,10000,wheelspin_lab/20260919_023755_1d4d8f4f/spin_000369/full.png,wheelspin_lab/20260919_023755_1d4d8f4f/spin_000369/slot_1.png,wheelspin_lab/20260919_023755_1d4d8f4f/20260919_023755_1d4d8f4f_000369/duplicate_044243_408432.png,1.0
1106,20260919_023755_1d4d8f4f:000369,2,2026-09-18T19:29:19.396+00:00,OTHER,"20,000",20 000,0.55,,NEUTRAL,,,,,,,,,,,,,,,0,,wheelspin_lab/20260919_023755_1d4d8f4f/spin_000369/full.png,wheelspin_lab/20260919_023755_1d4d8f4f/spin_000369/slot_2.png,,
1107,20260919_023755_1d4d8f4f:000369,3,2026-09-18T19:29:19.396+00:00,CREDITS,"20,000",20 000,1.0,,NEUTRAL,20000,,,,,,,,,,,,,,0,,wheelspin_lab/20260919_023755_1d4d8f4f/spin_000369/full.png,wheelspin_lab/20260919_023755_1d4d8f4f/spin_000369/slot_3.png,,
1108,20260919_023755_1d4d8f4f:000370,1,2026-09-18T19:42:50.546+00:00,CREDITS,"95,000",95 000,1.0,,GREEN,95000,,,,,,,,,,,,,,0,,wheelspin_lab/20260919_023755_1d4d8f4f/spin_000370/full.png,wheelspin_lab/20260919_023755_1d4d8f4f/spin_000370/slot_1.png,,
1109,20260919_023755_1d4d8f4f:000370,2,2026-09-18T19:42:50.547+00:00,CREDITS,"c 10,000",c 10 000,1.0,,GREEN,10000,,,,,,,,,,,,,,0,,wheelspin_lab/20260919_023755_1d4d8f4f/spin_000370/full.png,wheelspin_lab/20260919_023755_1d4d8f4f/spin_000370/slot_2.png,,
1110,20260919_023755_1d4d8f4f:000370,3,2026-09-18T19:42:50.547+00:00,CREDITS,"c 12,000",c 12 000,1.0,,GREEN,12000,,,,,,,,,,,,,,0,,wheelspin_lab/20260919_023755_1d4d8f4f/spin_000370/full.png,wheelspin_lab/20260919_023755_1d4d8f4f/spin_000370/slot_3.png,,
1111,20260919_023755_1d4d8f4f:000371,1,2026-09-18T19:42:55.828+00:00,CREDITS,"50,000",50 000,1.0,,NEUTRAL,50000,,,,,,,,,,,,,,0,,wheelspin_lab/20260919_023755_1d4d8f4f/spin_000371/full.png,wheelspin_lab/20260919_023755_1d4d8f4f/spin_000371/slot_1.png,,
1112,20260919_023755_1d4d8f4f:000371,2,2026-09-18T19:42:55.828+00:00,CREDITS,"175,000",175 000,1.0,,NEUTRAL,175000,,,,,,,,,,,,,,0,,wheelspin_lab/20260919_023755_1d4d8f4f/spin_000371/full.png,wheelspin_lab/20260919_023755_1d4d8f4f/spin_000371/slot_2.png,,
1113,20260919_023755_1d4d8f4f:000371,3,2026-09-18T19:42:55.828+00:00,CREDITS,"250,000",250 000,1.0,,NEUTRAL,250000,,,,,,,,,,,,,,0,,wheelspin_lab/20260919_023755_1d4d8f4f/spin_000371/full.png,wheelspin_lab/20260919_023755_1d4d8f4f/spin_000371/slot_3.png,,
1114,20260919_023755_1d4d8f4f:000372,1,2026-09-18T19:43:01.413+00:00,CREDITS,"95,000",95 000,1.0,,GREEN,95000,,,,,,,,,,,,,,0,,wheelspin_lab/20260919_023755_1d4d8f4f/spin_000372/full.png,wheelspin_lab/20260919_023755_1d4d8f4f/spin_000372/slot_1.png,,
1115,20260919_023755_1d4d8f4f:000372,2,2026-09-18T19:43:01.413+00:00,CREDITS,"95,000",95 000,1.0,,GREEN,95000,,,,,,,,,,,,,,0,,wheelspin_lab/20260919_023755_1d4d8f4f/spin_000372/full.png,wheelspin_lab/20260919_023755_1d4d8f4f/spin_000372/slot_2.png,,
1116,20260919_023755_1d4d8f4f:000372,3,2026-09-18T19:43:01.413+00:00,CAR,2022 HONDA,2022 honda,0.45,,GREEN,,2022,HONDA,HONDA E 22,HONDA E 22,,,0,0,0,1,SELL,1.0,SELL,1,15000,wheelspin_lab/20260919_023755_1d4d8f4f/spin_000372/full.png,wheelspin_lab/20260919_023755_1d4d8f4f/spin_000372/slot_3.png,wheelspin_lab/20260919_023755_1d4d8f4f/20260919_023755_1d4d8f4f_000372/duplicate_044301_794097.png,1.0
1117,20260919_023755_1d4d8f4f:000373,1,2026-09-18T19:43:09.044+00:00,OTHER,Mazdaspeed 3,mazdaspeed 3,0.55,,NEUTRAL,,,,,,,,,,,,,,,0,,wheelspin_lab/20260919_023755_1d4d8f4f/spin_000373/full.png,wheelspin_lab/20260919_023755_1d4d8f4f/spin_000373/slot_1.png,,
1118,20260919_023755_1d4d8f4f:000373,2,2026-09-18T19:43:09.044+00:00,CREDITS,"5,000",5 000,1.0,,NEUTRAL,5000,,,,,,,,,,,,,,0,,wheelspin_lab/20260919_023755_1d4d8f4f/spin_000373/full.png,wheelspin_lab/20260919_023755_1d4d8f4f/spin_000373/slot_2.png,,
1119,20260919_023755_1d4d8f4f:000373,3,2026-09-18T19:43:09.044+00:00,OTHER,LaFerrari,laferrari,0.55,,NEUTRAL,,,,,,,,,,,,,,,0,,wheelspin_lab/20260919_023755_1d4d8f4f/spin_000373/full.png,wheelspin_lab/20260919_023755_1d4d8f4f/spin_000373/slot_3.png,,
1120,20260919_023755_1d4d8f4f:000374,1,2026-09-18T19:54:33.886+00:00,CAR,FIORD Mustang SVT Cobra R,fiord mustang svt cobra r,0.55,,NEUTRAL,,,,FORD MUSTANG 93,FORD MUSTANG 93,,,,0,0,1,SELL,1.0,SELL,1,42000,wheelspin_lab/20260919_023755_1d4d8f4f/spin_000374/full.png,wheelspin_lab/20260919_023755_1d4d8f4f/spin_000374/slot_1.png,wheelspin_lab/20260919_023755_1d4d8f4f/20260919_023755_1d4d8f4f_000374/duplicate_045434_293786.png,1.0
1121,20260919_023755_1d4d8f4f:000374,2,2026-09-18T19:54:33.887+00:00,CREDITS,"175,000",175 000,1.0,,NEUTRAL,175000,,,,,,,,,,,,,,0,,wheelspin_lab/20260919_023755_1d4d8f4f/spin_000374/full.png,wheelspin_lab/20260919_023755_1d4d8f4f/spin_000374/slot_2.png,,
1122,20260919_023755_1d4d8f4f:000374,3,2026-09-18T19:54:33.887+00:00,CREDITS,"100,000",100 000,1.0,,NEUTRAL,100000,,,,,,,,,,,,,,0,,wheelspin_lab/20260919_023755_1d4d8f4f/spin_000374/full.png,wheelspin_lab/20260919_023755_1d4d8f4f/spin_000374/slot_3.png,,
1123,20260919_023755_1d4d8f4f:000375,1,2026-09-18T19:54:41.461+00:00,CREDITS,"15,000",15 000,1.0,,OTHER,15000,,,,,,,,,,,,,,0,,wheelspin_lab/20260919_023755_1d4d8f4f/spin_000375/full.png,wheelspin_lab/20260919_023755_1d4d8f4f/spin_000375/slot_1.png,,
1124,20260919_023755_1d4d8f4f:000375,2,2026-09-18T19:54:41.461+00:00,CREDITS,"15,000",15 000,1.0,,OTHER,15000,,,,,,,,,,,,,,0,,wheelspin_lab/20260919_023755_1d4d8f4f/spin_000375/full.png,wheelspin_lab/20260919_023755_1d4d8f4f/spin_000375/slot_2.png,,
1125,20260919_023755_1d4d8f4f:000375,3,2026-09-18T19:54:41.461+00:00,CREDITS,"R 20,000",r 20 000,1.0,,OTHER,20000,,,,,,,,,,,,,,0,,wheelspin_lab/20260919_023755_1d4d8f4f/spin_000375/full.png,wheelspin_lab/20260919_023755_1d4d8f4f/spin_000375/slot_3.png,,
1126,20260919_023755_1d4d8f4f:000376,1,2026-09-18T19:54:46.961+00:00,CAR,2014 FORD 'V Limited Edition Pursuit U,2014 ford v limited edition pursuit u,0.78,,OTHER,,2014,FORD,V LIMITED EDITION PURSUIT U,FORD UTE 14,,,0,0,0,1,SELL,1.0,SELL,1,20000,wheelspin_lab/20260919_023755_1d4d8f4f/spin_000376/full.png,wheelspin_lab/20260919_023755_1d4d8f4f/spin_000376/slot_1.png,wheelspin_lab/20260919_023755_1d4d8f4f/20260919_023755_1d4d8f4f_000376/duplicate_045447_458782.png,1.0
1127,20260919_023755_1d4d8f4f:000376,2,2026-09-18T19:54:46.961+00:00,CAR,1994 MAZDA MX-5 Miata,1994 mazda mx 5 miata,0.78,,OTHER,,1994,MAZDA,MX 5 MIATA,MAZDA MX 5 94,,,0,0,0,1,SELL,1.0,SELL,1,7500,wheelspin_lab/20260919_023755_1d4d8f4f/spin_000376/full.png,wheelspin_lab/20260919_023755_1d4d8f4f/spin_000376/slot_2.png,wheelspin_lab/20260919_023755_1d4d8f4f/20260919_023755_1d4d8f4f_000376/duplicate_045448_897380.png,1.0
1128,20260919_023755_1d4d8f4f:000376,3,2026-09-18T19:54:46.962+00:00,CAR,2020 SIERRA CARS Yokohama ALPHA,2020 sierra cars yokohama alpha,0.78,,PURPLE,,2020,SIERRA,CARS YOKOHAMA ALPHA,23 SIERRA ALPHA,,,0,0,0,1,SELL,1.0,SELL,1,32500,wheelspin_lab/20260919_023755_1d4d8f4f/spin_000376/full.png,wheelspin_lab/20260919_023755_1d4d8f4f/spin_000376/slot_3.png,wheelspin_lab/20260919_023755_1d4d8f4f/20260919_023755_1d4d8f4f_000376/duplicate_045450_438968.png,1.0
1129,20260919_023755_1d4d8f4f:000377,1,2026-09-18T19:54:57.542+00:00,CREDITS,"p 10,000",p 10 000,1.0,,OTHER,10000,,,,,,,,,,,,,,0,,wheelspin_lab/20260919_023755_1d4d8f4f/spin_000377/full.png,wheelspin_lab/20260919_023755_1d4d8f4f/spin_000377/slot_1.png,,
1130,20260919_023755_1d4d8f4f:000377,2,2026-09-18T19:54:57.542+00:00,CREDITS,"0 5,000",0 5 000,0.99,,OTHER,5000,,,,,,,,,,,,,,0,,wheelspin_lab/20260919_023755_1d4d8f4f/spin_000377/full.png,wheelspin_lab/20260919_023755_1d4d8f4f/spin_000377/slot_2.png,,
1131,20260919_023755_1d4d8f4f:000377,3,2026-09-18T19:54:57.542+00:00,CREDITS,"p 20,000",p 20 000,1.0,,OTHER,20000,,,,,,,,,,,,,,0,,wheelspin_lab/20260919_023755_1d4d8f4f/spin_000377/full.png,wheelspin_lab/20260919_023755_1d4d8f4f/spin_000377/slot_3.png,,
1132,20260919_023755_1d4d8f4f:000378,1,2026-09-18T19:55:02.722+00:00,CAR,1990 Savanna RX-7,1990 savanna rx 7,0.78,,NEUTRAL,,1990,SAVANNA,RX 7,MAZDA RX 7 90,,,0,0,0,1,SELL,1.0,SELL,1,11500,wheelspin_lab/20260919_023755_1d4d8f4f/spin_000378/full.png,wheelspin_lab/20260919_023755_1d4d8f4f/spin_000378/slot_1.png,wheelspin_lab/20260919_023755_1d4d8f4f/20260919_023755_1d4d8f4f_000378/duplicate_045503_131300.png,1.0
1133,20260919_023755_1d4d8f4f:000378,2,2026-09-18T19:55:02.722+00:00,CREDITS,"15,000",15 000,1.0,,NEUTRAL,15000,,,,,,,,,,,,,,0,,wheelspin_lab/20260919_023755_1d4d8f4f/spin_000378/full.png,wheelspin_lab/20260919_023755_1d4d8f4f/spin_000378/slot_2.png,,
1134,20260919_023755_1d4d8f4f:000378,3,2026-09-18T19:55:02.722+00:00,CREDITS,"R 150,000",r 150 000,1.0,,NEUTRAL,150000,,,,,,,,,,,,,,0,,wheelspin_lab/20260919_023755_1d4d8f4f/spin_000378/full.png,wheelspin_lab/20260919_023755_1d4d8f4f/spin_000378/slot_3.png,,
1135,20260919_023755_1d4d8f4f:000379,1,2026-09-18T19:55:10.590+00:00,CREDITS,"c 15,000",c 15 000,1.0,,GREEN,15000,,,,,,,,,,,,,,0,,wheelspin_lab/20260919_023755_1d4d8f4f/spin_000379/full.png,wheelspin_lab/20260919_023755_1d4d8f4f/spin_000379/slot_1.png,,
1136,20260919_023755_1d4d8f4f:000379,2,2026-09-18T19:55:10.590+00:00,CREDITS,"20,000",20 000,1.0,,GREEN,20000,,,,,,,,,,,,,,0,,wheelspin_lab/20260919_023755_1d4d8f4f/spin_000379/full.png,wheelspin_lab/20260919_023755_1d4d8f4f/spin_000379/slot_2.png,,
1137,20260919_023755_1d4d8f4f:000379,3,2026-09-18T19:55:10.590+00:00,CREDITS,"e 8,000",e 8 000,0.99,,GREEN,8000,,,,,,,,,,,,,,0,,wheelspin_lab/20260919_023755_1d4d8f4f/spin_000379/full.png,wheelspin_lab/20260919_023755_1d4d8f4f/spin_000379/slot_3.png,,
1138,20260919_023755_1d4d8f4f:000380,1,2026-09-18T19:55:15.868+00:00,CREDITS,"R 150,000",r 150 000,1.0,,PURPLE,150000,,,,,,,,,,,,,,0,,wheelspin_lab/20260919_023755_1d4d8f4f/spin_000380/full.png,wheelspin_lab/20260919_023755_1d4d8f4f/spin_000380/slot_1.png,,
1139,20260919_023755_1d4d8f4f:000380,2,2026-09-18T19:55:15.868+00:00,CREDITS,"R 40,000",r 40 000,1.0,,OTHER,40000,,,,,,,,,,,,,,0,,wheelspin_lab/20260919_023755_1d4d8f4f/spin_000380/full.png,wheelspin_lab/20260919_023755_1d4d8f4f/spin_000380/slot_2.png,,
1140,20260919_023755_1d4d8f4f:000380,3,2026-09-18T19:55:15.868+00:00,CREDITS,"R 20,000",r 20 000,1.0,,OTHER,20000,,,,,,,,,,,,,,0,,wheelspin_lab/20260919_023755_1d4d8f4f/spin_000380/full.png,wheelspin_lab/20260919_023755_1d4d8f4f/spin_000380/slot_3.png,,
1141,20260919_023755_1d4d8f4f:000381,1,2026-09-18T19:55:21.174+00:00,CAR,2012 Black Edition (R35) Forza E SPEED SKILLS BOOST,2012 black edition r35 forza e speed skills boost,0.78,,NEUTRAL,,2012,BLACK,EDITION R35 FORZA E SPEED SKILLS BOOST,GT R FE 12,,,0,0,0,1,SELL,1.0,SELL,1,375000,wheelspin_lab/20260919_023755_1d4d8f4f/spin_000381/full.png,wheelspin_lab/20260919_023755_1d4d8f4f/spin_000381/slot_1.png,wheelspin_lab/20260919_023755_1d4d8f4f/20260919_023755_1d4d8f4f_000381/duplicate_045521_600476.png,1.0
1142,20260919_023755_1d4d8f4f:000381,2,2026-09-18T19:55:21.174+00:00,CREDITS,"10,000",10 000,1.0,,NEUTRAL,10000,,,,,,,,,,,,,,0,,wheelspin_lab/20260919_023755_1d4d8f4f/spin_000381/full.png,wheelspin_lab/20260919_023755_1d4d8f4f/spin_000381/slot_2.png,,
1143,20260919_023755_1d4d8f4f:000381,3,2026-09-18T19:55:21.174+00:00,CREDITS,"R 50,000",r 50 000,1.0,,NEUTRAL,50000,,,,,,,,,,,,,,0,,wheelspin_lab/20260919_023755_1d4d8f4f/spin_000381/full.png,wheelspin_lab/20260919_023755_1d4d8f4f/spin_000381/slot_3.png,,
1144,20260919_023755_1d4d8f4f:000382,1,2026-09-18T19:55:28.807+00:00,CREDITS,"45,000",45 000,1.0,,NEUTRAL,45000,,,,,,,,,,,,,,0,,wheelspin_lab/20260919_023755_1d4d8f4f/spin_000382/full.png,wheelspin_lab/20260919_023755_1d4d8f4f/spin_000382/slot_1.png,,
1145,20260919_023755_1d4d8f4f:000382,2,2026-09-18T19:55:28.807+00:00,CREDITS,"R 80,000",r 80 000,1.0,,NEUTRAL,80000,,,,,,,,,,,,,,0,,wheelspin_lab/20260919_023755_1d4d8f4f/spin_000382/full.png,wheelspin_lab/20260919_023755_1d4d8f4f/spin_000382/slot_2.png,,
1146,20260919_023755_1d4d8f4f:000382,3,2026-09-18T19:55:28.807+00:00,CREDITS,"200,000",200 000,1.0,,NEUTRAL,200000,,,,,,,,,,,,,,0,,wheelspin_lab/20260919_023755_1d4d8f4f/spin_000382/full.png,wheelspin_lab/20260919_023755_1d4d8f4f/spin_000382/slot_3.png,,
1147,20260919_023755_1d4d8f4f:000383,1,2026-09-18T19:55:34.274+00:00,CREDITS,"R 50,000",r 50 000,1.0,,BLUE,50000,,,,,,,,,,,,,,0,,wheelspin_lab/20260919_023755_1d4d8f4f/spin_000383/full.png,wheelspin_lab/20260919_023755_1d4d8f4f/spin_000383/slot_1.png,,
1148,20260919_023755_1d4d8f4f:000383,2,2026-09-18T19:55:34.274+00:00,CREDITS,"15,000",15 000,1.0,,OTHER,15000,,,,,,,,,,,,,,0,,wheelspin_lab/20260919_023755_1d4d8f4f/spin_000383/full.png,wheelspin_lab/20260919_023755_1d4d8f4f/spin_000383/slot_2.png,,
1149,20260919_023755_1d4d8f4f:000383,3,2026-09-18T19:55:34.274+00:00,CREDITS,"R 35,000",r 35 000,1.0,,OTHER,35000,,,,,,,,,,,,,,0,,wheelspin_lab/20260919_023755_1d4d8f4f/spin_000383/full.png,wheelspin_lab/20260919_023755_1d4d8f4f/spin_000383/slot_3.png,,
1150,20260919_023755_1d4d8f4f:000384,1,2026-09-18T19:55:39.633+00:00,CREDITS,"10,000",10 000,1.0,,BLUE,10000,,,,,,,,,,,,,,0,,wheelspin_lab/20260919_023755_1d4d8f4f/spin_000384/full.png,wheelspin_lab/20260919_023755_1d4d8f4f/spin_000384/slot_1.png,,
1151,20260919_023755_1d4d8f4f:000384,2,2026-09-18T19:55:39.633+00:00,CREDITS,"25,000",25 000,1.0,,BLUE,25000,,,,,,,,,,,,,,0,,wheelspin_lab/20260919_023755_1d4d8f4f/spin_000384/full.png,wheelspin_lab/20260919_023755_1d4d8f4f/spin_000384/slot_2.png,,
1152,20260919_023755_1d4d8f4f:000384,3,2026-09-18T19:55:39.633+00:00,CAR,2019 NISSAN 370Z Nismo,2019 nissan 370z nismo,0.78,,BLUE,,2019,NISSAN,370Z NISMO,NISSAN 370Z 19,,,0,0,0,1,SELL,1.0,SELL,1,23000,wheelspin_lab/20260919_023755_1d4d8f4f/spin_000384/full.png,wheelspin_lab/20260919_023755_1d4d8f4f/spin_000384/slot_3.png,wheelspin_lab/20260919_023755_1d4d8f4f/20260919_023755_1d4d8f4f_000384/duplicate_045540_102162.png,1.0
1153,20260919_023755_1d4d8f4f:000385,1,2026-09-18T19:55:46.922+00:00,CAR,2022 MC20,2022 mc20,0.45,,NEUTRAL,,2022,MC20,MASERATI MC20,MASERATI MC20,,,0,0,0,1,SELL,1.0,SELL,1,110000,wheelspin_lab/20260919_023755_1d4d8f4f/spin_000385/full.png,wheelspin_lab/20260919_023755_1d4d8f4f/spin_000385/slot_1.png,wheelspin_lab/20260919_023755_1d4d8f4f/20260919_023755_1d4d8f4f_000385/duplicate_045547_322074.png,1.0
1154,20260919_023755_1d4d8f4f:000385,2,2026-09-18T19:55:46.922+00:00,CREDITS,"15,000",15 000,1.0,,NEUTRAL,15000,,,,,,,,,,,,,,0,,wheelspin_lab/20260919_023755_1d4d8f4f/spin_000385/full.png,wheelspin_lab/20260919_023755_1d4d8f4f/spin_000385/slot_2.png,,
1155,20260919_023755_1d4d8f4f:000385,3,2026-09-18T19:55:46.922+00:00,CREDITS,"25,000",25 000,1.0,,NEUTRAL,25000,,,,,,,,,,,,,,0,,wheelspin_lab/20260919_023755_1d4d8f4f/spin_000385/full.png,wheelspin_lab/20260919_023755_1d4d8f4f/spin_000385/slot_3.png,,
1156,20260919_023755_1d4d8f4f:000386,1,2026-09-18T19:55:54.251+00:00,CREDITS,"10,000",10 000,1.0,,OTHER,10000,,,,,,,,,,,,,,0,,wheelspin_lab/20260919_023755_1d4d8f4f/spin_000386/full.png,wheelspin_lab/20260919_023755_1d4d8f4f/spin_000386/slot_1.png,,
1157,20260919_023755_1d4d8f4f:000386,2,2026-09-18T19:55:54.251+00:00,CAR,2014 FORD 'V Limited Edition Pursuit U,2014 ford v limited edition pursuit u,0.78,,OTHER,,2014,FORD,V LIMITED EDITION PURSUIT U,FORD UTE 14,,,0,0,0,1,SELL,1.0,SELL,1,20000,wheelspin_lab/20260919_023755_1d4d8f4f/spin_000386/full.png,wheelspin_lab/20260919_023755_1d4d8f4f/spin_000386/slot_2.png,wheelspin_lab/20260919_023755_1d4d8f4f/20260919_023755_1d4d8f4f_000386/duplicate_045554_645623.png,1.0
1158,20260919_023755_1d4d8f4f:000386,3,2026-09-18T19:55:54.251+00:00,CREDITS,"R 35,000",r 35 000,1.0,,OTHER,35000,,,,,,,,,,,,,,0,,wheelspin_lab/20260919_023755_1d4d8f4f/spin_000386/full.png,wheelspin_lab/20260919_023755_1d4d8f4f/spin_000386/slot_3.png,,
1159,20260919_023755_1d4d8f4f:000387,1,2026-09-18T19:56:01.797+00:00,CREDITS,"95,000",95 000,1.0,,BLUE,95000,,,,,,,,,,,,,,0,,wheelspin_lab/20260919_023755_1d4d8f4f/spin_000387/full.png,wheelspin_lab/20260919_023755_1d4d8f4f/spin_000387/slot_1.png,,
1160,20260919_023755_1d4d8f4f:000387,2,2026-09-18T19:56:01.797+00:00,CREDITS,"80,000",80 000,1.0,,BLUE,80000,,,,,,,,,,,,,,0,,wheelspin_lab/20260919_023755_1d4d8f4f/spin_000387/full.png,wheelspin_lab/20260919_023755_1d4d8f4f/spin_000387/slot_2.png,,
1161,20260919_023755_1d4d8f4f:000387,3,2026-09-18T19:56:01.797+00:00,CREDITS,"c 10,000",c 10 000,1.0,,BLUE,10000,,,,,,,,,,,,,,0,,wheelspin_lab/20260919_023755_1d4d8f4f/spin_000387/full.png,wheelspin_lab/20260919_023755_1d4d8f4f/spin_000387/slot_3.png,,
1162,20260919_023755_1d4d8f4f:000388,1,2026-09-18T19:56:07.228+00:00,CREDITS,"95,000",95 000,1.0,,PURPLE,95000,,,,,,,,,,,,,,0,,wheelspin_lab/20260919_023755_1d4d8f4f/spin_000388/full.png,wheelspin_lab/20260919_023755_1d4d8f4f/spin_000388/slot_1.png,,
1163,20260919_023755_1d4d8f4f:000388,2,2026-09-18T19:56:07.228+00:00,CREDITS,"150,000",150 000,1.0,,PURPLE,150000,,,,,,,,,,,,,,0,,wheelspin_lab/20260919_023755_1d4d8f4f/spin_000388/full.png,wheelspin_lab/20260919_023755_1d4d8f4f/spin_000388/slot_2.png,,
1164,20260919_023755_1d4d8f4f:000388,3,2026-09-18T19:56:07.228+00:00,CREDITS,"200,000",200 000,1.0,,PURPLE,200000,,,,,,,,,,,,,,0,,wheelspin_lab/20260919_023755_1d4d8f4f/spin_000388/full.png,wheelspin_lab/20260919_023755_1d4d8f4f/spin_000388/slot_3.png,,
1165,20260919_023755_1d4d8f4f:000389,1,2026-09-18T19:56:12.552+00:00,CREDITS,"200,000",200 000,1.0,,PURPLE,200000,,,,,,,,,,,,,,0,,wheelspin_lab/20260919_023755_1d4d8f4f/spin_000389/full.png,wheelspin_lab/20260919_023755_1d4d8f4f/spin_000389/slot_1.png,,
1166,20260919_023755_1d4d8f4f:000389,2,2026-09-18T19:56:12.552+00:00,CAR,2015 SUBARU WRX STI,2015 subaru wrx sti,0.78,,OTHER,,2015,SUBARU,WRX STI,SUBARU WRX 15,,,0,0,0,1,SELL,1.0,SELL,1,13500,wheelspin_lab/20260919_023755_1d4d8f4f/spin_000389/full.png,wheelspin_lab/20260919_023755_1d4d8f4f/spin_000389/slot_2.png,wheelspin_lab/20260919_023755_1d4d8f4f/20260919_023755_1d4d8f4f_000389/duplicate_045612_960285.png,1.0
1167,20260919_023755_1d4d8f4f:000389,3,2026-09-18T19:56:12.552+00:00,CREDITS,"R 20,000",r 20 000,1.0,,PURPLE,20000,,,,,,,,,,,,,,0,,wheelspin_lab/20260919_023755_1d4d8f4f/spin_000389/full.png,wheelspin_lab/20260919_023755_1d4d8f4f/spin_000389/slot_3.png,,
1168,20260919_023755_1d4d8f4f:000390,1,2026-09-18T19:56:20.109+00:00,CREDITS,"20,000",20 000,1.0,,OTHER,20000,,,,,,,,,,,,,,0,,wheelspin_lab/20260919_023755_1d4d8f4f/spin_000390/full.png,wheelspin_lab/20260919_023755_1d4d8f4f/spin_000390/slot_1.png,,
1169,20260919_023755_1d4d8f4f:000390,2,2026-09-18T19:56:20.109+00:00,CREDITS,"250,000",250 000,1.0,,OTHER,250000,,,,,,,,,,,,,,0,,wheelspin_lab/20260919_023755_1d4d8f4f/spin_000390/full.png,wheelspin_lab/20260919_023755_1d4d8f4f/spin_000390/slot_2.png,,
1170,20260919_023755_1d4d8f4f:000390,3,2026-09-18T19:56:20.109+00:00,CREDITS,"R 100,000",r 100 000,1.0,,OTHER,100000,,,,,,,,,,,,,,0,,wheelspin_lab/20260919_023755_1d4d8f4f/spin_000390/full.png,wheelspin_lab/20260919_023755_1d4d8f4f/spin_000390/slot_3.png,,
1171,20260919_023755_1d4d8f4f:000391,1,2026-09-18T19:56:25.760+00:00,CREDITS,"15,000",15 000,1.0,,OTHER,15000,,,,,,,,,,,,,,0,,wheelspin_lab/20260919_023755_1d4d8f4f/spin_000391/full.png,wheelspin_lab/20260919_023755_1d4d8f4f/spin_000391/slot_1.png,,
1172,20260919_023755_1d4d8f4f:000391,2,2026-09-18T19:56:25.760+00:00,CREDITS,"R 45,000",r 45 000,1.0,,OTHER,45000,,,,,,,,,,,,,,0,,wheelspin_lab/20260919_023755_1d4d8f4f/spin_000391/full.png,wheelspin_lab/20260919_023755_1d4d8f4f/spin_000391/slot_2.png,,
1173,20260919_023755_1d4d8f4f:000391,3,2026-09-18T19:56:25.760+00:00,CAR,2019 DEBERTI 'coma TRD 'The Performan,2019 deberti coma trd the performan,0.78,,OTHER,,2019,DEBERTI,COMA TRD THE PERFORMAN,DD TACOMA TRD,,,0,0,0,1,SELL,1.0,SELL,1,125000,wheelspin_lab/20260919_023755_1d4d8f4f/spin_000391/full.png,wheelspin_lab/20260919_023755_1d4d8f4f/spin_000391/slot_3.png,wheelspin_lab/20260919_023755_1d4d8f4f/20260919_023755_1d4d8f4f_000391/duplicate_045626_205873.png,1.0
1174,20260919_023755_1d4d8f4f:000392,1,2026-09-18T19:56:33.481+00:00,CREDITS,"15,000",15 000,1.0,,BLUE,15000,,,,,,,,,,,,,,0,,wheelspin_lab/20260919_023755_1d4d8f4f/spin_000392/full.png,wheelspin_lab/20260919_023755_1d4d8f4f/spin_000392/slot_1.png,,
1175,20260919_023755_1d4d8f4f:000392,2,2026-09-18T19:56:33.481+00:00,CREDITS,"45,000",45 000,1.0,,BLUE,45000,,,,,,,,,,,,,,0,,wheelspin_lab/20260919_023755_1d4d8f4f/spin_000392/full.png,wheelspin_lab/20260919_023755_1d4d8f4f/spin_000392/slot_2.png,,
1176,20260919_023755_1d4d8f4f:000392,3,2026-09-18T19:56:33.481+00:00,CAR,2018 DODGE Challenger SRT Demon,2018 dodge challenger srt demon,0.78,,BLUE,,2018,DODGE,CHALLENGER SRT DEMON,DODGE SRT DEMON,,,0,0,0,1,SELL,1.0,SELL,1,45000,wheelspin_lab/20260919_023755_1d4d8f4f/spin_000392/full.png,wheelspin_lab/20260919_023755_1d4d8f4f/spin_000392/slot_3.png,wheelspin_lab/20260919_023755_1d4d8f4f/20260919_023755_1d4d8f4f_000392/duplicate_045633_910862.png,1.0
1177,20260919_023755_1d4d8f4f:000393,1,2026-09-18T19:56:41.118+00:00,CREDITS,"920,000",920 000,1.0,,GREEN,920000,,,,,,,,,,,,,,0,,wheelspin_lab/20260919_023755_1d4d8f4f/spin_000393/full.png,wheelspin_lab/20260919_023755_1d4d8f4f/spin_000393/slot_1.png,,
1178,20260919_023755_1d4d8f4f:000393,2,2026-09-18T19:56:41.118+00:00,CREDITS,"95,000",95 000,1.0,,GREEN,95000,,,,,,,,,,,,,,0,,wheelspin_lab/20260919_023755_1d4d8f4f/spin_000393/full.png,wheelspin_lab/20260919_023755_1d4d8f4f/spin_000393/slot_2.png,,
1179,20260919_023755_1d4d8f4f:000393,3,2026-09-18T19:56:41.118+00:00,CREDITS,"c 15,000",c 15 000,1.0,,GREEN,15000,,,,,,,,,,,,,,0,,wheelspin_lab/20260919_023755_1d4d8f4f/spin_000393/full.png,wheelspin_lab/20260919_023755_1d4d8f4f/spin_000393/slot_3.png,,
1180,20260919_023755_1d4d8f4f:000394,1,2026-09-18T19:56:46.432+00:00,CAR,hand Cherokee Trackhawk,hand cherokee trackhawk,0.55,,NEUTRAL,,,,CORVETTE ZR I,JEEP TRACKHAWK,,,,0,0,1,SELL,1.0,SELL,1,36000,wheelspin_lab/20260919_023755_1d4d8f4f/spin_000394/full.png,wheelspin_lab/20260919_023755_1d4d8f4f/spin_000394/slot_1.png,wheelspin_lab/20260919_023755_1d4d8f4f/20260919_023755_1d4d8f4f_000394/duplicate_045646_810594.png,1.0
1181,20260919_023755_1d4d8f4f:000394,2,2026-09-18T19:56:46.432+00:00,CAR,Mazdaspeecl MX-5,mazdaspeecl mx 5,0.55,,NEUTRAL,,,,MAZDA MX 5 05,MAZDA MX 5 05,,,,0,0,1,SELL,1.0,SELL,1,10500,wheelspin_lab/20260919_023755_1d4d8f4f/spin_000394/full.png,wheelspin_lab/20260919_023755_1d4d8f4f/spin_000394/slot_2.png,wheelspin_lab/20260919_023755_1d4d8f4f/20260919_023755_1d4d8f4f_000394/duplicate_050013_511351.png,1.0
1182,20260919_023755_1d4d8f4f:000394,3,2026-09-18T19:56:46.433+00:00,CAR,1905 CHEVROLET Corvette ZR-I,1905 chevrolet corvette zr i,0.78,,NEUTRAL,,1905,CHEVROLET,CORVETTE ZR I,CORVETTE 95,,,0,0,0,1,SELL,1.0,SELL,1,38000,wheelspin_lab/20260919_023755_1d4d8f4f/spin_000394/full.png,wheelspin_lab/20260919_023755_1d4d8f4f/spin_000394/slot_3.png,wheelspin_lab/20260919_023755_1d4d8f4f/20260919_023755_1d4d8f4f_000394/duplicate_050014_787364.png,1.0
1183,20260919_023755_1d4d8f4f:000395,1,2026-09-18T20:00:22.249+00:00,CREDITS,"c 15,000",c 15 000,1.0,,GREEN,15000,,,,,,,,,,,,,,0,,wheelspin_lab/20260919_023755_1d4d8f4f/spin_000395/full.png,wheelspin_lab/20260919_023755_1d4d8f4f/spin_000395/slot_1.png,,
1184,20260919_023755_1d4d8f4f:000395,2,2026-09-18T20:00:22.249+00:00,CREDITS,"95,000",95 000,1.0,,GREEN,95000,,,,,,,,,,,,,,0,,wheelspin_lab/20260919_023755_1d4d8f4f/spin_000395/full.png,wheelspin_lab/20260919_023755_1d4d8f4f/spin_000395/slot_2.png,,
1185,20260919_023755_1d4d8f4f:000395,3,2026-09-18T20:00:22.249+00:00,CREDITS,"c 10,000",c 10 000,1.0,,GREEN,10000,,,,,,,,,,,,,,0,,wheelspin_lab/20260919_023755_1d4d8f4f/spin_000395/full.png,wheelspin_lab/20260919_023755_1d4d8f4f/spin_000395/slot_3.png,,
1186,20260919_023755_1d4d8f4f:000396,1,2026-09-18T20:00:27.554+00:00,CREDITS,"40,000",40 000,1.0,,NEUTRAL,40000,,,,,,,,,,,,,,0,,wheelspin_lab/20260919_023755_1d4d8f4f/spin_000396/full.png,wheelspin_lab/20260919_023755_1d4d8f4f/spin_000396/slot_1.png,,
1187,20260919_023755_1d4d8f4f:000396,2,2026-09-18T20:00:27.554+00:00,CREDITS,"15,000",15 000,1.0,,NEUTRAL,15000,,,,,,,,,,,,,,0,,wheelspin_lab/20260919_023755_1d4d8f4f/spin_000396/full.png,wheelspin_lab/20260919_023755_1d4d8f4f/spin_000396/slot_2.png,,
1188,20260919_023755_1d4d8f4f:000396,3,2026-09-18T20:00:27.554+00:00,CREDITS,"20,000",20 000,1.0,,NEUTRAL,20000,,,,,,,,,,,,,,0,,wheelspin_lab/20260919_023755_1d4d8f4f/spin_000396/full.png,wheelspin_lab/20260919_023755_1d4d8f4f/spin_000396/slot_3.png,,
1189,20260919_023755_1d4d8f4f:000397,1,2026-09-18T20:00:33.211+00:00,CREDITS,"95,000",95 000,1.0,,PURPLE,95000,,,,,,,,,,,,,,0,,wheelspin_lab/20260919_023755_1d4d8f4f/spin_000397/full.png,wheelspin_lab/20260919_023755_1d4d8f4f/spin_000397/slot_1.png,,
1190,20260919_023755_1d4d8f4f:000397,2,2026-09-18T20:00:33.212+00:00,CREDITS,"200,000",200 000,1.0,,PURPLE,200000,,,,,,,,,,,,,,0,,wheelspin_lab/20260919_023755_1d4d8f4f/spin_000397/full.png,wheelspin_lab/20260919_023755_1d4d8f4f/spin_000397/slot_2.png,,
1191,20260919_023755_1d4d8f4f:000397,3,2026-09-18T20:00:33.212+00:00,CREDITS,"20,000",20 000,1.0,,PURPLE,20000,,,,,,,,,,,,,,0,,wheelspin_lab/20260919_023755_1d4d8f4f/spin_000397/full.png,wheelspin_lab/20260919_023755_1d4d8f4f/spin_000397/slot_3.png,,
1192,20260919_023755_1d4d8f4f:000398,1,2026-09-18T20:00:38.524+00:00,CREDITS,"95,000",95 000,1.0,,BLUE,95000,,,,,,,,,,,,,,0,,wheelspin_lab/20260919_023755_1d4d8f4f/spin_000398/full.png,wheelspin_lab/20260919_023755_1d4d8f4f/spin_000398/slot_1.png,,
1193,20260919_023755_1d4d8f4f:000398,2,2026-09-18T20:00:38.524+00:00,CREDITS,"50,000",50 000,1.0,,BLUE,50000,,,,,,,,,,,,,,0,,wheelspin_lab/20260919_023755_1d4d8f4f/spin_000398/full.png,wheelspin_lab/20260919_023755_1d4d8f4f/spin_000398/slot_2.png,,
1194,20260919_023755_1d4d8f4f:000398,3,2026-09-18T20:00:38.524+00:00,CAR,2012 JEEP Wrangler Rubicon,2012 jeep wrangler rubicon,0.78,,BLUE,,2012,JEEP,WRANGLER RUBICON,JEEP WRANGLER,,,0,0,0,1,SELL,1.0,SELL,1,8000,wheelspin_lab/20260919_023755_1d4d8f4f/spin_000398/full.png,wheelspin_lab/20260919_023755_1d4d8f4f/spin_000398/slot_3.png,wheelspin_lab/20260919_023755_1d4d8f4f/20260919_023755_1d4d8f4f_000398/duplicate_050039_032874.png,1.0
1195,20260919_023755_1d4d8f4f:000399,1,2026-09-18T20:00:46.042+00:00,CAR,620R,620r,0.55,,NEUTRAL,,,,MCLAREN 620R,MCLAREN 620R,,,,0,0,1,SELL,1.0,SELL,1,130000,wheelspin_lab/20260919_023755_1d4d8f4f/spin_000399/full.png,wheelspin_lab/20260919_023755_1d4d8f4f/spin_000399/slot_1.png,wheelspin_lab/20260919_023755_1d4d8f4f/20260919_023755_1d4d8f4f_000399/duplicate_050046_416107.png,1.0
1196,20260919_023755_1d4d8f4f:000399,2,2026-09-18T20:00:46.042+00:00,CREDITS,"10,000",10 000,1.0,,NEUTRAL,10000,,,,,,,,,,,,,,0,,wheelspin_lab/20260919_023755_1d4d8f4f/spin_000399/full.png,wheelspin_lab/20260919_023755_1d4d8f4f/spin_000399/slot_2.png,,
1197,20260919_023755_1d4d8f4f:000399,3,2026-09-18T20:00:46.042+00:00,CREDITS,"R) 50,000",r 50 000,1.0,,NEUTRAL,50000,,,,,,,,,,,,,,0,,wheelspin_lab/20260919_023755_1d4d8f4f/spin_000399/full.png,wheelspin_lab/20260919_023755_1d4d8f4f/spin_000399/slot_3.png,,
1198,20260919_023755_1d4d8f4f:000400,1,2026-09-18T20:00:53.372+00:00,CREDITS,"R 10,000",r 10 000,1.0,,NEUTRAL,10000,,,,,,,,,,,,,,0,,wheelspin_lab/20260919_023755_1d4d8f4f/spin_000400/full.png,wheelspin_lab/20260919_023755_1d4d8f4f/spin_000400/slot_1.png,,
1199,20260919_023755_1d4d8f4f:000400,2,2026-09-18T20:00:53.372+00:00,CREDITS,"45,000",45 000,1.0,,NEUTRAL,45000,,,,,,,,,,,,,,0,,wheelspin_lab/20260919_023755_1d4d8f4f/spin_000400/full.png,wheelspin_lab/20260919_023755_1d4d8f4f/spin_000400/slot_2.png,,
1200,20260919_023755_1d4d8f4f:000400,3,2026-09-18T20:00:53.372+00:00,CREDITS,"15,000",15 000,1.0,,NEUTRAL,15000,,,,,,,,,,,,,,0,,wheelspin_lab/20260919_023755_1d4d8f4f/spin_000400/full.png,wheelspin_lab/20260919_023755_1d4d8f4f/spin_000400/slot_3.png,,
1201,20260919_023755_1d4d8f4f:000401,1,2026-09-18T20:00:58.820+00:00,CREDITS,"20,000",20 000,1.0,,NEUTRAL,20000,,,,,,,,,,,,,,0,,wheelspin_lab/20260919_023755_1d4d8f4f/spin_000401/full.png,wheelspin_lab/20260919_023755_1d4d8f4f/spin_000401/slot_1.png,,
1202,20260919_023755_1d4d8f4f:000401,2,2026-09-18T20:00:58.820+00:00,CREDITS,"250,000",250 000,1.0,,NEUTRAL,250000,,,,,,,,,,,,,,0,,wheelspin_lab/20260919_023755_1d4d8f4f/spin_000401/full.png,wheelspin_lab/20260919_023755_1d4d8f4f/spin_000401/slot_2.png,,
1203,20260919_023755_1d4d8f4f:000401,3,2026-09-18T20:00:58.820+00:00,CREDITS,"175,000",175 000,1.0,,NEUTRAL,175000,,,,,,,,,,,,,,0,,wheelspin_lab/20260919_023755_1d4d8f4f/spin_000401/full.png,wheelspin_lab/20260919_023755_1d4d8f4f/spin_000401/slot_3.png,,
1204,20260919_023755_1d4d8f4f:000402,1,2026-09-18T20:01:04.314+00:00,CAR,Centenario LP 770-4,centenario lp 770 4,0.55,,NEUTRAL,,,,LAMBO CENTENARIO,LAMBO CENTENARIO,,,,1,1,1,KEEP,1.0,KEEP,1,,wheelspin_lab/20260919_023755_1d4d8f4f/spin_000402/full.png,wheelspin_lab/20260919_023755_1d4d8f4f/spin_000402/slot_1.png,wheelspin_lab/20260919_023755_1d4d8f4f/20260919_023755_1d4d8f4f_000402/duplicate_050104_789946.png,1.0
1205,20260919_023755_1d4d8f4f:000402,2,2026-09-18T20:01:04.314+00:00,CREDITS,"50,000",50 000,1.0,,NEUTRAL,50000,,,,,,,,,,,,,,0,,wheelspin_lab/20260919_023755_1d4d8f4f/spin_000402/full.png,wheelspin_lab/20260919_023755_1d4d8f4f/spin_000402/slot_2.png,,
1206,20260919_023755_1d4d8f4f:000402,3,2026-09-18T20:01:04.314+00:00,CREDITS,") 200,000",200 000,1.0,,NEUTRAL,200000,,,,,,,,,,,,,,0,,wheelspin_lab/20260919_023755_1d4d8f4f/spin_000402/full.png,wheelspin_lab/20260919_023755_1d4d8f4f/spin_000402/slot_3.png,,
1207,20260919_023755_1d4d8f4f:000403,1,2026-09-18T20:01:10.968+00:00,CREDITS,"5,000",5 000,1.0,,NEUTRAL,5000,,,,,,,,,,,,,,0,,wheelspin_lab/20260919_023755_1d4d8f4f/spin_000403/full.png,wheelspin_lab/20260919_023755_1d4d8f4f/spin_000403/slot_1.png,,
1208,20260919_023755_1d4d8f4f:000403,2,2026-09-18T20:01:10.968+00:00,CREDITS,"45,000",45 000,1.0,,NEUTRAL,45000,,,,,,,,,,,,,,0,,wheelspin_lab/20260919_023755_1d4d8f4f/spin_000403/full.png,wheelspin_lab/20260919_023755_1d4d8f4f/spin_000403/slot_2.png,,
1209,20260919_023755_1d4d8f4f:000403,3,2026-09-18T20:01:10.968+00:00,CREDITS,"35,000",35 000,1.0,,NEUTRAL,35000,,,,,,,,,,,,,,0,,wheelspin_lab/20260919_023755_1d4d8f4f/spin_000403/full.png,wheelspin_lab/20260919_023755_1d4d8f4f/spin_000403/slot_3.png,,
1210,20260919_023755_1d4d8f4f:000404,1,2026-09-18T20:01:16.377+00:00,CREDITS,"20,000",20 000,1.0,,NEUTRAL,20000,,,,,,,,,,,,,,0,,wheelspin_lab/20260919_023755_1d4d8f4f/spin_000404/full.png,wheelspin_lab/20260919_023755_1d4d8f4f/spin_000404/slot_1.png,,
1211,20260919_023755_1d4d8f4f:000404,2,2026-09-18T20:01:16.377+00:00,CREDITS,"10,000",10 000,1.0,,NEUTRAL,10000,,,,,,,,,,,,,,0,,wheelspin_lab/20260919_023755_1d4d8f4f/spin_000404/full.png,wheelspin_lab/20260919_023755_1d4d8f4f/spin_000404/slot_2.png,,
1212,20260919_023755_1d4d8f4f:000404,3,2026-09-18T20:01:16.377+00:00,CREDITS,"50,000",50 000,1.0,,NEUTRAL,50000,,,,,,,,,,,,,,0,,wheelspin_lab/20260919_023755_1d4d8f4f/spin_000404/full.png,wheelspin_lab/20260919_023755_1d4d8f4f/spin_000404/slot_3.png,,
1213,20260919_023755_1d4d8f4f:000405,1,2026-09-18T20:01:21.910+00:00,CAR,2013 FERRARI 458 Speciale,2013 ferrari 458 speciale,0.78,,PURPLE,,2013,FERRARI,458 SPECIALE,FERRARI 458 S,,,0,0,0,1,SELL,1.0,SELL,1,250000,wheelspin_lab/20260919_023755_1d4d8f4f/spin_000405/full.png,wheelspin_lab/20260919_023755_1d4d8f4f/spin_000405/slot_1.png,wheelspin_lab/20260919_023755_1d4d8f4f/20260919_023755_1d4d8f4f_000405/duplicate_050122_307219.png,1.0
1214,20260919_023755_1d4d8f4f:000405,2,2026-09-18T20:01:21.910+00:00,CREDITS,"c 10,000",c 10 000,1.0,,PURPLE,10000,,,,,,,,,,,,,,0,,wheelspin_lab/20260919_023755_1d4d8f4f/spin_000405/full.png,wheelspin_lab/20260919_023755_1d4d8f4f/spin_000405/slot_2.png,,
1215,20260919_023755_1d4d8f4f:000405,3,2026-09-18T20:01:21.910+00:00,CREDITS,"0 5,000",0 5 000,0.99,,PURPLE,5000,,,,,,,,,,,,,,0,,wheelspin_lab/20260919_023755_1d4d8f4f/spin_000405/full.png,wheelspin_lab/20260919_023755_1d4d8f4f/spin_000405/slot_3.png,,
1216,20260919_023755_1d4d8f4f:000406,1,2026-09-18T20:01:29.449+00:00,CREDITS,"R 45,000",r 45 000,1.0,,OTHER,45000,,,,,,,,,,,,,,0,,wheelspin_lab/20260919_023755_1d4d8f4f/spin_000406/full.png,wheelspin_lab/20260919_023755_1d4d8f4f/spin_000406/slot_1.png,,
1217,20260919_023755_1d4d8f4f:000406,2,2026-09-18T20:01:29.449+00:00,CAR,1983 VOLVO 242 Turbo Evolution,1983 volvo 242 turbo evolution,0.78,,OTHER,,1983,VOLVO,242 TURBO EVOLUTION,VOLVO 242 TURBO,,,0,0,0,1,SELL,1.0,SELL,1,15000,wheelspin_lab/20260919_023755_1d4d8f4f/spin_000406/full.png,wheelspin_lab/20260919_023755_1d4d8f4f/spin_000406/slot_2.png,wheelspin_lab/20260919_023755_1d4d8f4f/20260919_023755_1d4d8f4f_000406/duplicate_050129_842832.png,1.0
1218,20260919_023755_1d4d8f4f:000406,3,2026-09-18T20:01:29.449+00:00,CAR,2001 FORD Ford Focus RS,2001 ford ford focus rs,0.78,,NEUTRAL,,2001,FORD,FORD FOCUS RS,4 FORD FOCUS,,,0,0,0,1,SELL,1.0,SELL,1,207500,wheelspin_lab/20260919_023755_1d4d8f4f/spin_000406/full.png,wheelspin_lab/20260919_023755_1d4d8f4f/spin_000406/slot_3.png,wheelspin_lab/20260919_023755_1d4d8f4f/20260919_023755_1d4d8f4f_000406/duplicate_050131_373955.png,1.0
1219,20260919_023755_1d4d8f4f:000407,1,2026-09-18T20:01:38.024+00:00,CREDITS,"100,000",100 000,1.0,,NEUTRAL,100000,,,,,,,,,,,,,,0,,wheelspin_lab/20260919_023755_1d4d8f4f/spin_000407/full.png,wheelspin_lab/20260919_023755_1d4d8f4f/spin_000407/slot_1.png,,
1220,20260919_023755_1d4d8f4f:000407,2,2026-09-18T20:01:38.024+00:00,CAR,PORSCHE 968 Turbo S,porsche 968 turbo s,0.55,,NEUTRAL,,,,PORSCHE 968,PORSCHE 968,,,,0,0,1,SELL,1.0,SELL,1,260000,wheelspin_lab/20260919_023755_1d4d8f4f/spin_000407/full.png,wheelspin_lab/20260919_023755_1d4d8f4f/spin_000407/slot_2.png,wheelspin_lab/20260919_023755_1d4d8f4f/20260919_023755_1d4d8f4f_000407/duplicate_050138_524386.png,1.0
1221,20260919_023755_1d4d8f4f:000407,3,2026-09-18T20:01:38.024+00:00,CREDITS,"25,000",25 000,1.0,,NEUTRAL,25000,,,,,,,,,,,,,,0,,wheelspin_lab/20260919_023755_1d4d8f4f/spin_000407/full.png,wheelspin_lab/20260919_023755_1d4d8f4f/spin_000407/slot_3.png,,
1222,20260919_023755_1d4d8f4f:000408,1,2026-09-18T20:01:45.329+00:00,CREDITS,"R 40,000",r 40 000,1.0,,OTHER,40000,,,,,,,,,,,,,,0,,wheelspin_lab/20260919_023755_1d4d8f4f/spin_000408/full.png,wheelspin_lab/20260919_023755_1d4d8f4f/spin_000408/slot_1.png,,
1223,20260919_023755_1d4d8f4f:000408,2,2026-09-18T20:01:45.329+00:00,CAR,1990 SUBARU LEGACY RS,1990 subaru legacy rs,0.78,,OTHER,,1990,SUBARU,LEGACY RS,SUBARU LEGACY RS,,,0,0,0,1,SELL,1.0,SELL,1,7500,wheelspin_lab/20260919_023755_1d4d8f4f/spin_000408/full.png,wheelspin_lab/20260919_023755_1d4d8f4f/spin_000408/slot_2.png,wheelspin_lab/20260919_023755_1d4d8f4f/20260919_023755_1d4d8f4f_000408/duplicate_050145_720321.png,1.0
1224,20260919_023755_1d4d8f4f:000408,3,2026-09-18T20:01:45.329+00:00,CREDITS,"p 20,000",p 20 000,1.0,,OTHER,20000,,,,,,,,,,,,,,0,,wheelspin_lab/20260919_023755_1d4d8f4f/spin_000408/full.png,wheelspin_lab/20260919_023755_1d4d8f4f/spin_000408/slot_3.png,,
1225,20260919_023755_1d4d8f4f:000409,1,2026-09-18T20:01:52.703+00:00,CREDITS,"15,000",15 000,1.0,,OTHER,15000,,,,,,,,,,,,,,0,,wheelspin_lab/20260919_023755_1d4d8f4f/spin_000409/full.png,wheelspin_lab/20260919_023755_1d4d8f4f/spin_000409/slot_1.png,,
1226,20260919_023755_1d4d8f4f:000409,2,2026-09-18T20:01:52.703+00:00,CREDITS,"12,000",12 000,1.0,,OTHER,12000,,,,,,,,,,,,,,0,,wheelspin_lab/20260919_023755_1d4d8f4f/spin_000409/full.png,wheelspin_lab/20260919_023755_1d4d8f4f/spin_000409/slot_2.png,,
1227,20260919_023755_1d4d8f4f:000409,3,2026-09-18T20:01:52.703+00:00,CREDITS,"R 20,000",r 20 000,1.0,,OTHER,20000,,,,,,,,,,,,,,0,,wheelspin_lab/20260919_023755_1d4d8f4f/spin_000409/full.png,wheelspin_lab/20260919_023755_1d4d8f4f/spin_000409/slot_3.png,,
1228,20260919_023755_1d4d8f4f:000410,1,2026-09-18T20:01:58.126+00:00,CREDITS,"20,000",20 000,1.0,,NEUTRAL,20000,,,,,,,,,,,,,,0,,wheelspin_lab/20260919_023755_1d4d8f4f/spin_000410/full.png,wheelspin_lab/20260919_023755_1d4d8f4f/spin_000410/slot_1.png,,
1229,20260919_023755_1d4d8f4f:000410,2,2026-09-18T20:01:58.126+00:00,CREDITS,"150,000",150 000,1.0,,NEUTRAL,150000,,,,,,,,,,,,,,0,,wheelspin_lab/20260919_023755_1d4d8f4f/spin_000410/full.png,wheelspin_lab/20260919_023755_1d4d8f4f/spin_000410/slot_2.png,,
1230,20260919_023755_1d4d8f4f:000410,3,2026-09-18T20:01:58.126+00:00,CREDITS,"100,000",100 000,1.0,,NEUTRAL,100000,,,,,,,,,,,,,,0,,wheelspin_lab/20260919_023755_1d4d8f4f/spin_000410/full.png,wheelspin_lab/20260919_023755_1d4d8f4f/spin_000410/slot_3.png,,
1231,20260919_023755_1d4d8f4f:000411,1,2026-09-18T20:02:03.516+00:00,CREDITS,"250,000 R)",250 000 r,1.0,,NEUTRAL,250000,,,,,,,,,,,,,,0,,wheelspin_lab/20260919_023755_1d4d8f4f/spin_000411/full.png,wheelspin_lab/20260919_023755_1d4d8f4f/spin_000411/slot_1.png,,
1232,20260919_023755_1d4d8f4f:000411,2,2026-09-18T20:02:03.516+00:00,CREDITS,"75,000",75 000,1.0,,NEUTRAL,75000,,,,,,,,,,,,,,0,,wheelspin_lab/20260919_023755_1d4d8f4f/spin_000411/full.png,wheelspin_lab/20260919_023755_1d4d8f4f/spin_000411/slot_2.png,,
1233,20260919_023755_1d4d8f4f:000411,3,2026-09-18T20:02:03.516+00:00,CREDITS,"15,000",15 000,1.0,,NEUTRAL,15000,,,,,,,,,,,,,,0,,wheelspin_lab/20260919_023755_1d4d8f4f/spin_000411/full.png,wheelspin_lab/20260919_023755_1d4d8f4f/spin_000411/slot_3.png,,
1234,20260919_023755_1d4d8f4f:000412,1,2026-09-18T20:02:09.200+00:00,CAR,1970 PORSCHE 917 LH Forza Edition SPEED SKILLS BOOST,1970 porsche 917 lh forza edition speed skills boost,0.78,,NEUTRAL,,1970,PORSCHE,917 LH FORZA EDITION SPEED SKILLS BOOST,PORSCHE 917 FE,,,1,0,0,1,SELL,1.0,SELL,1,625000,wheelspin_lab/20260919_023755_1d4d8f4f/spin_000412/full.png,wheelspin_lab/20260919_023755_1d4d8f4f/spin_000412/slot_1.png,wheelspin_lab/20260919_023755_1d4d8f4f/20260919_023755_1d4d8f4f_000412/duplicate_050209_618693.png,1.0
1235,20260919_023755_1d4d8f4f:000412,2,2026-09-18T20:02:09.201+00:00,CREDITS,"R 20,000",r 20 000,1.0,,OTHER,20000,,,,,,,,,,,,,,0,,wheelspin_lab/20260919_023755_1d4d8f4f/spin_000412/full.png,wheelspin_lab/20260919_023755_1d4d8f4f/spin_000412/slot_2.png,,
1236,20260919_023755_1d4d8f4f:000412,3,2026-09-18T20:02:09.201+00:00,CAR,2014 HSV GEN-F GTS,2014 hsv gen f gts,0.78,,NEUTRAL,,2014,HSV,GEN F GTS,HSV GEN F GTS,,,0,0,0,1,SELL,1.0,SELL,1,40500,wheelspin_lab/20260919_023755_1d4d8f4f/spin_000412/full.png,wheelspin_lab/20260919_023755_1d4d8f4f/spin_000412/slot_3.png,wheelspin_lab/20260919_023755_1d4d8f4f/20260919_023755_1d4d8f4f_000412/duplicate_050211_123036.png,1.0
1237,20260919_023755_1d4d8f4f:000413,1,2026-09-18T20:02:17.968+00:00,CREDITS,"150,000",150 000,1.0,,NEUTRAL,150000,,,,,,,,,,,,,,0,,wheelspin_lab/20260919_023755_1d4d8f4f/spin_000413/full.png,wheelspin_lab/20260919_023755_1d4d8f4f/spin_000413/slot_1.png,,
1238,20260919_023755_1d4d8f4f:000413,2,2026-09-18T20:02:17.968+00:00,CREDITS,"45,000",45 000,1.0,,NEUTRAL,45000,,,,,,,,,,,,,,0,,wheelspin_lab/20260919_023755_1d4d8f4f/spin_000413/full.png,wheelspin_lab/20260919_023755_1d4d8f4f/spin_000413/slot_2.png,,
1239,20260919_023755_1d4d8f4f:000413,3,2026-09-18T20:02:17.968+00:00,CREDITS,"10,000",10 000,1.0,,NEUTRAL,10000,,,,,,,,,,,,,,0,,wheelspin_lab/20260919_023755_1d4d8f4f/spin_000413/full.png,wheelspin_lab/20260919_023755_1d4d8f4f/spin_000413/slot_3.png,,
1240,20260919_023755_1d4d8f4f:000414,1,2026-09-18T20:02:23.484+00:00,CREDITS,"15,000",15 000,1.0,,PURPLE,15000,,,,,,,,,,,,,,0,,wheelspin_lab/20260919_023755_1d4d8f4f/spin_000414/full.png,wheelspin_lab/20260919_023755_1d4d8f4f/spin_000414/slot_1.png,,
1241,20260919_023755_1d4d8f4f:000414,2,2026-09-18T20:02:23.484+00:00,CREDITS,"R 45,000",r 45 000,1.0,,PURPLE,45000,,,,,,,,,,,,,,0,,wheelspin_lab/20260919_023755_1d4d8f4f/spin_000414/full.png,wheelspin_lab/20260919_023755_1d4d8f4f/spin_000414/slot_2.png,,
1242,20260919_023755_1d4d8f4f:000414,3,2026-09-18T20:02:23.484+00:00,CAR,1992 HONDA NSX-R,1992 honda nsx r,0.78,,PURPLE,,1992,HONDA,NSX R,HONDA NSX R 92,,,0,0,0,1,SELL,1.0,SELL,1,225000,wheelspin_lab/20260919_023755_1d4d8f4f/spin_000414/full.png,wheelspin_lab/20260919_023755_1d4d8f4f/spin_000414/slot_3.png,wheelspin_lab/20260919_023755_1d4d8f4f/20260919_023755_1d4d8f4f_000414/duplicate_050223_891497.png,1.0
1243,20260919_023755_1d4d8f4f:000415,1,2026-09-18T20:02:30.662+00:00,CAR,2008 SUBARU IMPREZA WRX STI,2008 subaru impreza wrx sti,0.78,,NEUTRAL,,2008,SUBARU,IMPREZA WRX STI,SUBARU WRX 08,,,0,0,0,1,SELL,1.0,SELL,1,13500,wheelspin_lab/20260919_023755_1d4d8f4f/spin_000415/full.png,wheelspin_lab/20260919_023755_1d4d8f4f/spin_000415/slot_1.png,wheelspin_lab/20260919_023755_1d4d8f4f/20260919_023755_1d4d8f4f_000415/duplicate_050231_052149.png,1.0
1244,20260919_023755_1d4d8f4f:000415,2,2026-09-18T20:02:30.662+00:00,CREDITS,"R 20,000",r 20 000,1.0,,OTHER,20000,,,,,,,,,,,,,,0,,wheelspin_lab/20260919_023755_1d4d8f4f/spin_000415/full.png,wheelspin_lab/20260919_023755_1d4d8f4f/spin_000415/slot_2.png,,
1245,20260919_023755_1d4d8f4f:000415,3,2026-09-18T20:02:30.662+00:00,CAR,2010 VOLKSWAGEN Golf R,2010 volkswagen golf r,0.78,,NEUTRAL,,2010,VOLKSWAGEN,GOLF R,VW GOLF R 10,,,0,0,0,1,SELL,1.0,SELL,1,10000,wheelspin_lab/20260919_023755_1d4d8f4f/spin_000415/full.png,wheelspin_lab/20260919_023755_1d4d8f4f/spin_000415/slot_3.png,wheelspin_lab/20260919_023755_1d4d8f4f/20260919_023755_1d4d8f4f_000415/duplicate_050232_828919.png,1.0
1246,20260919_023755_1d4d8f4f:000416,1,2026-09-18T20:02:39.957+00:00,CREDITS,"R 20,000",r 20 000,1.0,,NEUTRAL,20000,,,,,,,,,,,,,,0,,wheelspin_lab/20260919_023755_1d4d8f4f/spin_000416/full.png,wheelspin_lab/20260919_023755_1d4d8f4f/spin_000416/slot_1.png,,
1247,20260919_023755_1d4d8f4f:000416,2,2026-09-18T20:02:39.959+00:00,CREDITS,"R 20,000",r 20 000,1.0,,NEUTRAL,20000,,,,,,,,,,,,,,0,,wheelspin_lab/20260919_023755_1d4d8f4f/spin_000416/full.png,wheelspin_lab/20260919_023755_1d4d8f4f/spin_000416/slot_2.png,,
1248,20260919_023755_1d4d8f4f:000416,3,2026-09-18T20:02:39.959+00:00,CREDITS,"15,000",15 000,1.0,,NEUTRAL,15000,,,,,,,,,,,,,,0,,wheelspin_lab/20260919_023755_1d4d8f4f/spin_000416/full.png,wheelspin_lab/20260919_023755_1d4d8f4f/spin_000416/slot_3.png,,
1249,20260919_023755_1d4d8f4f:000417,1,2026-09-18T20:02:45.451+00:00,CREDITS,"200,000",200 000,1.0,,NEUTRAL,200000,,,,,,,,,,,,,,0,,wheelspin_lab/20260919_023755_1d4d8f4f/spin_000417/full.png,wheelspin_lab/20260919_023755_1d4d8f4f/spin_000417/slot_1.png,,
1250,20260919_023755_1d4d8f4f:000417,2,2026-09-18T20:02:45.451+00:00,CAR,FORD Mustang SVT Cobra R,ford mustang svt cobra r,0.55,,NEUTRAL,,,,FORD MUSTANG 93,FORD MUSTANG 93,,,,0,0,1,SELL,1.0,SELL,1,42000,wheelspin_lab/20260919_023755_1d4d8f4f/spin_000417/full.png,wheelspin_lab/20260919_023755_1d4d8f4f/spin_000417/slot_2.png,wheelspin_lab/20260919_023755_1d4d8f4f/20260919_023755_1d4d8f4f_000417/duplicate_050245_934215.png,1.0
1251,20260919_023755_1d4d8f4f:000417,3,2026-09-18T20:02:45.451+00:00,CAR,2003 BMW,2003 bmw,0.45,,NEUTRAL,,2003,BMW,BMW M5 03,BMW M5 03,,,0,0,0,1,SELL,1.0,SELL,1,23500,wheelspin_lab/20260919_023755_1d4d8f4f/spin_000417/full.png,wheelspin_lab/20260919_023755_1d4d8f4f/spin_000417/slot_3.png,wheelspin_lab/20260919_023755_1d4d8f4f/20260919_023755_1d4d8f4f_000417/duplicate_050247_402758.png,1.0
1252,20260919_023755_1d4d8f4f:000418,1,2026-09-18T20:02:54.356+00:00,CREDITS,"50,000",50 000,1.0,,NEUTRAL,50000,,,,,,,,,,,,,,0,,wheelspin_lab/20260919_023755_1d4d8f4f/spin_000418/full.png,wheelspin_lab/20260919_023755_1d4d8f4f/spin_000418/slot_1.png,,
1253,20260919_023755_1d4d8f4f:000418,2,2026-09-18T20:02:54.356+00:00,CAR,PORSCHE 944 Turbo,porsche 944 turbo,0.55,,NEUTRAL,,,,PORSCHE 944,PORSCHE 944,,,,0,0,1,SELL,1.0,SELL,1,15000,wheelspin_lab/20260919_023755_1d4d8f4f/spin_000418/full.png,wheelspin_lab/20260919_023755_1d4d8f4f/spin_000418/slot_2.png,wheelspin_lab/20260919_023755_1d4d8f4f/20260919_023755_1d4d8f4f_000418/duplicate_050254_771793.png,1.0
1254,20260919_023755_1d4d8f4f:000418,3,2026-09-18T20:02:54.356+00:00,CREDITS,"R 100,000",r 100 000,1.0,,NEUTRAL,100000,,,,,,,,,,,,,,0,,wheelspin_lab/20260919_023755_1d4d8f4f/spin_000418/full.png,wheelspin_lab/20260919_023755_1d4d8f4f/spin_000418/slot_3.png,,
1255,20260919_023755_1d4d8f4f:000419,1,2026-09-18T20:03:01.867+00:00,CAR,1994 SUBARU Vivio RX-R,1994 subaru vivio rx r,0.78,,PURPLE,,1994,SUBARU,VIVIO RX R,SUBARU VIVIO 94,,,0,0,0,1,SELL,1.0,SELL,1,5000,wheelspin_lab/20260919_023755_1d4d8f4f/spin_000419/full.png,wheelspin_lab/20260919_023755_1d4d8f4f/spin_000419/slot_1.png,wheelspin_lab/20260919_023755_1d4d8f4f/20260919_023755_1d4d8f4f_000419/duplicate_050302_350826.png,1.0
1256,20260919_023755_1d4d8f4f:000419,2,2026-09-18T20:03:01.867+00:00,CREDITS,"R 175,000",r 175 000,1.0,,PURPLE,175000,,,,,,,,,,,,,,0,,wheelspin_lab/20260919_023755_1d4d8f4f/spin_000419/full.png,wheelspin_lab/20260919_023755_1d4d8f4f/spin_000419/slot_2.png,,
1257,20260919_023755_1d4d8f4f:000419,3,2026-09-18T20:03:01.867+00:00,CREDITS,"200,000",200 000,1.0,,PURPLE,200000,,,,,,,,,,,,,,0,,wheelspin_lab/20260919_023755_1d4d8f4f/spin_000419/full.png,wheelspin_lab/20260919_023755_1d4d8f4f/spin_000419/slot_3.png,,
1258,20260919_023755_1d4d8f4f:000420,1,2026-09-18T20:03:09.071+00:00,CREDITS,"35,000",35 000,1.0,,OTHER,35000,,,,,,,,,,,,,,0,,wheelspin_lab/20260919_023755_1d4d8f4f/spin_000420/full.png,wheelspin_lab/20260919_023755_1d4d8f4f/spin_000420/slot_1.png,,
1259,20260919_023755_1d4d8f4f:000420,2,2026-09-18T20:03:09.071+00:00,CREDITS,"R 25,000",r 25 000,1.0,,OTHER,25000,,,,,,,,,,,,,,0,,wheelspin_lab/20260919_023755_1d4d8f4f/spin_000420/full.png,wheelspin_lab/20260919_023755_1d4d8f4f/spin_000420/slot_2.png,,
1260,20260919_023755_1d4d8f4f:000420,3,2026-09-18T20:03:09.071+00:00,CREDITS,"10,000",10 000,1.0,,OTHER,10000,,,,,,,,,,,,,,0,,wheelspin_lab/20260919_023755_1d4d8f4f/spin_000420/full.png,wheelspin_lab/20260919_023755_1d4d8f4f/spin_000420/slot_3.png,,
1261,20260919_023755_1d4d8f4f:000421,1,2026-09-18T20:03:14.592+00:00,CREDITS,"c 15,000",c 15 000,1.0,,GREEN,15000,,,,,,,,,,,,,,0,,wheelspin_lab/20260919_023755_1d4d8f4f/spin_000421/full.png,wheelspin_lab/20260919_023755_1d4d8f4f/spin_000421/slot_1.png,,
1262,20260919_023755_1d4d8f4f:000421,2,2026-09-18T20:03:14.592+00:00,CREDITS,"c 10,000",c 10 000,1.0,,GREEN,10000,,,,,,,,,,,,,,0,,wheelspin_lab/20260919_023755_1d4d8f4f/spin_000421/full.png,wheelspin_lab/20260919_023755_1d4d8f4f/spin_000421/slot_2.png,,
1263,20260919_023755_1d4d8f4f:000421,3,2026-09-18T20:03:14.592+00:00,CREDITS,"e 8,000",e 8 000,0.99,,GREEN,8000,,,,,,,,,,,,,,0,,wheelspin_lab/20260919_023755_1d4d8f4f/spin_000421/full.png,wheelspin_lab/20260919_023755_1d4d8f4f/spin_000421/slot_3.png,,
1264,20260919_023755_1d4d8f4f:000422,1,2026-09-18T20:03:19.904+00:00,CREDITS,"20,000",20 000,1.0,,OTHER,20000,,,,,,,,,,,,,,0,,wheelspin_lab/20260919_023755_1d4d8f4f/spin_000422/full.png,wheelspin_lab/20260919_023755_1d4d8f4f/spin_000422/slot_1.png,,
1265,20260919_023755_1d4d8f4f:000422,2,2026-09-18T20:03:19.904+00:00,CREDITS,"R 150,000",r 150 000,1.0,,NEUTRAL,150000,,,,,,,,,,,,,,0,,wheelspin_lab/20260919_023755_1d4d8f4f/spin_000422/full.png,wheelspin_lab/20260919_023755_1d4d8f4f/spin_000422/slot_2.png,,
1266,20260919_023755_1d4d8f4f:000422,3,2026-09-18T20:03:19.904+00:00,CAR,1990 MERCEDES-BENZ 2.5-16 Evolution II Forza CLEAN SKILLS BOOST,1990 mercedes benz 2 5 16 evolution ii forza clean skills boost,0.78,,NEUTRAL,,1990,MERCEDES,BENZ 2 5 16 EVOLUTION II FORZA CLEAN SKILLS BOOST,MB 190 EFE,,,0,0,0,1,SELL,1.0,SELL,1,375000,wheelspin_lab/20260919_023755_1d4d8f4f/spin_000422/full.png,wheelspin_lab/20260919_023755_1d4d8f4f/spin_000422/slot_3.png,wheelspin_lab/20260919_023755_1d4d8f4f/20260919_023755_1d4d8f4f_000422/duplicate_050320_336624.png,1.0
1267,20260919_023755_1d4d8f4f:000423,1,2026-09-18T20:03:27.324+00:00,CREDITS,"R 20,000",r 20 000,1.0,,OTHER,20000,,,,,,,,,,,,,,0,,wheelspin_lab/20260919_023755_1d4d8f4f/spin_000423/full.png,wheelspin_lab/20260919_023755_1d4d8f4f/spin_000423/slot_1.png,,
1268,20260919_023755_1d4d8f4f:000423,2,2026-09-18T20:03:27.324+00:00,CREDITS,"15,000",15 000,1.0,,OTHER,15000,,,,,,,,,,,,,,0,,wheelspin_lab/20260919_023755_1d4d8f4f/spin_000423/full.png,wheelspin_lab/20260919_023755_1d4d8f4f/spin_000423/slot_2.png,,
1269,20260919_023755_1d4d8f4f:000423,3,2026-09-18T20:03:27.324+00:00,CAR,2014 FORD 'V Limited Edition Pursuit U,2014 ford v limited edition pursuit u,0.78,,OTHER,,2014,FORD,V LIMITED EDITION PURSUIT U,FORD UTE 14,,,0,0,0,1,SELL,1.0,SELL,1,20000,wheelspin_lab/20260919_023755_1d4d8f4f/spin_000423/full.png,wheelspin_lab/20260919_023755_1d4d8f4f/spin_000423/slot_3.png,wheelspin_lab/20260919_023755_1d4d8f4f/20260919_023755_1d4d8f4f_000423/duplicate_050327_744717.png,1.0
1270,20260919_023755_1d4d8f4f:000424,1,2026-09-18T20:03:34.924+00:00,CREDITS,"35,000",35 000,1.0,,NEUTRAL,35000,,,,,,,,,,,,,,0,,wheelspin_lab/20260919_023755_1d4d8f4f/spin_000424/full.png,wheelspin_lab/20260919_023755_1d4d8f4f/spin_000424/slot_1.png,,
1271,20260919_023755_1d4d8f4f:000424,2,2026-09-18T20:03:34.924+00:00,CAR,2022 LAMBORGHINI Huracän Tecnica,2022 lamborghini hurac n tecnica,0.78,,NEUTRAL,,2022,LAMBORGHINI,HURACAN TECNICA,HURACEN TECNICA,,,0,1,1,1,KEEP,1.0,KEEP,1,,wheelspin_lab/20260919_023755_1d4d8f4f/spin_000424/full.png,wheelspin_lab/20260919_023755_1d4d8f4f/spin_000424/slot_2.png,wheelspin_lab/20260919_023755_1d4d8f4f/20260919_023755_1d4d8f4f_000424/duplicate_050335_333441.png,1.0
1272,20260919_023755_1d4d8f4f:000424,3,2026-09-18T20:03:34.924+00:00,CAR,2023 ACURA Integra A-Spec,2023 acura integra a spec,0.78,,NEUTRAL,,2023,ACURA,INTEGRA A SPEC,INTEGRA 23,,,0,0,0,1,SELL,1.0,SELL,1,18000,wheelspin_lab/20260919_023755_1d4d8f4f/spin_000424/full.png,wheelspin_lab/20260919_023755_1d4d8f4f/spin_000424/slot_3.png,wheelspin_lab/20260919_023755_1d4d8f4f/20260919_023755_1d4d8f4f_000424/duplicate_050336_500501.png,1.0
1273,20260919_023755_1d4d8f4f:000425,1,2026-09-18T20:03:43.491+00:00,CREDITS,"R 250,000",r 250 000,1.0,,OTHER,250000,,,,,,,,,,,,,,0,,wheelspin_lab/20260919_023755_1d4d8f4f/spin_000425/full.png,wheelspin_lab/20260919_023755_1d4d8f4f/spin_000425/slot_1.png,,
1274,20260919_023755_1d4d8f4f:000425,2,2026-09-18T20:03:43.492+00:00,CREDITS,"75,000",75 000,1.0,,OTHER,75000,,,,,,,,,,,,,,0,,wheelspin_lab/20260919_023755_1d4d8f4f/spin_000425/full.png,wheelspin_lab/20260919_023755_1d4d8f4f/spin_000425/slot_2.png,,
1275,20260919_023755_1d4d8f4f:000425,3,2026-09-18T20:03:43.492+00:00,CREDITS,"R 40,000",r 40 000,1.0,,OTHER,40000,,,,,,,,,,,,,,0,,wheelspin_lab/20260919_023755_1d4d8f4f/spin_000425/full.png,wheelspin_lab/20260919_023755_1d4d8f4f/spin_000425/slot_3.png,,
1276,20260919_023755_1d4d8f4f:000426,1,2026-09-18T20:03:49.039+00:00,CREDITS,"15,000",15 000,1.0,,PURPLE,15000,,,,,,,,,,,,,,0,,wheelspin_lab/20260919_023755_1d4d8f4f/spin_000426/full.png,wheelspin_lab/20260919_023755_1d4d8f4f/spin_000426/slot_1.png,,
1277,20260919_023755_1d4d8f4f:000426,2,2026-09-18T20:03:49.039+00:00,CREDITS,"200,000",200 000,1.0,,PURPLE,200000,,,,,,,,,,,,,,0,,wheelspin_lab/20260919_023755_1d4d8f4f/spin_000426/full.png,wheelspin_lab/20260919_023755_1d4d8f4f/spin_000426/slot_2.png,,
1278,20260919_023755_1d4d8f4f:000426,3,2026-09-18T20:03:49.039+00:00,CAR,2006 FORMULA DRIFT 43 Dodge Viper SRT-IO ACI,2006 formula drift 43 dodge viper srt io aci,0.78,,PURPLE,,2006,FORMULA,DRIFT 43 DODGE VIPER SRT IO ACI,43 DODGE VIPER,,,0,0,0,1,SELL,1.0,SELL,1,125000,wheelspin_lab/20260919_023755_1d4d8f4f/spin_000426/full.png,wheelspin_lab/20260919_023755_1d4d8f4f/spin_000426/slot_3.png,wheelspin_lab/20260919_023755_1d4d8f4f/20260919_023755_1d4d8f4f_000426/duplicate_050349_535516.png,1.0
1279,20260919_023755_1d4d8f4f:000427,1,2026-09-18T20:03:56.418+00:00,CREDITS,"95,000",95 000,1.0,,GREEN,95000,,,,,,,,,,,,,,0,,wheelspin_lab/20260919_023755_1d4d8f4f/spin_000427/full.png,wheelspin_lab/20260919_023755_1d4d8f4f/spin_000427/slot_1.png,,
1280,20260919_023755_1d4d8f4f:000427,2,2026-09-18T20:03:56.418+00:00,CREDITS,"95,000",95 000,1.0,,GREEN,95000,,,,,,,,,,,,,,0,,wheelspin_lab/20260919_023755_1d4d8f4f/spin_000427/full.png,wheelspin_lab/20260919_023755_1d4d8f4f/spin_000427/slot_2.png,,
1281,20260919_023755_1d4d8f4f:000427,3,2026-09-18T20:03:56.418+00:00,CAR,1996 CHEVROLET Impala Super Sport,1996 chevrolet impala super sport,0.78,,GREEN,,1996,CHEVROLET,IMPALA SUPER SPORT,CHEVY IMPALA 96,,,0,0,0,1,SELL,1.0,SELL,1,15000,wheelspin_lab/20260919_023755_1d4d8f4f/spin_000427/full.png,wheelspin_lab/20260919_023755_1d4d8f4f/spin_000427/slot_3.png,wheelspin_lab/20260919_023755_1d4d8f4f/20260919_023755_1d4d8f4f_000427/duplicate_050356_798412.png,1.0
1282,20260919_023755_1d4d8f4f:000428,1,2026-09-18T20:04:03.811+00:00,CREDITS,"15,000",15 000,1.0,,GREEN,15000,,,,,,,,,,,,,,0,,wheelspin_lab/20260919_023755_1d4d8f4f/spin_000428/full.png,wheelspin_lab/20260919_023755_1d4d8f4f/spin_000428/slot_1.png,,
1283,20260919_023755_1d4d8f4f:000428,2,2026-09-18T20:04:03.811+00:00,CREDITS,"12,000",12 000,1.0,,GREEN,12000,,,,,,,,,,,,,,0,,wheelspin_lab/20260919_023755_1d4d8f4f/spin_000428/full.png,wheelspin_lab/20260919_023755_1d4d8f4f/spin_000428/slot_2.png,,
1284,20260919_023755_1d4d8f4f:000428,3,2026-09-18T20:04:03.811+00:00,CREDITS,"15,000",15 000,1.0,,GREEN,15000,,,,,,,,,,,,,,0,,wheelspin_lab/20260919_023755_1d4d8f4f/spin_000428/full.png,wheelspin_lab/20260919_023755_1d4d8f4f/spin_000428/slot_3.png,,
1285,20260919_023755_1d4d8f4f:000429,1,2026-09-18T20:04:09.027+00:00,CREDITS,"R 20,000",r 20 000,1.0,,OTHER,20000,,,,,,,,,,,,,,0,,wheelspin_lab/20260919_023755_1d4d8f4f/spin_000429/full.png,wheelspin_lab/20260919_023755_1d4d8f4f/spin_000429/slot_1.png,,
1286,20260919_023755_1d4d8f4f:000429,2,2026-09-18T20:04:09.027+00:00,CREDITS,"0 5,000",0 5 000,0.99,,OTHER,5000,,,,,,,,,,,,,,0,,wheelspin_lab/20260919_023755_1d4d8f4f/spin_000429/full.png,wheelspin_lab/20260919_023755_1d4d8f4f/spin_000429/slot_2.png,,
1287,20260919_023755_1d4d8f4f:000429,3,2026-09-18T20:04:09.027+00:00,CAR,2018 MERCEDES-BENZ X-Class,2018 mercedes benz x class,0.78,,OTHER,,2018,MERCEDES,BENZ X CLASS,M B X CLASS,,,0,0,0,1,SELL,1.0,SELL,1,25000,wheelspin_lab/20260919_023755_1d4d8f4f/spin_000429/full.png,wheelspin_lab/20260919_023755_1d4d8f4f/spin_000429/slot_3.png,wheelspin_lab/20260919_023755_1d4d8f4f/20260919_023755_1d4d8f4f_000429/duplicate_050409_496717.png,1.0
1288,20260919_023755_1d4d8f4f:000430,1,2026-09-18T20:04:16.302+00:00,CREDITS,"25,000",25 000,1.0,,NEUTRAL,25000,,,,,,,,,,,,,,0,,wheelspin_lab/20260919_023755_1d4d8f4f/spin_000430/full.png,wheelspin_lab/20260919_023755_1d4d8f4f/spin_000430/slot_1.png,,
1289,20260919_023755_1d4d8f4f:000430,2,2026-09-18T20:04:16.302+00:00,CREDITS,"10,000",10 000,1.0,,NEUTRAL,10000,,,,,,,,,,,,,,0,,wheelspin_lab/20260919_023755_1d4d8f4f/spin_000430/full.png,wheelspin_lab/20260919_023755_1d4d8f4f/spin_000430/slot_2.png,,
1290,20260919_023755_1d4d8f4f:000430,3,2026-09-18T20:04:16.302+00:00,CREDITS,"15,000",15 000,1.0,,NEUTRAL,15000,,,,,,,,,,,,,,0,,wheelspin_lab/20260919_023755_1d4d8f4f/spin_000430/full.png,wheelspin_lab/20260919_023755_1d4d8f4f/spin_000430/slot_3.png,,
1291,20260919_023755_1d4d8f4f:000431,1,2026-09-18T20:04:21.740+00:00,CREDITS,"R 250,000",r 250 000,1.0,,OTHER,250000,,,,,,,,,,,,,,0,,wheelspin_lab/20260919_023755_1d4d8f4f/spin_000431/full.png,wheelspin_lab/20260919_023755_1d4d8f4f/spin_000431/slot_1.png,,
1292,20260919_023755_1d4d8f4f:000431,2,2026-09-18T20:04:21.740+00:00,CAR,2008 MITSUBISHI Lancer Evolution X GSR,2008 mitsubishi lancer evolution x gsr,0.78,,OTHER,,2008,MITSUBISHI,LANCER EVOLUTION X GSR,LANCER GSR 08,,,0,0,0,1,SELL,1.0,SELL,1,12500,wheelspin_lab/20260919_023755_1d4d8f4f/spin_000431/full.png,wheelspin_lab/20260919_023755_1d4d8f4f/spin_000431/slot_2.png,wheelspin_lab/20260919_023755_1d4d8f4f/20260919_023755_1d4d8f4f_000431/duplicate_050422_109798.png,1.0
1293,20260919_023755_1d4d8f4f:000431,3,2026-09-18T20:04:21.740+00:00,CREDITS,"10,000",10 000,1.0,,OTHER,10000,,,,,,,,,,,,,,0,,wheelspin_lab/20260919_023755_1d4d8f4f/spin_000431/full.png,wheelspin_lab/20260919_023755_1d4d8f4f/spin_000431/slot_3.png,,
1294,20260919_023755_1d4d8f4f:000432,1,2026-09-18T20:04:28.946+00:00,CREDITS,"R 80,000",r 80 000,1.0,,NEUTRAL,80000,,,,,,,,,,,,,,0,,wheelspin_lab/20260919_023755_1d4d8f4f/spin_000432/full.png,wheelspin_lab/20260919_023755_1d4d8f4f/spin_000432/slot_1.png,,
1295,20260919_023755_1d4d8f4f:000432,2,2026-09-18T20:04:28.946+00:00,CREDITS,"R 150,000",r 150 000,1.0,,NEUTRAL,150000,,,,,,,,,,,,,,0,,wheelspin_lab/20260919_023755_1d4d8f4f/spin_000432/full.png,wheelspin_lab/20260919_023755_1d4d8f4f/spin_000432/slot_2.png,,
1296,20260919_023755_1d4d8f4f:000432,3,2026-09-18T20:04:28.946+00:00,CAR,2022 MASERATI MC20,2022 maserati mc20,0.78,,NEUTRAL,,2022,MASERATI,MC20,MASERATI MC20,,,0,0,0,1,SELL,1.0,SELL,1,110000,wheelspin_lab/20260919_023755_1d4d8f4f/spin_000432/full.png,wheelspin_lab/20260919_023755_1d4d8f4f/spin_000432/slot_3.png,wheelspin_lab/20260919_023755_1d4d8f4f/20260919_023755_1d4d8f4f_000432/duplicate_050429_346514.png,1.0
1297,20260919_023755_1d4d8f4f:000433,1,2026-09-18T20:04:36.846+00:00,CREDITS,"e 8,000",e 8 000,0.99,,BLUE,8000,,,,,,,,,,,,,,0,,wheelspin_lab/20260919_023755_1d4d8f4f/spin_000433/full.png,wheelspin_lab/20260919_023755_1d4d8f4f/spin_000433/slot_1.png,,
1298,20260919_023755_1d4d8f4f:000433,2,2026-09-18T20:04:36.846+00:00,CREDITS,"80,000",80 000,1.0,,BLUE,80000,,,,,,,,,,,,,,0,,wheelspin_lab/20260919_023755_1d4d8f4f/spin_000433/full.png,wheelspin_lab/20260919_023755_1d4d8f4f/spin_000433/slot_2.png,,
1299,20260919_023755_1d4d8f4f:000433,3,2026-09-18T20:04:36.846+00:00,CREDITS,"c 15,000",c 15 000,1.0,,BLUE,15000,,,,,,,,,,,,,,0,,wheelspin_lab/20260919_023755_1d4d8f4f/spin_000433/full.png,wheelspin_lab/20260919_023755_1d4d8f4f/spin_000433/slot_3.png,,
1300,20260919_023755_1d4d8f4f:000434,1,2026-09-18T20:04:42.350+00:00,CREDITS,"95,000",95 000,1.0,,GREEN,95000,,,,,,,,,,,,,,0,,wheelspin_lab/20260919_023755_1d4d8f4f/spin_000434/full.png,wheelspin_lab/20260919_023755_1d4d8f4f/spin_000434/slot_1.png,,
1301,20260919_023755_1d4d8f4f:000434,2,2026-09-18T20:04:42.350+00:00,CREDITS,"20,000",20 000,1.0,,GREEN,20000,,,,,,,,,,,,,,0,,wheelspin_lab/20260919_023755_1d4d8f4f/spin_000434/full.png,wheelspin_lab/20260919_023755_1d4d8f4f/spin_000434/slot_2.png,,
1302,20260919_023755_1d4d8f4f:000434,3,2026-09-18T20:04:42.350+00:00,CREDITS,"0 5,000",0 5 000,0.99,,GREEN,5000,,,,,,,,,,,,,,0,,wheelspin_lab/20260919_023755_1d4d8f4f/spin_000434/full.png,wheelspin_lab/20260919_023755_1d4d8f4f/spin_000434/slot_3.png,,
1303,20260919_023755_1d4d8f4f:000435,1,2026-09-18T20:04:47.488+00:00,CREDITS,"15,000",15 000,1.0,,NEUTRAL,15000,,,,,,,,,,,,,,0,,wheelspin_lab/20260919_023755_1d4d8f4f/spin_000435/full.png,wheelspin_lab/20260919_023755_1d4d8f4f/spin_000435/slot_1.png,,
1304,20260919_023755_1d4d8f4f:000435,2,2026-09-18T20:04:47.488+00:00,CAR,Focus RS,focus rs,0.55,,NEUTRAL,,,,FORD FOCUS 03,FORD FOCUS 03,,,,0,0,1,SELL,1.0,SELL,1,17500,wheelspin_lab/20260919_023755_1d4d8f4f/spin_000435/full.png,wheelspin_lab/20260919_023755_1d4d8f4f/spin_000435/slot_2.png,wheelspin_lab/20260919_023755_1d4d8f4f/20260919_023755_1d4d8f4f_000435/duplicate_050447_884178.png,1.0
1305,20260919_023755_1d4d8f4f:000435,3,2026-09-18T20:04:47.488+00:00,CREDITS,"50,000",50 000,1.0,,NEUTRAL,50000,,,,,,,,,,,,,,0,,wheelspin_lab/20260919_023755_1d4d8f4f/spin_000435/full.png,wheelspin_lab/20260919_023755_1d4d8f4f/spin_000435/slot_3.png,,
1306,20260919_023755_1d4d8f4f:000436,1,2026-09-18T20:04:55.069+00:00,CREDITS,"R 10,000",r 10 000,1.0,,NEUTRAL,10000,,,,,,,,,,,,,,0,,wheelspin_lab/20260919_023755_1d4d8f4f/spin_000436/full.png,wheelspin_lab/20260919_023755_1d4d8f4f/spin_000436/slot_1.png,,
1307,20260919_023755_1d4d8f4f:000436,2,2026-09-18T20:04:55.070+00:00,CREDITS,"15,000",15 000,1.0,,NEUTRAL,15000,,,,,,,,,,,,,,0,,wheelspin_lab/20260919_023755_1d4d8f4f/spin_000436/full.png,wheelspin_lab/20260919_023755_1d4d8f4f/spin_000436/slot_2.png,,
1308,20260919_023755_1d4d8f4f:000436,3,2026-09-18T20:04:55.070+00:00,CREDITS,"R 150,000",r 150 000,1.0,,NEUTRAL,150000,,,,,,,,,,,,,,0,,wheelspin_lab/20260919_023755_1d4d8f4f/spin_000436/full.png,wheelspin_lab/20260919_023755_1d4d8f4f/spin_000436/slot_3.png,,
1309,20260919_023755_1d4d8f4f:000437,1,2026-09-18T20:05:00.446+00:00,CREDITS,"15,000 CR",15 000 cr,1.0,,NEUTRAL,15000,,,,,,,,,,,,,,0,,wheelspin_lab/20260919_023755_1d4d8f4f/spin_000437/full.png,wheelspin_lab/20260919_023755_1d4d8f4f/spin_000437/slot_1.png,,
1310,20260919_023755_1d4d8f4f:000437,2,2026-09-18T20:05:00.446+00:00,CAR,Fairlady Z 432,fairlady z 432,0.55,,NEUTRAL,,,,FAIRLADY Z 69,FAIRLADY Z 69,,,,0,0,1,SELL,1.0,SELL,1,125000,wheelspin_lab/20260919_023755_1d4d8f4f/spin_000437/full.png,wheelspin_lab/20260919_023755_1d4d8f4f/spin_000437/slot_2.png,wheelspin_lab/20260919_023755_1d4d8f4f/20260919_023755_1d4d8f4f_000437/duplicate_050500_864063.png,1.0
1311,20260919_023755_1d4d8f4f:000437,3,2026-09-18T20:05:00.446+00:00,CAR,2017 ALFA ROMEO Giulia Quadrifoglio,2017 alfa romeo giulia quadrifoglio,0.78,,NEUTRAL,,2017,ALFA,ROMEO GIULIA QUADRIFOGLIO,ALFA GIULIA 17,,,0,0,0,1,SELL,1.0,SELL,1,22500,wheelspin_lab/20260919_023755_1d4d8f4f/spin_000437/full.png,wheelspin_lab/20260919_023755_1d4d8f4f/spin_000437/slot_3.png,wheelspin_lab/20260919_023755_1d4d8f4f/20260919_023755_1d4d8f4f_000437/duplicate_050502_449278.png,1.0
1312,20260919_023755_1d4d8f4f:000438,1,2026-09-18T20:05:09.386+00:00,CREDITS,"35,000",35 000,1.0,,PURPLE,35000,,,,,,,,,,,,,,0,,wheelspin_lab/20260919_023755_1d4d8f4f/spin_000438/full.png,wheelspin_lab/20260919_023755_1d4d8f4f/spin_000438/slot_1.png,,
1313,20260919_023755_1d4d8f4f:000438,2,2026-09-18T20:05:09.386+00:00,CAR,1986 FORD -150 XLT Lariat Forza Editio STUNT SKILLS BOOST,1986 ford 150 xlt lariat forza editio stunt skills boost,0.78,,PURPLE,,1986,FORD,150 XLT LARIAT FORZA EDITIO STUNT SKILLS BOOST,FORD F 150 FE,,,0,0,0,1,SELL,1.0,SELL,1,250000,wheelspin_lab/20260919_023755_1d4d8f4f/spin_000438/full.png,wheelspin_lab/20260919_023755_1d4d8f4f/spin_000438/slot_2.png,wheelspin_lab/20260919_023755_1d4d8f4f/20260919_023755_1d4d8f4f_000438/duplicate_050509_893813.png,1.0
1314,20260919_023755_1d4d8f4f:000438,3,2026-09-18T20:05:09.386+00:00,CREDITS,"0 5,000",0 5 000,0.99,,PURPLE,5000,,,,,,,,,,,,,,0,,wheelspin_lab/20260919_023755_1d4d8f4f/spin_000438/full.png,wheelspin_lab/20260919_023755_1d4d8f4f/spin_000438/slot_3.png,,
1315,20260919_023755_1d4d8f4f:000439,1,2026-09-18T20:05:16.633+00:00,CREDITS,"20,000",20 000,1.0,,OTHER,20000,,,,,,,,,,,,,,0,,wheelspin_lab/20260919_023755_1d4d8f4f/spin_000439/full.png,wheelspin_lab/20260919_023755_1d4d8f4f/spin_000439/slot_1.png,,
1316,20260919_023755_1d4d8f4f:000439,2,2026-09-18T20:05:16.633+00:00,CAR,2000 FORD Mustang SVT Cobra R,2000 ford mustang svt cobra r,0.78,,OTHER,,2000,FORD,MUSTANG SVT COBRA R,FORD MUSTANG 00,,,0,0,0,1,SELL,1.0,SELL,1,76500,wheelspin_lab/20260919_023755_1d4d8f4f/spin_000439/full.png,wheelspin_lab/20260919_023755_1d4d8f4f/spin_000439/slot_2.png,wheelspin_lab/20260919_023755_1d4d8f4f/20260919_023755_1d4d8f4f_000439/duplicate_050517_058426.png,1.0
1317,20260919_023755_1d4d8f4f:000439,3,2026-09-18T20:05:16.634+00:00,CAR,1980 ABARTH Fiat 131,1980 abarth fiat 131,0.78,,OTHER,,1980,ABARTH,FIAT 131,ABARTH 131,,,0,0,0,1,SELL,1.0,SELL,1,62500,wheelspin_lab/20260919_023755_1d4d8f4f/spin_000439/full.png,wheelspin_lab/20260919_023755_1d4d8f4f/spin_000439/slot_3.png,wheelspin_lab/20260919_023755_1d4d8f4f/20260919_023755_1d4d8f4f_000439/duplicate_050518_660604.png,1.0
1318,20260919_023755_1d4d8f4f:000440,1,2026-09-18T20:05:25.736+00:00,CREDITS,"R 50,000",r 50 000,1.0,,BLUE,50000,,,,,,,,,,,,,,0,,wheelspin_lab/20260919_023755_1d4d8f4f/spin_000440/full.png,wheelspin_lab/20260919_023755_1d4d8f4f/spin_000440/slot_1.png,,
1319,20260919_023755_1d4d8f4f:000440,2,2026-09-18T20:05:25.736+00:00,CREDITS,"R 20,000",r 20 000,1.0,,OTHER,20000,,,,,,,,,,,,,,0,,wheelspin_lab/20260919_023755_1d4d8f4f/spin_000440/full.png,wheelspin_lab/20260919_023755_1d4d8f4f/spin_000440/slot_2.png,,
1320,20260919_023755_1d4d8f4f:000440,3,2026-09-18T20:05:25.736+00:00,CREDITS,"15,000",15 000,1.0,,OTHER,15000,,,,,,,,,,,,,,0,,wheelspin_lab/20260919_023755_1d4d8f4f/spin_000440/full.png,wheelspin_lab/20260919_023755_1d4d8f4f/spin_000440/slot_3.png,,
1321,20260919_023755_1d4d8f4f:000441,1,2026-09-18T20:05:31.052+00:00,CREDITS,"R 45,000",r 45 000,1.0,,OTHER,45000,,,,,,,,,,,,,,0,,wheelspin_lab/20260919_023755_1d4d8f4f/spin_000441/full.png,wheelspin_lab/20260919_023755_1d4d8f4f/spin_000441/slot_1.png,,
1322,20260919_023755_1d4d8f4f:000441,2,2026-09-18T20:05:31.052+00:00,CREDITS,"15,000",15 000,1.0,,OTHER,15000,,,,,,,,,,,,,,0,,wheelspin_lab/20260919_023755_1d4d8f4f/spin_000441/full.png,wheelspin_lab/20260919_023755_1d4d8f4f/spin_000441/slot_2.png,,
1323,20260919_023755_1d4d8f4f:000441,3,2026-09-18T20:05:31.052+00:00,CREDITS,"250,000",250 000,1.0,,OTHER,250000,,,,,,,,,,,,,,0,,wheelspin_lab/20260919_023755_1d4d8f4f/spin_000441/full.png,wheelspin_lab/20260919_023755_1d4d8f4f/spin_000441/slot_3.png,,
1324,20260919_023755_1d4d8f4f:000442,1,2026-09-18T20:05:36.814+00:00,CREDITS,"95,000",95 000,1.0,,GREEN,95000,,,,,,,,,,,,,,0,,wheelspin_lab/20260919_023755_1d4d8f4f/spin_000442/full.png,wheelspin_lab/20260919_023755_1d4d8f4f/spin_000442/slot_1.png,,
1325,20260919_023755_1d4d8f4f:000442,2,2026-09-18T20:05:36.814+00:00,CREDITS,"c 10,000",c 10 000,1.0,,GREEN,10000,,,,,,,,,,,,,,0,,wheelspin_lab/20260919_023755_1d4d8f4f/spin_000442/full.png,wheelspin_lab/20260919_023755_1d4d8f4f/spin_000442/slot_2.png,,
1326,20260919_023755_1d4d8f4f:000442,3,2026-09-18T20:05:36.814+00:00,CAR,2016 CADILLAC ATS-V,2016 cadillac ats v,0.78,,GREEN,,2016,CADILLAC,ATS V,CADDY ATS V,,,0,0,0,1,SELL,1.0,SELL,1,20500,wheelspin_lab/20260919_023755_1d4d8f4f/spin_000442/full.png,wheelspin_lab/20260919_023755_1d4d8f4f/spin_000442/slot_3.png,wheelspin_lab/20260919_023755_1d4d8f4f/20260919_023755_1d4d8f4f_000442/duplicate_050537_212495.png,1.0
1327,20260919_023755_1d4d8f4f:000443,1,2026-09-18T20:05:44.331+00:00,CREDITS,"175,000",175 000,1.0,,PURPLE,175000,,,,,,,,,,,,,,0,,wheelspin_lab/20260919_023755_1d4d8f4f/spin_000443/full.png,wheelspin_lab/20260919_023755_1d4d8f4f/spin_000443/slot_1.png,,
1328,20260919_023755_1d4d8f4f:000443,2,2026-09-18T20:05:44.331+00:00,CREDITS,"10,000",10 000,1.0,,OTHER,10000,,,,,,,,,,,,,,0,,wheelspin_lab/20260919_023755_1d4d8f4f/spin_000443/full.png,wheelspin_lab/20260919_023755_1d4d8f4f/spin_000443/slot_2.png,,
1329,20260919_023755_1d4d8f4f:000443,3,2026-09-18T20:05:44.331+00:00,CAR,2020 FORD I F-450 DRW PLATINUM Fo DESTRUCTION SKILLS BOOST,2020 ford i f 450 drw platinum fo destruction skills boost,0.78,,PURPLE,,2020,FORD,I F 450 DRW PLATINUM FO DESTRUCTION SKILLS BOOST,FORD F 450 FE,,,0,0,0,1,SELL,1.0,SELL,1,250000,wheelspin_lab/20260919_023755_1d4d8f4f/spin_000443/full.png,wheelspin_lab/20260919_023755_1d4d8f4f/spin_000443/slot_3.png,wheelspin_lab/20260919_023755_1d4d8f4f/20260919_023755_1d4d8f4f_000443/duplicate_050544_752360.png,1.0
1330,20260919_023755_1d4d8f4f:000444,1,2026-09-18T20:05:51.911+00:00,CREDITS,"R 45,000",r 45 000,1.0,,OTHER,45000,,,,,,,,,,,,,,0,,wheelspin_lab/20260919_023755_1d4d8f4f/spin_000444/full.png,wheelspin_lab/20260919_023755_1d4d8f4f/spin_000444/slot_1.png,,
1331,20260919_023755_1d4d8f4f:000444,2,2026-09-18T20:05:51.911+00:00,CAR,2005 SUBARU IMPREZA WRX STI,2005 subaru impreza wrx sti,0.78,,OTHER,,2005,SUBARU,IMPREZA WRX STI,SUBARU WRX 05,,,0,0,0,1,SELL,1.0,SELL,1,17500,wheelspin_lab/20260919_023755_1d4d8f4f/spin_000444/full.png,wheelspin_lab/20260919_023755_1d4d8f4f/spin_000444/slot_2.png,wheelspin_lab/20260919_023755_1d4d8f4f/20260919_023755_1d4d8f4f_000444/duplicate_050552_300507.png,1.0
1332,20260919_023755_1d4d8f4f:000444,3,2026-09-18T20:05:51.911+00:00,CREDITS,"R 50,000",r 50 000,1.0,,BLUE,50000,,,,,,,,,,,,,,0,,wheelspin_lab/20260919_023755_1d4d8f4f/spin_000444/full.png,wheelspin_lab/20260919_023755_1d4d8f4f/spin_000444/slot_3.png,,
1333,20260919_023755_1d4d8f4f:000445,1,2026-09-18T20:05:59.486+00:00,CREDITS,"R 40,000",r 40 000,1.0,,OTHER,40000,,,,,,,,,,,,,,0,,wheelspin_lab/20260919_023755_1d4d8f4f/spin_000445/full.png,wheelspin_lab/20260919_023755_1d4d8f4f/spin_000445/slot_1.png,,
1334,20260919_023755_1d4d8f4f:000445,2,2026-09-18T20:05:59.486+00:00,CREDITS,"15,000",15 000,1.0,,OTHER,15000,,,,,,,,,,,,,,0,,wheelspin_lab/20260919_023755_1d4d8f4f/spin_000445/full.png,wheelspin_lab/20260919_023755_1d4d8f4f/spin_000445/slot_2.png,,
1335,20260919_023755_1d4d8f4f:000445,3,2026-09-18T20:05:59.486+00:00,CAR,1970 DATSUN 510,1970 datsun 510,0.78,,OTHER,,1970,DATSUN,510,DATSUN 510,,,0,0,0,1,SELL,1.0,SELL,1,43000,wheelspin_lab/20260919_023755_1d4d8f4f/spin_000445/full.png,wheelspin_lab/20260919_023755_1d4d8f4f/spin_000445/slot_3.png,wheelspin_lab/20260919_023755_1d4d8f4f/20260919_023755_1d4d8f4f_000445/duplicate_050559_884837.png,1.0
1336,20260919_023755_1d4d8f4f:000446,1,2026-09-18T20:06:06.844+00:00,CAR,1968 DODGE Dart HEMI super Stock,1968 dodge dart hemi super stock,1.0,,OTHER,,1968,Dodge,Dart HEMI Super Stock,DODGE DART 68,,,0,0,0,1,SELL,1.0,SELL,1,150000,wheelspin_lab/20260919_023755_1d4d8f4f/spin_000446/full.png,wheelspin_lab/20260919_023755_1d4d8f4f/spin_000446/slot_1.png,wheelspin_lab/20260919_023755_1d4d8f4f/20260919_023755_1d4d8f4f_000446/duplicate_050607_236876.png,1.0
1337,20260919_023755_1d4d8f4f:000446,2,2026-09-18T20:06:06.844+00:00,CREDITS,"75,000",75 000,1.0,,OTHER,75000,,,,,,,,,,,,,,0,,wheelspin_lab/20260919_023755_1d4d8f4f/spin_000446/full.png,wheelspin_lab/20260919_023755_1d4d8f4f/spin_000446/slot_2.png,,
1338,20260919_023755_1d4d8f4f:000446,3,2026-09-18T20:06:06.844+00:00,CAR,2019 HENNESSEY :ord F-150 VelociRaptor,2019 hennessey ord f 150 velociraptor,0.78,,OTHER,,2019,HENNESSEY,ORD F 150 VELOCIRAPTOR,VELOCIRAPTOR 19,,,0,0,0,1,SELL,1.0,SELL,1,187500,wheelspin_lab/20260919_023755_1d4d8f4f/spin_000446/full.png,wheelspin_lab/20260919_023755_1d4d8f4f/spin_000446/slot_3.png,wheelspin_lab/20260919_023755_1d4d8f4f/20260919_023755_1d4d8f4f_000446/duplicate_050608_794139.png,1.0
1339,20260919_023755_1d4d8f4f:000447,1,2026-09-18T20:06:15.937+00:00,CREDITS,"95,000",95 000,1.0,,GREEN,95000,,,,,,,,,,,,,,0,,wheelspin_lab/20260919_023755_1d4d8f4f/spin_000447/full.png,wheelspin_lab/20260919_023755_1d4d8f4f/spin_000447/slot_1.png,,
1340,20260919_023755_1d4d8f4f:000447,2,2026-09-18T20:06:15.937+00:00,CREDITS,"925,000",925 000,1.0,,GREEN,925000,,,,,,,,,,,,,,0,,wheelspin_lab/20260919_023755_1d4d8f4f/spin_000447/full.png,wheelspin_lab/20260919_023755_1d4d8f4f/spin_000447/slot_2.png,,
1341,20260919_023755_1d4d8f4f:000447,3,2026-09-18T20:06:15.937+00:00,CREDITS,"0 5,000",0 5 000,0.99,,GREEN,5000,,,,,,,,,,,,,,0,,wheelspin_lab/20260919_023755_1d4d8f4f/spin_000447/full.png,wheelspin_lab/20260919_023755_1d4d8f4f/spin_000447/slot_3.png,,
1342,20260919_023755_1d4d8f4f:000448,1,2026-09-18T20:06:21.006+00:00,CREDITS,"35,000",35 000,1.0,,NEUTRAL,35000,,,,,,,,,,,,,,0,,wheelspin_lab/20260919_023755_1d4d8f4f/spin_000448/full.png,wheelspin_lab/20260919_023755_1d4d8f4f/spin_000448/slot_1.png,,
1343,20260919_023755_1d4d8f4f:000448,2,2026-09-18T20:06:21.006+00:00,CAR,1969 CHEVROLET Camaro Super Sport Coupe,1969 chevrolet camaro super sport coupe,0.78,,NEUTRAL,,1969,CHEVROLET,CAMARO SUPER SPORT COUPE,CHEVY CAMARO 69,,,0,0,0,1,SELL,1.0,SELL,1,37500,wheelspin_lab/20260919_023755_1d4d8f4f/spin_000448/full.png,wheelspin_lab/20260919_023755_1d4d8f4f/spin_000448/slot_2.png,wheelspin_lab/20260919_023755_1d4d8f4f/20260919_023755_1d4d8f4f_000448/duplicate_050621_422180.png,1.0
1344,20260919_023755_1d4d8f4f:000448,3,2026-09-18T20:06:21.006+00:00,CREDITS,"R 12,000",r 12 000,1.0,,NEUTRAL,12000,,,,,,,,,,,,,,0,,wheelspin_lab/20260919_023755_1d4d8f4f/spin_000448/full.png,wheelspin_lab/20260919_023755_1d4d8f4f/spin_000448/slot_3.png,,
1345,20260919_023755_1d4d8f4f:000449,1,2026-09-18T20:06:28.407+00:00,CAR,•ERCEJ±S-BEUZ X-Class,ercej s beuz x class,0.55,,NEUTRAL,,,,M B X CLASS,M B X CLASS,,,,0,0,1,SELL,1.0,SELL,1,25000,wheelspin_lab/20260919_023755_1d4d8f4f/spin_000449/full.png,wheelspin_lab/20260919_023755_1d4d8f4f/spin_000449/slot_1.png,wheelspin_lab/20260919_023755_1d4d8f4f/20260919_023755_1d4d8f4f_000449/duplicate_050628_784483.png,1.0
1346,20260919_023755_1d4d8f4f:000449,2,2026-09-18T20:06:28.407+00:00,CREDITS,"40,000",40 000,1.0,,NEUTRAL,40000,,,,,,,,,,,,,,0,,wheelspin_lab/20260919_023755_1d4d8f4f/spin_000449/full.png,wheelspin_lab/20260919_023755_1d4d8f4f/spin_000449/slot_2.png,,
1347,20260919_023755_1d4d8f4f:000449,3,2026-09-18T20:06:28.407+00:00,CREDITS,"15,000",15 000,1.0,,NEUTRAL,15000,,,,,,,,,,,,,,0,,wheelspin_lab/20260919_023755_1d4d8f4f/spin_000449/full.png,wheelspin_lab/20260919_023755_1d4d8f4f/spin_000449/slot_3.png,,
1348,20260919_023755_1d4d8f4f:000450,1,2026-09-18T20:06:35.726+00:00,CAR,488 Pista,488 pista,0.55,,NEUTRAL,,,,488 PISTA 19,488 PISTA 19,,,,0,0,1,SELL,1.0,SELL,1,358000,wheelspin_lab/20260919_023755_1d4d8f4f/spin_000450/full.png,wheelspin_lab/20260919_023755_1d4d8f4f/spin_000450/slot_1.png,wheelspin_lab/20260919_023755_1d4d8f4f/20260919_023755_1d4d8f4f_000450/duplicate_050636_169044.png,1.0
1349,20260919_023755_1d4d8f4f:000450,2,2026-09-18T20:06:35.726+00:00,CREDITS,"5,000",5 000,1.0,,NEUTRAL,5000,,,,,,,,,,,,,,0,,wheelspin_lab/20260919_023755_1d4d8f4f/spin_000450/full.png,wheelspin_lab/20260919_023755_1d4d8f4f/spin_000450/slot_2.png,,
1350,20260919_023755_1d4d8f4f:000450,3,2026-09-18T20:06:35.726+00:00,CAR,RENAULT Clio Williams,renault clio williams,0.55,,NEUTRAL,,,,RENAULT CLIO 93,RENAULT CLIO 93,,,,0,0,1,SELL,1.0,SELL,1,15000,wheelspin_lab/20260919_023755_1d4d8f4f/spin_000450/full.png,wheelspin_lab/20260919_023755_1d4d8f4f/spin_000450/slot_3.png,wheelspin_lab/20260919_023755_1d4d8f4f/20260919_023755_1d4d8f4f_000450/duplicate_050637_510896.png,1.0
1351,20260919_023755_1d4d8f4f:000451,1,2026-09-18T20:06:44.609+00:00,CAR,2013 TOYOTA 86,2013 toyota 86,0.78,,OTHER,,2013,TOYOTA,86,TOYOTA 86,,,0,0,0,1,SELL,1.0,SELL,1,7500,wheelspin_lab/20260919_023755_1d4d8f4f/spin_000451/full.png,wheelspin_lab/20260919_023755_1d4d8f4f/spin_000451/slot_1.png,wheelspin_lab/20260919_023755_1d4d8f4f/20260919_023755_1d4d8f4f_000451/duplicate_050644_986327.png,1.0
1352,20260919_023755_1d4d8f4f:000451,2,2026-09-18T20:06:44.609+00:00,CREDITS,"R 20,000",r 20 000,1.0,,OTHER,20000,,,,,,,,,,,,,,0,,wheelspin_lab/20260919_023755_1d4d8f4f/spin_000451/full.png,wheelspin_lab/20260919_023755_1d4d8f4f/spin_000451/slot_2.png,,
1353,20260919_023755_1d4d8f4f:000451,3,2026-09-18T20:06:44.609+00:00,CREDITS,"250,000",250 000,1.0,,OTHER,250000,,,,,,,,,,,,,,0,,wheelspin_lab/20260919_023755_1d4d8f4f/spin_000451/full.png,wheelspin_lab/20260919_023755_1d4d8f4f/spin_000451/slot_3.png,,
1354,20260919_023755_1d4d8f4f:000452,1,2026-09-18T20:06:52.033+00:00,CAR,2005 BMVV,2005 bmvv,0.45,,OTHER,,2005,BMVV,BMW M3 05,BMW M3 05,,,0,0,0,1,SELL,1.0,SELL,1,17500,wheelspin_lab/20260919_023755_1d4d8f4f/spin_000452/full.png,wheelspin_lab/20260919_023755_1d4d8f4f/spin_000452/slot_1.png,wheelspin_lab/20260919_023755_1d4d8f4f/20260919_023755_1d4d8f4f_000452/duplicate_050652_418986.png,1.0
1355,20260919_023755_1d4d8f4f:000452,2,2026-09-18T20:06:52.033+00:00,CREDITS,"R 175,000",r 175 000,1.0,,PURPLE,175000,,,,,,,,,,,,,,0,,wheelspin_lab/20260919_023755_1d4d8f4f/spin_000452/full.png,wheelspin_lab/20260919_023755_1d4d8f4f/spin_000452/slot_2.png,,
1356,20260919_023755_1d4d8f4f:000452,3,2026-09-18T20:06:52.033+00:00,CREDITS,"15,000",15 000,1.0,,PURPLE,15000,,,,,,,,,,,,,,0,,wheelspin_lab/20260919_023755_1d4d8f4f/spin_000452/full.png,wheelspin_lab/20260919_023755_1d4d8f4f/spin_000452/slot_3.png,,
1357,20260919_023755_1d4d8f4f:000453,1,2026-09-18T20:06:59.582+00:00,CREDITS,"95,000",95 000,1.0,,GREEN,95000,,,,,,,,,,,,,,0,,wheelspin_lab/20260919_023755_1d4d8f4f/spin_000453/full.png,wheelspin_lab/20260919_023755_1d4d8f4f/spin_000453/slot_1.png,,
1358,20260919_023755_1d4d8f4f:000453,2,2026-09-18T20:06:59.582+00:00,CREDITS,"95,000",95 000,1.0,,GREEN,95000,,,,,,,,,,,,,,0,,wheelspin_lab/20260919_023755_1d4d8f4f/spin_000453/full.png,wheelspin_lab/20260919_023755_1d4d8f4f/spin_000453/slot_2.png,,
1359,20260919_023755_1d4d8f4f:000453,3,2026-09-18T20:06:59.583+00:00,CREDITS,"20,000",20 000,1.0,,GREEN,20000,,,,,,,,,,,,,,0,,wheelspin_lab/20260919_023755_1d4d8f4f/spin_000453/full.png,wheelspin_lab/20260919_023755_1d4d8f4f/spin_000453/slot_3.png,,
1360,20260919_023755_1d4d8f4f:000454,1,2026-09-18T20:07:05.177+00:00,CREDITS,"920,000",920 000,1.0,,GREEN,920000,,,,,,,,,,,,,,0,,wheelspin_lab/20260919_023755_1d4d8f4f/spin_000454/full.png,wheelspin_lab/20260919_023755_1d4d8f4f/spin_000454/slot_1.png,,
1361,20260919_023755_1d4d8f4f:000454,2,2026-09-18T20:07:05.177+00:00,CREDITS,"95,000",95 000,1.0,,GREEN,95000,,,,,,,,,,,,,,0,,wheelspin_lab/20260919_023755_1d4d8f4f/spin_000454/full.png,wheelspin_lab/20260919_023755_1d4d8f4f/spin_000454/slot_2.png,,
1362,20260919_023755_1d4d8f4f:000454,3,2026-09-18T20:07:05.177+00:00,CREDITS,"c 10,000",c 10 000,1.0,,GREEN,10000,,,,,,,,,,,,,,0,,wheelspin_lab/20260919_023755_1d4d8f4f/spin_000454/full.png,wheelspin_lab/20260919_023755_1d4d8f4f/spin_000454/slot_3.png,,
1363,20260919_023755_1d4d8f4f:000455,1,2026-09-18T20:07:10.225+00:00,CREDITS,"10,000",10 000,1.0,,NEUTRAL,10000,,,,,,,,,,,,,,0,,wheelspin_lab/20260919_023755_1d4d8f4f/spin_000455/full.png,wheelspin_lab/20260919_023755_1d4d8f4f/spin_000455/slot_1.png,,
1364,20260919_023755_1d4d8f4f:000455,2,2026-09-18T20:07:10.225+00:00,CREDITS,"35,000",35 000,1.0,,NEUTRAL,35000,,,,,,,,,,,,,,0,,wheelspin_lab/20260919_023755_1d4d8f4f/spin_000455/full.png,wheelspin_lab/20260919_023755_1d4d8f4f/spin_000455/slot_2.png,,
1365,20260919_023755_1d4d8f4f:000455,3,2026-09-18T20:07:10.225+00:00,CREDITS,"75,000",75 000,1.0,,NEUTRAL,75000,,,,,,,,,,,,,,0,,wheelspin_lab/20260919_023755_1d4d8f4f/spin_000455/full.png,wheelspin_lab/20260919_023755_1d4d8f4f/spin_000455/slot_3.png,,
1366,20260919_023755_1d4d8f4f:000456,1,2026-09-18T20:07:15.595+00:00,CAR,2021 RJ /\NDERSON Polaris RZR Pro 4 Truci,2021 rj nderson polaris rzr pro 4 truci,0.78,,NEUTRAL,,2021,RJ,NDERSON POLARIS RZR PRO 4 TRUCI,37 PRO 4 TRUCK,,,0,0,0,1,SELL,1.0,SELL,1,125000,wheelspin_lab/20260919_023755_1d4d8f4f/spin_000456/full.png,wheelspin_lab/20260919_023755_1d4d8f4f/spin_000456/slot_1.png,wheelspin_lab/20260919_023755_1d4d8f4f/20260919_023755_1d4d8f4f_000456/duplicate_050716_004055.png,1.0
1367,20260919_023755_1d4d8f4f:000456,2,2026-09-18T20:07:15.595+00:00,CREDITS,"R 20,000",r 20 000,1.0,,NEUTRAL,20000,,,,,,,,,,,,,,0,,wheelspin_lab/20260919_023755_1d4d8f4f/spin_000456/full.png,wheelspin_lab/20260919_023755_1d4d8f4f/spin_000456/slot_2.png,,
1368,20260919_023755_1d4d8f4f:000456,3,2026-09-18T20:07:15.595+00:00,CREDITS,"15,000",15 000,1.0,,NEUTRAL,15000,,,,,,,,,,,,,,0,,wheelspin_lab/20260919_023755_1d4d8f4f/spin_000456/full.png,wheelspin_lab/20260919_023755_1d4d8f4f/spin_000456/slot_3.png,,
1369,20260919_023755_1d4d8f4f:000457,1,2026-09-18T20:07:22.937+00:00,CREDITS,"R 250,000",r 250 000,1.0,,OTHER,250000,,,,,,,,,,,,,,0,,wheelspin_lab/20260919_023755_1d4d8f4f/spin_000457/full.png,wheelspin_lab/20260919_023755_1d4d8f4f/spin_000457/slot_1.png,,
1370,20260919_023755_1d4d8f4f:000457,2,2026-09-18T20:07:22.937+00:00,CREDITS,"50,000",50 000,1.0,,OTHER,50000,,,,,,,,,,,,,,0,,wheelspin_lab/20260919_023755_1d4d8f4f/spin_000457/full.png,wheelspin_lab/20260919_023755_1d4d8f4f/spin_000457/slot_2.png,,
1371,20260919_023755_1d4d8f4f:000457,3,2026-09-18T20:07:22.937+00:00,CREDITS,"R 20,000",r 20 000,1.0,,OTHER,20000,,,,,,,,,,,,,,0,,wheelspin_lab/20260919_023755_1d4d8f4f/spin_000457/full.png,wheelspin_lab/20260919_023755_1d4d8f4f/spin_000457/slot_3.png,,
1372,20260919_023755_1d4d8f4f:000458,1,2026-09-18T20:07:28.663+00:00,CREDITS,"20,000",20 000,1.0,,OTHER,20000,,,,,,,,,,,,,,0,,wheelspin_lab/20260919_023755_1d4d8f4f/spin_000458/full.png,wheelspin_lab/20260919_023755_1d4d8f4f/spin_000458/slot_1.png,,
1373,20260919_023755_1d4d8f4f:000458,2,2026-09-18T20:07:28.663+00:00,CREDITS,"50,000",50 000,1.0,,NEUTRAL,50000,,,,,,,,,,,,,,0,,wheelspin_lab/20260919_023755_1d4d8f4f/spin_000458/full.png,wheelspin_lab/20260919_023755_1d4d8f4f/spin_000458/slot_2.png,,
1374,20260919_023755_1d4d8f4f:000458,3,2026-09-18T20:07:28.663+00:00,CREDITS,"200,000",200 000,1.0,,NEUTRAL,200000,,,,,,,,,,,,,,0,,wheelspin_lab/20260919_023755_1d4d8f4f/spin_000458/full.png,wheelspin_lab/20260919_023755_1d4d8f4f/spin_000458/slot_3.png,,
1375,20260919_023755_1d4d8f4f:000459,1,2026-09-18T20:07:34.475+00:00,CREDITS,"c 15,000",c 15 000,1.0,,BLUE,15000,,,,,,,,,,,,,,0,,wheelspin_lab/20260919_023755_1d4d8f4f/spin_000459/full.png,wheelspin_lab/20260919_023755_1d4d8f4f/spin_000459/slot_1.png,,
1376,20260919_023755_1d4d8f4f:000459,2,2026-09-18T20:07:34.475+00:00,CAR,2018 RENAULT Megane R.S.,2018 renault megane r s,0.78,,BLUE,,2018,RENAULT,MEGANE R S,MEGANE R S 18,,,0,0,0,1,SELL,1.0,SELL,1,16000,wheelspin_lab/20260919_023755_1d4d8f4f/spin_000459/full.png,wheelspin_lab/20260919_023755_1d4d8f4f/spin_000459/slot_2.png,wheelspin_lab/20260919_023755_1d4d8f4f/20260919_023755_1d4d8f4f_000459/duplicate_050734_881239.png,1.0
1377,20260919_023755_1d4d8f4f:000459,3,2026-09-18T20:07:34.475+00:00,CREDITS,"e 8,000",e 8 000,0.99,,BLUE,8000,,,,,,,,,,,,,,0,,wheelspin_lab/20260919_023755_1d4d8f4f/spin_000459/full.png,wheelspin_lab/20260919_023755_1d4d8f4f/spin_000459/slot_3.png,,
1378,20260919_023755_1d4d8f4f:000460,1,2026-09-18T20:07:42.108+00:00,CAR,2020 FORD er Duty F-450 DRW PLATIN,2020 ford er duty f 450 drw platin,0.78,,GREEN,,2020,FORD,ER DUTY F 450 DRW PLATIN,FORD SD F 450,,,0,0,0,1,SELL,1.0,SELL,1,32500,wheelspin_lab/20260919_023755_1d4d8f4f/spin_000460/full.png,wheelspin_lab/20260919_023755_1d4d8f4f/spin_000460/slot_1.png,wheelspin_lab/20260919_023755_1d4d8f4f/20260919_023755_1d4d8f4f_000460/duplicate_050742_512372.png,1.0
1379,20260919_023755_1d4d8f4f:000460,2,2026-09-18T20:07:42.108+00:00,CAR,1997 BMW M3,1997 bmw m3,0.78,,GREEN,,1997,BMW,M3,BMW M3 97,,,0,0,0,1,SELL,1.0,SELL,1,15000,wheelspin_lab/20260919_023755_1d4d8f4f/spin_000460/full.png,wheelspin_lab/20260919_023755_1d4d8f4f/spin_000460/slot_2.png,wheelspin_lab/20260919_023755_1d4d8f4f/20260919_023755_1d4d8f4f_000460/duplicate_050744_195429.png,1.0
1380,20260919_023755_1d4d8f4f:000460,3,2026-09-18T20:07:42.108+00:00,CAR,2005 MAZDA Mazdaspeed MX-5,2005 mazda mazdaspeed mx 5,0.78,,GREEN,,2005,MAZDA,MAZDASPEED MX 5,MAZDA MX 5 05,,,0,0,0,1,SELL,1.0,SELL,1,10500,wheelspin_lab/20260919_023755_1d4d8f4f/spin_000460/full.png,wheelspin_lab/20260919_023755_1d4d8f4f/spin_000460/slot_3.png,wheelspin_lab/20260919_023755_1d4d8f4f/20260919_023755_1d4d8f4f_000460/duplicate_050745_679029.png,1.0
1381,20260919_023755_1d4d8f4f:000461,1,2026-09-18T20:07:52.835+00:00,CREDITS,"25,000",25 000,1.0,,NEUTRAL,25000,,,,,,,,,,,,,,0,,wheelspin_lab/20260919_023755_1d4d8f4f/spin_000461/full.png,wheelspin_lab/20260919_023755_1d4d8f4f/spin_000461/slot_1.png,,
1382,20260919_023755_1d4d8f4f:000461,2,2026-09-18T20:07:52.835+00:00,OTHER,"20,000",20 000,0.55,,NEUTRAL,,,,,,,,,,,,,,,0,,wheelspin_lab/20260919_023755_1d4d8f4f/spin_000461/full.png,wheelspin_lab/20260919_023755_1d4d8f4f/spin_000461/slot_2.png,,
1383,20260919_023755_1d4d8f4f:000461,3,2026-09-18T20:07:52.835+00:00,CREDITS,"250,000",250 000,1.0,,NEUTRAL,250000,,,,,,,,,,,,,,0,,wheelspin_lab/20260919_023755_1d4d8f4f/spin_000461/full.png,wheelspin_lab/20260919_023755_1d4d8f4f/spin_000461/slot_3.png,,
1384,20260919_023755_1d4d8f4f:000462,1,2026-09-18T20:07:58.391+00:00,CAR,2073 SRT Viper GTS,2073 srt viper gts,0.78,,NEUTRAL,,2073,SRT,VIPER GTS,SRT VIPER 13,,,0,0,0,1,SELL,1.0,SELL,1,67500,wheelspin_lab/20260919_023755_1d4d8f4f/spin_000462/full.png,wheelspin_lab/20260919_023755_1d4d8f4f/spin_000462/slot_1.png,wheelspin_lab/20260919_023755_1d4d8f4f/20260919_023755_1d4d8f4f_000462/duplicate_050758_871573.png,1.0
1385,20260919_023755_1d4d8f4f:000462,2,2026-09-18T20:07:58.391+00:00,CREDITS,"15,000",15 000,1.0,,NEUTRAL,15000,,,,,,,,,,,,,,0,,wheelspin_lab/20260919_023755_1d4d8f4f/spin_000462/full.png,wheelspin_lab/20260919_023755_1d4d8f4f/spin_000462/slot_2.png,,
1386,20260919_023755_1d4d8f4f:000462,3,2026-09-18T20:07:58.391+00:00,CAR,2014 HSV lited Edition Gen-F GTS Ma,2014 hsv lited edition gen f gts ma,0.78,,NEUTRAL,,2014,HSV,LITED EDITION GEN F GTS MA,HSV MALOO 14,,,0,0,0,1,SELL,1.0,SELL,1,32500,wheelspin_lab/20260919_023755_1d4d8f4f/spin_000462/full.png,wheelspin_lab/20260919_023755_1d4d8f4f/spin_000462/slot_3.png,wheelspin_lab/20260919_023755_1d4d8f4f/20260919_023755_1d4d8f4f_000462/duplicate_050800_361744.png,1.0
1387,20260919_023755_1d4d8f4f:000463,1,2026-09-18T20:08:07.388+00:00,CREDITS,"15,000",15 000,1.0,,PURPLE,15000,,,,,,,,,,,,,,0,,wheelspin_lab/20260919_023755_1d4d8f4f/spin_000463/full.png,wheelspin_lab/20260919_023755_1d4d8f4f/spin_000463/slot_1.png,,
1388,20260919_023755_1d4d8f4f:000463,2,2026-09-18T20:08:07.388+00:00,CREDITS,"200,000",200 000,1.0,,PURPLE,200000,,,,,,,,,,,,,,0,,wheelspin_lab/20260919_023755_1d4d8f4f/spin_000463/full.png,wheelspin_lab/20260919_023755_1d4d8f4f/spin_000463/slot_2.png,,
1389,20260919_023755_1d4d8f4f:000463,3,2026-09-18T20:08:07.388+00:00,CREDITS,"R 50,000",r 50 000,1.0,,PURPLE,50000,,,,,,,,,,,,,,0,,wheelspin_lab/20260919_023755_1d4d8f4f/spin_000463/full.png,wheelspin_lab/20260919_023755_1d4d8f4f/spin_000463/slot_3.png,,
1390,20260919_023755_1d4d8f4f:000464,1,2026-09-18T20:08:12.686+00:00,CREDITS,"15,000",15 000,1.0,,OTHER,15000,,,,,,,,,,,,,,0,,wheelspin_lab/20260919_023755_1d4d8f4f/spin_000464/full.png,wheelspin_lab/20260919_023755_1d4d8f4f/spin_000464/slot_1.png,,
1391,20260919_023755_1d4d8f4f:000464,2,2026-09-18T20:08:12.687+00:00,CREDITS,"R 45,000",r 45 000,1.0,,OTHER,45000,,,,,,,,,,,,,,0,,wheelspin_lab/20260919_023755_1d4d8f4f/spin_000464/full.png,wheelspin_lab/20260919_023755_1d4d8f4f/spin_000464/slot_2.png,,
1392,20260919_023755_1d4d8f4f:000464,3,2026-09-18T20:08:12.687+00:00,CREDITS,"R 20,000",r 20 000,1.0,,OTHER,20000,,,,,,,,,,,,,,0,,wheelspin_lab/20260919_023755_1d4d8f4f/spin_000464/full.png,wheelspin_lab/20260919_023755_1d4d8f4f/spin_000464/slot_3.png,,
1393,20260919_023755_1d4d8f4f:000465,1,2026-09-18T20:08:18.233+00:00,CREDITS,"200,000",200 000,1.0,,PURPLE,200000,,,,,,,,,,,,,,0,,wheelspin_lab/20260919_023755_1d4d8f4f/spin_000465/full.png,wheelspin_lab/20260919_023755_1d4d8f4f/spin_000465/slot_1.png,,
1394,20260919_023755_1d4d8f4f:000465,2,2026-09-18T20:08:18.233+00:00,CREDITS,"R 150,000",r 150 000,1.0,,NEUTRAL,150000,,,,,,,,,,,,,,0,,wheelspin_lab/20260919_023755_1d4d8f4f/spin_000465/full.png,wheelspin_lab/20260919_023755_1d4d8f4f/spin_000465/slot_2.png,,
1395,20260919_023755_1d4d8f4f:000465,3,2026-09-18T20:08:18.233+00:00,CREDITS,"R 100,000",r 100 000,1.0,,NEUTRAL,100000,,,,,,,,,,,,,,0,,wheelspin_lab/20260919_023755_1d4d8f4f/spin_000465/full.png,wheelspin_lab/20260919_023755_1d4d8f4f/spin_000465/slot_3.png,,
1396,20260919_023755_1d4d8f4f:000466,1,2026-09-18T20:08:23.875+00:00,CREDITS,"R 10,000",r 10 000,1.0,,NEUTRAL,10000,,,,,,,,,,,,,,0,,wheelspin_lab/20260919_023755_1d4d8f4f/spin_000466/full.png,wheelspin_lab/20260919_023755_1d4d8f4f/spin_000466/slot_1.png,,
1397,20260919_023755_1d4d8f4f:000466,2,2026-09-18T20:08:23.875+00:00,CAR,HONDA NSX-R,honda nsx r,0.55,,NEUTRAL,,,,HONDA NSX R 92,HONDA NSX R 92,,,,0,0,1,SELL,1.0,SELL,1,225000,wheelspin_lab/20260919_023755_1d4d8f4f/spin_000466/full.png,wheelspin_lab/20260919_023755_1d4d8f4f/spin_000466/slot_2.png,wheelspin_lab/20260919_023755_1d4d8f4f/20260919_023755_1d4d8f4f_000466/duplicate_050824_255563.png,1.0
1398,20260919_023755_1d4d8f4f:000466,3,2026-09-18T20:08:23.875+00:00,CREDITS,"20,000",20 000,1.0,,NEUTRAL,20000,,,,,,,,,,,,,,0,,wheelspin_lab/20260919_023755_1d4d8f4f/spin_000466/full.png,wheelspin_lab/20260919_023755_1d4d8f4f/spin_000466/slot_3.png,,
1399,20260919_023755_1d4d8f4f:000467,1,2026-09-18T20:08:30.702+00:00,CREDITS,"20,000",20 000,1.0,,OTHER,20000,,,,,,,,,,,,,,0,,wheelspin_lab/20260919_023755_1d4d8f4f/spin_000467/full.png,wheelspin_lab/20260919_023755_1d4d8f4f/spin_000467/slot_1.png,,
1400,20260919_023755_1d4d8f4f:000467,2,2026-09-18T20:08:30.702+00:00,CREDITS,"R 25,000",r 25 000,1.0,,OTHER,25000,,,,,,,,,,,,,,0,,wheelspin_lab/20260919_023755_1d4d8f4f/spin_000467/full.png,wheelspin_lab/20260919_023755_1d4d8f4f/spin_000467/slot_2.png,,
1401,20260919_023755_1d4d8f4f:000467,3,2026-09-18T20:08:30.702+00:00,CREDITS,"10,000",10 000,1.0,,OTHER,10000,,,,,,,,,,,,,,0,,wheelspin_lab/20260919_023755_1d4d8f4f/spin_000467/full.png,wheelspin_lab/20260919_023755_1d4d8f4f/spin_000467/slot_3.png,,
1402,20260919_023755_1d4d8f4f:000468,1,2026-09-18T20:08:36.404+00:00,CREDITS,"p 15,000",p 15 000,1.0,,OTHER,15000,,,,,,,,,,,,,,0,,wheelspin_lab/20260919_023755_1d4d8f4f/spin_000468/full.png,wheelspin_lab/20260919_023755_1d4d8f4f/spin_000468/slot_1.png,,
1403,20260919_023755_1d4d8f4f:000468,2,2026-09-18T20:08:36.406+00:00,CREDITS,"P 100,000",p 100 000,1.0,,BLUE,100000,,,,,,,,,,,,,,0,,wheelspin_lab/20260919_023755_1d4d8f4f/spin_000468/full.png,wheelspin_lab/20260919_023755_1d4d8f4f/spin_000468/slot_2.png,,
1404,20260919_023755_1d4d8f4f:000468,3,2026-09-18T20:08:36.406+00:00,CAR,2016 FORD Mustang Shelby GT350R,2016 ford mustang shelby gt350r,0.78,,BLUE,,2016,FORD,MUSTANG SHELBY GT350R,FORD GT350R 16,,,0,0,0,1,SELL,1.0,SELL,1,44000,wheelspin_lab/20260919_023755_1d4d8f4f/spin_000468/full.png,wheelspin_lab/20260919_023755_1d4d8f4f/spin_000468/slot_3.png,wheelspin_lab/20260919_023755_1d4d8f4f/20260919_023755_1d4d8f4f_000468/duplicate_050836_798007.png,1.0
1405,20260919_023755_1d4d8f4f:000469,1,2026-09-18T20:08:43.757+00:00,CREDITS,"R 20,000",r 20 000,1.0,,NEUTRAL,20000,,,,,,,,,,,,,,0,,wheelspin_lab/20260919_023755_1d4d8f4f/spin_000469/full.png,wheelspin_lab/20260919_023755_1d4d8f4f/spin_000469/slot_1.png,,
1406,20260919_023755_1d4d8f4f:000469,2,2026-09-18T20:08:43.757+00:00,CAR,CHEVROLET El Camino Super Sport 454,chevrolet el camino super sport 454,0.55,,NEUTRAL,,,,CHEVY EL CAMINO,CHEVY EL CAMINO,,,,0,0,1,SELL,1.0,SELL,1,18000,wheelspin_lab/20260919_023755_1d4d8f4f/spin_000469/full.png,wheelspin_lab/20260919_023755_1d4d8f4f/spin_000469/slot_2.png,wheelspin_lab/20260919_023755_1d4d8f4f/20260919_023755_1d4d8f4f_000469/duplicate_050844_137674.png,1.0
1407,20260919_023755_1d4d8f4f:000469,3,2026-09-18T20:08:43.757+00:00,CREDITS,"R 80,000",r 80 000,1.0,,NEUTRAL,80000,,,,,,,,,,,,,,0,,wheelspin_lab/20260919_023755_1d4d8f4f/spin_000469/full.png,wheelspin_lab/20260919_023755_1d4d8f4f/spin_000469/slot_3.png,,
1408,20260919_023755_1d4d8f4f:000470,1,2026-09-18T20:08:51.101+00:00,CREDITS,"R 10,000",r 10 000,1.0,,NEUTRAL,10000,,,,,,,,,,,,,,0,,wheelspin_lab/20260919_023755_1d4d8f4f/spin_000470/full.png,wheelspin_lab/20260919_023755_1d4d8f4f/spin_000470/slot_1.png,,
1409,20260919_023755_1d4d8f4f:000470,2,2026-09-18T20:08:51.101+00:00,CREDITS,"100,000",100 000,1.0,,NEUTRAL,100000,,,,,,,,,,,,,,0,,wheelspin_lab/20260919_023755_1d4d8f4f/spin_000470/full.png,wheelspin_lab/20260919_023755_1d4d8f4f/spin_000470/slot_2.png,,
1410,20260919_023755_1d4d8f4f:000470,3,2026-09-18T20:08:51.101+00:00,CREDITS,"200,000",200 000,1.0,,NEUTRAL,200000,,,,,,,,,,,,,,0,,wheelspin_lab/20260919_023755_1d4d8f4f/spin_000470/full.png,wheelspin_lab/20260919_023755_1d4d8f4f/spin_000470/slot_3.png,,
1411,20260919_023755_1d4d8f4f:000471,1,2026-09-18T20:08:56.483+00:00,CREDITS,"95,000",95 000,1.0,,GREEN,95000,,,,,,,,,,,,,,0,,wheelspin_lab/20260919_023755_1d4d8f4f/spin_000471/full.png,wheelspin_lab/20260919_023755_1d4d8f4f/spin_000471/slot_1.png,,
1412,20260919_023755_1d4d8f4f:000471,2,2026-09-18T20:08:56.483+00:00,CREDITS,"95,000",95 000,1.0,,GREEN,95000,,,,,,,,,,,,,,0,,wheelspin_lab/20260919_023755_1d4d8f4f/spin_000471/full.png,wheelspin_lab/20260919_023755_1d4d8f4f/spin_000471/slot_2.png,,
1413,20260919_023755_1d4d8f4f:000471,3,2026-09-18T20:08:56.483+00:00,CREDITS,"45,000",45 000,1.0,,GREEN,45000,,,,,,,,,,,,,,0,,wheelspin_lab/20260919_023755_1d4d8f4f/spin_000471/full.png,wheelspin_lab/20260919_023755_1d4d8f4f/spin_000471/slot_3.png,,
1414,20260919_023755_1d4d8f4f:000472,1,2026-09-18T20:09:01.952+00:00,CREDITS,"200,000",200 000,1.0,,NEUTRAL,200000,,,,,,,,,,,,,,0,,wheelspin_lab/20260919_023755_1d4d8f4f/spin_000472/full.png,wheelspin_lab/20260919_023755_1d4d8f4f/spin_000472/slot_1.png,,
1415,20260919_023755_1d4d8f4f:000472,2,2026-09-18T20:09:01.952+00:00,CREDITS,"10,000",10 000,1.0,,OTHER,10000,,,,,,,,,,,,,,0,,wheelspin_lab/20260919_023755_1d4d8f4f/spin_000472/full.png,wheelspin_lab/20260919_023755_1d4d8f4f/spin_000472/slot_2.png,,
1416,20260919_023755_1d4d8f4f:000472,3,2026-09-18T20:09:01.952+00:00,CAR,1986 LANCIA Delta sa,1986 lancia delta sa,0.78,,NEUTRAL,,1986,LANCIA,DELTA SA,LANCIA DELTA S4,,,0,0,0,1,SELL,1.0,SELL,1,27500,wheelspin_lab/20260919_023755_1d4d8f4f/spin_000472/full.png,wheelspin_lab/20260919_023755_1d4d8f4f/spin_000472/slot_3.png,wheelspin_lab/20260919_023755_1d4d8f4f/20260919_023755_1d4d8f4f_000472/duplicate_050902_446778.png,1.0
1417,20260919_023755_1d4d8f4f:000473,1,2026-09-18T20:09:09.317+00:00,CREDITS,"R 150,000",r 150 000,1.0,,NEUTRAL,150000,,,,,,,,,,,,,,0,,wheelspin_lab/20260919_023755_1d4d8f4f/spin_000473/full.png,wheelspin_lab/20260919_023755_1d4d8f4f/spin_000473/slot_1.png,,
1418,20260919_023755_1d4d8f4f:000473,2,2026-09-18T20:09:09.317+00:00,CREDITS,"15,000",15 000,1.0,,OTHER,15000,,,,,,,,,,,,,,0,,wheelspin_lab/20260919_023755_1d4d8f4f/spin_000473/full.png,wheelspin_lab/20260919_023755_1d4d8f4f/spin_000473/slot_2.png,,
1419,20260919_023755_1d4d8f4f:000473,3,2026-09-18T20:09:09.317+00:00,CREDITS,"R 20,000",r 20 000,1.0,,OTHER,20000,,,,,,,,,,,,,,0,,wheelspin_lab/20260919_023755_1d4d8f4f/spin_000473/full.png,wheelspin_lab/20260919_023755_1d4d8f4f/spin_000473/slot_3.png,,
1420,20260919_023755_1d4d8f4f:000474,1,2026-09-18T20:09:14.829+00:00,CREDITS,"15,000 CR",15 000 cr,1.0,,NEUTRAL,15000,,,,,,,,,,,,,,0,,wheelspin_lab/20260919_023755_1d4d8f4f/spin_000474/full.png,wheelspin_lab/20260919_023755_1d4d8f4f/spin_000474/slot_1.png,,
1421,20260919_023755_1d4d8f4f:000474,2,2026-09-18T20:09:14.829+00:00,CREDITS,"R 150,000",r 150 000,1.0,,NEUTRAL,150000,,,,,,,,,,,,,,0,,wheelspin_lab/20260919_023755_1d4d8f4f/spin_000474/full.png,wheelspin_lab/20260919_023755_1d4d8f4f/spin_000474/slot_2.png,,
1422,20260919_023755_1d4d8f4f:000474,3,2026-09-18T20:09:14.829+00:00,CREDITS,"R 80,000",r 80 000,1.0,,NEUTRAL,80000,,,,,,,,,,,,,,0,,wheelspin_lab/20260919_023755_1d4d8f4f/spin_000474/full.png,wheelspin_lab/20260919_023755_1d4d8f4f/spin_000474/slot_3.png,,
1423,20260919_023755_1d4d8f4f:000475,1,2026-09-18T20:09:20.557+00:00,CREDITS,"R 45,000",r 45 000,1.0,,OTHER,45000,,,,,,,,,,,,,,0,,wheelspin_lab/20260919_023755_1d4d8f4f/spin_000475/full.png,wheelspin_lab/20260919_023755_1d4d8f4f/spin_000475/slot_1.png,,
1424,20260919_023755_1d4d8f4f:000475,2,2026-09-18T20:09:20.557+00:00,CREDITS,"p 12,000",p 12 000,1.0,,OTHER,12000,,,,,,,,,,,,,,0,,wheelspin_lab/20260919_023755_1d4d8f4f/spin_000475/full.png,wheelspin_lab/20260919_023755_1d4d8f4f/spin_000475/slot_2.png,,
1425,20260919_023755_1d4d8f4f:000475,3,2026-09-18T20:09:20.557+00:00,CAR,2023 PORSCHE 911 GT3 RS,2023 porsche 911 gt3 rs,0.78,,PURPLE,,2023,PORSCHE,911 GT3 RS,P 911 GT3 RS 23,,,0,0,0,1,SELL,1.0,SELL,1,212000,wheelspin_lab/20260919_023755_1d4d8f4f/spin_000475/full.png,wheelspin_lab/20260919_023755_1d4d8f4f/spin_000475/slot_3.png,wheelspin_lab/20260919_023755_1d4d8f4f/20260919_023755_1d4d8f4f_000475/duplicate_050921_043420.png,1.0
1426,20260919_023755_1d4d8f4f:000476,1,2026-09-18T20:09:28.112+00:00,CREDITS,"50,000",50 000,1.0,,BLUE,50000,,,,,,,,,,,,,,0,,wheelspin_lab/20260919_023755_1d4d8f4f/spin_000476/full.png,wheelspin_lab/20260919_023755_1d4d8f4f/spin_000476/slot_1.png,,
1427,20260919_023755_1d4d8f4f:000476,2,2026-09-18T20:09:28.112+00:00,CREDITS,"e 8,000",e 8 000,0.99,,GREEN,8000,,,,,,,,,,,,,,0,,wheelspin_lab/20260919_023755_1d4d8f4f/spin_000476/full.png,wheelspin_lab/20260919_023755_1d4d8f4f/spin_000476/slot_2.png,,
1428,20260919_023755_1d4d8f4f:000476,3,2026-09-18T20:09:28.112+00:00,CREDITS,"20,000",20 000,1.0,,BLUE,20000,,,,,,,,,,,,,,0,,wheelspin_lab/20260919_023755_1d4d8f4f/spin_000476/full.png,wheelspin_lab/20260919_023755_1d4d8f4f/spin_000476/slot_3.png,,
1429,20260919_023755_1d4d8f4f:000477,1,2026-09-18T20:09:33.288+00:00,CREDITS,"40,000",40 000,1.0,,NEUTRAL,40000,,,,,,,,,,,,,,0,,wheelspin_lab/20260919_023755_1d4d8f4f/spin_000477/full.png,wheelspin_lab/20260919_023755_1d4d8f4f/spin_000477/slot_1.png,,
1430,20260919_023755_1d4d8f4f:000477,2,2026-09-18T20:09:33.288+00:00,CAR,2023 FORD F-150 Raptor R,2023 ford f 150 raptor r,0.78,,NEUTRAL,,2023,FORD,F 150 RAPTOR R,FORD RAPTOR R,,,0,0,0,1,SELL,1.0,SELL,1,55000,wheelspin_lab/20260919_023755_1d4d8f4f/spin_000477/full.png,wheelspin_lab/20260919_023755_1d4d8f4f/spin_000477/slot_2.png,wheelspin_lab/20260919_023755_1d4d8f4f/20260919_023755_1d4d8f4f_000477/duplicate_050933_696603.png,1.0
1431,20260919_023755_1d4d8f4f:000477,3,2026-09-18T20:09:33.288+00:00,CREDITS,"R 10,000",r 10 000,1.0,,NEUTRAL,10000,,,,,,,,,,,,,,0,,wheelspin_lab/20260919_023755_1d4d8f4f/spin_000477/full.png,wheelspin_lab/20260919_023755_1d4d8f4f/spin_000477/slot_3.png,,
1432,20260919_023755_1d4d8f4f:000478,1,2026-09-18T20:09:41.085+00:00,CREDITS,"95,000",95 000,1.0,,PURPLE,95000,,,,,,,,,,,,,,0,,wheelspin_lab/20260919_023755_1d4d8f4f/spin_000478/full.png,wheelspin_lab/20260919_023755_1d4d8f4f/spin_000478/slot_1.png,,
1433,20260919_023755_1d4d8f4f:000478,2,2026-09-18T20:09:41.085+00:00,CREDITS,"c 10,000",c 10 000,1.0,,PURPLE,10000,,,,,,,,,,,,,,0,,wheelspin_lab/20260919_023755_1d4d8f4f/spin_000478/full.png,wheelspin_lab/20260919_023755_1d4d8f4f/spin_000478/slot_2.png,,
1434,20260919_023755_1d4d8f4f:000478,3,2026-09-18T20:09:41.085+00:00,CAR,2018 PORSCHE 718 Cayman GTS,2018 porsche 718 cayman gts,0.78,,PURPLE,,2018,PORSCHE,718 CAYMAN GTS,PORSCHE 718 GTS,,,0,0,0,1,SELL,1.0,SELL,1,37500,wheelspin_lab/20260919_023755_1d4d8f4f/spin_000478/full.png,wheelspin_lab/20260919_023755_1d4d8f4f/spin_000478/slot_3.png,wheelspin_lab/20260919_023755_1d4d8f4f/20260919_023755_1d4d8f4f_000478/duplicate_050941_549178.png,1.0
1435,20260919_023755_1d4d8f4f:000479,1,2026-09-18T20:09:48.620+00:00,CREDITS,"200,000",200 000,1.0,,NEUTRAL,200000,,,,,,,,,,,,,,0,,wheelspin_lab/20260919_023755_1d4d8f4f/spin_000479/full.png,wheelspin_lab/20260919_023755_1d4d8f4f/spin_000479/slot_1.png,,
1436,20260919_023755_1d4d8f4f:000479,2,2026-09-18T20:09:48.620+00:00,CREDITS,"R 45,000",r 45 000,1.0,,OTHER,45000,,,,,,,,,,,,,,0,,wheelspin_lab/20260919_023755_1d4d8f4f/spin_000479/full.png,wheelspin_lab/20260919_023755_1d4d8f4f/spin_000479/slot_2.png,,
1437,20260919_023755_1d4d8f4f:000479,3,2026-09-18T20:09:48.620+00:00,CREDITS,"10,000",10 000,1.0,,OTHER,10000,,,,,,,,,,,,,,0,,wheelspin_lab/20260919_023755_1d4d8f4f/spin_000479/full.png,wheelspin_lab/20260919_023755_1d4d8f4f/spin_000479/slot_3.png,,
1438,20260919_023755_1d4d8f4f:000480,1,2026-09-18T20:09:54.187+00:00,CREDITS,"R 100,000",r 100 000,1.0,,BLUE,100000,,,,,,,,,,,,,,0,,wheelspin_lab/20260919_023755_1d4d8f4f/spin_000480/full.png,wheelspin_lab/20260919_023755_1d4d8f4f/spin_000480/slot_1.png,,
1439,20260919_023755_1d4d8f4f:000480,2,2026-09-18T20:09:54.187+00:00,CREDITS,"250,000",250 000,1.0,,OTHER,250000,,,,,,,,,,,,,,0,,wheelspin_lab/20260919_023755_1d4d8f4f/spin_000480/full.png,wheelspin_lab/20260919_023755_1d4d8f4f/spin_000480/slot_2.png,,
1440,20260919_023755_1d4d8f4f:000480,3,2026-09-18T20:09:54.187+00:00,CREDITS,"p 12,000",p 12 000,1.0,,OTHER,12000,,,,,,,,,,,,,,0,,wheelspin_lab/20260919_023755_1d4d8f4f/spin_000480/full.png,wheelspin_lab/20260919_023755_1d4d8f4f/spin_000480/slot_3.png,,
1441,20260919_023755_1d4d8f4f:000481,1,2026-09-18T20:13:04.535+00:00,CAR,2020 FORD I F-450 DRW PLATINUM Fo DESTRUCTION SKILLS BOOST,2020 ford i f 450 drw platinum fo destruction skills boost,0.78,,PURPLE,,2020,FORD,I F 450 DRW PLATINUM FO DESTRUCTION SKILLS BOOST,FORD F 450 FE,,,0,0,0,1,SELL,1.0,SELL,1,250000,wheelspin_lab/20260919_023755_1d4d8f4f/spin_000481/full.png,wheelspin_lab/20260919_023755_1d4d8f4f/spin_000481/slot_1.png,wheelspin_lab/20260919_023755_1d4d8f4f/20260919_023755_1d4d8f4f_000481/duplicate_051304_962033.png,1.0
1442,20260919_023755_1d4d8f4f:000481,2,2026-09-18T20:13:04.535+00:00,CREDITS,"95,000",95 000,1.0,,PURPLE,95000,,,,,,,,,,,,,,0,,wheelspin_lab/20260919_023755_1d4d8f4f/spin_000481/full.png,wheelspin_lab/20260919_023755_1d4d8f4f/spin_000481/slot_2.png,,
1443,20260919_023755_1d4d8f4f:000481,3,2026-09-18T20:13:04.535+00:00,CREDITS,"150,000",150 000,1.0,,PURPLE,150000,,,,,,,,,,,,,,0,,wheelspin_lab/20260919_023755_1d4d8f4f/spin_000481/full.png,wheelspin_lab/20260919_023755_1d4d8f4f/spin_000481/slot_3.png,,
1444,20260919_023755_1d4d8f4f:000482,1,2026-09-18T20:13:11.870+00:00,CAR,2019 DEBERTI Duty F-250 Lariat 'Tran:,2019 deberti duty f 250 lariat tran,0.78,,PURPLE,,2019,DEBERTI,DUTY F 250 LARIAT TRAN,DEBERTI F 250,,,0,0,0,1,SELL,1.0,SELL,1,137500,wheelspin_lab/20260919_023755_1d4d8f4f/spin_000482/full.png,wheelspin_lab/20260919_023755_1d4d8f4f/spin_000482/slot_1.png,wheelspin_lab/20260919_023755_1d4d8f4f/20260919_023755_1d4d8f4f_000482/duplicate_051312_360337.png,1.0
1445,20260919_023755_1d4d8f4f:000482,2,2026-09-18T20:13:11.870+00:00,CREDITS,"200,000",200 000,1.0,,PURPLE,200000,,,,,,,,,,,,,,0,,wheelspin_lab/20260919_023755_1d4d8f4f/spin_000482/full.png,wheelspin_lab/20260919_023755_1d4d8f4f/spin_000482/slot_2.png,,
1446,20260919_023755_1d4d8f4f:000482,3,2026-09-18T20:13:11.870+00:00,CREDITS,"15,000",15 000,1.0,,PURPLE,15000,,,,,,,,,,,,,,0,,wheelspin_lab/20260919_023755_1d4d8f4f/spin_000482/full.png,wheelspin_lab/20260919_023755_1d4d8f4f/spin_000482/slot_3.png,,
1447,20260919_023755_1d4d8f4f:000483,1,2026-09-18T20:13:19.174+00:00,CREDITS,"200,000",200 000,1.0,,NEUTRAL,200000,,,,,,,,,,,,,,0,,wheelspin_lab/20260919_023755_1d4d8f4f/spin_000483/full.png,wheelspin_lab/20260919_023755_1d4d8f4f/spin_000483/slot_1.png,,
1448,20260919_023755_1d4d8f4f:000483,2,2026-09-18T20:13:19.174+00:00,CREDITS,"50,000",50 000,1.0,,NEUTRAL,50000,,,,,,,,,,,,,,0,,wheelspin_lab/20260919_023755_1d4d8f4f/spin_000483/full.png,wheelspin_lab/20260919_023755_1d4d8f4f/spin_000483/slot_2.png,,
1449,20260919_023755_1d4d8f4f:000483,3,2026-09-18T20:13:19.174+00:00,CREDITS,"175,000",175 000,1.0,,NEUTRAL,175000,,,,,,,,,,,,,,0,,wheelspin_lab/20260919_023755_1d4d8f4f/spin_000483/full.png,wheelspin_lab/20260919_023755_1d4d8f4f/spin_000483/slot_3.png,,
1450,20260919_023755_1d4d8f4f:000484,1,2026-09-18T20:13:24.355+00:00,CREDITS,"50,000",50 000,1.0,,NEUTRAL,50000,,,,,,,,,,,,,,0,,wheelspin_lab/20260919_023755_1d4d8f4f/spin_000484/full.png,wheelspin_lab/20260919_023755_1d4d8f4f/spin_000484/slot_1.png,,
1451,20260919_023755_1d4d8f4f:000484,2,2026-09-18T20:13:24.355+00:00,CREDITS,"5,000",5 000,1.0,,NEUTRAL,5000,,,,,,,,,,,,,,0,,wheelspin_lab/20260919_023755_1d4d8f4f/spin_000484/full.png,wheelspin_lab/20260919_023755_1d4d8f4f/spin_000484/slot_2.png,,
1452,20260919_023755_1d4d8f4f:000484,3,2026-09-18T20:13:24.355+00:00,CREDITS,"40,000",40 000,1.0,,NEUTRAL,40000,,,,,,,,,,,,,,0,,wheelspin_lab/20260919_023755_1d4d8f4f/spin_000484/full.png,wheelspin_lab/20260919_023755_1d4d8f4f/spin_000484/slot_3.png,,
1453,20260919_023755_1d4d8f4f:000485,1,2026-09-18T20:13:30.120+00:00,CREDITS,"920,000",920 000,1.0,,PURPLE,920000,,,,,,,,,,,,,,0,,wheelspin_lab/20260919_023755_1d4d8f4f/spin_000485/full.png,wheelspin_lab/20260919_023755_1d4d8f4f/spin_000485/slot_1.png,,
1454,20260919_023755_1d4d8f4f:000485,2,2026-09-18T20:13:30.120+00:00,CREDITS,"95,000",95 000,1.0,,PURPLE,95000,,,,,,,,,,,,,,0,,wheelspin_lab/20260919_023755_1d4d8f4f/spin_000485/full.png,wheelspin_lab/20260919_023755_1d4d8f4f/spin_000485/slot_2.png,,
1455,20260919_023755_1d4d8f4f:000485,3,2026-09-18T20:13:30.120+00:00,CAR,1961 JAGUAR E-type,1961 jaguar e type,1.0,,PURPLE,,1961,Jaguar,E-type,JAGUAR E TYPE,,,0,0,0,1,SELL,1.0,SELL,1,9125000,wheelspin_lab/20260919_023755_1d4d8f4f/spin_000485/full.png,wheelspin_lab/20260919_023755_1d4d8f4f/spin_000485/slot_3.png,wheelspin_lab/20260919_023755_1d4d8f4f/20260919_023755_1d4d8f4f_000485/duplicate_051330_569430.png,1.0
1456,20260919_023755_1d4d8f4f:000486,1,2026-09-18T20:13:37.569+00:00,CREDITS,"150,000",150 000,1.0,,NEUTRAL,150000,,,,,,,,,,,,,,0,,wheelspin_lab/20260919_023755_1d4d8f4f/spin_000486/full.png,wheelspin_lab/20260919_023755_1d4d8f4f/spin_000486/slot_1.png,,
1457,20260919_023755_1d4d8f4f:000486,2,2026-09-18T20:13:37.569+00:00,OTHER,"20,000",20 000,0.55,,NEUTRAL,,,,,,,,,,,,,,,0,,wheelspin_lab/20260919_023755_1d4d8f4f/spin_000486/full.png,wheelspin_lab/20260919_023755_1d4d8f4f/spin_000486/slot_2.png,,
1458,20260919_023755_1d4d8f4f:000486,3,2026-09-18T20:13:37.569+00:00,CREDITS,"15,000",15 000,1.0,,NEUTRAL,15000,,,,,,,,,,,,,,0,,wheelspin_lab/20260919_023755_1d4d8f4f/spin_000486/full.png,wheelspin_lab/20260919_023755_1d4d8f4f/spin_000486/slot_3.png,,
1459,20260919_023755_1d4d8f4f:000487,1,2026-09-18T20:13:43.213+00:00,CREDITS,"R 100,000",r 100 000,1.0,,BLUE,100000,,,,,,,,,,,,,,0,,wheelspin_lab/20260919_023755_1d4d8f4f/spin_000487/full.png,wheelspin_lab/20260919_023755_1d4d8f4f/spin_000487/slot_1.png,,
1460,20260919_023755_1d4d8f4f:000487,2,2026-09-18T20:13:43.214+00:00,CREDITS,"p 25,000",p 25 000,1.0,,OTHER,25000,,,,,,,,,,,,,,0,,wheelspin_lab/20260919_023755_1d4d8f4f/spin_000487/full.png,wheelspin_lab/20260919_023755_1d4d8f4f/spin_000487/slot_2.png,,
1461,20260919_023755_1d4d8f4f:000487,3,2026-09-18T20:13:43.214+00:00,CREDITS,"p 50,000",p 50 000,1.0,,BLUE,50000,,,,,,,,,,,,,,0,,wheelspin_lab/20260919_023755_1d4d8f4f/spin_000487/full.png,wheelspin_lab/20260919_023755_1d4d8f4f/spin_000487/slot_3.png,,
1462,20260919_023755_1d4d8f4f:000488,1,2026-09-18T20:13:48.411+00:00,CREDITS,"R 250,000",r 250 000,1.0,,NEUTRAL,250000,,,,,,,,,,,,,,0,,wheelspin_lab/20260919_023755_1d4d8f4f/spin_000488/full.png,wheelspin_lab/20260919_023755_1d4d8f4f/spin_000488/slot_1.png,,
1463,20260919_023755_1d4d8f4f:000488,2,2026-09-18T20:13:48.411+00:00,CREDITS,"R 175,000",r 175 000,1.0,,NEUTRAL,175000,,,,,,,,,,,,,,0,,wheelspin_lab/20260919_023755_1d4d8f4f/spin_000488/full.png,wheelspin_lab/20260919_023755_1d4d8f4f/spin_000488/slot_2.png,,
1464,20260919_023755_1d4d8f4f:000488,3,2026-09-18T20:13:48.411+00:00,CAR,2025 TOYOTA Land Cruiser,2025 toyota land cruiser,0.78,,NEUTRAL,,2025,TOYOTA,LAND CRUISER,TOYOTA LC 25,,,0,0,0,1,SELL,1.0,SELL,1,35000,wheelspin_lab/20260919_023755_1d4d8f4f/spin_000488/full.png,wheelspin_lab/20260919_023755_1d4d8f4f/spin_000488/slot_3.png,wheelspin_lab/20260919_023755_1d4d8f4f/20260919_023755_1d4d8f4f_000488/duplicate_051348_839290.png,1.0
1465,20260919_023755_1d4d8f4f:000489,1,2026-09-18T20:13:56.006+00:00,CREDITS,"R 45,000",r 45 000,1.0,,OTHER,45000,,,,,,,,,,,,,,0,,wheelspin_lab/20260919_023755_1d4d8f4f/spin_000489/full.png,wheelspin_lab/20260919_023755_1d4d8f4f/spin_000489/slot_1.png,,
1466,20260919_023755_1d4d8f4f:000489,2,2026-09-18T20:13:56.006+00:00,CREDITS,"R 20,000",r 20 000,1.0,,OTHER,20000,,,,,,,,,,,,,,0,,wheelspin_lab/20260919_023755_1d4d8f4f/spin_000489/full.png,wheelspin_lab/20260919_023755_1d4d8f4f/spin_000489/slot_2.png,,
1467,20260919_023755_1d4d8f4f:000489,3,2026-09-18T20:13:56.007+00:00,CREDITS,"p 20,000",p 20 000,1.0,,OTHER,20000,,,,,,,,,,,,,,0,,wheelspin_lab/20260919_023755_1d4d8f4f/spin_000489/full.png,wheelspin_lab/20260919_023755_1d4d8f4f/spin_000489/slot_3.png,,
1468,20260919_023755_1d4d8f4f:000490,1,2026-09-18T20:14:01.165+00:00,CREDITS,"10,000",10 000,1.0,,OTHER,10000,,,,,,,,,,,,,,0,,wheelspin_lab/20260919_023755_1d4d8f4f/spin_000490/full.png,wheelspin_lab/20260919_023755_1d4d8f4f/spin_000490/slot_1.png,,
1469,20260919_023755_1d4d8f4f:000490,2,2026-09-18T20:14:01.165+00:00,CREDITS,"15,000",15 000,1.0,,OTHER,15000,,,,,,,,,,,,,,0,,wheelspin_lab/20260919_023755_1d4d8f4f/spin_000490/full.png,wheelspin_lab/20260919_023755_1d4d8f4f/spin_000490/slot_2.png,,
1470,20260919_023755_1d4d8f4f:000490,3,2026-09-18T20:14:01.165+00:00,CAR,1965 TOYOTA Sports 800,1965 toyota sports 800,0.78,,NEUTRAL,,1965,TOYOTA,SPORTS 800,SPORTS 800 65,,,0,0,0,1,SELL,1.0,SELL,1,125000,wheelspin_lab/20260919_023755_1d4d8f4f/spin_000490/full.png,wheelspin_lab/20260919_023755_1d4d8f4f/spin_000490/slot_3.png,wheelspin_lab/20260919_023755_1d4d8f4f/20260919_023755_1d4d8f4f_000490/duplicate_051401_661428.png,1.0
1471,20260919_023755_1d4d8f4f:000491,1,2026-09-18T20:14:08.725+00:00,CAR,2021 VOLKSWAGEN Golf R,2021 volkswagen golf r,0.78,,OTHER,,2021,VOLKSWAGEN,GOLF R,VW GOLF R 21,,,0,0,0,1,SELL,1.0,SELL,1,14500,wheelspin_lab/20260919_023755_1d4d8f4f/spin_000491/full.png,wheelspin_lab/20260919_023755_1d4d8f4f/spin_000491/slot_1.png,wheelspin_lab/20260919_023755_1d4d8f4f/20260919_023755_1d4d8f4f_000491/duplicate_051409_130074.png,1.0
1472,20260919_023755_1d4d8f4f:000491,2,2026-09-18T20:14:08.725+00:00,CREDITS,"15,000",15 000,1.0,,OTHER,15000,,,,,,,,,,,,,,0,,wheelspin_lab/20260919_023755_1d4d8f4f/spin_000491/full.png,wheelspin_lab/20260919_023755_1d4d8f4f/spin_000491/slot_2.png,,
1473,20260919_023755_1d4d8f4f:000491,3,2026-09-18T20:14:08.725+00:00,CAR,1994 FERRARI F355 Berlinetta,1994 ferrari f355 berlinetta,1.0,,PURPLE,,1994,Ferrari,F355 Berlinetta,FERRARI F355,,,0,0,0,1,SELL,1.0,SELL,1,125000,wheelspin_lab/20260919_023755_1d4d8f4f/spin_000491/full.png,wheelspin_lab/20260919_023755_1d4d8f4f/spin_000491/slot_3.png,wheelspin_lab/20260919_023755_1d4d8f4f/20260919_023755_1d4d8f4f_000491/duplicate_051410_894974.png,1.0
1474,20260919_023755_1d4d8f4f:000492,1,2026-09-18T20:14:17.611+00:00,CREDITS,"100,000",100 000,1.0,,NEUTRAL,100000,,,,,,,,,,,,,,0,,wheelspin_lab/20260919_023755_1d4d8f4f/spin_000492/full.png,wheelspin_lab/20260919_023755_1d4d8f4f/spin_000492/slot_1.png,,
1475,20260919_023755_1d4d8f4f:000492,2,2026-09-18T20:14:17.611+00:00,CAR,2014 HSV Edition Gen-F GTS Ma,2014 hsv edition gen f gts ma,0.78,,NEUTRAL,,2014,HSV,EDITION GEN F GTS MA,HSV MALOO 14,,,0,0,0,1,SELL,1.0,SELL,1,32500,wheelspin_lab/20260919_023755_1d4d8f4f/spin_000492/full.png,wheelspin_lab/20260919_023755_1d4d8f4f/spin_000492/slot_2.png,wheelspin_lab/20260919_023755_1d4d8f4f/20260919_023755_1d4d8f4f_000492/duplicate_051418_003238.png,1.0
1476,20260919_023755_1d4d8f4f:000492,3,2026-09-18T20:14:17.611+00:00,CREDITS,"R 45,000",r 45 000,1.0,,NEUTRAL,45000,,,,,,,,,,,,,,0,,wheelspin_lab/20260919_023755_1d4d8f4f/spin_000492/full.png,wheelspin_lab/20260919_023755_1d4d8f4f/spin_000492/slot_3.png,,
1477,20260919_023755_1d4d8f4f:000493,1,2026-09-18T20:14:25.227+00:00,OTHER,"95,000",95 000,0.55,,OTHER,,,,,,,,,,,,,,,0,,wheelspin_lab/20260919_023755_1d4d8f4f/spin_000493/full.png,wheelspin_lab/20260919_023755_1d4d8f4f/spin_000493/slot_1.png,,
1478,20260919_023755_1d4d8f4f:000493,2,2026-09-18T20:14:25.227+00:00,CREDITS,"p 15,000",p 15 000,1.0,,OTHER,15000,,,,,,,,,,,,,,0,,wheelspin_lab/20260919_023755_1d4d8f4f/spin_000493/full.png,wheelspin_lab/20260919_023755_1d4d8f4f/spin_000493/slot_2.png,,
1479,20260919_023755_1d4d8f4f:000493,3,2026-09-18T20:14:25.227+00:00,CREDITS,"p 20,000",p 20 000,1.0,,OTHER,20000,,,,,,,,,,,,,,0,,wheelspin_lab/20260919_023755_1d4d8f4f/spin_000493/full.png,wheelspin_lab/20260919_023755_1d4d8f4f/spin_000493/slot_3.png,,
1480,20260919_023755_1d4d8f4f:000494,1,2026-09-18T20:14:30.904+00:00,CREDITS,"10,000",10 000,1.0,,BLUE,10000,,,,,,,,,,,,,,0,,wheelspin_lab/20260919_023755_1d4d8f4f/spin_000494/full.png,wheelspin_lab/20260919_023755_1d4d8f4f/spin_000494/slot_1.png,,
1481,20260919_023755_1d4d8f4f:000494,2,2026-09-18T20:14:30.904+00:00,CREDITS,"80,000",80 000,1.0,,BLUE,80000,,,,,,,,,,,,,,0,,wheelspin_lab/20260919_023755_1d4d8f4f/spin_000494/full.png,wheelspin_lab/20260919_023755_1d4d8f4f/spin_000494/slot_2.png,,
1482,20260919_023755_1d4d8f4f:000494,3,2026-09-18T20:14:30.904+00:00,CREDITS,"0 5,000",0 5 000,0.99,,BLUE,5000,,,,,,,,,,,,,,0,,wheelspin_lab/20260919_023755_1d4d8f4f/spin_000494/full.png,wheelspin_lab/20260919_023755_1d4d8f4f/spin_000494/slot_3.png,,
1483,20260919_023755_1d4d8f4f:000495,1,2026-09-18T20:14:36.186+00:00,CREDITS,"15,000",15 000,1.0,,BLUE,15000,,,,,,,,,,,,,,0,,wheelspin_lab/20260919_023755_1d4d8f4f/spin_000495/full.png,wheelspin_lab/20260919_023755_1d4d8f4f/spin_000495/slot_1.png,,
1484,20260919_023755_1d4d8f4f:000495,2,2026-09-18T20:14:36.186+00:00,CAR,1995 MITSUBISHI Eclipse GSX,1995 mitsubishi eclipse gsx,0.78,,OTHER,,1995,MITSUBISHI,ECLIPSE GSX,ECLIPSE GSX,,,0,0,0,1,SELL,1.0,SELL,1,17500,wheelspin_lab/20260919_023755_1d4d8f4f/spin_000495/full.png,wheelspin_lab/20260919_023755_1d4d8f4f/spin_000495/slot_2.png,wheelspin_lab/20260919_023755_1d4d8f4f/20260919_023755_1d4d8f4f_000495/duplicate_051436_581682.png,1.0
1485,20260919_023755_1d4d8f4f:000495,3,2026-09-18T20:14:36.186+00:00,CREDITS,"75,000",75 000,1.0,,BLUE,75000,,,,,,,,,,,,,,0,,wheelspin_lab/20260919_023755_1d4d8f4f/spin_000495/full.png,wheelspin_lab/20260919_023755_1d4d8f4f/spin_000495/slot_3.png,,
1486,20260919_023755_1d4d8f4f:000496,1,2026-09-18T20:14:43.461+00:00,CREDITS,"20,000",20 000,1.0,,NEUTRAL,20000,,,,,,,,,,,,,,0,,wheelspin_lab/20260919_023755_1d4d8f4f/spin_000496/full.png,wheelspin_lab/20260919_023755_1d4d8f4f/spin_000496/slot_1.png,,
1487,20260919_023755_1d4d8f4f:000496,2,2026-09-18T20:14:43.461+00:00,OTHER,"20,000",20 000,0.55,,NEUTRAL,,,,,,,,,,,,,,,0,,wheelspin_lab/20260919_023755_1d4d8f4f/spin_000496/full.png,wheelspin_lab/20260919_023755_1d4d8f4f/spin_000496/slot_2.png,,
1488,20260919_023755_1d4d8f4f:000496,3,2026-09-18T20:14:43.461+00:00,CREDITS,"50,000",50 000,1.0,,NEUTRAL,50000,,,,,,,,,,,,,,0,,wheelspin_lab/20260919_023755_1d4d8f4f/spin_000496/full.png,wheelspin_lab/20260919_023755_1d4d8f4f/spin_000496/slot_3.png,,
1489,20260919_023755_1d4d8f4f:000497,1,2026-09-18T20:14:48.793+00:00,CREDITS,"R 80,000",r 80 000,1.0,,NEUTRAL,80000,,,,,,,,,,,,,,0,,wheelspin_lab/20260919_023755_1d4d8f4f/spin_000497/full.png,wheelspin_lab/20260919_023755_1d4d8f4f/spin_000497/slot_1.png,,
1490,20260919_023755_1d4d8f4f:000497,2,2026-09-18T20:14:48.793+00:00,CREDITS,"15,000",15 000,1.0,,NEUTRAL,15000,,,,,,,,,,,,,,0,,wheelspin_lab/20260919_023755_1d4d8f4f/spin_000497/full.png,wheelspin_lab/20260919_023755_1d4d8f4f/spin_000497/slot_2.png,,
1491,20260919_023755_1d4d8f4f:000497,3,2026-09-18T20:14:48.793+00:00,CREDITS,"35,000",35 000,1.0,,NEUTRAL,35000,,,,,,,,,,,,,,0,,wheelspin_lab/20260919_023755_1d4d8f4f/spin_000497/full.png,wheelspin_lab/20260919_023755_1d4d8f4f/spin_000497/slot_3.png,,
1492,20260919_023755_1d4d8f4f:000498,1,2026-09-18T20:14:54.497+00:00,CAR,FORD F-150 XLT Lariat,ford f 150 xlt lariat,0.55,,NEUTRAL,,,,FORD F 150 86,FORD F 150 86,,,,0,0,1,SELL,1.0,SELL,1,22500,wheelspin_lab/20260919_023755_1d4d8f4f/spin_000498/full.png,wheelspin_lab/20260919_023755_1d4d8f4f/spin_000498/slot_1.png,wheelspin_lab/20260919_023755_1d4d8f4f/20260919_023755_1d4d8f4f_000498/duplicate_051454_940132.png,1.0
1493,20260919_023755_1d4d8f4f:000498,2,2026-09-18T20:14:54.497+00:00,CREDITS,"10,000",10 000,1.0,,NEUTRAL,10000,,,,,,,,,,,,,,0,,wheelspin_lab/20260919_023755_1d4d8f4f/spin_000498/full.png,wheelspin_lab/20260919_023755_1d4d8f4f/spin_000498/slot_2.png,,
1494,20260919_023755_1d4d8f4f:000498,3,2026-09-18T20:14:54.497+00:00,CAR,2014 FORD Ranger T 6 Rally Raid,2014 ford ranger t 6 rally raid,0.78,,NEUTRAL,,2014,FORD,RANGER T 6 RALLY RAID,FORD RANGER T6,,,0,0,0,1,SELL,1.0,SELL,1,175000,wheelspin_lab/20260919_023755_1d4d8f4f/spin_000498/full.png,wheelspin_lab/20260919_023755_1d4d8f4f/spin_000498/slot_3.png,wheelspin_lab/20260919_023755_1d4d8f4f/20260919_023755_1d4d8f4f_000498/duplicate_051456_508406.png,1.0
1495,20260919_023755_1d4d8f4f:000499,1,2026-09-18T20:15:03.501+00:00,CREDITS,"20,000",20 000,1.0,,NEUTRAL,20000,,,,,,,,,,,,,,0,,wheelspin_lab/20260919_023755_1d4d8f4f/spin_000499/full.png,wheelspin_lab/20260919_023755_1d4d8f4f/spin_000499/slot_1.png,,
1496,20260919_023755_1d4d8f4f:000499,2,2026-09-18T20:15:03.501+00:00,CREDITS,"5,000",5 000,1.0,,NEUTRAL,5000,,,,,,,,,,,,,,0,,wheelspin_lab/20260919_023755_1d4d8f4f/spin_000499/full.png,wheelspin_lab/20260919_023755_1d4d8f4f/spin_000499/slot_2.png,,
1497,20260919_023755_1d4d8f4f:000499,3,2026-09-18T20:15:03.501+00:00,CREDITS,"15,000",15 000,1.0,,NEUTRAL,15000,,,,,,,,,,,,,,0,,wheelspin_lab/20260919_023755_1d4d8f4f/spin_000499/full.png,wheelspin_lab/20260919_023755_1d4d8f4f/spin_000499/slot_3.png,,
1498,20260919_023755_1d4d8f4f:000500,1,2026-09-18T20:15:08.947+00:00,CREDITS,"20,000",20 000,1.0,,NEUTRAL,20000,,,,,,,,,,,,,,0,,wheelspin_lab/20260919_023755_1d4d8f4f/spin_000500/full.png,wheelspin_lab/20260919_023755_1d4d8f4f/spin_000500/slot_1.png,,
1499,20260919_023755_1d4d8f4f:000500,2,2026-09-18T20:15:08.947+00:00,CREDITS,"35,000",35 000,1.0,,NEUTRAL,35000,,,,,,,,,,,,,,0,,wheelspin_lab/20260919_023755_1d4d8f4f/spin_000500/full.png,wheelspin_lab/20260919_023755_1d4d8f4f/spin_000500/slot_2.png,,
1500,20260919_023755_1d4d8f4f:000500,3,2026-09-18T20:15:08.947+00:00,CREDITS,"45,000",45 000,1.0,,NEUTRAL,45000,,,,,,,,,,,,,,0,,wheelspin_lab/20260919_023755_1d4d8f4f/spin_000500/full.png,wheelspin_lab/20260919_023755_1d4d8f4f/spin_000500/slot_3.png,,
