spin_id,session_id,spin_number,spin_type,started_at,reward_screen_at,completed_at,duration_seconds,screen_path,slot_count,credits_before,credits_after,credits_delta,status,error,rewards_committed,collect_sent
20260919_023755_1d4d8f4f:000001,20260919_023755_1d4d8f4f,1,SUPER,2026-09-18T17:37:57.644+00:00,2026-09-18T17:38:02.435+00:00,2026-09-18T17:38:07.739+00:00,10.095016658306122,wheelspin_lab/20260919_023755_1d4d8f4f/spin_000001/full.png,3,,,,COMPLETE,,1,1
20260919_023755_1d4d8f4f:000002,20260919_023755_1d4d8f4f,2,SUPER,2026-09-18T17:38:07.997+00:00,2026-09-18T17:38:08.128+00:00,2026-09-18T17:38:15.083+00:00,7.085980474948883,wheelspin_lab/20260919_023755_1d4d8f4f/spin_000002/full.png,3,,,,COMPLETE,,1,1
20260919_023755_1d4d8f4f:000003,20260919_023755_1d4d8f4f,3,SUPER,2026-09-18T17:38:15.336+00:00,2026-09-18T17:38:15.489+00:00,2026-09-18T17:38:20.266+00:00,4.930007457733154,wheelspin_lab/20260919_023755_1d4d8f4f/spin_000003/full.png,3,,,,COMPLETE,,1,1
20260919_023755_1d4d8f4f:000004,20260919_023755_1d4d8f4f,4,SUPER,2026-09-18T17:38:20.525+00:00,2026-09-18T17:38:20.650+00:00,2026-09-18T17:38:27.754+00:00,7.228969037532806,wheelspin_lab/20260919_023755_1d4d8f4f/spin_000004/full.png,3,,,,COMPLETE,,1,1
20260919_023755_1d4d8f4f:000005,20260919_023755_1d4d8f4f,5,SUPER,2026-09-18T17:38:28.032+00:00,2026-09-18T17:38:28.187+00:00,2026-09-18T17:38:35.278+00:00,7.2459876537323,wheelspin_lab/20260919_023755_1d4d8f4f/spin_000005/full.png,3,,,,COMPLETE,,1,1
20260919_023755_1d4d8f4f:000006,20260919_023755_1d4d8f4f,6,SUPER,2026-09-18T17:38:35.540+00:00,2026-09-18T17:38:35.670+00:00,2026-09-18T17:38:42.645+00:00,7.1049705147743225,wheelspin_lab/20260919_023755_1d4d8f4f/spin_000006/full.png,3,,,,COMPLETE,,1,1
20260919_023755_1d4d8f4f:000007,20260919_023755_1d4d8f4f,7,SUPER,2026-09-18T17:38:42.866+00:00,2026-09-18T17:38:42.993+00:00,2026-09-18T17:38:48.144+00:00,5.278024077415466,wheelspin_lab/20260919_023755_1d4d8f4f/spin_000007/full.png,3,,,,COMPLETE,,1,1
20260919_023755_1d4d8f4f:000008,20260919_023755_1d4d8f4f,8,SUPER,2026-09-18T17:38:48.405+00:00,2026-09-18T17:38:48.575+00:00,2026-09-18T17:38:53.280+00:00,4.875008761882782,wheelspin_lab/20260919_023755_1d4d8f4f/spin_000008/full.png,3,,,,COMPLETE,,1,1
20260919_023755_1d4d8f4f:000009,20260919_023755_1d4d8f4f,9,SUPER,2026-09-18T17:38:53.590+00:00,2026-09-18T17:38:53.734+00:00,2026-09-18T17:39:01.013+00:00,7.422973215579987,wheelspin_lab/20260919_023755_1d4d8f4f/spin_000009/full.png,3,,,,COMPLETE,,1,1
20260919_023755_1d4d8f4f:000010,20260919_023755_1d4d8f4f,10,SUPER,2026-09-18T17:39:01.278+00:00,2026-09-18T17:39:01.420+00:00,2026-09-18T17:39:08.597+00:00,7.31901079416275,wheelspin_lab/20260919_023755_1d4d8f4f/spin_000010/full.png,3,,,,COMPLETE,,1,1
20260919_023755_1d4d8f4f:000011,20260919_023755_1d4d8f4f,11,SUPER,2026-09-18T17:39:08.813+00:00,2026-09-18T17:39:08.965+00:00,2026-09-18T17:39:13.726+00:00,4.913029074668884,wheelspin_lab/20260919_023755_1d4d8f4f/spin_000011/full.png,3,,,,COMPLETE,,1,1
20260919_023755_1d4d8f4f:000012,20260919_023755_1d4d8f4f,12,SUPER,2026-09-18T17:39:13.982+00:00,2026-09-18T17:39:14.108+00:00,2026-09-18T17:39:21.074+00:00,7.091975212097168,wheelspin_lab/20260919_023755_1d4d8f4f/spin_000012/full.png,3,,,,COMPLETE,,1,1
20260919_023755_1d4d8f4f:000013,20260919_023755_1d4d8f4f,13,SUPER,2026-09-18T17:39:21.281+00:00,2026-09-18T17:39:21.425+00:00,2026-09-18T17:39:26.858+00:00,5.5769965052604675,wheelspin_lab/20260919_023755_1d4d8f4f/spin_000013/full.png,3,,,,COMPLETE,,1,1
20260919_023755_1d4d8f4f:000014,20260919_023755_1d4d8f4f,14,SUPER,2026-09-18T17:39:27.124+00:00,2026-09-18T17:39:27.270+00:00,2026-09-18T17:39:34.290+00:00,7.166004180908203,wheelspin_lab/20260919_023755_1d4d8f4f/spin_000014/full.png,3,,,,COMPLETE,,1,1
20260919_023755_1d4d8f4f:000015,20260919_023755_1d4d8f4f,15,SUPER,2026-09-18T17:39:34.572+00:00,2026-09-18T17:39:34.717+00:00,2026-09-18T17:39:41.808+00:00,7.236009836196899,wheelspin_lab/20260919_023755_1d4d8f4f/spin_000015/full.png,3,,,,COMPLETE,,1,1
20260919_023755_1d4d8f4f:000016,20260919_023755_1d4d8f4f,16,SUPER,2026-09-18T17:39:42.073+00:00,2026-09-18T17:39:42.218+00:00,2026-09-18T17:39:49.251+00:00,7.177993655204773,wheelspin_lab/20260919_023755_1d4d8f4f/spin_000016/full.png,3,,,,COMPLETE,,1,1
20260919_023755_1d4d8f4f:000017,20260919_023755_1d4d8f4f,17,SUPER,2026-09-18T17:39:49.509+00:00,2026-09-18T17:39:49.637+00:00,2026-09-18T17:39:56.406+00:00,6.8970054388046265,wheelspin_lab/20260919_023755_1d4d8f4f/spin_000017/full.png,3,,,,COMPLETE,,1,1
20260919_023755_1d4d8f4f:000018,20260919_023755_1d4d8f4f,18,SUPER,2026-09-18T17:39:56.663+00:00,2026-09-18T17:39:56.804+00:00,2026-09-18T17:40:01.946+00:00,5.282972753047943,wheelspin_lab/20260919_023755_1d4d8f4f/spin_000018/full.png,3,,,,COMPLETE,,1,1
20260919_023755_1d4d8f4f:000019,20260919_023755_1d4d8f4f,19,SUPER,2026-09-18T17:40:02.156+00:00,2026-09-18T17:40:02.284+00:00,2026-09-18T17:40:07.192+00:00,5.03598153591156,wheelspin_lab/20260919_023755_1d4d8f4f/spin_000019/full.png,3,,,,COMPLETE,,1,1
20260919_023755_1d4d8f4f:000020,20260919_023755_1d4d8f4f,20,SUPER,2026-09-18T17:40:07.465+00:00,2026-09-18T17:40:07.580+00:00,2026-09-18T17:40:14.590+00:00,7.12500661611557,wheelspin_lab/20260919_023755_1d4d8f4f/spin_000020/full.png,3,,,,COMPLETE,,1,1
20260919_023755_1d4d8f4f:000021,20260919_023755_1d4d8f4f,21,SUPER,2026-09-18T17:40:14.802+00:00,2026-09-18T17:40:14.934+00:00,2026-09-18T17:40:21.610+00:00,6.808009743690491,wheelspin_lab/20260919_023755_1d4d8f4f/spin_000021/full.png,3,,,,COMPLETE,,1,1
20260919_023755_1d4d8f4f:000022,20260919_023755_1d4d8f4f,22,SUPER,2026-09-18T17:40:21.875+00:00,2026-09-18T17:40:22.011+00:00,2026-09-18T17:40:26.917+00:00,5.042016506195068,wheelspin_lab/20260919_023755_1d4d8f4f/spin_000022/full.png,3,,,,COMPLETE,,1,1
20260919_023755_1d4d8f4f:000023,20260919_023755_1d4d8f4f,23,SUPER,2026-09-18T17:40:27.179+00:00,2026-09-18T17:40:27.312+00:00,2026-09-18T17:40:34.293+00:00,7.113982737064362,wheelspin_lab/20260919_023755_1d4d8f4f/spin_000023/full.png,3,,,,COMPLETE,,1,1
20260919_023755_1d4d8f4f:000024,20260919_023755_1d4d8f4f,24,SUPER,2026-09-18T17:40:34.557+00:00,2026-09-18T17:40:34.687+00:00,2026-09-18T17:40:39.854+00:00,5.297014117240906,wheelspin_lab/20260919_023755_1d4d8f4f/spin_000024/full.png,3,,,,COMPLETE,,1,1
20260919_023755_1d4d8f4f:000025,20260919_023755_1d4d8f4f,25,SUPER,2026-09-18T17:40:40.126+00:00,2026-09-18T17:40:40.246+00:00,2026-09-18T17:40:47.234+00:00,7.1080282330513,wheelspin_lab/20260919_023755_1d4d8f4f/spin_000025/full.png,3,,,,COMPLETE,,1,1
20260919_023755_1d4d8f4f:000026,20260919_023755_1d4d8f4f,26,SUPER,2026-09-18T17:40:47.484+00:00,2026-09-18T17:40:47.623+00:00,2026-09-18T17:40:54.651+00:00,7.167010009288788,wheelspin_lab/20260919_023755_1d4d8f4f/spin_000026/full.png,3,,,,COMPLETE,,1,1
20260919_023755_1d4d8f4f:000027,20260919_023755_1d4d8f4f,27,SUPER,2026-09-18T17:40:54.940+00:00,2026-09-18T17:40:55.078+00:00,2026-09-18T17:41:02.118+00:00,7.177993655204773,wheelspin_lab/20260919_023755_1d4d8f4f/spin_000027/full.png,3,,,,COMPLETE,,1,1
20260919_023755_1d4d8f4f:000028,20260919_023755_1d4d8f4f,28,SUPER,2026-09-18T17:41:02.400+00:00,2026-09-18T17:41:02.545+00:00,2026-09-18T17:41:07.673+00:00,5.272994935512543,wheelspin_lab/20260919_023755_1d4d8f4f/spin_000028/full.png,3,,,,COMPLETE,,1,1
20260919_023755_1d4d8f4f:000029,20260919_023755_1d4d8f4f,29,SUPER,2026-09-18T17:41:07.897+00:00,2026-09-18T17:41:08.076+00:00,2026-09-18T17:41:13.071+00:00,5.174021422863007,wheelspin_lab/20260919_023755_1d4d8f4f/spin_000029/full.png,3,,,,COMPLETE,,1,1
20260919_023755_1d4d8f4f:000030,20260919_023755_1d4d8f4f,30,SUPER,2026-09-18T17:41:13.341+00:00,2026-09-18T17:41:13.556+00:00,2026-09-18T17:41:20.696+00:00,7.35497921705246,wheelspin_lab/20260919_023755_1d4d8f4f/spin_000030/full.png,3,,,,COMPLETE,,1,1
20260919_023755_1d4d8f4f:000031,20260919_023755_1d4d8f4f,31,SUPER,2026-09-18T17:41:21.029+00:00,2026-09-18T17:41:21.187+00:00,2026-09-18T17:41:28.182+00:00,7.153008878231049,wheelspin_lab/20260919_023755_1d4d8f4f/spin_000031/full.png,3,,,,COMPLETE,,1,1
20260919_023755_1d4d8f4f:000032,20260919_023755_1d4d8f4f,32,SUPER,2026-09-18T17:41:28.445+00:00,2026-09-18T17:41:28.595+00:00,2026-09-18T17:41:35.338+00:00,6.892982125282288,wheelspin_lab/20260919_023755_1d4d8f4f/spin_000032/full.png,3,,,,COMPLETE,,1,1
20260919_023755_1d4d8f4f:000033,20260919_023755_1d4d8f4f,33,SUPER,2026-09-18T17:41:35.628+00:00,2026-09-18T17:41:35.751+00:00,2026-09-18T17:41:41.006+00:00,5.378003418445587,wheelspin_lab/20260919_023755_1d4d8f4f/spin_000033/full.png,3,,,,COMPLETE,,1,1
20260919_023755_1d4d8f4f:000034,20260919_023755_1d4d8f4f,34,SUPER,2026-09-18T17:41:41.269+00:00,2026-09-18T17:41:41.395+00:00,2026-09-18T17:41:46.476+00:00,5.207012593746185,wheelspin_lab/20260919_023755_1d4d8f4f/spin_000034/full.png,3,,,,COMPLETE,,1,1
20260919_023755_1d4d8f4f:000035,20260919_023755_1d4d8f4f,35,SUPER,2026-09-18T17:41:46.758+00:00,2026-09-18T17:41:46.866+00:00,2026-09-18T17:41:53.786+00:00,7.02800452709198,wheelspin_lab/20260919_023755_1d4d8f4f/spin_000035/full.png,3,,,,COMPLETE,,1,1
20260919_023755_1d4d8f4f:000036,20260919_023755_1d4d8f4f,36,SUPER,2026-09-18T17:41:54.033+00:00,2026-09-18T17:41:54.180+00:00,2026-09-18T17:42:02.558+00:00,8.524999022483826,wheelspin_lab/20260919_023755_1d4d8f4f/spin_000036/full.png,3,,,,COMPLETE,,1,1
20260919_023755_1d4d8f4f:000037,20260919_023755_1d4d8f4f,37,SUPER,2026-09-18T17:42:02.764+00:00,2026-09-18T17:42:02.916+00:00,2026-09-18T17:42:07.849+00:00,5.0849854946136475,wheelspin_lab/20260919_023755_1d4d8f4f/spin_000037/full.png,3,,,,COMPLETE,,1,1
20260919_023755_1d4d8f4f:000038,20260919_023755_1d4d8f4f,38,SUPER,2026-09-18T17:42:08.112+00:00,2026-09-18T17:42:08.255+00:00,2026-09-18T17:42:15.563+00:00,7.4510157108306885,wheelspin_lab/20260919_023755_1d4d8f4f/spin_000038/full.png,3,,,,COMPLETE,,1,1
20260919_023755_1d4d8f4f:000039,20260919_023755_1d4d8f4f,39,SUPER,2026-09-18T17:42:15.842+00:00,2026-09-18T17:42:16.004+00:00,2026-09-18T17:42:20.774+00:00,4.932019114494324,wheelspin_lab/20260919_023755_1d4d8f4f/spin_000039/full.png,3,,,,COMPLETE,,1,1
20260919_023755_1d4d8f4f:000040,20260919_023755_1d4d8f4f,40,SUPER,2026-09-18T17:42:21.050+00:00,2026-09-18T17:42:21.173+00:00,2026-09-18T17:42:29.970+00:00,8.920007944107056,wheelspin_lab/20260919_023755_1d4d8f4f/spin_000040/full.png,3,,,,COMPLETE,,1,1
20260919_023755_1d4d8f4f:000041,20260919_023755_1d4d8f4f,41,SUPER,2026-09-18T17:42:30.218+00:00,2026-09-18T17:42:30.399+00:00,2026-09-18T17:42:35.048+00:00,4.82998788356781,wheelspin_lab/20260919_023755_1d4d8f4f/spin_000041/full.png,3,,,,COMPLETE,,1,1
20260919_023755_1d4d8f4f:000042,20260919_023755_1d4d8f4f,42,SUPER,2026-09-18T17:42:35.340+00:00,2026-09-18T17:42:35.474+00:00,2026-09-18T17:42:46.068+00:00,10.728004574775696,wheelspin_lab/20260919_023755_1d4d8f4f/spin_000042/full.png,3,,,,COMPLETE,,1,1
20260919_023755_1d4d8f4f:000043,20260919_023755_1d4d8f4f,43,SUPER,2026-09-18T17:42:46.370+00:00,2026-09-18T17:42:46.518+00:00,2026-09-18T17:42:51.398+00:00,5.028015375137329,wheelspin_lab/20260919_023755_1d4d8f4f/spin_000043/full.png,3,,,,COMPLETE,,1,1
20260919_023755_1d4d8f4f:000044,20260919_023755_1d4d8f4f,44,SUPER,2026-09-18T17:42:51.674+00:00,2026-09-18T17:42:51.859+00:00,2026-09-18T17:42:58.606+00:00,6.931968033313751,wheelspin_lab/20260919_023755_1d4d8f4f/spin_000044/full.png,3,,,,COMPLETE,,1,1
20260919_023755_1d4d8f4f:000045,20260919_023755_1d4d8f4f,45,SUPER,2026-09-18T17:42:58.878+00:00,2026-09-18T17:42:58.999+00:00,2026-09-18T17:43:04.254+00:00,5.375991761684418,wheelspin_lab/20260919_023755_1d4d8f4f/spin_000045/full.png,3,,,,COMPLETE,,1,1
20260919_023755_1d4d8f4f:000046,20260919_023755_1d4d8f4f,46,SUPER,2026-09-18T17:43:04.545+00:00,2026-09-18T17:43:04.677+00:00,2026-09-18T17:43:09.500+00:00,4.954992234706879,wheelspin_lab/20260919_023755_1d4d8f4f/spin_000046/full.png,3,,,,COMPLETE,,1,1
20260919_023755_1d4d8f4f:000047,20260919_023755_1d4d8f4f,47,SUPER,2026-09-18T17:43:09.757+00:00,2026-09-18T17:43:09.901+00:00,2026-09-18T17:43:18.448+00:00,8.691000938415527,wheelspin_lab/20260919_023755_1d4d8f4f/spin_000047/full.png,3,,,,COMPLETE,,1,1
20260919_023755_1d4d8f4f:000048,20260919_023755_1d4d8f4f,48,SUPER,2026-09-18T17:43:18.698+00:00,2026-09-18T17:43:18.854+00:00,2026-09-18T17:43:26.147+00:00,7.449004054069519,wheelspin_lab/20260919_023755_1d4d8f4f/spin_000048/full.png,3,,,,COMPLETE,,1,1
20260919_023755_1d4d8f4f:000049,20260919_023755_1d4d8f4f,49,SUPER,2026-09-18T17:43:26.409+00:00,2026-09-18T17:43:26.551+00:00,2026-09-18T17:43:31.524+00:00,5.114999413490295,wheelspin_lab/20260919_023755_1d4d8f4f/spin_000049/full.png,3,,,,COMPLETE,,1,1
20260919_023755_1d4d8f4f:000050,20260919_023755_1d4d8f4f,50,SUPER,2026-09-18T17:43:31.751+00:00,2026-09-18T17:43:31.896+00:00,2026-09-18T17:53:40.987+00:00,609.2360034584999,wheelspin_lab/20260919_023755_1d4d8f4f/spin_000050/full.png,3,,,,COMPLETE,,1,1
20260919_023755_1d4d8f4f:000051,20260919_023755_1d4d8f4f,51,SUPER,2026-09-18T17:54:02.586+00:00,2026-09-18T17:54:07.318+00:00,2026-09-18T17:54:14.452+00:00,11.865998804569244,wheelspin_lab/20260919_023755_1d4d8f4f/spin_000051/full.png,3,,,,COMPLETE,,1,1
20260919_023755_1d4d8f4f:000052,20260919_023755_1d4d8f4f,52,SUPER,2026-09-18T17:54:14.731+00:00,2026-09-18T17:54:14.919+00:00,2026-09-18T17:54:23.320+00:00,8.589009940624237,wheelspin_lab/20260919_023755_1d4d8f4f/spin_000052/full.png,3,,,,COMPLETE,,1,1
20260919_023755_1d4d8f4f:000053,20260919_023755_1d4d8f4f,53,SUPER,2026-09-18T17:54:23.619+00:00,2026-09-18T17:54:23.747+00:00,2026-09-18T17:54:30.784+00:00,7.164998352527618,wheelspin_lab/20260919_023755_1d4d8f4f/spin_000053/full.png,3,,,,COMPLETE,,1,1
20260919_023755_1d4d8f4f:000054,20260919_023755_1d4d8f4f,54,SUPER,2026-09-18T17:54:31.049+00:00,2026-09-18T17:54:31.163+00:00,2026-09-18T17:54:36.326+00:00,5.276978015899658,wheelspin_lab/20260919_023755_1d4d8f4f/spin_000054/full.png,3,,,,COMPLETE,,1,1
20260919_023755_1d4d8f4f:000055,20260919_023755_1d4d8f4f,55,SUPER,2026-09-18T17:54:36.606+00:00,2026-09-18T17:54:36.739+00:00,2026-09-18T17:54:45.333+00:00,8.726969361305237,wheelspin_lab/20260919_023755_1d4d8f4f/spin_000055/full.png,3,,,,COMPLETE,,1,1
20260919_023755_1d4d8f4f:000056,20260919_023755_1d4d8f4f,56,SUPER,2026-09-18T17:54:45.606+00:00,2026-09-18T17:54:45.743+00:00,2026-09-18T17:54:51.002+00:00,5.395987629890442,wheelspin_lab/20260919_023755_1d4d8f4f/spin_000056/full.png,3,,,,COMPLETE,,1,1
20260919_023755_1d4d8f4f:000057,20260919_023755_1d4d8f4f,57,SUPER,2026-09-18T17:54:51.227+00:00,2026-09-18T17:54:51.384+00:00,2026-09-18T17:54:58.116+00:00,6.888999044895172,wheelspin_lab/20260919_023755_1d4d8f4f/spin_000057/full.png,3,,,,COMPLETE,,1,1
20260919_023755_1d4d8f4f:000058,20260919_023755_1d4d8f4f,58,SUPER,2026-09-18T17:54:58.394+00:00,2026-09-18T17:54:58.501+00:00,2026-09-18T17:55:03.880+00:00,5.485989153385162,wheelspin_lab/20260919_023755_1d4d8f4f/spin_000058/full.png,3,,,,COMPLETE,,1,1
20260919_023755_1d4d8f4f:000059,20260919_023755_1d4d8f4f,59,SUPER,2026-09-18T17:55:04.180+00:00,2026-09-18T17:55:04.357+00:00,2026-09-18T17:55:09.481+00:00,5.302003026008606,wheelspin_lab/20260919_023755_1d4d8f4f/spin_000059/full.png,3,,,,COMPLETE,,1,1
20260919_023755_1d4d8f4f:000060,20260919_023755_1d4d8f4f,60,SUPER,2026-09-18T17:55:09.738+00:00,2026-09-18T17:55:09.868+00:00,2026-09-18T17:55:14.865+00:00,5.126988887786865,wheelspin_lab/20260919_023755_1d4d8f4f/spin_000060/full.png,3,,,,COMPLETE,,1,1
20260919_023755_1d4d8f4f:000061,20260919_023755_1d4d8f4f,61,SUPER,2026-09-18T17:55:15.174+00:00,2026-09-18T17:55:15.324+00:00,2026-09-18T17:55:22.317+00:00,7.143031060695648,wheelspin_lab/20260919_023755_1d4d8f4f/spin_000061/full.png,3,,,,COMPLETE,,1,1
20260919_023755_1d4d8f4f:000062,20260919_023755_1d4d8f4f,62,SUPER,2026-09-18T17:55:22.633+00:00,2026-09-18T17:55:22.773+00:00,2026-09-18T17:55:27.738+00:00,5.104981362819672,wheelspin_lab/20260919_023755_1d4d8f4f/spin_000062/full.png,3,,,,COMPLETE,,1,1
20260919_023755_1d4d8f4f:000063,20260919_023755_1d4d8f4f,63,SUPER,2026-09-18T17:55:28.025+00:00,2026-09-18T17:55:28.162+00:00,2026-09-18T17:55:35.254+00:00,7.228969037532806,wheelspin_lab/20260919_023755_1d4d8f4f/spin_000063/full.png,3,,,,COMPLETE,,1,1
20260919_023755_1d4d8f4f:000064,20260919_023755_1d4d8f4f,64,SUPER,2026-09-18T17:55:35.520+00:00,2026-09-18T17:55:35.649+00:00,2026-09-18T17:55:42.562+00:00,7.042005658149719,wheelspin_lab/20260919_023755_1d4d8f4f/spin_000064/full.png,3,,,,COMPLETE,,1,1
20260919_023755_1d4d8f4f:000065,20260919_023755_1d4d8f4f,65,SUPER,2026-09-18T17:55:42.835+00:00,2026-09-18T17:55:42.955+00:00,2026-09-18T17:55:48.093+00:00,5.258028209209442,wheelspin_lab/20260919_023755_1d4d8f4f/spin_000065/full.png,3,,,,COMPLETE,,1,1
20260919_023755_1d4d8f4f:000066,20260919_023755_1d4d8f4f,66,SUPER,2026-09-18T17:55:48.352+00:00,2026-09-18T17:55:48.489+00:00,2026-09-18T17:55:53.544+00:00,5.192005634307861,wheelspin_lab/20260919_023755_1d4d8f4f/spin_000066/full.png,3,,,,COMPLETE,,1,1
20260919_023755_1d4d8f4f:000067,20260919_023755_1d4d8f4f,67,SUPER,2026-09-18T17:55:53.808+00:00,2026-09-18T17:55:53.974+00:00,2026-09-18T17:56:00.680+00:00,6.871980428695679,wheelspin_lab/20260919_023755_1d4d8f4f/spin_000067/full.png,3,,,,COMPLETE,,1,1
20260919_023755_1d4d8f4f:000068,20260919_023755_1d4d8f4f,68,SUPER,2026-09-18T17:56:00.930+00:00,2026-09-18T17:56:01.063+00:00,2026-09-18T17:56:07.827+00:00,6.8970054388046265,wheelspin_lab/20260919_023755_1d4d8f4f/spin_000068/full.png,3,,,,COMPLETE,,1,1
20260919_023755_1d4d8f4f:000069,20260919_023755_1d4d8f4f,69,SUPER,2026-09-18T17:56:08.037+00:00,2026-09-18T17:56:08.160+00:00,2026-09-18T17:56:15.072+00:00,7.03500509262085,wheelspin_lab/20260919_023755_1d4d8f4f/spin_000069/full.png,3,,,,COMPLETE,,1,1
20260919_023755_1d4d8f4f:000070,20260919_023755_1d4d8f4f,70,SUPER,2026-09-18T17:56:15.331+00:00,2026-09-18T17:56:15.475+00:00,2026-09-18T17:56:22.484+00:00,7.152968645095825,wheelspin_lab/20260919_023755_1d4d8f4f/spin_000070/full.png,3,,,,COMPLETE,,1,1
20260919_023755_1d4d8f4f:000071,20260919_023755_1d4d8f4f,71,SUPER,2026-09-18T17:56:22.701+00:00,2026-09-18T17:56:22.831+00:00,2026-09-18T17:56:27.985+00:00,5.284018814563751,wheelspin_lab/20260919_023755_1d4d8f4f/spin_000071/full.png,3,,,,COMPLETE,,1,1
20260919_023755_1d4d8f4f:000072,20260919_023755_1d4d8f4f,72,SUPER,2026-09-18T17:56:28.302+00:00,2026-09-18T17:56:28.452+00:00,2026-09-18T17:56:33.434+00:00,5.131977796554565,wheelspin_lab/20260919_023755_1d4d8f4f/spin_000072/full.png,3,,,,COMPLETE,,1,1
20260919_023755_1d4d8f4f:000073,20260919_023755_1d4d8f4f,73,SUPER,2026-09-18T17:56:33.652+00:00,2026-09-18T17:56:33.806+00:00,2026-09-18T17:56:40.892+00:00,7.239992916584015,wheelspin_lab/20260919_023755_1d4d8f4f/spin_000073/full.png,3,,,,COMPLETE,,1,1
20260919_023755_1d4d8f4f:000074,20260919_023755_1d4d8f4f,74,SUPER,2026-09-18T17:56:41.147+00:00,2026-09-18T17:56:41.288+00:00,2026-09-18T17:56:48.379+00:00,7.2319865226745605,wheelspin_lab/20260919_023755_1d4d8f4f/spin_000074/full.png,3,,,,COMPLETE,,1,1
20260919_023755_1d4d8f4f:000075,20260919_023755_1d4d8f4f,75,SUPER,2026-09-18T17:56:48.654+00:00,2026-09-18T17:56:48.776+00:00,2026-09-18T17:56:55.863+00:00,7.209013402462006,wheelspin_lab/20260919_023755_1d4d8f4f/spin_000075/full.png,3,,,,COMPLETE,,1,1
20260919_023755_1d4d8f4f:000076,20260919_023755_1d4d8f4f,76,SUPER,2026-09-18T17:56:56.126+00:00,2026-09-18T17:56:56.281+00:00,2026-09-18T17:57:04.749+00:00,8.623006939888,wheelspin_lab/20260919_023755_1d4d8f4f/spin_000076/full.png,3,,,,COMPLETE,,1,1
20260919_023755_1d4d8f4f:000077,20260919_023755_1d4d8f4f,77,SUPER,2026-09-18T17:57:05.012+00:00,2026-09-18T17:57:05.184+00:00,2026-09-18T17:59:39.665+00:00,154.6529933810234,wheelspin_lab/20260919_023755_1d4d8f4f/spin_000077/full.png,3,,,,COMPLETE,,1,1
20260919_023755_1d4d8f4f:000078,20260919_023755_1d4d8f4f,78,SUPER,2026-09-18T18:00:01.416+00:00,2026-09-18T18:00:06.475+00:00,2026-09-18T18:00:11.314+00:00,9.897994995117188,wheelspin_lab/20260919_023755_1d4d8f4f/spin_000078/full.png,3,,,,COMPLETE,,1,1
20260919_023755_1d4d8f4f:000079,20260919_023755_1d4d8f4f,79,SUPER,2026-09-18T18:00:11.570+00:00,2026-09-18T18:00:11.675+00:00,2026-09-18T18:00:16.952+00:00,5.381986498832703,wheelspin_lab/20260919_023755_1d4d8f4f/spin_000079/full.png,3,,,,COMPLETE,,1,1
20260919_023755_1d4d8f4f:000080,20260919_023755_1d4d8f4f,80,SUPER,2026-09-18T18:00:17.270+00:00,2026-09-18T18:00:17.410+00:00,2026-09-18T18:00:22.267+00:00,4.996995627880096,wheelspin_lab/20260919_023755_1d4d8f4f/spin_000080/full.png,3,,,,COMPLETE,,1,1
20260919_023755_1d4d8f4f:000081,20260919_023755_1d4d8f4f,81,SUPER,2026-09-18T18:00:22.539+00:00,2026-09-18T18:00:22.671+00:00,2026-09-18T18:00:29.709+00:00,7.169987261295319,wheelspin_lab/20260919_023755_1d4d8f4f/spin_000081/full.png,3,,,,COMPLETE,,1,1
20260919_023755_1d4d8f4f:000082,20260919_023755_1d4d8f4f,82,SUPER,2026-09-18T18:00:29.983+00:00,2026-09-18T18:00:30.115+00:00,2026-09-18T18:00:38.770+00:00,8.786997199058533,wheelspin_lab/20260919_023755_1d4d8f4f/spin_000082/full.png,3,,,,COMPLETE,,1,1
20260919_023755_1d4d8f4f:000083,20260919_023755_1d4d8f4f,83,SUPER,2026-09-18T18:00:39.019+00:00,2026-09-18T18:00:39.162+00:00,2026-09-18T18:00:44.284+00:00,5.264988541603088,wheelspin_lab/20260919_023755_1d4d8f4f/spin_000083/full.png,3,,,,COMPLETE,,1,1
20260919_023755_1d4d8f4f:000084,20260919_023755_1d4d8f4f,84,SUPER,2026-09-18T18:00:44.568+00:00,2026-09-18T18:00:44.710+00:00,2026-09-18T18:00:49.585+00:00,5.016991496086121,wheelspin_lab/20260919_023755_1d4d8f4f/spin_000084/full.png,3,,,,COMPLETE,,1,1
20260919_023755_1d4d8f4f:000085,20260919_023755_1d4d8f4f,85,SUPER,2026-09-18T18:00:49.849+00:00,2026-09-18T18:00:49.955+00:00,2026-09-18T18:00:56.885+00:00,7.035970687866211,wheelspin_lab/20260919_023755_1d4d8f4f/spin_000085/full.png,3,,,,COMPLETE,,1,1
20260919_023755_1d4d8f4f:000086,20260919_023755_1d4d8f4f,86,SUPER,2026-09-18T18:00:57.163+00:00,2026-09-18T18:00:57.290+00:00,2026-09-18T18:01:04.312+00:00,7.14898556470871,wheelspin_lab/20260919_023755_1d4d8f4f/spin_000086/full.png,3,,,,COMPLETE,,1,1
20260919_023755_1d4d8f4f:000087,20260919_023755_1d4d8f4f,87,SUPER,2026-09-18T18:01:04.575+00:00,2026-09-18T18:01:04.745+00:00,2026-09-18T18:01:11.703+00:00,7.128024101257324,wheelspin_lab/20260919_023755_1d4d8f4f/spin_000087/full.png,3,,,,COMPLETE,,1,1
20260919_023755_1d4d8f4f:000088,20260919_023755_1d4d8f4f,88,SUPER,2026-09-18T18:01:11.995+00:00,2026-09-18T18:01:12.140+00:00,2026-09-18T18:01:20.985+00:00,8.990013599395752,wheelspin_lab/20260919_023755_1d4d8f4f/spin_000088/full.png,3,,,,COMPLETE,,1,1
20260919_023755_1d4d8f4f:000089,20260919_023755_1d4d8f4f,89,SUPER,2026-09-18T18:01:21.280+00:00,2026-09-18T18:01:21.415+00:00,2026-09-18T18:01:26.368+00:00,5.088002979755402,wheelspin_lab/20260919_023755_1d4d8f4f/spin_000089/full.png,3,,,,COMPLETE,,1,1
20260919_023755_1d4d8f4f:000090,20260919_023755_1d4d8f4f,90,SUPER,2026-09-18T18:01:26.658+00:00,2026-09-18T18:01:26.785+00:00,2026-09-18T18:01:34.170+00:00,7.512009143829346,wheelspin_lab/20260919_023755_1d4d8f4f/spin_000090/full.png,3,,,,COMPLETE,,1,1
20260919_023755_1d4d8f4f:000091,20260919_023755_1d4d8f4f,91,SUPER,2026-09-18T18:01:34.503+00:00,2026-09-18T18:01:34.702+00:00,2026-09-18T18:01:41.902+00:00,7.398994266986847,wheelspin_lab/20260919_023755_1d4d8f4f/spin_000091/full.png,3,,,,COMPLETE,,1,1
20260919_023755_1d4d8f4f:000092,20260919_023755_1d4d8f4f,92,SUPER,2026-09-18T18:01:42.207+00:00,2026-09-18T18:01:42.356+00:00,2026-09-18T18:01:49.329+00:00,7.121989130973816,wheelspin_lab/20260919_023755_1d4d8f4f/spin_000092/full.png,3,,,,COMPLETE,,1,1
20260919_023755_1d4d8f4f:000093,20260919_023755_1d4d8f4f,93,SUPER,2026-09-18T18:01:49.584+00:00,2026-09-18T18:01:49.707+00:00,2026-09-18T18:01:54.870+00:00,5.285990238189697,wheelspin_lab/20260919_023755_1d4d8f4f/spin_000093/full.png,3,,,,COMPLETE,,1,1
20260919_023755_1d4d8f4f:000094,20260919_023755_1d4d8f4f,94,SUPER,2026-09-18T18:01:55.151+00:00,2026-09-18T18:01:55.275+00:00,2026-09-18T18:02:02.120+00:00,6.968982517719269,wheelspin_lab/20260919_023755_1d4d8f4f/spin_000094/full.png,3,,,,COMPLETE,,1,1
20260919_023755_1d4d8f4f:000095,20260919_023755_1d4d8f4f,95,SUPER,2026-09-18T18:02:02.388+00:00,2026-09-18T18:02:02.506+00:00,2026-09-18T18:02:07.677+00:00,5.289007723331451,wheelspin_lab/20260919_023755_1d4d8f4f/spin_000095/full.png,3,,,,COMPLETE,,1,1
20260919_023755_1d4d8f4f:000096,20260919_023755_1d4d8f4f,96,SUPER,2026-09-18T18:02:07.968+00:00,2026-09-18T18:02:08.093+00:00,2026-09-18T18:02:16.645+00:00,8.676999807357788,wheelspin_lab/20260919_023755_1d4d8f4f/spin_000096/full.png,3,,,,COMPLETE,,1,1
20260919_023755_1d4d8f4f:000097,20260919_023755_1d4d8f4f,97,SUPER,2026-09-18T18:02:16.919+00:00,2026-09-18T18:02:17.062+00:00,2026-09-18T18:02:26.236+00:00,9.316988289356232,wheelspin_lab/20260919_023755_1d4d8f4f/spin_000097/full.png,3,,,,COMPLETE,,1,1
20260919_023755_1d4d8f4f:000098,20260919_023755_1d4d8f4f,98,SUPER,2026-09-18T18:02:26.512+00:00,2026-09-18T18:02:26.688+00:00,2026-09-18T18:02:31.582+00:00,5.0699785351753235,wheelspin_lab/20260919_023755_1d4d8f4f/spin_000098/full.png,3,,,,COMPLETE,,1,1
20260919_023755_1d4d8f4f:000099,20260919_023755_1d4d8f4f,99,SUPER,2026-09-18T18:02:31.859+00:00,2026-09-18T18:02:31.990+00:00,2026-09-18T18:02:40.483+00:00,8.624012768268585,wheelspin_lab/20260919_023755_1d4d8f4f/spin_000099/full.png,3,,,,COMPLETE,,1,1
20260919_023755_1d4d8f4f:000100,20260919_023755_1d4d8f4f,100,SUPER,2026-09-18T18:02:40.757+00:00,2026-09-18T18:02:40.879+00:00,2026-09-18T18:02:46.041+00:00,5.283978581428528,wheelspin_lab/20260919_023755_1d4d8f4f/spin_000100/full.png,3,,,,COMPLETE,,1,1
20260919_023755_1d4d8f4f:000101,20260919_023755_1d4d8f4f,101,SUPER,2026-09-18T18:02:46.290+00:00,2026-09-18T18:02:46.426+00:00,2026-09-18T18:02:51.905+00:00,5.61501681804657,wheelspin_lab/20260919_023755_1d4d8f4f/spin_000101/full.png,3,,,,COMPLETE,,1,1
20260919_023755_1d4d8f4f:000102,20260919_023755_1d4d8f4f,102,SUPER,2026-09-18T18:02:52.196+00:00,2026-09-18T18:02:52.394+00:00,2026-09-18T18:02:57.197+00:00,5.000978708267212,wheelspin_lab/20260919_023755_1d4d8f4f/spin_000102/full.png,3,,,,COMPLETE,,1,1
20260919_023755_1d4d8f4f:000103,20260919_023755_1d4d8f4f,103,SUPER,2026-09-18T18:02:57.471+00:00,2026-09-18T18:02:57.609+00:00,2026-09-18T18:03:04.723+00:00,7.251982390880585,wheelspin_lab/20260919_023755_1d4d8f4f/spin_000103/full.png,3,,,,COMPLETE,,1,1
20260919_023755_1d4d8f4f:000104,20260919_023755_1d4d8f4f,104,SUPER,2026-09-18T18:03:04.926+00:00,2026-09-18T18:03:05.048+00:00,2026-09-18T18:03:12.178+00:00,7.251982390880585,wheelspin_lab/20260919_023755_1d4d8f4f/spin_000104/full.png,3,,,,COMPLETE,,1,1
20260919_023755_1d4d8f4f:000105,20260919_023755_1d4d8f4f,105,SUPER,2026-09-18T18:03:12.439+00:00,2026-09-18T18:03:12.591+00:00,2026-09-18T18:03:19.447+00:00,7.008008658885956,wheelspin_lab/20260919_023755_1d4d8f4f/spin_000105/full.png,3,,,,COMPLETE,,1,1
20260919_023755_1d4d8f4f:000106,20260919_023755_1d4d8f4f,106,SUPER,2026-09-18T18:03:19.728+00:00,2026-09-18T18:03:19.856+00:00,2026-09-18T18:03:28.429+00:00,8.701018989086151,wheelspin_lab/20260919_023755_1d4d8f4f/spin_000106/full.png,3,,,,COMPLETE,,1,1
20260919_023755_1d4d8f4f:000107,20260919_023755_1d4d8f4f,107,SUPER,2026-09-18T18:03:28.692+00:00,2026-09-18T18:03:28.848+00:00,2026-09-18T18:03:33.674+00:00,4.9819886684417725,wheelspin_lab/20260919_023755_1d4d8f4f/spin_000107/full.png,3,,,,COMPLETE,,1,1
20260919_023755_1d4d8f4f:000108,20260919_023755_1d4d8f4f,108,SUPER,2026-09-18T18:03:33.967+00:00,2026-09-18T18:03:34.095+00:00,2026-09-18T18:03:41.254+00:00,7.286985218524933,wheelspin_lab/20260919_023755_1d4d8f4f/spin_000108/full.png,3,,,,COMPLETE,,1,1
20260919_023755_1d4d8f4f:000109,20260919_023755_1d4d8f4f,109,SUPER,2026-09-18T18:03:41.504+00:00,2026-09-18T18:03:41.681+00:00,2026-09-18T18:03:48.779+00:00,7.274995744228363,wheelspin_lab/20260919_023755_1d4d8f4f/spin_000109/full.png,3,,,,COMPLETE,,1,1
20260919_023755_1d4d8f4f:000110,20260919_023755_1d4d8f4f,110,SUPER,2026-09-18T18:03:49.083+00:00,2026-09-18T18:03:49.225+00:00,2026-09-18T18:03:57.400+00:00,8.316993713378906,wheelspin_lab/20260919_023755_1d4d8f4f/spin_000110/full.png,3,,,,COMPLETE,,1,1
20260919_023755_1d4d8f4f:000111,20260919_023755_1d4d8f4f,111,SUPER,2026-09-18T18:03:57.658+00:00,2026-09-18T18:03:57.789+00:00,2026-09-18T18:04:02.921+00:00,5.262976884841919,wheelspin_lab/20260919_023755_1d4d8f4f/spin_000111/full.png,3,,,,COMPLETE,,1,1
20260919_023755_1d4d8f4f:000112,20260919_023755_1d4d8f4f,112,SUPER,2026-09-18T18:04:03.148+00:00,2026-09-18T18:04:03.273+00:00,2026-09-18T18:04:08.489+00:00,5.341029167175293,wheelspin_lab/20260919_023755_1d4d8f4f/spin_000112/full.png,3,,,,COMPLETE,,1,1
20260919_023755_1d4d8f4f:000113,20260919_023755_1d4d8f4f,113,SUPER,2026-09-18T18:04:08.733+00:00,2026-09-18T18:04:08.863+00:00,2026-09-18T18:04:17.389+00:00,8.65599811077118,wheelspin_lab/20260919_023755_1d4d8f4f/spin_000113/full.png,3,,,,COMPLETE,,1,1
20260919_023755_1d4d8f4f:000114,20260919_023755_1d4d8f4f,114,SUPER,2026-09-18T18:04:17.691+00:00,2026-09-18T18:04:17.826+00:00,2026-09-18T18:04:26.930+00:00,9.238976240158081,wheelspin_lab/20260919_023755_1d4d8f4f/spin_000114/full.png,3,,,,COMPLETE,,1,1
20260919_023755_1d4d8f4f:000115,20260919_023755_1d4d8f4f,115,SUPER,2026-09-18T18:04:27.195+00:00,2026-09-18T18:04:27.353+00:00,2026-09-18T18:04:32.277+00:00,5.082008242607117,wheelspin_lab/20260919_023755_1d4d8f4f/spin_000115/full.png,3,,,,COMPLETE,,1,1
20260919_023755_1d4d8f4f:000116,20260919_023755_1d4d8f4f,116,SUPER,2026-09-18T18:04:32.562+00:00,2026-09-18T18:04:32.686+00:00,2026-09-18T18:04:39.565+00:00,7.003019750118256,wheelspin_lab/20260919_023755_1d4d8f4f/spin_000116/full.png,3,,,,COMPLETE,,1,1
20260919_023755_1d4d8f4f:000117,20260919_023755_1d4d8f4f,117,SUPER,2026-09-18T18:04:39.819+00:00,2026-09-18T18:04:39.959+00:00,2026-09-18T18:04:47.021+00:00,7.202012836933136,wheelspin_lab/20260919_023755_1d4d8f4f/spin_000117/full.png,3,,,,COMPLETE,,1,1
20260919_023755_1d4d8f4f:000118,20260919_023755_1d4d8f4f,118,SUPER,2026-09-18T18:04:47.285+00:00,2026-09-18T18:04:47.429+00:00,2026-09-18T18:04:52.556+00:00,5.271023511886597,wheelspin_lab/20260919_023755_1d4d8f4f/spin_000118/full.png,3,,,,COMPLETE,,1,1
20260919_023755_1d4d8f4f:000119,20260919_023755_1d4d8f4f,119,SUPER,2026-09-18T18:04:52.816+00:00,2026-09-18T18:04:52.983+00:00,2026-09-18T18:04:57.950+00:00,5.133989453315735,wheelspin_lab/20260919_023755_1d4d8f4f/spin_000119/full.png,3,,,,COMPLETE,,1,1
20260919_023755_1d4d8f4f:000120,20260919_023755_1d4d8f4f,120,SUPER,2026-09-18T18:04:58.166+00:00,2026-09-18T18:04:58.343+00:00,2026-09-18T18:05:03.067+00:00,4.900999367237091,wheelspin_lab/20260919_023755_1d4d8f4f/spin_000120/full.png,3,,,,COMPLETE,,1,1
20260919_023755_1d4d8f4f:000121,20260919_023755_1d4d8f4f,121,SUPER,2026-09-18T18:05:03.328+00:00,2026-09-18T18:05:03.461+00:00,2026-09-18T18:05:10.461+00:00,7.133013010025024,wheelspin_lab/20260919_023755_1d4d8f4f/spin_000121/full.png,3,,,,COMPLETE,,1,1
20260919_023755_1d4d8f4f:000122,20260919_023755_1d4d8f4f,122,SUPER,2026-09-18T18:05:10.681+00:00,2026-09-18T18:05:10.851+00:00,2026-09-18T18:05:17.629+00:00,6.948021054267883,wheelspin_lab/20260919_023755_1d4d8f4f/spin_000122/full.png,3,,,,COMPLETE,,1,1
20260919_023755_1d4d8f4f:000123,20260919_023755_1d4d8f4f,123,SUPER,2026-09-18T18:05:17.879+00:00,2026-09-18T18:05:18.008+00:00,2026-09-18T18:05:23.258+00:00,5.379009246826172,wheelspin_lab/20260919_023755_1d4d8f4f/spin_000123/full.png,3,,,,COMPLETE,,1,1
20260919_023755_1d4d8f4f:000124,20260919_023755_1d4d8f4f,124,SUPER,2026-09-18T18:05:23.493+00:00,2026-09-18T18:05:23.652+00:00,2026-09-18T18:05:30.622+00:00,7.1289896965026855,wheelspin_lab/20260919_023755_1d4d8f4f/spin_000124/full.png,3,,,,COMPLETE,,1,1
20260919_023755_1d4d8f4f:000125,20260919_023755_1d4d8f4f,125,SUPER,2026-09-18T18:05:30.882+00:00,2026-09-18T18:05:31.021+00:00,2026-09-18T18:05:36.294+00:00,5.412000417709351,wheelspin_lab/20260919_023755_1d4d8f4f/spin_000125/full.png,3,,,,COMPLETE,,1,1
20260919_023755_1d4d8f4f:000126,20260919_023755_1d4d8f4f,126,SUPER,2026-09-18T18:05:36.578+00:00,2026-09-18T18:05:36.726+00:00,2026-09-18T18:05:43.778+00:00,7.2000011801719666,wheelspin_lab/20260919_023755_1d4d8f4f/spin_000126/full.png,3,,,,COMPLETE,,1,1
20260919_023755_1d4d8f4f:000127,20260919_023755_1d4d8f4f,127,SUPER,2026-09-18T18:05:44.036+00:00,2026-09-18T18:05:44.178+00:00,2026-09-18T18:05:51.221+00:00,7.184994220733643,wheelspin_lab/20260919_023755_1d4d8f4f/spin_000127/full.png,3,,,,COMPLETE,,1,1
20260919_023755_1d4d8f4f:000128,20260919_023755_1d4d8f4f,128,SUPER,2026-09-18T18:05:51.497+00:00,2026-09-18T18:05:51.649+00:00,2026-09-18T18:05:58.737+00:00,7.239992916584015,wheelspin_lab/20260919_023755_1d4d8f4f/spin_000128/full.png,3,,,,COMPLETE,,1,1
20260919_023755_1d4d8f4f:000129,20260919_023755_1d4d8f4f,129,SUPER,2026-09-18T18:05:58.996+00:00,2026-09-18T18:05:59.136+00:00,2026-09-18T18:06:04.545+00:00,5.548994243144989,wheelspin_lab/20260919_023755_1d4d8f4f/spin_000129/full.png,3,,,,COMPLETE,,1,1
20260919_023755_1d4d8f4f:000130,20260919_023755_1d4d8f4f,130,SUPER,2026-09-18T18:06:04.747+00:00,2026-09-18T18:06:04.900+00:00,2026-09-18T18:06:12.004+00:00,7.257011532783508,wheelspin_lab/20260919_023755_1d4d8f4f/spin_000130/full.png,3,,,,COMPLETE,,1,1
20260919_023755_1d4d8f4f:000131,20260919_023755_1d4d8f4f,131,SUPER,2026-09-18T18:06:12.281+00:00,2026-09-18T18:06:12.416+00:00,2026-09-18T18:06:20.694+00:00,8.413030207157135,wheelspin_lab/20260919_023755_1d4d8f4f/spin_000131/full.png,3,,,,COMPLETE,,1,1
20260919_023755_1d4d8f4f:000132,20260919_023755_1d4d8f4f,132,SUPER,2026-09-18T18:06:20.911+00:00,2026-09-18T18:06:21.039+00:00,2026-09-18T18:06:27.915+00:00,7.00402557849884,wheelspin_lab/20260919_023755_1d4d8f4f/spin_000132/full.png,3,,,,COMPLETE,,1,1
20260919_023755_1d4d8f4f:000133,20260919_023755_1d4d8f4f,133,SUPER,2026-09-18T18:06:28.189+00:00,2026-09-18T18:06:28.309+00:00,2026-09-18T18:06:33.460+00:00,5.270983278751373,wheelspin_lab/20260919_023755_1d4d8f4f/spin_000133/full.png,3,,,,COMPLETE,,1,1
20260919_023755_1d4d8f4f:000134,20260919_023755_1d4d8f4f,134,SUPER,2026-09-18T18:06:33.758+00:00,2026-09-18T18:06:33.881+00:00,2026-09-18T18:06:39.062+00:00,5.304014682769775,wheelspin_lab/20260919_023755_1d4d8f4f/spin_000134/full.png,3,,,,COMPLETE,,1,1
20260919_023755_1d4d8f4f:000135,20260919_023755_1d4d8f4f,135,SUPER,2026-09-18T18:06:39.327+00:00,2026-09-18T18:06:39.459+00:00,2026-09-18T18:06:46.305+00:00,6.978034973144531,wheelspin_lab/20260919_023755_1d4d8f4f/spin_000135/full.png,3,,,,COMPLETE,,1,1
20260919_023755_1d4d8f4f:000136,20260919_023755_1d4d8f4f,136,SUPER,2026-09-18T18:06:46.584+00:00,2026-09-18T18:06:46.691+00:00,2026-09-18T18:06:51.939+00:00,5.354990065097809,wheelspin_lab/20260919_023755_1d4d8f4f/spin_000136/full.png,3,,,,COMPLETE,,1,1
20260919_023755_1d4d8f4f:000137,20260919_023755_1d4d8f4f,137,SUPER,2026-09-18T18:06:52.230+00:00,2026-09-18T18:06:52.392+00:00,2026-09-18T18:07:00.852+00:00,8.622001111507416,wheelspin_lab/20260919_023755_1d4d8f4f/spin_000137/full.png,3,,,,COMPLETE,,1,1
20260919_023755_1d4d8f4f:000138,20260919_023755_1d4d8f4f,138,SUPER,2026-09-18T18:07:01.133+00:00,2026-09-18T18:07:01.254+00:00,2026-09-18T18:07:06.211+00:00,5.078025162220001,wheelspin_lab/20260919_023755_1d4d8f4f/spin_000138/full.png,3,,,,COMPLETE,,1,1
20260919_023755_1d4d8f4f:000139,20260919_023755_1d4d8f4f,139,SUPER,2026-09-18T18:07:06.478+00:00,2026-09-18T18:07:06.598+00:00,2026-09-18T18:07:11.765+00:00,5.286996066570282,wheelspin_lab/20260919_023755_1d4d8f4f/spin_000139/full.png,3,,,,COMPLETE,,1,1
20260919_023755_1d4d8f4f:000140,20260919_023755_1d4d8f4f,140,SUPER,2026-09-18T18:07:12.056+00:00,2026-09-18T18:07:12.188+00:00,2026-09-18T18:07:18.773+00:00,6.7170023918151855,wheelspin_lab/20260919_023755_1d4d8f4f/spin_000140/full.png,3,,,,COMPLETE,,1,1
20260919_023755_1d4d8f4f:000141,20260919_023755_1d4d8f4f,141,SUPER,2026-09-18T18:07:19.038+00:00,2026-09-18T18:07:19.175+00:00,2026-09-18T18:07:26.012+00:00,6.973971426486969,wheelspin_lab/20260919_023755_1d4d8f4f/spin_000141/full.png,3,,,,COMPLETE,,1,1
20260919_023755_1d4d8f4f:000142,20260919_023755_1d4d8f4f,142,SUPER,2026-09-18T18:07:26.282+00:00,2026-09-18T18:07:26.402+00:00,2026-09-18T18:07:31.524+00:00,5.2420154213905334,wheelspin_lab/20260919_023755_1d4d8f4f/spin_000142/full.png,3,,,,COMPLETE,,1,1
20260919_023755_1d4d8f4f:000143,20260919_023755_1d4d8f4f,143,SUPER,2026-09-18T18:07:31.781+00:00,2026-09-18T18:07:31.902+00:00,2026-09-18T18:07:36.923+00:00,5.141995847225189,wheelspin_lab/20260919_023755_1d4d8f4f/spin_000143/full.png,3,,,,COMPLETE,,1,1
20260919_023755_1d4d8f4f:000144,20260919_023755_1d4d8f4f,144,SUPER,2026-09-18T18:07:37.138+00:00,2026-09-18T18:07:37.285+00:00,2026-09-18T18:07:44.295+00:00,7.156991958618164,wheelspin_lab/20260919_023755_1d4d8f4f/spin_000144/full.png,3,,,,COMPLETE,,1,1
20260919_023755_1d4d8f4f:000145,20260919_023755_1d4d8f4f,145,SUPER,2026-09-18T18:07:44.569+00:00,2026-09-18T18:07:44.743+00:00,2026-09-18T18:07:49.293+00:00,4.724013805389404,wheelspin_lab/20260919_023755_1d4d8f4f/spin_000145/full.png,3,,,,COMPLETE,,1,1
20260919_023755_1d4d8f4f:000146,20260919_023755_1d4d8f4f,146,SUPER,2026-09-18T18:07:49.485+00:00,2026-09-18T18:07:49.595+00:00,2026-09-18T18:07:54.836+00:00,5.351006984710693,wheelspin_lab/20260919_023755_1d4d8f4f/spin_000146/full.png,3,,,,COMPLETE,,1,1
20260919_023755_1d4d8f4f:000147,20260919_023755_1d4d8f4f,147,SUPER,2026-09-18T18:07:55.076+00:00,2026-09-18T18:07:55.201+00:00,2026-09-18T18:08:02.313+00:00,7.237015664577484,wheelspin_lab/20260919_023755_1d4d8f4f/spin_000147/full.png,3,,,,COMPLETE,,1,1
20260919_023755_1d4d8f4f:000148,20260919_023755_1d4d8f4f,148,SUPER,2026-09-18T18:08:02.524+00:00,2026-09-18T18:08:02.679+00:00,2026-09-18T18:08:11.489+00:00,8.964988589286804,wheelspin_lab/20260919_023755_1d4d8f4f/spin_000148/full.png,3,,,,COMPLETE,,1,1
20260919_023755_1d4d8f4f:000149,20260919_023755_1d4d8f4f,149,SUPER,2026-09-18T18:08:11.760+00:00,2026-09-18T18:08:11.909+00:00,2026-09-18T18:08:18.940+00:00,7.180005311965942,wheelspin_lab/20260919_023755_1d4d8f4f/spin_000149/full.png,3,,,,COMPLETE,,1,1
20260919_023755_1d4d8f4f:000150,20260919_023755_1d4d8f4f,150,SUPER,2026-09-18T18:08:19.165+00:00,2026-09-18T18:08:19.306+00:00,2026-09-18T18:08:27.507+00:00,8.342018723487854,wheelspin_lab/20260919_023755_1d4d8f4f/spin_000150/full.png,3,,,,COMPLETE,,1,1
20260919_023755_1d4d8f4f:000151,20260919_023755_1d4d8f4f,151,SUPER,2026-09-18T18:08:27.757+00:00,2026-09-18T18:08:27.875+00:00,2026-09-18T18:08:33.056+00:00,5.298985540866852,wheelspin_lab/20260919_023755_1d4d8f4f/spin_000151/full.png,3,,,,COMPLETE,,1,1
20260919_023755_1d4d8f4f:000152,20260919_023755_1d4d8f4f,152,SUPER,2026-09-18T18:08:33.267+00:00,2026-09-18T18:08:33.409+00:00,2026-09-18T18:08:40.561+00:00,7.294026017189026,wheelspin_lab/20260919_023755_1d4d8f4f/spin_000152/full.png,3,,,,COMPLETE,,1,1
20260919_023755_1d4d8f4f:000153,20260919_023755_1d4d8f4f,153,SUPER,2026-09-18T18:08:40.809+00:00,2026-09-18T18:08:40.957+00:00,2026-09-18T18:08:47.950+00:00,7.140979170799255,wheelspin_lab/20260919_023755_1d4d8f4f/spin_000153/full.png,3,,,,COMPLETE,,1,1
20260919_023755_1d4d8f4f:000154,20260919_023755_1d4d8f4f,154,SUPER,2026-09-18T18:08:48.162+00:00,2026-09-18T18:08:48.306+00:00,2026-09-18T18:08:55.054+00:00,6.891976296901703,wheelspin_lab/20260919_023755_1d4d8f4f/spin_000154/full.png,3,,,,COMPLETE,,1,1
20260919_023755_1d4d8f4f:000155,20260919_023755_1d4d8f4f,155,SUPER,2026-09-18T18:08:55.298+00:00,2026-09-18T18:08:55.420+00:00,2026-09-18T18:09:00.672+00:00,5.373980104923248,wheelspin_lab/20260919_023755_1d4d8f4f/spin_000155/full.png,3,,,,COMPLETE,,1,1
20260919_023755_1d4d8f4f:000156,20260919_023755_1d4d8f4f,156,SUPER,2026-09-18T18:09:00.953+00:00,2026-09-18T18:09:01.078+00:00,2026-09-18T18:09:07.920+00:00,6.966970860958099,wheelspin_lab/20260919_023755_1d4d8f4f/spin_000156/full.png,3,,,,COMPLETE,,1,1
20260919_023755_1d4d8f4f:000157,20260919_023755_1d4d8f4f,157,SUPER,2026-09-18T18:09:08.176+00:00,2026-09-18T18:09:08.312+00:00,2026-09-18T18:09:13.461+00:00,5.285024642944336,wheelspin_lab/20260919_023755_1d4d8f4f/spin_000157/full.png,3,,,,COMPLETE,,1,1
20260919_023755_1d4d8f4f:000158,20260919_023755_1d4d8f4f,158,SUPER,2026-09-18T18:09:13.741+00:00,2026-09-18T18:09:13.871+00:00,2026-09-18T18:09:21.319+00:00,7.577991485595703,wheelspin_lab/20260919_023755_1d4d8f4f/spin_000158/full.png,3,,,,COMPLETE,,1,1
20260919_023755_1d4d8f4f:000159,20260919_023755_1d4d8f4f,159,SUPER,2026-09-18T18:09:21.591+00:00,2026-09-18T18:09:21.768+00:00,2026-09-18T18:09:26.740+00:00,5.148996412754059,wheelspin_lab/20260919_023755_1d4d8f4f/spin_000159/full.png,3,,,,COMPLETE,,1,1
20260919_023755_1d4d8f4f:000160,20260919_023755_1d4d8f4f,160,SUPER,2026-09-18T18:09:27.014+00:00,2026-09-18T18:09:27.153+00:00,2026-09-18T18:09:32.044+00:00,5.0300270318984985,wheelspin_lab/20260919_023755_1d4d8f4f/spin_000160/full.png,3,,,,COMPLETE,,1,1
20260919_023755_1d4d8f4f:000161,20260919_023755_1d4d8f4f,161,SUPER,2026-09-18T18:09:32.295+00:00,2026-09-18T18:09:32.444+00:00,2026-09-18T18:09:40.933+00:00,8.638013899326324,wheelspin_lab/20260919_023755_1d4d8f4f/spin_000161/full.png,3,,,,COMPLETE,,1,1
20260919_023755_1d4d8f4f:000162,20260919_023755_1d4d8f4f,162,SUPER,2026-09-18T18:09:41.199+00:00,2026-09-18T18:09:41.372+00:00,2026-09-18T18:09:46.383+00:00,5.18403947353363,wheelspin_lab/20260919_023755_1d4d8f4f/spin_000162/full.png,3,,,,COMPLETE,,1,1
20260919_023755_1d4d8f4f:000163,20260919_023755_1d4d8f4f,163,SUPER,2026-09-18T18:09:46.635+00:00,2026-09-18T18:09:46.781+00:00,2026-09-18T18:09:55.563+00:00,8.92801433801651,wheelspin_lab/20260919_023755_1d4d8f4f/spin_000163/full.png,3,,,,COMPLETE,,1,1
20260919_023755_1d4d8f4f:000164,20260919_023755_1d4d8f4f,164,SUPER,2026-09-18T18:09:55.835+00:00,2026-09-18T18:09:55.961+00:00,2026-09-18T18:10:01.165+00:00,5.3300052881240845,wheelspin_lab/20260919_023755_1d4d8f4f/spin_000164/full.png,3,,,,COMPLETE,,1,1
20260919_023755_1d4d8f4f:000165,20260919_023755_1d4d8f4f,165,SUPER,2026-09-18T18:10:01.418+00:00,2026-09-18T18:10:01.564+00:00,2026-09-18T18:10:08.575+00:00,7.1570321917533875,wheelspin_lab/20260919_023755_1d4d8f4f/spin_000165/full.png,3,,,,COMPLETE,,1,1
20260919_023755_1d4d8f4f:000166,20260919_023755_1d4d8f4f,166,SUPER,2026-09-18T18:10:08.845+00:00,2026-09-18T18:10:08.969+00:00,2026-09-18T18:10:14.292+00:00,5.446963012218475,wheelspin_lab/20260919_023755_1d4d8f4f/spin_000166/full.png,3,,,,COMPLETE,,1,1
20260919_023755_1d4d8f4f:000167,20260919_023755_1d4d8f4f,167,SUPER,2026-09-18T18:10:14.539+00:00,2026-09-18T18:10:14.690+00:00,2026-09-18T18:10:21.755+00:00,7.215973734855652,wheelspin_lab/20260919_023755_1d4d8f4f/spin_000167/full.png,3,,,,COMPLETE,,1,1
20260919_023755_1d4d8f4f:000168,20260919_023755_1d4d8f4f,168,SUPER,2026-09-18T18:10:22.033+00:00,2026-09-18T18:10:22.180+00:00,2026-09-18T18:10:27.114+00:00,5.081002414226532,wheelspin_lab/20260919_023755_1d4d8f4f/spin_000168/full.png,3,,,,COMPLETE,,1,1
20260919_023755_1d4d8f4f:000169,20260919_023755_1d4d8f4f,169,SUPER,2026-09-18T18:10:27.365+00:00,2026-09-18T18:10:27.495+00:00,2026-09-18T18:10:34.846+00:00,7.480989396572113,wheelspin_lab/20260919_023755_1d4d8f4f/spin_000169/full.png,3,,,,COMPLETE,,1,1
20260919_023755_1d4d8f4f:000170,20260919_023755_1d4d8f4f,170,SUPER,2026-09-18T18:10:35.056+00:00,2026-09-18T18:10:35.196+00:00,2026-09-18T18:10:42.513+00:00,7.457010447978973,wheelspin_lab/20260919_023755_1d4d8f4f/spin_000170/full.png,3,,,,COMPLETE,,1,1
20260919_023755_1d4d8f4f:000171,20260919_023755_1d4d8f4f,171,SUPER,2026-09-18T18:10:42.762+00:00,2026-09-18T18:10:42.944+00:00,2026-09-18T18:10:47.762+00:00,5.000013113021851,wheelspin_lab/20260919_023755_1d4d8f4f/spin_000171/full.png,3,,,,COMPLETE,,1,1
20260919_023755_1d4d8f4f:000172,20260919_023755_1d4d8f4f,172,SUPER,2026-09-18T18:10:48.032+00:00,2026-09-18T18:10:48.145+00:00,2026-09-18T18:10:54.622+00:00,6.5899863839149475,wheelspin_lab/20260919_023755_1d4d8f4f/spin_000172/full.png,3,,,,COMPLETE,,1,1
20260919_023755_1d4d8f4f:000173,20260919_023755_1d4d8f4f,173,SUPER,2026-09-18T18:10:54.879+00:00,2026-09-18T18:10:54.994+00:00,2026-09-18T18:11:00.232+00:00,5.352978408336639,wheelspin_lab/20260919_023755_1d4d8f4f/spin_000173/full.png,3,,,,COMPLETE,,1,1
20260919_023755_1d4d8f4f:000174,20260919_023755_1d4d8f4f,174,SUPER,2026-09-18T18:11:00.508+00:00,2026-09-18T18:11:00.633+00:00,2026-09-18T18:11:09.263+00:00,8.755011856555939,wheelspin_lab/20260919_023755_1d4d8f4f/spin_000174/full.png,3,,,,COMPLETE,,1,1
20260919_023755_1d4d8f4f:000175,20260919_023755_1d4d8f4f,175,SUPER,2026-09-18T18:11:09.515+00:00,2026-09-18T18:11:09.641+00:00,2026-09-18T18:11:16.695+00:00,7.179965078830719,wheelspin_lab/20260919_023755_1d4d8f4f/spin_000175/full.png,3,,,,COMPLETE,,1,1
20260919_023755_1d4d8f4f:000176,20260919_023755_1d4d8f4f,176,SUPER,2026-09-18T18:11:16.983+00:00,2026-09-18T18:11:17.131+00:00,2026-09-18T18:11:21.821+00:00,4.837994277477264,wheelspin_lab/20260919_023755_1d4d8f4f/spin_000176/full.png,3,,,,COMPLETE,,1,1
20260919_023755_1d4d8f4f:000177,20260919_023755_1d4d8f4f,177,SUPER,2026-09-18T18:11:22.092+00:00,2026-09-18T18:11:22.208+00:00,2026-09-18T18:11:29.150+00:00,7.0579782128334045,wheelspin_lab/20260919_023755_1d4d8f4f/spin_000177/full.png,3,,,,COMPLETE,,1,1
20260919_023755_1d4d8f4f:000178,20260919_023755_1d4d8f4f,178,SUPER,2026-09-18T18:11:29.383+00:00,2026-09-18T18:11:29.506+00:00,2026-09-18T18:11:36.347+00:00,6.964033842086792,wheelspin_lab/20260919_023755_1d4d8f4f/spin_000178/full.png,3,,,,COMPLETE,,1,1
20260919_023755_1d4d8f4f:000179,20260919_023755_1d4d8f4f,179,SUPER,2026-09-18T18:11:36.604+00:00,2026-09-18T18:11:36.725+00:00,2026-09-18T18:11:43.785+00:00,7.181011140346527,wheelspin_lab/20260919_023755_1d4d8f4f/spin_000179/full.png,3,,,,COMPLETE,,1,1
20260919_023755_1d4d8f4f:000180,20260919_023755_1d4d8f4f,180,SUPER,2026-09-18T18:11:44.054+00:00,2026-09-18T18:11:44.191+00:00,2026-09-18T18:11:51.097+00:00,7.043011486530304,wheelspin_lab/20260919_023755_1d4d8f4f/spin_000180/full.png,3,,,,COMPLETE,,1,1
20260919_023755_1d4d8f4f:000181,20260919_023755_1d4d8f4f,181,SUPER,2026-09-18T18:11:51.355+00:00,2026-09-18T18:11:51.492+00:00,2026-09-18T18:11:57.710+00:00,6.355024874210358,wheelspin_lab/20260919_023755_1d4d8f4f/spin_000181/full.png,3,,,,COMPLETE,,1,1
20260919_023755_1d4d8f4f:000182,20260919_023755_1d4d8f4f,182,SUPER,2026-09-18T18:11:57.980+00:00,2026-09-18T18:11:58.113+00:00,2026-09-18T18:12:03.106+00:00,5.12799471616745,wheelspin_lab/20260919_023755_1d4d8f4f/spin_000182/full.png,3,,,,COMPLETE,,1,1
20260919_023755_1d4d8f4f:000183,20260919_023755_1d4d8f4f,183,SUPER,2026-09-18T18:12:03.365+00:00,2026-09-18T18:12:03.505+00:00,2026-09-18T18:12:08.246+00:00,4.881003499031067,wheelspin_lab/20260919_023755_1d4d8f4f/spin_000183/full.png,3,,,,COMPLETE,,1,1
20260919_023755_1d4d8f4f:000184,20260919_023755_1d4d8f4f,184,SUPER,2026-09-18T18:12:08.458+00:00,2026-09-18T18:12:08.588+00:00,2026-09-18T18:12:13.657+00:00,5.199006199836731,wheelspin_lab/20260919_023755_1d4d8f4f/spin_000184/full.png,3,,,,COMPLETE,,1,1
20260919_023755_1d4d8f4f:000185,20260919_023755_1d4d8f4f,185,SUPER,2026-09-18T18:12:13.942+00:00,2026-09-18T18:12:14.100+00:00,2026-09-18T18:12:21.165+00:00,7.223014533519745,wheelspin_lab/20260919_023755_1d4d8f4f/spin_000185/full.png,3,,,,COMPLETE,,1,1
20260919_023755_1d4d8f4f:000186,20260919_023755_1d4d8f4f,186,SUPER,2026-09-18T18:12:21.450+00:00,2026-09-18T18:12:21.604+00:00,2026-09-18T18:12:26.203+00:00,4.752981662750244,wheelspin_lab/20260919_023755_1d4d8f4f/spin_000186/full.png,3,,,,COMPLETE,,1,1
20260919_023755_1d4d8f4f:000187,20260919_023755_1d4d8f4f,187,SUPER,2026-09-18T18:12:26.485+00:00,2026-09-18T18:12:26.620+00:00,2026-09-18T18:12:32.930+00:00,6.445026397705078,wheelspin_lab/20260919_023755_1d4d8f4f/spin_000187/full.png,3,,,,COMPLETE,,1,1
20260919_023755_1d4d8f4f:000188,20260919_023755_1d4d8f4f,188,SUPER,2026-09-18T18:12:33.145+00:00,2026-09-18T18:12:33.270+00:00,2026-09-18T18:12:38.580+00:00,5.4349735379219055,wheelspin_lab/20260919_023755_1d4d8f4f/spin_000188/full.png,3,,,,COMPLETE,,1,1
20260919_023755_1d4d8f4f:000189,20260919_023755_1d4d8f4f,189,SUPER,2026-09-18T18:12:38.831+00:00,2026-09-18T18:12:39.036+00:00,2026-09-18T18:12:43.807+00:00,4.9759939312934875,wheelspin_lab/20260919_023755_1d4d8f4f/spin_000189/full.png,3,,,,COMPLETE,,1,1
20260919_023755_1d4d8f4f:000190,20260919_023755_1d4d8f4f,190,SUPER,2026-09-18T18:12:44.025+00:00,2026-09-18T18:12:44.152+00:00,2026-09-18T18:12:52.872+00:00,8.847025036811829,wheelspin_lab/20260919_023755_1d4d8f4f/spin_000190/full.png,3,,,,COMPLETE,,1,1
20260919_023755_1d4d8f4f:000191,20260919_023755_1d4d8f4f,191,SUPER,2026-09-18T18:12:53.133+00:00,2026-09-18T18:12:53.265+00:00,2026-09-18T18:13:00.403+00:00,7.270006835460663,wheelspin_lab/20260919_023755_1d4d8f4f/spin_000191/full.png,3,,,,COMPLETE,,1,1
20260919_023755_1d4d8f4f:000192,20260919_023755_1d4d8f4f,192,SUPER,2026-09-18T18:13:00.621+00:00,2026-09-18T18:13:00.786+00:00,2026-09-18T18:13:05.687+00:00,5.065995454788208,wheelspin_lab/20260919_023755_1d4d8f4f/spin_000192/full.png,3,,,,COMPLETE,,1,1
20260919_023755_1d4d8f4f:000193,20260919_023755_1d4d8f4f,193,SUPER,2026-09-18T18:13:05.964+00:00,2026-09-18T18:13:06.125+00:00,2026-09-18T18:13:11.206+00:00,5.2420154213905334,wheelspin_lab/20260919_023755_1d4d8f4f/spin_000193/full.png,3,,,,COMPLETE,,1,1
20260919_023755_1d4d8f4f:000194,20260919_023755_1d4d8f4f,194,SUPER,2026-09-18T18:13:11.468+00:00,2026-09-18T18:13:11.638+00:00,2026-09-18T18:13:16.328+00:00,4.860001802444458,wheelspin_lab/20260919_023755_1d4d8f4f/spin_000194/full.png,3,,,,COMPLETE,,1,1
20260919_023755_1d4d8f4f:000195,20260919_023755_1d4d8f4f,195,SUPER,2026-09-18T18:13:16.615+00:00,2026-09-18T18:13:16.759+00:00,2026-09-18T18:13:25.321+00:00,8.706007897853851,wheelspin_lab/20260919_023755_1d4d8f4f/spin_000195/full.png,3,,,,COMPLETE,,1,1
20260919_023755_1d4d8f4f:000196,20260919_023755_1d4d8f4f,196,SUPER,2026-09-18T18:13:25.608+00:00,2026-09-18T18:13:25.739+00:00,2026-09-18T18:13:32.842+00:00,7.23399817943573,wheelspin_lab/20260919_023755_1d4d8f4f/spin_000196/full.png,3,,,,COMPLETE,,1,1
20260919_023755_1d4d8f4f:000197,20260919_023755_1d4d8f4f,197,SUPER,2026-09-18T18:13:33.115+00:00,2026-09-18T18:13:33.226+00:00,2026-09-18T18:13:40.277+00:00,7.161980867385864,wheelspin_lab/20260919_023755_1d4d8f4f/spin_000197/full.png,3,,,,COMPLETE,,1,1
20260919_023755_1d4d8f4f:000198,20260919_023755_1d4d8f4f,198,SUPER,2026-09-18T18:13:40.485+00:00,2026-09-18T18:13:40.630+00:00,2026-09-18T18:13:45.380+00:00,4.895004630088806,wheelspin_lab/20260919_023755_1d4d8f4f/spin_000198/full.png,3,,,,COMPLETE,,1,1
20260919_023755_1d4d8f4f:000199,20260919_023755_1d4d8f4f,199,SUPER,2026-09-18T18:13:45.649+00:00,2026-09-18T18:13:45.784+00:00,2026-09-18T18:13:54.329+00:00,8.680017292499542,wheelspin_lab/20260919_023755_1d4d8f4f/spin_000199/full.png,3,,,,COMPLETE,,1,1
20260919_023755_1d4d8f4f:000200,20260919_023755_1d4d8f4f,200,SUPER,2026-09-18T18:13:54.544+00:00,2026-09-18T18:13:54.665+00:00,2026-09-18T18:14:01.779+00:00,7.235004007816315,wheelspin_lab/20260919_023755_1d4d8f4f/spin_000200/full.png,3,,,,COMPLETE,,1,1
20260919_023755_1d4d8f4f:000201,20260919_023755_1d4d8f4f,201,SUPER,2026-09-18T18:14:02.049+00:00,2026-09-18T18:14:02.228+00:00,2026-09-18T18:14:09.104+00:00,7.055000960826874,wheelspin_lab/20260919_023755_1d4d8f4f/spin_000201/full.png,3,,,,COMPLETE,,1,1
20260919_023755_1d4d8f4f:000202,20260919_023755_1d4d8f4f,202,SUPER,2026-09-18T18:14:09.371+00:00,2026-09-18T18:14:09.511+00:00,2026-09-18T18:14:17.938+00:00,8.567002415657043,wheelspin_lab/20260919_023755_1d4d8f4f/spin_000202/full.png,3,,,,COMPLETE,,1,1
20260919_023755_1d4d8f4f:000203,20260919_023755_1d4d8f4f,203,SUPER,2026-09-18T18:14:18.194+00:00,2026-09-18T18:14:18.356+00:00,2026-09-18T18:14:25.314+00:00,7.1199774742126465,wheelspin_lab/20260919_023755_1d4d8f4f/spin_000203/full.png,3,,,,COMPLETE,,1,1
20260919_023755_1d4d8f4f:000204,20260919_023755_1d4d8f4f,204,SUPER,2026-09-18T18:14:25.598+00:00,2026-09-18T18:14:25.719+00:00,2026-09-18T18:14:32.649+00:00,7.051017880439758,wheelspin_lab/20260919_023755_1d4d8f4f/spin_000204/full.png,3,,,,COMPLETE,,1,1
20260919_023755_1d4d8f4f:000205,20260919_023755_1d4d8f4f,205,SUPER,2026-09-18T18:14:33.130+00:00,2026-09-18T18:14:33.271+00:00,2026-09-18T18:14:41.900+00:00,8.76997858285904,wheelspin_lab/20260919_023755_1d4d8f4f/spin_000205/full.png,3,,,,COMPLETE,,1,1
20260919_023755_1d4d8f4f:000206,20260919_023755_1d4d8f4f,206,SUPER,2026-09-18T18:14:42.190+00:00,2026-09-18T18:14:42.336+00:00,2026-09-18T18:17:27.926+00:00,165.73601514101028,wheelspin_lab/20260919_023755_1d4d8f4f/spin_000206/full.png,3,,,,COMPLETE,,1,1
20260919_023755_1d4d8f4f:000207,20260919_023755_1d4d8f4f,207,SUPER,2026-09-18T18:17:49.552+00:00,2026-09-18T18:17:54.378+00:00,2026-09-18T18:18:01.218+00:00,11.66599988937378,wheelspin_lab/20260919_023755_1d4d8f4f/spin_000207/full.png,3,,,,COMPLETE,,1,1
20260919_023755_1d4d8f4f:000208,20260919_023755_1d4d8f4f,208,SUPER,2026-09-18T18:18:01.495+00:00,2026-09-18T18:18:01.630+00:00,2026-09-18T18:18:06.524+00:00,5.02898097038269,wheelspin_lab/20260919_023755_1d4d8f4f/spin_000208/full.png,3,,,,COMPLETE,,1,1
20260919_023755_1d4d8f4f:000209,20260919_023755_1d4d8f4f,209,SUPER,2026-09-18T18:18:06.736+00:00,2026-09-18T18:18:06.866+00:00,2026-09-18T18:18:11.854+00:00,5.117976665496826,wheelspin_lab/20260919_023755_1d4d8f4f/spin_000209/full.png,3,,,,COMPLETE,,1,1
20260919_023755_1d4d8f4f:000210,20260919_023755_1d4d8f4f,210,SUPER,2026-09-18T18:18:12.107+00:00,2026-09-18T18:18:12.239+00:00,2026-09-18T18:18:17.426+00:00,5.318981409072876,wheelspin_lab/20260919_023755_1d4d8f4f/spin_000210/full.png,3,,,,COMPLETE,,1,1
20260919_023755_1d4d8f4f:000211,20260919_023755_1d4d8f4f,211,SUPER,2026-09-18T18:18:17.659+00:00,2026-09-18T18:18:17.789+00:00,2026-09-18T18:18:25.050+00:00,7.391028106212616,wheelspin_lab/20260919_023755_1d4d8f4f/spin_000211/full.png,3,,,,COMPLETE,,1,1
20260919_023755_1d4d8f4f:000212,20260919_023755_1d4d8f4f,212,SUPER,2026-09-18T18:18:25.310+00:00,2026-09-18T18:18:25.432+00:00,2026-09-18T18:18:30.340+00:00,5.029986798763275,wheelspin_lab/20260919_023755_1d4d8f4f/spin_000212/full.png,3,,,,COMPLETE,,1,1
20260919_023755_1d4d8f4f:000213,20260919_023755_1d4d8f4f,213,SUPER,2026-09-18T18:18:30.563+00:00,2026-09-18T18:18:30.690+00:00,2026-09-18T18:18:35.931+00:00,5.367985367774963,wheelspin_lab/20260919_023755_1d4d8f4f/spin_000213/full.png,3,,,,COMPLETE,,1,1
20260919_023755_1d4d8f4f:000214,20260919_023755_1d4d8f4f,214,SUPER,2026-09-18T18:18:36.198+00:00,2026-09-18T18:18:36.330+00:00,2026-09-18T18:18:41.362+00:00,5.164003372192383,wheelspin_lab/20260919_023755_1d4d8f4f/spin_000214/full.png,3,,,,COMPLETE,,1,1
20260919_023755_1d4d8f4f:000215,20260919_023755_1d4d8f4f,215,SUPER,2026-09-18T18:18:41.653+00:00,2026-09-18T18:18:41.824+00:00,2026-09-18T18:18:46.584+00:00,4.930973052978516,wheelspin_lab/20260919_023755_1d4d8f4f/spin_000215/full.png,3,,,,COMPLETE,,1,1
20260919_023755_1d4d8f4f:000216,20260919_023755_1d4d8f4f,216,SUPER,2026-09-18T18:18:46.842+00:00,2026-09-18T18:18:46.967+00:00,2026-09-18T18:18:53.988+00:00,7.146008312702179,wheelspin_lab/20260919_023755_1d4d8f4f/spin_000216/full.png,3,,,,COMPLETE,,1,1
20260919_023755_1d4d8f4f:000217,20260919_023755_1d4d8f4f,217,SUPER,2026-09-18T18:18:54.274+00:00,2026-09-18T18:18:54.404+00:00,2026-09-18T18:19:01.618+00:00,7.343995571136475,wheelspin_lab/20260919_023755_1d4d8f4f/spin_000217/full.png,3,,,,COMPLETE,,1,1
20260919_023755_1d4d8f4f:000218,20260919_023755_1d4d8f4f,218,SUPER,2026-09-18T18:19:01.891+00:00,2026-09-18T18:19:02.041+00:00,2026-09-18T18:19:06.976+00:00,5.0849854946136475,wheelspin_lab/20260919_023755_1d4d8f4f/spin_000218/full.png,3,,,,COMPLETE,,1,1
20260919_023755_1d4d8f4f:000219,20260919_023755_1d4d8f4f,219,SUPER,2026-09-18T18:19:07.250+00:00,2026-09-18T18:19:07.378+00:00,2026-09-18T18:19:14.447+00:00,7.197023928165436,wheelspin_lab/20260919_023755_1d4d8f4f/spin_000219/full.png,3,,,,COMPLETE,,1,1
20260919_023755_1d4d8f4f:000220,20260919_023755_1d4d8f4f,220,SUPER,2026-09-18T18:19:14.707+00:00,2026-09-18T18:19:14.863+00:00,2026-09-18T18:19:21.736+00:00,7.029010355472565,wheelspin_lab/20260919_023755_1d4d8f4f/spin_000220/full.png,3,,,,COMPLETE,,1,1
20260919_023755_1d4d8f4f:000221,20260919_023755_1d4d8f4f,221,SUPER,2026-09-18T18:19:22.025+00:00,2026-09-18T18:19:22.152+00:00,2026-09-18T18:19:29.104+00:00,7.079020142555237,wheelspin_lab/20260919_023755_1d4d8f4f/spin_000221/full.png,3,,,,COMPLETE,,1,1
20260919_023755_1d4d8f4f:000222,20260919_023755_1d4d8f4f,222,SUPER,2026-09-18T18:19:29.356+00:00,2026-09-18T18:19:29.482+00:00,2026-09-18T18:19:34.774+00:00,5.4179951548576355,wheelspin_lab/20260919_023755_1d4d8f4f/spin_000222/full.png,3,,,,COMPLETE,,1,1
20260919_023755_1d4d8f4f:000223,20260919_023755_1d4d8f4f,223,SUPER,2026-09-18T18:19:35.001+00:00,2026-09-18T18:19:35.176+00:00,2026-09-18T18:19:42.103+00:00,7.101993262767792,wheelspin_lab/20260919_023755_1d4d8f4f/spin_000223/full.png,3,,,,COMPLETE,,1,1
20260919_023755_1d4d8f4f:000224,20260919_023755_1d4d8f4f,224,SUPER,2026-09-18T18:19:42.356+00:00,2026-09-18T18:19:42.536+00:00,2026-09-18T18:19:49.316+00:00,6.960010528564453,wheelspin_lab/20260919_023755_1d4d8f4f/spin_000224/full.png,3,,,,COMPLETE,,1,1
20260919_023755_1d4d8f4f:000225,20260919_023755_1d4d8f4f,225,SUPER,2026-09-18T18:19:49.586+00:00,2026-09-18T18:19:49.693+00:00,2026-09-18T18:19:56.688+00:00,7.102033495903015,wheelspin_lab/20260919_023755_1d4d8f4f/spin_000225/full.png,3,,,,COMPLETE,,1,1
20260919_023755_1d4d8f4f:000226,20260919_023755_1d4d8f4f,226,SUPER,2026-09-18T18:19:56.938+00:00,2026-09-18T18:19:57.070+00:00,2026-09-18T18:20:04.027+00:00,7.088997960090637,wheelspin_lab/20260919_023755_1d4d8f4f/spin_000226/full.png,3,,,,COMPLETE,,1,1
20260919_023755_1d4d8f4f:000227,20260919_023755_1d4d8f4f,227,SUPER,2026-09-18T18:20:04.314+00:00,2026-09-18T18:20:04.443+00:00,2026-09-18T18:20:13.022+00:00,8.707979321479797,wheelspin_lab/20260919_023755_1d4d8f4f/spin_000227/full.png,3,,,,COMPLETE,,1,1
20260919_023755_1d4d8f4f:000228,20260919_023755_1d4d8f4f,228,SUPER,2026-09-18T18:20:13.287+00:00,2026-09-18T18:20:13.414+00:00,2026-09-18T18:20:20.824+00:00,7.53699392080307,wheelspin_lab/20260919_023755_1d4d8f4f/spin_000228/full.png,3,,,,COMPLETE,,1,1
20260919_023755_1d4d8f4f:000229,20260919_023755_1d4d8f4f,229,SUPER,2026-09-18T18:20:21.093+00:00,2026-09-18T18:20:21.258+00:00,2026-09-18T18:20:25.833+00:00,4.73998636007309,wheelspin_lab/20260919_023755_1d4d8f4f/spin_000229/full.png,3,,,,COMPLETE,,1,1
20260919_023755_1d4d8f4f:000230,20260919_023755_1d4d8f4f,230,SUPER,2026-09-18T18:20:26.089+00:00,2026-09-18T18:20:26.209+00:00,2026-09-18T18:20:31.558+00:00,5.469010770320892,wheelspin_lab/20260919_023755_1d4d8f4f/spin_000230/full.png,3,,,,COMPLETE,,1,1
20260919_023755_1d4d8f4f:000231,20260919_023755_1d4d8f4f,231,SUPER,2026-09-18T18:20:31.860+00:00,2026-09-18T18:20:32.046+00:00,2026-09-18T18:20:37.169+00:00,5.309003591537476,wheelspin_lab/20260919_023755_1d4d8f4f/spin_000231/full.png,3,,,,COMPLETE,,1,1
20260919_023755_1d4d8f4f:000232,20260919_023755_1d4d8f4f,232,SUPER,2026-09-18T18:20:37.411+00:00,2026-09-18T18:20:37.582+00:00,2026-09-18T18:20:42.288+00:00,4.877020418643951,wheelspin_lab/20260919_023755_1d4d8f4f/spin_000232/full.png,3,,,,COMPLETE,,1,1
20260919_023755_1d4d8f4f:000233,20260919_023755_1d4d8f4f,233,SUPER,2026-09-18T18:20:42.561+00:00,2026-09-18T18:20:42.672+00:00,2026-09-18T18:20:49.792+00:00,7.231020927429199,wheelspin_lab/20260919_023755_1d4d8f4f/spin_000233/full.png,3,,,,COMPLETE,,1,1
20260919_023755_1d4d8f4f:000234,20260919_023755_1d4d8f4f,234,SUPER,2026-09-18T18:20:50.072+00:00,2026-09-18T18:20:50.213+00:00,2026-09-18T18:20:55.106+00:00,5.034010112285614,wheelspin_lab/20260919_023755_1d4d8f4f/spin_000234/full.png,3,,,,COMPLETE,,1,1
20260919_023755_1d4d8f4f:000235,20260919_023755_1d4d8f4f,235,SUPER,2026-09-18T18:20:55.322+00:00,2026-09-18T18:20:55.449+00:00,2026-09-18T18:21:02.427+00:00,7.1049705147743225,wheelspin_lab/20260919_023755_1d4d8f4f/spin_000235/full.png,3,,,,COMPLETE,,1,1
20260919_023755_1d4d8f4f:000236,20260919_023755_1d4d8f4f,236,SUPER,2026-09-18T18:21:02.691+00:00,2026-09-18T18:21:02.814+00:00,2026-09-18T18:21:09.640+00:00,6.948986649513245,wheelspin_lab/20260919_023755_1d4d8f4f/spin_000236/full.png,3,,,,COMPLETE,,1,1
20260919_023755_1d4d8f4f:000237,20260919_023755_1d4d8f4f,237,SUPER,2026-09-18T18:21:09.931+00:00,2026-09-18T18:21:10.050+00:00,2026-09-18T18:21:17.206+00:00,7.274995744228363,wheelspin_lab/20260919_023755_1d4d8f4f/spin_000237/full.png,3,,,,COMPLETE,,1,1
20260919_023755_1d4d8f4f:000238,20260919_023755_1d4d8f4f,238,SUPER,2026-09-18T18:21:17.468+00:00,2026-09-18T18:21:17.598+00:00,2026-09-18T18:21:22.711+00:00,5.243021249771118,wheelspin_lab/20260919_023755_1d4d8f4f/spin_000238/full.png,3,,,,COMPLETE,,1,1
20260919_023755_1d4d8f4f:000239,20260919_023755_1d4d8f4f,239,SUPER,2026-09-18T18:21:22.994+00:00,2026-09-18T18:21:23.111+00:00,2026-09-18T18:21:30.258+00:00,7.264012098312378,wheelspin_lab/20260919_023755_1d4d8f4f/spin_000239/full.png,3,,,,COMPLETE,,1,1
20260919_023755_1d4d8f4f:000240,20260919_023755_1d4d8f4f,240,SUPER,2026-09-18T18:21:30.515+00:00,2026-09-18T18:21:30.693+00:00,2026-09-18T18:21:39.477+00:00,8.962011337280273,wheelspin_lab/20260919_023755_1d4d8f4f/spin_000240/full.png,3,,,,COMPLETE,,1,1
20260919_023755_1d4d8f4f:000241,20260919_023755_1d4d8f4f,241,SUPER,2026-09-18T18:21:39.762+00:00,2026-09-18T18:21:39.912+00:00,2026-09-18T18:21:44.657+00:00,4.895004630088806,wheelspin_lab/20260919_023755_1d4d8f4f/spin_000241/full.png,3,,,,COMPLETE,,1,1
20260919_023755_1d4d8f4f:000242,20260919_023755_1d4d8f4f,242,SUPER,2026-09-18T18:21:44.921+00:00,2026-09-18T18:21:45.052+00:00,2026-09-18T18:21:50.210+00:00,5.289007723331451,wheelspin_lab/20260919_023755_1d4d8f4f/spin_000242/full.png,3,,,,COMPLETE,,1,1
20260919_023755_1d4d8f4f:000243,20260919_023755_1d4d8f4f,243,SUPER,2026-09-18T18:21:50.499+00:00,2026-09-18T18:21:50.629+00:00,2026-09-18T18:21:55.782+00:00,5.2830129861831665,wheelspin_lab/20260919_023755_1d4d8f4f/spin_000243/full.png,3,,,,COMPLETE,,1,1
20260919_023755_1d4d8f4f:000244,20260919_023755_1d4d8f4f,244,SUPER,2026-09-18T18:21:56.057+00:00,2026-09-18T18:21:56.200+00:00,2026-09-18T18:22:03.258+00:00,7.201007008552551,wheelspin_lab/20260919_023755_1d4d8f4f/spin_000244/full.png,3,,,,COMPLETE,,1,1
20260919_023755_1d4d8f4f:000245,20260919_023755_1d4d8f4f,245,SUPER,2026-09-18T18:22:03.471+00:00,2026-09-18T18:22:03.602+00:00,2026-09-18T18:22:10.487+00:00,7.01601505279541,wheelspin_lab/20260919_023755_1d4d8f4f/spin_000245/full.png,3,,,,COMPLETE,,1,1
20260919_023755_1d4d8f4f:000246,20260919_023755_1d4d8f4f,246,SUPER,2026-09-18T18:22:10.734+00:00,2026-09-18T18:22:10.853+00:00,2026-09-18T18:22:17.608+00:00,6.873992085456848,wheelspin_lab/20260919_023755_1d4d8f4f/spin_000246/full.png,3,,,,COMPLETE,,1,1
20260919_023755_1d4d8f4f:000247,20260919_023755_1d4d8f4f,247,SUPER,2026-09-18T18:22:17.801+00:00,2026-09-18T18:22:17.915+00:00,2026-09-18T18:22:23.249+00:00,5.4480090737342834,wheelspin_lab/20260919_023755_1d4d8f4f/spin_000247/full.png,3,,,,COMPLETE,,1,1
20260919_023755_1d4d8f4f:000248,20260919_023755_1d4d8f4f,248,SUPER,2026-09-18T18:22:23.501+00:00,2026-09-18T18:22:23.671+00:00,2026-09-18T18:22:31.526+00:00,8.025021851062775,wheelspin_lab/20260919_023755_1d4d8f4f/spin_000248/full.png,3,,,,COMPLETE,,1,1
20260919_023755_1d4d8f4f:000249,20260919_023755_1d4d8f4f,249,SUPER,2026-09-18T18:22:31.858+00:00,2026-09-18T18:22:31.996+00:00,2026-09-18T18:22:40.577+00:00,8.719003200531006,wheelspin_lab/20260919_023755_1d4d8f4f/spin_000249/full.png,3,,,,COMPLETE,,1,1
20260919_023755_1d4d8f4f:000250,20260919_023755_1d4d8f4f,250,SUPER,2026-09-18T18:22:40.841+00:00,2026-09-18T18:22:40.987+00:00,2026-09-18T18:22:47.875+00:00,7.033999264240265,wheelspin_lab/20260919_023755_1d4d8f4f/spin_000250/full.png,3,,,,COMPLETE,,1,1
20260919_023755_1d4d8f4f:000251,20260919_023755_1d4d8f4f,251,SUPER,2026-09-18T18:22:48.105+00:00,2026-09-18T18:22:48.232+00:00,2026-09-18T18:22:53.574+00:00,5.469010770320892,wheelspin_lab/20260919_023755_1d4d8f4f/spin_000251/full.png,3,,,,COMPLETE,,1,1
20260919_023755_1d4d8f4f:000252,20260919_023755_1d4d8f4f,252,SUPER,2026-09-18T18:22:53.852+00:00,2026-09-18T18:22:54.005+00:00,2026-09-18T18:22:58.821+00:00,4.968993365764618,wheelspin_lab/20260919_023755_1d4d8f4f/spin_000252/full.png,3,,,,COMPLETE,,1,1
20260919_023755_1d4d8f4f:000253,20260919_023755_1d4d8f4f,253,SUPER,2026-09-18T18:22:59.103+00:00,2026-09-18T18:22:59.228+00:00,2026-09-18T18:23:06.276+00:00,7.173004746437073,wheelspin_lab/20260919_023755_1d4d8f4f/spin_000253/full.png,3,,,,COMPLETE,,1,1
20260919_023755_1d4d8f4f:000254,20260919_023755_1d4d8f4f,254,SUPER,2026-09-18T18:23:06.541+00:00,2026-09-18T18:23:06.668+00:00,2026-09-18T18:23:11.616+00:00,5.075007677078247,wheelspin_lab/20260919_023755_1d4d8f4f/spin_000254/full.png,3,,,,COMPLETE,,1,1
20260919_023755_1d4d8f4f:000255,20260919_023755_1d4d8f4f,255,SUPER,2026-09-18T18:23:11.895+00:00,2026-09-18T18:23:12.026+00:00,2026-09-18T18:23:16.832+00:00,4.937008023262024,wheelspin_lab/20260919_023755_1d4d8f4f/spin_000255/full.png,3,,,,COMPLETE,,1,1
20260919_023755_1d4d8f4f:000256,20260919_023755_1d4d8f4f,256,SUPER,2026-09-18T18:23:17.070+00:00,2026-09-18T18:23:17.202+00:00,2026-09-18T18:23:24.109+00:00,7.038988173007965,wheelspin_lab/20260919_023755_1d4d8f4f/spin_000256/full.png,3,,,,COMPLETE,,1,1
20260919_023755_1d4d8f4f:000257,20260919_023755_1d4d8f4f,257,SUPER,2026-09-18T18:23:24.313+00:00,2026-09-18T18:23:24.456+00:00,2026-09-18T18:23:31.337+00:00,7.023981213569641,wheelspin_lab/20260919_023755_1d4d8f4f/spin_000257/full.png,3,,,,COMPLETE,,1,1
20260919_023755_1d4d8f4f:000258,20260919_023755_1d4d8f4f,258,SUPER,2026-09-18T18:23:31.589+00:00,2026-09-18T18:23:31.714+00:00,2026-09-18T18:23:36.673+00:00,5.083979666233063,wheelspin_lab/20260919_023755_1d4d8f4f/spin_000258/full.png,3,,,,COMPLETE,,1,1
20260919_023755_1d4d8f4f:000259,20260919_023755_1d4d8f4f,259,SUPER,2026-09-18T18:23:36.956+00:00,2026-09-18T18:23:37.073+00:00,2026-09-18T18:23:42.074+00:00,5.11801689863205,wheelspin_lab/20260919_023755_1d4d8f4f/spin_000259/full.png,3,,,,COMPLETE,,1,1
20260919_023755_1d4d8f4f:000260,20260919_023755_1d4d8f4f,260,SUPER,2026-09-18T18:23:42.329+00:00,2026-09-18T18:23:42.477+00:00,2026-09-18T18:23:51.066+00:00,8.73698741197586,wheelspin_lab/20260919_023755_1d4d8f4f/spin_000260/full.png,3,,,,COMPLETE,,1,1
20260919_023755_1d4d8f4f:000261,20260919_023755_1d4d8f4f,261,SUPER,2026-09-18T18:23:51.340+00:00,2026-09-18T18:23:51.473+00:00,2026-09-18T18:23:58.566+00:00,7.225991785526276,wheelspin_lab/20260919_023755_1d4d8f4f/spin_000261/full.png,3,,,,COMPLETE,,1,1
20260919_023755_1d4d8f4f:000262,20260919_023755_1d4d8f4f,262,SUPER,2026-09-18T18:23:58.831+00:00,2026-09-18T18:23:58.971+00:00,2026-09-18T18:24:05.919+00:00,7.088032364845276,wheelspin_lab/20260919_023755_1d4d8f4f/spin_000262/full.png,3,,,,COMPLETE,,1,1
20260919_023755_1d4d8f4f:000263,20260919_023755_1d4d8f4f,263,SUPER,2026-09-18T18:24:06.126+00:00,2026-09-18T18:24:06.272+00:00,2026-09-18T18:24:11.114+00:00,4.987983405590057,wheelspin_lab/20260919_023755_1d4d8f4f/spin_000263/full.png,3,,,,COMPLETE,,1,1
20260919_023755_1d4d8f4f:000264,20260919_023755_1d4d8f4f,264,SUPER,2026-09-18T18:24:11.400+00:00,2026-09-18T18:24:11.543+00:00,2026-09-18T18:24:19.895+00:00,8.494985103607178,wheelspin_lab/20260919_023755_1d4d8f4f/spin_000264/full.png,3,,,,COMPLETE,,1,1
20260919_023755_1d4d8f4f:000265,20260919_023755_1d4d8f4f,265,SUPER,2026-09-18T18:24:20.157+00:00,2026-09-18T18:24:20.280+00:00,2026-09-18T18:24:25.073+00:00,4.916006326675415,wheelspin_lab/20260919_023755_1d4d8f4f/spin_000265/full.png,3,,,,COMPLETE,,1,1
20260919_023755_1d4d8f4f:000266,20260919_023755_1d4d8f4f,266,SUPER,2026-09-18T18:24:25.351+00:00,2026-09-18T18:24:25.496+00:00,2026-09-18T18:24:33.714+00:00,8.36298018693924,wheelspin_lab/20260919_023755_1d4d8f4f/spin_000266/full.png,3,,,,COMPLETE,,1,1
20260919_023755_1d4d8f4f:000267,20260919_023755_1d4d8f4f,267,SUPER,2026-09-18T18:24:33.917+00:00,2026-09-18T18:24:34.060+00:00,2026-09-18T18:24:42.683+00:00,8.765995502471924,wheelspin_lab/20260919_023755_1d4d8f4f/spin_000267/full.png,3,,,,COMPLETE,,1,1
20260919_023755_1d4d8f4f:000268,20260919_023755_1d4d8f4f,268,SUPER,2026-09-18T18:24:42.955+00:00,2026-09-18T18:24:43.096+00:00,2026-09-18T18:24:48.380+00:00,5.4250359535217285,wheelspin_lab/20260919_023755_1d4d8f4f/spin_000268/full.png,3,,,,COMPLETE,,1,1
20260919_023755_1d4d8f4f:000269,20260919_023755_1d4d8f4f,269,SUPER,2026-09-18T18:24:48.676+00:00,2026-09-18T18:24:48.825+00:00,2026-09-18T18:24:57.344+00:00,8.667987585067749,wheelspin_lab/20260919_023755_1d4d8f4f/spin_000269/full.png,3,,,,COMPLETE,,1,1
20260919_023755_1d4d8f4f:000270,20260919_023755_1d4d8f4f,270,SUPER,2026-09-18T18:24:57.592+00:00,2026-09-18T18:24:57.763+00:00,2026-09-18T18:25:04.641+00:00,7.049006223678589,wheelspin_lab/20260919_023755_1d4d8f4f/spin_000270/full.png,3,,,,COMPLETE,,1,1
20260919_023755_1d4d8f4f:000271,20260919_023755_1d4d8f4f,271,SUPER,2026-09-18T18:25:04.965+00:00,2026-09-18T18:25:05.077+00:00,2026-09-18T18:25:12.119+00:00,7.154014706611633,wheelspin_lab/20260919_023755_1d4d8f4f/spin_000271/full.png,3,,,,COMPLETE,,1,1
20260919_023755_1d4d8f4f:000272,20260919_023755_1d4d8f4f,272,SUPER,2026-09-18T18:25:12.365+00:00,2026-09-18T18:25:12.498+00:00,2026-09-18T18:25:17.697+00:00,5.332016944885254,wheelspin_lab/20260919_023755_1d4d8f4f/spin_000272/full.png,3,,,,COMPLETE,,1,1
20260919_023755_1d4d8f4f:000273,20260919_023755_1d4d8f4f,273,SUPER,2026-09-18T18:25:17.910+00:00,2026-09-18T18:25:18.088+00:00,2026-09-18T18:25:24.964+00:00,7.053995132446289,wheelspin_lab/20260919_023755_1d4d8f4f/spin_000273/full.png,3,,,,COMPLETE,,1,1
20260919_023755_1d4d8f4f:000274,20260919_023755_1d4d8f4f,274,SUPER,2026-09-18T18:25:25.234+00:00,2026-09-18T18:25:25.380+00:00,2026-09-18T18:25:32.194+00:00,6.95997029542923,wheelspin_lab/20260919_023755_1d4d8f4f/spin_000274/full.png,3,,,,COMPLETE,,1,1
20260919_023755_1d4d8f4f:000275,20260919_023755_1d4d8f4f,275,SUPER,2026-09-18T18:25:32.407+00:00,2026-09-18T18:25:32.538+00:00,2026-09-18T18:25:39.501+00:00,7.093986868858337,wheelspin_lab/20260919_023755_1d4d8f4f/spin_000275/full.png,3,,,,COMPLETE,,1,1
20260919_023755_1d4d8f4f:000276,20260919_023755_1d4d8f4f,276,SUPER,2026-09-18T18:25:39.758+00:00,2026-09-18T18:25:39.903+00:00,2026-09-18T18:25:46.935+00:00,7.176987826824188,wheelspin_lab/20260919_023755_1d4d8f4f/spin_000276/full.png,3,,,,COMPLETE,,1,1
20260919_023755_1d4d8f4f:000277,20260919_023755_1d4d8f4f,277,SUPER,2026-09-18T18:25:47.144+00:00,2026-09-18T18:25:47.261+00:00,2026-09-18T18:44:55.834+00:00,1148.6900076270103,wheelspin_lab/20260919_023755_1d4d8f4f/spin_000277/full.png,3,,,,COMPLETE,,1,1
20260919_023755_1d4d8f4f:000278,20260919_023755_1d4d8f4f,278,SUPER,2026-09-18T18:44:56.255+00:00,2026-09-18T18:44:56.536+00:00,2026-09-18T18:45:01.630+00:00,5.374985933303833,wheelspin_lab/20260919_023755_1d4d8f4f/spin_000278/full.png,3,,,,COMPLETE,,1,1
20260919_023755_1d4d8f4f:000279,20260919_023755_1d4d8f4f,279,SUPER,2026-09-18T18:45:01.828+00:00,2026-09-18T18:45:01.992+00:00,2026-09-18T18:45:06.966+00:00,5.138012766838074,wheelspin_lab/20260919_023755_1d4d8f4f/spin_000279/full.png,3,,,,COMPLETE,,1,1
20260919_023755_1d4d8f4f:000280,20260919_023755_1d4d8f4f,280,SUPER,2026-09-18T18:45:07.236+00:00,2026-09-18T18:45:07.406+00:00,2026-09-18T18:45:15.960+00:00,8.723992109298706,wheelspin_lab/20260919_023755_1d4d8f4f/spin_000280/full.png,3,,,,COMPLETE,,1,1
20260919_023755_1d4d8f4f:000281,20260919_023755_1d4d8f4f,281,SUPER,2026-09-18T18:45:16.173+00:00,2026-09-18T18:45:16.309+00:00,2026-09-18T18:45:23.543+00:00,7.369986176490784,wheelspin_lab/20260919_023755_1d4d8f4f/spin_000281/full.png,3,,,,COMPLETE,,1,1
20260919_023755_1d4d8f4f:000282,20260919_023755_1d4d8f4f,282,SUPER,2026-09-18T18:45:23.803+00:00,2026-09-18T18:45:23.937+00:00,2026-09-18T18:45:28.591+00:00,4.787984490394592,wheelspin_lab/20260919_023755_1d4d8f4f/spin_000282/full.png,3,,,,COMPLETE,,1,1
20260919_023755_1d4d8f4f:000283,20260919_023755_1d4d8f4f,283,SUPER,2026-09-18T18:45:28.868+00:00,2026-09-18T18:45:28.969+00:00,2026-09-18T18:45:34.123+00:00,5.255010724067688,wheelspin_lab/20260919_023755_1d4d8f4f/spin_000283/full.png,3,,,,COMPLETE,,1,1
20260919_023755_1d4d8f4f:000284,20260919_023755_1d4d8f4f,284,SUPER,2026-09-18T18:45:34.351+00:00,2026-09-18T18:45:34.458+00:00,2026-09-18T18:45:39.775+00:00,5.42398989200592,wheelspin_lab/20260919_023755_1d4d8f4f/spin_000284/full.png,3,,,,COMPLETE,,1,1
20260919_023755_1d4d8f4f:000285,20260919_023755_1d4d8f4f,285,SUPER,2026-09-18T18:45:40.064+00:00,2026-09-18T18:45:40.254+00:00,2026-09-18T18:45:47.155+00:00,7.091009616851807,wheelspin_lab/20260919_023755_1d4d8f4f/spin_000285/full.png,3,,,,COMPLETE,,1,1
20260919_023755_1d4d8f4f:000286,20260919_023755_1d4d8f4f,286,SUPER,2026-09-18T18:45:47.423+00:00,2026-09-18T18:45:47.554+00:00,2026-09-18T18:45:52.851+00:00,5.428013205528259,wheelspin_lab/20260919_023755_1d4d8f4f/spin_000286/full.png,3,,,,COMPLETE,,1,1
20260919_023755_1d4d8f4f:000287,20260919_023755_1d4d8f4f,287,SUPER,2026-09-18T18:45:53.055+00:00,2026-09-18T18:45:53.207+00:00,2026-09-18T18:46:00.274+00:00,7.218991219997406,wheelspin_lab/20260919_023755_1d4d8f4f/spin_000287/full.png,3,,,,COMPLETE,,1,1
20260919_023755_1d4d8f4f:000288,20260919_023755_1d4d8f4f,288,SUPER,2026-09-18T18:46:00.509+00:00,2026-09-18T18:46:00.616+00:00,2026-09-18T18:46:07.567+00:00,7.058018445968628,wheelspin_lab/20260919_023755_1d4d8f4f/spin_000288/full.png,3,,,,COMPLETE,,1,1
20260919_023755_1d4d8f4f:000289,20260919_023755_1d4d8f4f,289,SUPER,2026-09-18T18:46:07.837+00:00,2026-09-18T18:46:07.956+00:00,2026-09-18T18:46:14.881+00:00,7.043977081775665,wheelspin_lab/20260919_023755_1d4d8f4f/spin_000289/full.png,3,,,,COMPLETE,,1,1
20260919_023755_1d4d8f4f:000290,20260919_023755_1d4d8f4f,290,SUPER,2026-09-18T18:46:15.117+00:00,2026-09-18T18:46:15.254+00:00,2026-09-18T18:46:20.318+00:00,5.2010178565979,wheelspin_lab/20260919_023755_1d4d8f4f/spin_000290/full.png,3,,,,COMPLETE,,1,1
20260919_023755_1d4d8f4f:000291,20260919_023755_1d4d8f4f,291,SUPER,2026-09-18T18:46:20.576+00:00,2026-09-18T18:46:20.707+00:00,2026-09-18T18:46:25.859+00:00,5.2830129861831665,wheelspin_lab/20260919_023755_1d4d8f4f/spin_000291/full.png,3,,,,COMPLETE,,1,1
20260919_023755_1d4d8f4f:000292,20260919_023755_1d4d8f4f,292,SUPER,2026-09-18T18:46:26.101+00:00,2026-09-18T18:46:26.274+00:00,2026-09-18T18:46:31.233+00:00,5.132018029689789,wheelspin_lab/20260919_023755_1d4d8f4f/spin_000292/full.png,3,,,,COMPLETE,,1,1
20260919_023755_1d4d8f4f:000293,20260919_023755_1d4d8f4f,293,SUPER,2026-09-18T18:46:31.441+00:00,2026-09-18T18:46:31.571+00:00,2026-09-18T18:46:39.935+00:00,8.494019508361816,wheelspin_lab/20260919_023755_1d4d8f4f/spin_000293/full.png,3,,,,COMPLETE,,1,1
20260919_023755_1d4d8f4f:000294,20260919_023755_1d4d8f4f,294,SUPER,2026-09-18T18:46:40.185+00:00,2026-09-18T18:46:40.306+00:00,2026-09-18T18:46:45.210+00:00,5.024997889995575,wheelspin_lab/20260919_023755_1d4d8f4f/spin_000294/full.png,3,,,,COMPLETE,,1,1
20260919_023755_1d4d8f4f:000295,20260919_023755_1d4d8f4f,295,SUPER,2026-09-18T18:46:45.454+00:00,2026-09-18T18:46:45.574+00:00,2026-09-18T18:46:52.498+00:00,7.044017314910889,wheelspin_lab/20260919_023755_1d4d8f4f/spin_000295/full.png,3,,,,COMPLETE,,1,1
20260919_023755_1d4d8f4f:000296,20260919_023755_1d4d8f4f,296,SUPER,2026-09-18T18:46:52.776+00:00,2026-09-18T18:46:52.885+00:00,2026-09-18T18:46:57.811+00:00,5.034975707530975,wheelspin_lab/20260919_023755_1d4d8f4f/spin_000296/full.png,3,,,,COMPLETE,,1,1
20260919_023755_1d4d8f4f:000297,20260919_023755_1d4d8f4f,297,SUPER,2026-09-18T18:46:58.095+00:00,2026-09-18T18:46:58.206+00:00,2026-09-18T18:47:06.944+00:00,8.848996460437775,wheelspin_lab/20260919_023755_1d4d8f4f/spin_000297/full.png,3,,,,COMPLETE,,1,1
20260919_023755_1d4d8f4f:000298,20260919_023755_1d4d8f4f,298,SUPER,2026-09-18T18:47:07.180+00:00,2026-09-18T18:47:07.297+00:00,2026-09-18T18:47:14.277+00:00,7.0970043540000916,wheelspin_lab/20260919_023755_1d4d8f4f/spin_000298/full.png,3,,,,COMPLETE,,1,1
20260919_023755_1d4d8f4f:000299,20260919_023755_1d4d8f4f,299,SUPER,2026-09-18T18:47:14.537+00:00,2026-09-18T18:47:14.669+00:00,2026-09-18T18:47:19.983+00:00,5.445997416973114,wheelspin_lab/20260919_023755_1d4d8f4f/spin_000299/full.png,3,,,,COMPLETE,,1,1
20260919_023755_1d4d8f4f:000300,20260919_023755_1d4d8f4f,300,SUPER,2026-09-18T18:47:20.224+00:00,2026-09-18T18:47:20.405+00:00,2026-09-18T18:47:25.099+00:00,4.875008761882782,wheelspin_lab/20260919_023755_1d4d8f4f/spin_000300/full.png,3,,,,COMPLETE,,1,1
20260919_023755_1d4d8f4f:000301,20260919_023755_1d4d8f4f,301,SUPER,2026-09-18T18:47:25.343+00:00,2026-09-18T18:47:25.464+00:00,2026-09-18T18:47:32.267+00:00,6.92400187253952,wheelspin_lab/20260919_023755_1d4d8f4f/spin_000301/full.png,3,,,,COMPLETE,,1,1
20260919_023755_1d4d8f4f:000302,20260919_023755_1d4d8f4f,302,SUPER,2026-09-18T18:47:32.513+00:00,2026-09-18T18:47:32.631+00:00,2026-09-18T18:47:37.503+00:00,4.989995062351227,wheelspin_lab/20260919_023755_1d4d8f4f/spin_000302/full.png,3,,,,COMPLETE,,1,1
20260919_023755_1d4d8f4f:000303,20260919_023755_1d4d8f4f,303,SUPER,2026-09-18T18:47:37.758+00:00,2026-09-18T18:47:37.882+00:00,2026-09-18T18:49:24.003+00:00,106.24500811100006,wheelspin_lab/20260919_023755_1d4d8f4f/spin_000303/full.png,3,,,,COMPLETE,,1,1
20260919_023755_1d4d8f4f:000304,20260919_023755_1d4d8f4f,304,SUPER,2026-09-18T18:49:24.422+00:00,2026-09-18T18:49:24.701+00:00,2026-09-18T18:49:31.547+00:00,7.12500661611557,wheelspin_lab/20260919_023755_1d4d8f4f/spin_000304/full.png,3,,,,COMPLETE,,1,1
20260919_023755_1d4d8f4f:000305,20260919_023755_1d4d8f4f,305,SUPER,2026-09-18T18:49:31.767+00:00,2026-09-18T18:49:31.903+00:00,2026-09-18T18:49:41.519+00:00,9.752029180526733,wheelspin_lab/20260919_023755_1d4d8f4f/spin_000305/full.png,3,,,,COMPLETE,,1,1
20260919_023755_1d4d8f4f:000306,20260919_023755_1d4d8f4f,306,SUPER,2026-09-18T18:49:41.770+00:00,2026-09-18T18:49:41.922+00:00,2026-09-18T18:49:46.800+00:00,5.0300270318984985,wheelspin_lab/20260919_023755_1d4d8f4f/spin_000306/full.png,3,,,,COMPLETE,,1,1
20260919_023755_1d4d8f4f:000307,20260919_023755_1d4d8f4f,307,SUPER,2026-09-18T18:49:47.013+00:00,2026-09-18T18:49:47.157+00:00,2026-09-18T18:49:52.471+00:00,5.457986891269684,wheelspin_lab/20260919_023755_1d4d8f4f/spin_000307/full.png,3,,,,COMPLETE,,1,1
20260919_023755_1d4d8f4f:000308,20260919_023755_1d4d8f4f,308,SUPER,2026-09-18T18:49:52.720+00:00,2026-09-18T18:49:52.868+00:00,2026-09-18T18:49:57.746+00:00,5.02600371837616,wheelspin_lab/20260919_023755_1d4d8f4f/spin_000308/full.png,3,,,,COMPLETE,,1,1
20260919_023755_1d4d8f4f:000309,20260919_023755_1d4d8f4f,309,SUPER,2026-09-18T18:49:58.019+00:00,2026-09-18T18:49:58.149+00:00,2026-09-18T18:52:54.847+00:00,176.82800889015198,wheelspin_lab/20260919_023755_1d4d8f4f/spin_000309/full.png,3,,,,COMPLETE,,1,1
20260919_023755_1d4d8f4f:000310,20260919_023755_1d4d8f4f,310,SUPER,2026-09-18T18:52:55.281+00:00,2026-09-18T18:52:55.604+00:00,2026-09-18T18:53:02.764+00:00,7.4830010533332825,wheelspin_lab/20260919_023755_1d4d8f4f/spin_000310/full.png,3,,,,COMPLETE,,1,1
20260919_023755_1d4d8f4f:000311,20260919_023755_1d4d8f4f,311,SUPER,2026-09-18T18:53:03.020+00:00,2026-09-18T18:53:03.137+00:00,2026-09-18T18:53:08.260+00:00,5.240003764629364,wheelspin_lab/20260919_023755_1d4d8f4f/spin_000311/full.png,3,,,,COMPLETE,,1,1
20260919_023755_1d4d8f4f:000312,20260919_023755_1d4d8f4f,312,SUPER,2026-09-18T18:53:08.543+00:00,2026-09-18T18:53:08.664+00:00,2026-09-18T18:53:17.146+00:00,8.603011071681976,wheelspin_lab/20260919_023755_1d4d8f4f/spin_000312/full.png,3,,,,COMPLETE,,1,1
20260919_023755_1d4d8f4f:000313,20260919_023755_1d4d8f4f,313,SUPER,2026-09-18T18:53:17.423+00:00,2026-09-18T18:53:17.546+00:00,2026-09-18T18:53:24.615+00:00,7.191994786262512,wheelspin_lab/20260919_023755_1d4d8f4f/spin_000313/full.png,3,,,,COMPLETE,,1,1
20260919_023755_1d4d8f4f:000314,20260919_023755_1d4d8f4f,314,SUPER,2026-09-18T18:53:24.834+00:00,2026-09-18T18:53:24.953+00:00,2026-09-18T18:53:31.982+00:00,7.148019969463348,wheelspin_lab/20260919_023755_1d4d8f4f/spin_000314/full.png,3,,,,COMPLETE,,1,1
20260919_023755_1d4d8f4f:000315,20260919_023755_1d4d8f4f,315,SUPER,2026-09-18T18:53:32.227+00:00,2026-09-18T18:53:32.398+00:00,2026-09-18T18:53:39.745+00:00,7.518003880977631,wheelspin_lab/20260919_023755_1d4d8f4f/spin_000315/full.png,3,,,,COMPLETE,,1,1
20260919_023755_1d4d8f4f:000316,20260919_023755_1d4d8f4f,316,SUPER,2026-09-18T18:53:39.966+00:00,2026-09-18T18:53:40.153+00:00,2026-09-18T18:56:29.736+00:00,169.76999044418335,wheelspin_lab/20260919_023755_1d4d8f4f/spin_000316/full.png,3,,,,COMPLETE,,1,1
20260919_023755_1d4d8f4f:000317,20260919_023755_1d4d8f4f,317,SUPER,2026-09-18T18:56:51.385+00:00,2026-09-18T18:56:56.144+00:00,2026-09-18T19:09:05.851+00:00,734.4660222530365,wheelspin_lab/20260919_023755_1d4d8f4f/spin_000317/full.png,3,,,,COMPLETE,,1,1
20260919_023755_1d4d8f4f:000318,20260919_023755_1d4d8f4f,318,SUPER,2026-09-18T19:09:27.478+00:00,2026-09-18T19:09:32.735+00:00,2026-09-18T19:09:38.053+00:00,10.574997961521149,wheelspin_lab/20260919_023755_1d4d8f4f/spin_000318/full.png,3,,,,COMPLETE,,1,1
20260919_023755_1d4d8f4f:000319,20260919_023755_1d4d8f4f,319,SUPER,2026-09-18T19:09:38.324+00:00,2026-09-18T19:09:38.459+00:00,2026-09-18T19:12:14.459+00:00,156.13502115011215,wheelspin_lab/20260919_023755_1d4d8f4f/spin_000319/full.png,3,,,,COMPLETE,,1,1
20260919_023755_1d4d8f4f:000320,20260919_023755_1d4d8f4f,320,SUPER,2026-09-18T19:12:36.180+00:00,2026-09-18T19:12:40.970+00:00,2026-09-18T19:12:48.035+00:00,11.85501515865326,wheelspin_lab/20260919_023755_1d4d8f4f/spin_000320/full.png,3,,,,COMPLETE,,1,1
20260919_023755_1d4d8f4f:000321,20260919_023755_1d4d8f4f,321,SUPER,2026-09-18T19:12:48.312+00:00,2026-09-18T19:12:48.450+00:00,2026-09-18T19:12:55.393+00:00,7.080991566181183,wheelspin_lab/20260919_023755_1d4d8f4f/spin_000321/full.png,3,,,,COMPLETE,,1,1
20260919_023755_1d4d8f4f:000322,20260919_023755_1d4d8f4f,322,SUPER,2026-09-18T19:12:55.634+00:00,2026-09-18T19:12:55.776+00:00,2026-09-18T19:13:02.729+00:00,7.094992697238922,wheelspin_lab/20260919_023755_1d4d8f4f/spin_000322/full.png,3,,,,COMPLETE,,1,1
20260919_023755_1d4d8f4f:000323,20260919_023755_1d4d8f4f,323,SUPER,2026-09-18T19:13:02.988+00:00,2026-09-18T19:13:03.109+00:00,2026-09-18T19:13:08.440+00:00,5.451992154121399,wheelspin_lab/20260919_023755_1d4d8f4f/spin_000323/full.png,3,,,,COMPLETE,,1,1
20260919_023755_1d4d8f4f:000324,20260919_023755_1d4d8f4f,324,SUPER,2026-09-18T19:13:08.745+00:00,2026-09-18T19:13:08.904+00:00,2026-09-18T19:13:15.833+00:00,7.0879921317100525,wheelspin_lab/20260919_023755_1d4d8f4f/spin_000324/full.png,3,,,,COMPLETE,,1,1
20260919_023755_1d4d8f4f:000325,20260919_023755_1d4d8f4f,325,SUPER,2026-09-18T19:13:16.087+00:00,2026-09-18T19:13:16.321+00:00,2026-09-18T19:13:23.306+00:00,7.218991219997406,wheelspin_lab/20260919_023755_1d4d8f4f/spin_000325/full.png,3,,,,COMPLETE,,1,1
20260919_023755_1d4d8f4f:000326,20260919_023755_1d4d8f4f,326,SUPER,2026-09-18T19:13:23.514+00:00,2026-09-18T19:13:23.629+00:00,2026-09-18T19:13:28.746+00:00,5.23199737071991,wheelspin_lab/20260919_023755_1d4d8f4f/spin_000326/full.png,3,,,,COMPLETE,,1,1
20260919_023755_1d4d8f4f:000327,20260919_023755_1d4d8f4f,327,SUPER,2026-09-18T19:13:29.004+00:00,2026-09-18T19:13:29.128+00:00,2026-09-18T19:13:35.963+00:00,6.959004700183868,wheelspin_lab/20260919_023755_1d4d8f4f/spin_000327/full.png,3,,,,COMPLETE,,1,1
20260919_023755_1d4d8f4f:000328,20260919_023755_1d4d8f4f,328,SUPER,2026-09-18T19:13:36.180+00:00,2026-09-18T19:13:36.346+00:00,2026-09-18T19:13:42.790+00:00,6.610022485256195,wheelspin_lab/20260919_023755_1d4d8f4f/spin_000328/full.png,3,,,,COMPLETE,,1,1
20260919_023755_1d4d8f4f:000329,20260919_023755_1d4d8f4f,329,SUPER,2026-09-18T19:13:43.053+00:00,2026-09-18T19:13:43.184+00:00,2026-09-18T19:13:51.766+00:00,8.712968230247498,wheelspin_lab/20260919_023755_1d4d8f4f/spin_000329/full.png,3,,,,COMPLETE,,1,1
20260919_023755_1d4d8f4f:000330,20260919_023755_1d4d8f4f,330,SUPER,2026-09-18T19:13:51.999+00:00,2026-09-18T19:13:52.197+00:00,2026-09-18T19:13:59.005+00:00,7.005997002124786,wheelspin_lab/20260919_023755_1d4d8f4f/spin_000330/full.png,3,,,,COMPLETE,,1,1
20260919_023755_1d4d8f4f:000331,20260919_023755_1d4d8f4f,331,SUPER,2026-09-18T19:13:59.262+00:00,2026-09-18T19:13:59.393+00:00,2026-09-18T19:14:04.331+00:00,5.069012939929962,wheelspin_lab/20260919_023755_1d4d8f4f/spin_000331/full.png,3,,,,COMPLETE,,1,1
20260919_023755_1d4d8f4f:000332,20260919_023755_1d4d8f4f,332,SUPER,2026-09-18T19:14:04.537+00:00,2026-09-18T19:14:04.676+00:00,2026-09-18T19:14:09.810+00:00,5.272994935512543,wheelspin_lab/20260919_023755_1d4d8f4f/spin_000332/full.png,3,,,,COMPLETE,,1,1
20260919_023755_1d4d8f4f:000333,20260919_023755_1d4d8f4f,333,SUPER,2026-09-18T19:14:10.050+00:00,2026-09-18T19:14:10.158+00:00,2026-09-18T19:14:15.487+00:00,5.436985194683075,wheelspin_lab/20260919_023755_1d4d8f4f/spin_000333/full.png,3,,,,COMPLETE,,1,1
20260919_023755_1d4d8f4f:000334,20260919_023755_1d4d8f4f,334,SUPER,2026-09-18T19:14:15.743+00:00,2026-09-18T19:14:15.910+00:00,2026-09-18T19:14:20.657+00:00,4.913994669914246,wheelspin_lab/20260919_023755_1d4d8f4f/spin_000334/full.png,3,,,,COMPLETE,,1,1
20260919_023755_1d4d8f4f:000335,20260919_023755_1d4d8f4f,335,SUPER,2026-09-18T19:14:20.911+00:00,2026-09-18T19:14:21.054+00:00,2026-09-18T19:14:27.936+00:00,7.025027275085449,wheelspin_lab/20260919_023755_1d4d8f4f/spin_000335/full.png,3,,,,COMPLETE,,1,1
20260919_023755_1d4d8f4f:000336,20260919_023755_1d4d8f4f,336,SUPER,2026-09-18T19:14:28.212+00:00,2026-09-18T19:14:28.329+00:00,2026-09-18T19:14:33.530+00:00,5.317975580692291,wheelspin_lab/20260919_023755_1d4d8f4f/spin_000336/full.png,3,,,,COMPLETE,,1,1
20260919_023755_1d4d8f4f:000337,20260919_023755_1d4d8f4f,337,SUPER,2026-09-18T19:14:33.780+00:00,2026-09-18T19:14:33.917+00:00,2026-09-18T19:14:40.870+00:00,7.090003788471222,wheelspin_lab/20260919_023755_1d4d8f4f/spin_000337/full.png,3,,,,COMPLETE,,1,1
20260919_023755_1d4d8f4f:000338,20260919_023755_1d4d8f4f,338,SUPER,2026-09-18T19:14:41.075+00:00,2026-09-18T19:14:41.207+00:00,2026-09-18T19:25:52.654+00:00,671.5790167450905,wheelspin_lab/20260919_023755_1d4d8f4f/spin_000338/full.png,3,,,,COMPLETE,,1,1
20260919_023755_1d4d8f4f:000339,20260919_023755_1d4d8f4f,339,SUPER,2026-09-18T19:25:53.082+00:00,2026-09-18T19:25:53.352+00:00,2026-09-18T19:25:58.328+00:00,5.245998501777649,wheelspin_lab/20260919_023755_1d4d8f4f/spin_000339/full.png,3,,,,COMPLETE,,1,1
20260919_023755_1d4d8f4f:000340,20260919_023755_1d4d8f4f,340,SUPER,2026-09-18T19:25:58.588+00:00,2026-09-18T19:25:58.718+00:00,2026-09-18T19:26:05.778+00:00,7.190023362636566,wheelspin_lab/20260919_023755_1d4d8f4f/spin_000340/full.png,3,,,,COMPLETE,,1,1
20260919_023755_1d4d8f4f:000341,20260919_023755_1d4d8f4f,341,SUPER,2026-09-18T19:26:06.057+00:00,2026-09-18T19:26:06.169+00:00,2026-09-18T19:26:11.269+00:00,5.2120015025138855,wheelspin_lab/20260919_023755_1d4d8f4f/spin_000341/full.png,3,,,,COMPLETE,,1,1
20260919_023755_1d4d8f4f:000342,20260919_023755_1d4d8f4f,342,SUPER,2026-09-18T19:26:11.537+00:00,2026-09-18T19:26:11.665+00:00,2026-09-18T19:26:18.758+00:00,7.221002876758575,wheelspin_lab/20260919_023755_1d4d8f4f/spin_000342/full.png,3,,,,COMPLETE,,1,1
20260919_023755_1d4d8f4f:000343,20260919_023755_1d4d8f4f,343,SUPER,2026-09-18T19:26:19.039+00:00,2026-09-18T19:26:19.168+00:00,2026-09-18T19:26:27.522+00:00,8.482995629310608,wheelspin_lab/20260919_023755_1d4d8f4f/spin_000343/full.png,3,,,,COMPLETE,,1,1
20260919_023755_1d4d8f4f:000344,20260919_023755_1d4d8f4f,344,SUPER,2026-09-18T19:26:27.768+00:00,2026-09-18T19:26:27.893+00:00,2026-09-18T19:26:33.146+00:00,5.378003418445587,wheelspin_lab/20260919_023755_1d4d8f4f/spin_000344/full.png,3,,,,COMPLETE,,1,1
20260919_023755_1d4d8f4f:000345,20260919_023755_1d4d8f4f,345,SUPER,2026-09-18T19:26:33.380+00:00,2026-09-18T19:26:33.513+00:00,2026-09-18T19:26:40.473+00:00,7.093021273612976,wheelspin_lab/20260919_023755_1d4d8f4f/spin_000345/full.png,3,,,,COMPLETE,,1,1
20260919_023755_1d4d8f4f:000346,20260919_023755_1d4d8f4f,346,SUPER,2026-09-18T19:26:40.727+00:00,2026-09-18T19:26:40.881+00:00,2026-09-18T19:26:49.437+00:00,8.709990978240967,wheelspin_lab/20260919_023755_1d4d8f4f/spin_000346/full.png,3,,,,COMPLETE,,1,1
20260919_023755_1d4d8f4f:000347,20260919_023755_1d4d8f4f,347,SUPER,2026-09-18T19:26:49.716+00:00,2026-09-18T19:26:49.846+00:00,2026-09-18T19:26:54.914+00:00,5.198000371456146,wheelspin_lab/20260919_023755_1d4d8f4f/spin_000347/full.png,3,,,,COMPLETE,,1,1
20260919_023755_1d4d8f4f:000348,20260919_023755_1d4d8f4f,348,SUPER,2026-09-18T19:26:55.158+00:00,2026-09-18T19:26:55.306+00:00,2026-09-18T19:27:02.228+00:00,7.070007920265198,wheelspin_lab/20260919_023755_1d4d8f4f/spin_000348/full.png,3,,,,COMPLETE,,1,1
20260919_023755_1d4d8f4f:000349,20260919_023755_1d4d8f4f,349,SUPER,2026-09-18T19:27:02.515+00:00,2026-09-18T19:27:02.642+00:00,2026-09-18T19:27:07.596+00:00,5.081002414226532,wheelspin_lab/20260919_023755_1d4d8f4f/spin_000349/full.png,3,,,,COMPLETE,,1,1
20260919_023755_1d4d8f4f:000350,20260919_023755_1d4d8f4f,350,SUPER,2026-09-18T19:27:07.844+00:00,2026-09-18T19:27:07.972+00:00,2026-09-18T19:27:15.097+00:00,7.253028452396393,wheelspin_lab/20260919_023755_1d4d8f4f/spin_000350/full.png,3,,,,COMPLETE,,1,1
20260919_023755_1d4d8f4f:000351,20260919_023755_1d4d8f4f,351,SUPER,2026-09-18T19:27:15.349+00:00,2026-09-18T19:27:15.537+00:00,2026-09-18T19:27:20.385+00:00,5.0360217690467834,wheelspin_lab/20260919_023755_1d4d8f4f/spin_000351/full.png,3,,,,COMPLETE,,1,1
20260919_023755_1d4d8f4f:000352,20260919_023755_1d4d8f4f,352,SUPER,2026-09-18T19:27:20.635+00:00,2026-09-18T19:27:20.761+00:00,2026-09-18T19:27:26.072+00:00,5.437025427818298,wheelspin_lab/20260919_023755_1d4d8f4f/spin_000352/full.png,3,,,,COMPLETE,,1,1
20260919_023755_1d4d8f4f:000353,20260919_023755_1d4d8f4f,353,SUPER,2026-09-18T19:27:26.348+00:00,2026-09-18T19:27:26.478+00:00,2026-09-18T19:27:36.370+00:00,10.021993517875671,wheelspin_lab/20260919_023755_1d4d8f4f/spin_000353/full.png,3,,,,COMPLETE,,1,1
20260919_023755_1d4d8f4f:000354,20260919_023755_1d4d8f4f,354,SUPER,2026-09-18T19:27:36.639+00:00,2026-09-18T19:27:36.782+00:00,2026-09-18T19:27:43.785+00:00,7.146008312702179,wheelspin_lab/20260919_023755_1d4d8f4f/spin_000354/full.png,3,,,,COMPLETE,,1,1
20260919_023755_1d4d8f4f:000355,20260919_023755_1d4d8f4f,355,SUPER,2026-09-18T19:27:43.986+00:00,2026-09-18T19:27:44.149+00:00,2026-09-18T19:27:51.202+00:00,7.215973734855652,wheelspin_lab/20260919_023755_1d4d8f4f/spin_000355/full.png,3,,,,COMPLETE,,1,1
20260919_023755_1d4d8f4f:000356,20260919_023755_1d4d8f4f,356,SUPER,2026-09-18T19:27:51.473+00:00,2026-09-18T19:27:51.607+00:00,2026-09-18T19:27:58.487+00:00,7.014003396034241,wheelspin_lab/20260919_023755_1d4d8f4f/spin_000356/full.png,3,,,,COMPLETE,,1,1
20260919_023755_1d4d8f4f:000357,20260919_023755_1d4d8f4f,357,SUPER,2026-09-18T19:27:58.742+00:00,2026-09-18T19:27:58.885+00:00,2026-09-18T19:28:05.890+00:00,7.148019969463348,wheelspin_lab/20260919_023755_1d4d8f4f/spin_000357/full.png,3,,,,COMPLETE,,1,1
20260919_023755_1d4d8f4f:000358,20260919_023755_1d4d8f4f,358,SUPER,2026-09-18T19:28:06.144+00:00,2026-09-18T19:28:06.278+00:00,2026-09-18T19:28:12.956+00:00,6.811992824077606,wheelspin_lab/20260919_023755_1d4d8f4f/spin_000358/full.png,3,,,,COMPLETE,,1,1
20260919_023755_1d4d8f4f:000359,20260919_023755_1d4d8f4f,359,SUPER,2026-09-18T19:28:13.171+00:00,2026-09-18T19:28:13.304+00:00,2026-09-18T19:28:18.464+00:00,5.292990803718567,wheelspin_lab/20260919_023755_1d4d8f4f/spin_000359/full.png,3,,,,COMPLETE,,1,1
20260919_023755_1d4d8f4f:000360,20260919_023755_1d4d8f4f,360,SUPER,2026-09-18T19:28:18.718+00:00,2026-09-18T19:28:18.834+00:00,2026-09-18T19:28:23.853+00:00,5.13499528169632,wheelspin_lab/20260919_023755_1d4d8f4f/spin_000360/full.png,3,,,,COMPLETE,,1,1
20260919_023755_1d4d8f4f:000361,20260919_023755_1d4d8f4f,361,SUPER,2026-09-18T19:28:24.089+00:00,2026-09-18T19:28:24.241+00:00,2026-09-18T19:28:31.429+00:00,7.340012490749359,wheelspin_lab/20260919_023755_1d4d8f4f/spin_000361/full.png,3,,,,COMPLETE,,1,1
20260919_023755_1d4d8f4f:000362,20260919_023755_1d4d8f4f,362,SUPER,2026-09-18T19:28:31.683+00:00,2026-09-18T19:28:31.840+00:00,2026-09-18T19:28:40.483+00:00,8.799992501735687,wheelspin_lab/20260919_023755_1d4d8f4f/spin_000362/full.png,3,,,,COMPLETE,,1,1
20260919_023755_1d4d8f4f:000363,20260919_023755_1d4d8f4f,363,SUPER,2026-09-18T19:28:40.790+00:00,2026-09-18T19:28:40.902+00:00,2026-09-18T19:28:47.824+00:00,7.033999264240265,wheelspin_lab/20260919_023755_1d4d8f4f/spin_000363/full.png,3,,,,COMPLETE,,1,1
20260919_023755_1d4d8f4f:000364,20260919_023755_1d4d8f4f,364,SUPER,2026-09-18T19:28:48.095+00:00,2026-09-18T19:28:48.241+00:00,2026-09-18T19:28:53.088+00:00,4.992972314357758,wheelspin_lab/20260919_023755_1d4d8f4f/spin_000364/full.png,3,,,,COMPLETE,,1,1
20260919_023755_1d4d8f4f:000365,20260919_023755_1d4d8f4f,365,SUPER,2026-09-18T19:28:53.312+00:00,2026-09-18T19:28:53.440+00:00,2026-09-18T19:29:00.498+00:00,7.186000049114227,wheelspin_lab/20260919_023755_1d4d8f4f/spin_000365/full.png,3,,,,COMPLETE,,1,1
20260919_023755_1d4d8f4f:000366,20260919_023755_1d4d8f4f,366,SUPER,2026-09-18T19:29:00.780+00:00,2026-09-18T19:29:00.913+00:00,2026-09-18T19:29:05.708+00:00,4.927995800971985,wheelspin_lab/20260919_023755_1d4d8f4f/spin_000366/full.png,3,,,,COMPLETE,,1,1
20260919_023755_1d4d8f4f:000367,20260919_023755_1d4d8f4f,367,SUPER,2026-09-18T19:29:05.984+00:00,2026-09-18T19:29:06.104+00:00,2026-09-18T19:29:11.488+00:00,5.5040135979652405,wheelspin_lab/20260919_023755_1d4d8f4f/spin_000367/full.png,3,,,,COMPLETE,,1,1
20260919_023755_1d4d8f4f:000368,20260919_023755_1d4d8f4f,368,SUPER,2026-09-18T19:29:11.763+00:00,2026-09-18T19:29:11.972+00:00,2026-09-18T19:29:19.023+00:00,7.259988784790039,wheelspin_lab/20260919_023755_1d4d8f4f/spin_000368/full.png,3,,,,COMPLETE,,1,1
20260919_023755_1d4d8f4f:000369,20260919_023755_1d4d8f4f,369,SUPER,2026-09-18T19:29:19.251+00:00,2026-09-18T19:29:19.396+00:00,2026-09-18T19:42:49.850+00:00,810.599023103714,wheelspin_lab/20260919_023755_1d4d8f4f/spin_000369/full.png,3,,,,COMPLETE,,1,1
20260919_023755_1d4d8f4f:000370,20260919_023755_1d4d8f4f,370,SUPER,2026-09-18T19:42:50.259+00:00,2026-09-18T19:42:50.547+00:00,2026-09-18T19:42:55.448+00:00,5.189028382301331,wheelspin_lab/20260919_023755_1d4d8f4f/spin_000370/full.png,3,,,,COMPLETE,,1,1
20260919_023755_1d4d8f4f:000371,20260919_023755_1d4d8f4f,371,SUPER,2026-09-18T19:42:55.718+00:00,2026-09-18T19:42:55.828+00:00,2026-09-18T19:43:00.986+00:00,5.2680060267448425,wheelspin_lab/20260919_023755_1d4d8f4f/spin_000371/full.png,3,,,,COMPLETE,,1,1
20260919_023755_1d4d8f4f:000372,20260919_023755_1d4d8f4f,372,SUPER,2026-09-18T19:43:01.271+00:00,2026-09-18T19:43:01.413+00:00,2026-09-18T19:43:08.629+00:00,7.357996702194214,wheelspin_lab/20260919_023755_1d4d8f4f/spin_000372/full.png,3,,,,COMPLETE,,1,1
20260919_023755_1d4d8f4f:000373,20260919_023755_1d4d8f4f,373,SUPER,2026-09-18T19:43:08.903+00:00,2026-09-18T19:43:09.044+00:00,2026-09-18T19:54:07.488+00:00,658.5850015282631,wheelspin_lab/20260919_023755_1d4d8f4f/spin_000373/full.png,3,,,,COMPLETE,,1,1
20260919_023755_1d4d8f4f:000374,20260919_023755_1d4d8f4f,374,SUPER,2026-09-18T19:54:29.104+00:00,2026-09-18T19:54:33.887+00:00,2026-09-18T19:54:41.006+00:00,11.902007460594177,wheelspin_lab/20260919_023755_1d4d8f4f/spin_000374/full.png,3,,,,COMPLETE,,1,1
20260919_023755_1d4d8f4f:000375,20260919_023755_1d4d8f4f,375,SUPER,2026-09-18T19:54:41.325+00:00,2026-09-18T19:54:41.461+00:00,2026-09-18T19:54:46.511+00:00,5.185970664024353,wheelspin_lab/20260919_023755_1d4d8f4f/spin_000375/full.png,3,,,,COMPLETE,,1,1
20260919_023755_1d4d8f4f:000376,20260919_023755_1d4d8f4f,376,SUPER,2026-09-18T19:54:46.832+00:00,2026-09-18T19:54:46.962+00:00,2026-09-18T19:54:57.041+00:00,10.208997130393982,wheelspin_lab/20260919_023755_1d4d8f4f/spin_000376/full.png,3,,,,COMPLETE,,1,1
20260919_023755_1d4d8f4f:000377,20260919_023755_1d4d8f4f,377,SUPER,2026-09-18T19:54:57.355+00:00,2026-09-18T19:54:57.542+00:00,2026-09-18T19:55:02.290+00:00,4.9349963665008545,wheelspin_lab/20260919_023755_1d4d8f4f/spin_000377/full.png,3,,,,COMPLETE,,1,1
20260919_023755_1d4d8f4f:000378,20260919_023755_1d4d8f4f,378,SUPER,2026-09-18T19:55:02.602+00:00,2026-09-18T19:55:02.722+00:00,2026-09-18T19:55:10.114+00:00,7.512009143829346,wheelspin_lab/20260919_023755_1d4d8f4f/spin_000378/full.png,3,,,,COMPLETE,,1,1
20260919_023755_1d4d8f4f:000379,20260919_023755_1d4d8f4f,379,SUPER,2026-09-18T19:55:10.387+00:00,2026-09-18T19:55:10.590+00:00,2026-09-18T19:55:15.434+00:00,5.046965181827545,wheelspin_lab/20260919_023755_1d4d8f4f/spin_000379/full.png,3,,,,COMPLETE,,1,1
20260919_023755_1d4d8f4f:000380,20260919_023755_1d4d8f4f,380,SUPER,2026-09-18T19:55:15.731+00:00,2026-09-18T19:55:15.868+00:00,2026-09-18T19:55:20.794+00:00,5.063018202781677,wheelspin_lab/20260919_023755_1d4d8f4f/spin_000380/full.png,3,,,,COMPLETE,,1,1
20260919_023755_1d4d8f4f:000381,20260919_023755_1d4d8f4f,381,SUPER,2026-09-18T19:55:21.064+00:00,2026-09-18T19:55:21.174+00:00,2026-09-18T19:55:28.380+00:00,7.315993309020996,wheelspin_lab/20260919_023755_1d4d8f4f/spin_000381/full.png,3,,,,COMPLETE,,1,1
20260919_023755_1d4d8f4f:000382,20260919_023755_1d4d8f4f,382,SUPER,2026-09-18T19:55:28.677+00:00,2026-09-18T19:55:28.807+00:00,2026-09-18T19:55:33.835+00:00,5.158008635044098,wheelspin_lab/20260919_023755_1d4d8f4f/spin_000382/full.png,3,,,,COMPLETE,,1,1
20260919_023755_1d4d8f4f:000383,20260919_023755_1d4d8f4f,383,SUPER,2026-09-18T19:55:34.144+00:00,2026-09-18T19:55:34.274+00:00,2026-09-18T19:55:39.175+00:00,5.03099262714386,wheelspin_lab/20260919_023755_1d4d8f4f/spin_000383/full.png,3,,,,COMPLETE,,1,1
20260919_023755_1d4d8f4f:000384,20260919_023755_1d4d8f4f,384,SUPER,2026-09-18T19:55:39.482+00:00,2026-09-18T19:55:39.633+00:00,2026-09-18T19:55:46.495+00:00,7.012997567653656,wheelspin_lab/20260919_023755_1d4d8f4f/spin_000384/full.png,3,,,,COMPLETE,,1,1
20260919_023755_1d4d8f4f:000385,20260919_023755_1d4d8f4f,385,SUPER,2026-09-18T19:55:46.785+00:00,2026-09-18T19:55:46.922+00:00,2026-09-18T19:55:53.894+00:00,7.108993828296661,wheelspin_lab/20260919_023755_1d4d8f4f/spin_000385/full.png,3,,,,COMPLETE,,1,1
20260919_023755_1d4d8f4f:000386,20260919_023755_1d4d8f4f,386,SUPER,2026-09-18T19:55:54.125+00:00,2026-09-18T19:55:54.251+00:00,2026-09-18T19:56:01.371+00:00,7.246027886867523,wheelspin_lab/20260919_023755_1d4d8f4f/spin_000386/full.png,3,,,,COMPLETE,,1,1
20260919_023755_1d4d8f4f:000387,20260919_023755_1d4d8f4f,387,SUPER,2026-09-18T19:56:01.652+00:00,2026-09-18T19:56:01.797+00:00,2026-09-18T19:56:06.826+00:00,5.173981189727783,wheelspin_lab/20260919_023755_1d4d8f4f/spin_000387/full.png,3,,,,COMPLETE,,1,1
20260919_023755_1d4d8f4f:000388,20260919_023755_1d4d8f4f,388,SUPER,2026-09-18T19:56:07.079+00:00,2026-09-18T19:56:07.228+00:00,2026-09-18T19:56:12.105+00:00,5.02600371837616,wheelspin_lab/20260919_023755_1d4d8f4f/spin_000388/full.png,3,,,,COMPLETE,,1,1
20260919_023755_1d4d8f4f:000389,20260919_023755_1d4d8f4f,389,SUPER,2026-09-18T19:56:12.390+00:00,2026-09-18T19:56:12.552+00:00,2026-09-18T19:56:19.694+00:00,7.304003834724426,wheelspin_lab/20260919_023755_1d4d8f4f/spin_000389/full.png,3,,,,COMPLETE,,1,1
20260919_023755_1d4d8f4f:000390,20260919_023755_1d4d8f4f,390,SUPER,2026-09-18T19:56:19.984+00:00,2026-09-18T19:56:20.109+00:00,2026-09-18T19:56:25.355+00:00,5.3710028529167175,wheelspin_lab/20260919_023755_1d4d8f4f/spin_000390/full.png,3,,,,COMPLETE,,1,1
20260919_023755_1d4d8f4f:000391,20260919_023755_1d4d8f4f,391,SUPER,2026-09-18T19:56:25.624+00:00,2026-09-18T19:56:25.760+00:00,2026-09-18T19:56:33.060+00:00,7.4360087513923645,wheelspin_lab/20260919_023755_1d4d8f4f/spin_000391/full.png,3,,,,COMPLETE,,1,1
20260919_023755_1d4d8f4f:000392,20260919_023755_1d4d8f4f,392,SUPER,2026-09-18T19:56:33.334+00:00,2026-09-18T19:56:33.481+00:00,2026-09-18T19:56:40.669+00:00,7.335023581981659,wheelspin_lab/20260919_023755_1d4d8f4f/spin_000392/full.png,3,,,,COMPLETE,,1,1
20260919_023755_1d4d8f4f:000393,20260919_023755_1d4d8f4f,393,SUPER,2026-09-18T19:56:40.960+00:00,2026-09-18T19:56:41.118+00:00,2026-09-18T19:56:45.988+00:00,5.027975142002106,wheelspin_lab/20260919_023755_1d4d8f4f/spin_000393/full.png,3,,,,COMPLETE,,1,1
20260919_023755_1d4d8f4f:000394,20260919_023755_1d4d8f4f,394,SUPER,2026-09-18T19:56:46.285+00:00,2026-09-18T19:56:46.433+00:00,2026-09-18T20:00:21.591+00:00,215.30601382255554,wheelspin_lab/20260919_023755_1d4d8f4f/spin_000394/full.png,3,,,,COMPLETE,,1,1
20260919_023755_1d4d8f4f:000395,20260919_023755_1d4d8f4f,395,SUPER,2026-09-18T20:00:21.983+00:00,2026-09-18T20:00:22.249+00:00,2026-09-18T20:00:27.181+00:00,5.198000371456146,wheelspin_lab/20260919_023755_1d4d8f4f/spin_000395/full.png,3,,,,COMPLETE,,1,1
20260919_023755_1d4d8f4f:000396,20260919_023755_1d4d8f4f,396,SUPER,2026-09-18T20:00:27.435+00:00,2026-09-18T20:00:27.554+00:00,2026-09-18T20:00:32.754+00:00,5.319021642208099,wheelspin_lab/20260919_023755_1d4d8f4f/spin_000396/full.png,3,,,,COMPLETE,,1,1
20260919_023755_1d4d8f4f:000397,20260919_023755_1d4d8f4f,397,SUPER,2026-09-18T20:00:33.047+00:00,2026-09-18T20:00:33.212+00:00,2026-09-18T20:00:38.091+00:00,5.044028162956238,wheelspin_lab/20260919_023755_1d4d8f4f/spin_000397/full.png,3,,,,COMPLETE,,1,1
20260919_023755_1d4d8f4f:000398,20260919_023755_1d4d8f4f,398,SUPER,2026-09-18T20:00:38.371+00:00,2026-09-18T20:00:38.524+00:00,2026-09-18T20:00:45.645+00:00,7.273989915847778,wheelspin_lab/20260919_023755_1d4d8f4f/spin_000398/full.png,3,,,,COMPLETE,,1,1
20260919_023755_1d4d8f4f:000399,20260919_023755_1d4d8f4f,399,SUPER,2026-09-18T20:00:45.914+00:00,2026-09-18T20:00:46.042+00:00,2026-09-18T20:00:53.006+00:00,7.092015445232391,wheelspin_lab/20260919_023755_1d4d8f4f/spin_000399/full.png,3,,,,COMPLETE,,1,1
20260919_023755_1d4d8f4f:000400,20260919_023755_1d4d8f4f,400,SUPER,2026-09-18T20:00:53.256+00:00,2026-09-18T20:00:53.374+00:00,2026-09-18T20:00:58.474+00:00,5.21799623966217,wheelspin_lab/20260919_023755_1d4d8f4f/spin_000400/full.png,3,,,,COMPLETE,,1,1
20260919_023755_1d4d8f4f:000401,20260919_023755_1d4d8f4f,401,SUPER,2026-09-18T20:00:58.682+00:00,2026-09-18T20:00:58.820+00:00,2026-09-18T20:01:03.926+00:00,5.2439868450164795,wheelspin_lab/20260919_023755_1d4d8f4f/spin_000401/full.png,3,,,,COMPLETE,,1,1
20260919_023755_1d4d8f4f:000402,20260919_023755_1d4d8f4f,402,SUPER,2026-09-18T20:01:04.183+00:00,2026-09-18T20:01:04.314+00:00,2026-09-18T20:01:10.614+00:00,6.4309850335121155,wheelspin_lab/20260919_023755_1d4d8f4f/spin_000402/full.png,3,,,,COMPLETE,,1,1
20260919_023755_1d4d8f4f:000403,20260919_023755_1d4d8f4f,403,SUPER,2026-09-18T20:01:10.831+00:00,2026-09-18T20:01:10.968+00:00,2026-09-18T20:01:16.014+00:00,5.182993412017822,wheelspin_lab/20260919_023755_1d4d8f4f/spin_000403/full.png,3,,,,COMPLETE,,1,1
20260919_023755_1d4d8f4f:000404,20260919_023755_1d4d8f4f,404,SUPER,2026-09-18T20:01:16.274+00:00,2026-09-18T20:01:16.377+00:00,2026-09-18T20:01:21.510+00:00,5.2360206842422485,wheelspin_lab/20260919_023755_1d4d8f4f/spin_000404/full.png,3,,,,COMPLETE,,1,1
20260919_023755_1d4d8f4f:000405,20260919_023755_1d4d8f4f,405,SUPER,2026-09-18T20:01:21.729+00:00,2026-09-18T20:01:21.910+00:00,2026-09-18T20:01:29.058+00:00,7.328988611698151,wheelspin_lab/20260919_023755_1d4d8f4f/spin_000405/full.png,3,,,,COMPLETE,,1,1
20260919_023755_1d4d8f4f:000406,20260919_023755_1d4d8f4f,406,SUPER,2026-09-18T20:01:29.316+00:00,2026-09-18T20:01:29.449+00:00,2026-09-18T20:01:37.621+00:00,8.305004239082336,wheelspin_lab/20260919_023755_1d4d8f4f/spin_000406/full.png,3,,,,COMPLETE,,1,1
20260919_023755_1d4d8f4f:000407,20260919_023755_1d4d8f4f,407,SUPER,2026-09-18T20:01:37.890+00:00,2026-09-18T20:01:38.024+00:00,2026-09-18T20:01:44.932+00:00,7.042005658149719,wheelspin_lab/20260919_023755_1d4d8f4f/spin_000407/full.png,3,,,,COMPLETE,,1,1
20260919_023755_1d4d8f4f:000408,20260919_023755_1d4d8f4f,408,SUPER,2026-09-18T20:01:45.190+00:00,2026-09-18T20:01:45.329+00:00,2026-09-18T20:01:52.312+00:00,7.122029364109039,wheelspin_lab/20260919_023755_1d4d8f4f/spin_000408/full.png,3,,,,COMPLETE,,1,1
20260919_023755_1d4d8f4f:000409,20260919_023755_1d4d8f4f,409,SUPER,2026-09-18T20:01:52.575+00:00,2026-09-18T20:01:52.703+00:00,2026-09-18T20:01:57.754+00:00,5.179010331630707,wheelspin_lab/20260919_023755_1d4d8f4f/spin_000409/full.png,3,,,,COMPLETE,,1,1
20260919_023755_1d4d8f4f:000410,20260919_023755_1d4d8f4f,410,SUPER,2026-09-18T20:01:58.013+00:00,2026-09-18T20:01:58.126+00:00,2026-09-18T20:02:03.204+00:00,5.190999805927277,wheelspin_lab/20260919_023755_1d4d8f4f/spin_000410/full.png,3,,,,COMPLETE,,1,1
20260919_023755_1d4d8f4f:000411,20260919_023755_1d4d8f4f,411,SUPER,2026-09-18T20:02:03.407+00:00,2026-09-18T20:02:03.516+00:00,2026-09-18T20:02:08.804+00:00,5.396993458271027,wheelspin_lab/20260919_023755_1d4d8f4f/spin_000411/full.png,3,,,,COMPLETE,,1,1
20260919_023755_1d4d8f4f:000412,20260919_023755_1d4d8f4f,412,SUPER,2026-09-18T20:02:09.074+00:00,2026-09-18T20:02:09.201+00:00,2026-09-18T20:02:17.631+00:00,8.557024598121643,wheelspin_lab/20260919_023755_1d4d8f4f/spin_000412/full.png,3,,,,COMPLETE,,1,1
20260919_023755_1d4d8f4f:000413,20260919_023755_1d4d8f4f,413,SUPER,2026-09-18T20:02:17.836+00:00,2026-09-18T20:02:17.968+00:00,2026-09-18T20:02:23.099+00:00,5.263017117977142,wheelspin_lab/20260919_023755_1d4d8f4f/spin_000413/full.png,3,,,,COMPLETE,,1,1
20260919_023755_1d4d8f4f:000414,20260919_023755_1d4d8f4f,414,SUPER,2026-09-18T20:02:23.351+00:00,2026-09-18T20:02:23.484+00:00,2026-09-18T20:02:30.324+00:00,6.973005831241608,wheelspin_lab/20260919_023755_1d4d8f4f/spin_000414/full.png,3,,,,COMPLETE,,1,1
20260919_023755_1d4d8f4f:000415,20260919_023755_1d4d8f4f,415,SUPER,2026-09-18T20:02:30.539+00:00,2026-09-18T20:02:30.662+00:00,2026-09-18T20:02:39.527+00:00,8.988001942634583,wheelspin_lab/20260919_023755_1d4d8f4f/spin_000415/full.png,3,,,,COMPLETE,,1,1
20260919_023755_1d4d8f4f:000416,20260919_023755_1d4d8f4f,416,SUPER,2026-09-18T20:02:39.809+00:00,2026-09-18T20:02:39.959+00:00,2026-09-18T20:02:45.088+00:00,5.278989672660828,wheelspin_lab/20260919_023755_1d4d8f4f/spin_000416/full.png,3,,,,COMPLETE,,1,1
20260919_023755_1d4d8f4f:000417,20260919_023755_1d4d8f4f,417,SUPER,2026-09-18T20:02:45.307+00:00,2026-09-18T20:02:45.451+00:00,2026-09-18T20:02:53.969+00:00,8.662033081054688,wheelspin_lab/20260919_023755_1d4d8f4f/spin_000417/full.png,3,,,,COMPLETE,,1,1
20260919_023755_1d4d8f4f:000418,20260919_023755_1d4d8f4f,418,SUPER,2026-09-18T20:02:54.222+00:00,2026-09-18T20:02:54.356+00:00,2026-09-18T20:03:01.455+00:00,7.232992351055145,wheelspin_lab/20260919_023755_1d4d8f4f/spin_000418/full.png,3,,,,COMPLETE,,1,1
20260919_023755_1d4d8f4f:000419,20260919_023755_1d4d8f4f,419,SUPER,2026-09-18T20:03:01.744+00:00,2026-09-18T20:03:01.867+00:00,2026-09-18T20:03:08.693+00:00,6.949026882648468,wheelspin_lab/20260919_023755_1d4d8f4f/spin_000419/full.png,3,,,,COMPLETE,,1,1
20260919_023755_1d4d8f4f:000420,20260919_023755_1d4d8f4f,420,SUPER,2026-09-18T20:03:08.946+00:00,2026-09-18T20:03:09.071+00:00,2026-09-18T20:03:14.198+00:00,5.251993238925934,wheelspin_lab/20260919_023755_1d4d8f4f/spin_000420/full.png,3,,,,COMPLETE,,1,1
20260919_023755_1d4d8f4f:000421,20260919_023755_1d4d8f4f,421,SUPER,2026-09-18T20:03:14.416+00:00,2026-09-18T20:03:14.592+00:00,2026-09-18T20:03:19.496+00:00,5.079996585845947,wheelspin_lab/20260919_023755_1d4d8f4f/spin_000421/full.png,3,,,,COMPLETE,,1,1
20260919_023755_1d4d8f4f:000422,20260919_023755_1d4d8f4f,422,SUPER,2026-09-18T20:03:19.767+00:00,2026-09-18T20:03:19.904+00:00,2026-09-18T20:03:26.908+00:00,7.141019403934479,wheelspin_lab/20260919_023755_1d4d8f4f/spin_000422/full.png,3,,,,COMPLETE,,1,1
20260919_023755_1d4d8f4f:000423,20260919_023755_1d4d8f4f,423,SUPER,2026-09-18T20:03:27.189+00:00,2026-09-18T20:03:27.324+00:00,2026-09-18T20:03:34.511+00:00,7.321988046169281,wheelspin_lab/20260919_023755_1d4d8f4f/spin_000423/full.png,3,,,,COMPLETE,,1,1
20260919_023755_1d4d8f4f:000424,20260919_023755_1d4d8f4f,424,SUPER,2026-09-18T20:03:34.790+00:00,2026-09-18T20:03:34.924+00:00,2026-09-18T20:03:43.064+00:00,8.273984491825104,wheelspin_lab/20260919_023755_1d4d8f4f/spin_000424/full.png,3,,,,COMPLETE,,1,1
20260919_023755_1d4d8f4f:000425,20260919_023755_1d4d8f4f,425,SUPER,2026-09-18T20:03:43.359+00:00,2026-09-18T20:03:43.492+00:00,2026-09-18T20:03:48.607+00:00,5.247969925403595,wheelspin_lab/20260919_023755_1d4d8f4f/spin_000425/full.png,3,,,,COMPLETE,,1,1
20260919_023755_1d4d8f4f:000426,20260919_023755_1d4d8f4f,426,SUPER,2026-09-18T20:03:48.890+00:00,2026-09-18T20:03:49.039+00:00,2026-09-18T20:03:56.034+00:00,7.144036889076233,wheelspin_lab/20260919_023755_1d4d8f4f/spin_000426/full.png,3,,,,COMPLETE,,1,1
20260919_023755_1d4d8f4f:000427,20260919_023755_1d4d8f4f,427,SUPER,2026-09-18T20:03:56.273+00:00,2026-09-18T20:03:56.418+00:00,2026-09-18T20:04:03.393+00:00,7.1199774742126465,wheelspin_lab/20260919_023755_1d4d8f4f/spin_000427/full.png,3,,,,COMPLETE,,1,1
20260919_023755_1d4d8f4f:000428,20260919_023755_1d4d8f4f,428,SUPER,2026-09-18T20:04:03.666+00:00,2026-09-18T20:04:03.811+00:00,2026-09-18T20:04:08.659+00:00,4.993012547492981,wheelspin_lab/20260919_023755_1d4d8f4f/spin_000428/full.png,3,,,,COMPLETE,,1,1
20260919_023755_1d4d8f4f:000429,20260919_023755_1d4d8f4f,429,SUPER,2026-09-18T20:04:08.874+00:00,2026-09-18T20:04:09.027+00:00,2026-09-18T20:04:15.912+00:00,7.038022577762604,wheelspin_lab/20260919_023755_1d4d8f4f/spin_000429/full.png,3,,,,COMPLETE,,1,1
20260919_023755_1d4d8f4f:000430,20260919_023755_1d4d8f4f,430,SUPER,2026-09-18T20:04:16.192+00:00,2026-09-18T20:04:16.302+00:00,2026-09-18T20:04:21.315+00:00,5.12300580739975,wheelspin_lab/20260919_023755_1d4d8f4f/spin_000430/full.png,3,,,,COMPLETE,,1,1
20260919_023755_1d4d8f4f:000431,20260919_023755_1d4d8f4f,431,SUPER,2026-09-18T20:04:21.604+00:00,2026-09-18T20:04:21.740+00:00,2026-09-18T20:04:28.538+00:00,6.934019923210144,wheelspin_lab/20260919_023755_1d4d8f4f/spin_000431/full.png,3,,,,COMPLETE,,1,1
20260919_023755_1d4d8f4f:000432,20260919_023755_1d4d8f4f,432,SUPER,2026-09-18T20:04:28.814+00:00,2026-09-18T20:04:28.946+00:00,2026-09-18T20:04:36.374+00:00,7.560007274150848,wheelspin_lab/20260919_023755_1d4d8f4f/spin_000432/full.png,3,,,,COMPLETE,,1,1
20260919_023755_1d4d8f4f:000433,20260919_023755_1d4d8f4f,433,SUPER,2026-09-18T20:04:36.670+00:00,2026-09-18T20:04:36.846+00:00,2026-09-18T20:04:41.917+00:00,5.247004330158234,wheelspin_lab/20260919_023755_1d4d8f4f/spin_000433/full.png,3,,,,COMPLETE,,1,1
20260919_023755_1d4d8f4f:000434,20260919_023755_1d4d8f4f,434,SUPER,2026-09-18T20:04:42.181+00:00,2026-09-18T20:04:42.350+00:00,2026-09-18T20:04:47.143+00:00,4.962033033370972,wheelspin_lab/20260919_023755_1d4d8f4f/spin_000434/full.png,3,,,,COMPLETE,,1,1
20260919_023755_1d4d8f4f:000435,20260919_023755_1d4d8f4f,435,SUPER,2026-09-18T20:04:47.367+00:00,2026-09-18T20:04:47.488+00:00,2026-09-18T20:04:54.670+00:00,7.3029980063438416,wheelspin_lab/20260919_023755_1d4d8f4f/spin_000435/full.png,3,,,,COMPLETE,,1,1
20260919_023755_1d4d8f4f:000436,20260919_023755_1d4d8f4f,436,SUPER,2026-09-18T20:04:54.947+00:00,2026-09-18T20:04:55.070+00:00,2026-09-18T20:05:00.001+00:00,5.054005980491638,wheelspin_lab/20260919_023755_1d4d8f4f/spin_000436/full.png,3,,,,COMPLETE,,1,1
20260919_023755_1d4d8f4f:000437,20260919_023755_1d4d8f4f,437,SUPER,2026-09-18T20:05:00.301+00:00,2026-09-18T20:05:00.446+00:00,2026-09-18T20:05:08.931+00:00,8.629967272281647,wheelspin_lab/20260919_023755_1d4d8f4f/spin_000437/full.png,3,,,,COMPLETE,,1,1
20260919_023755_1d4d8f4f:000438,20260919_023755_1d4d8f4f,438,SUPER,2026-09-18T20:05:09.203+00:00,2026-09-18T20:05:09.386+00:00,2026-09-18T20:05:16.224+00:00,7.02100396156311,wheelspin_lab/20260919_023755_1d4d8f4f/spin_000438/full.png,3,,,,COMPLETE,,1,1
20260919_023755_1d4d8f4f:000439,20260919_023755_1d4d8f4f,439,SUPER,2026-09-18T20:05:16.503+00:00,2026-09-18T20:05:16.634+00:00,2026-09-18T20:05:25.329+00:00,8.82602334022522,wheelspin_lab/20260919_023755_1d4d8f4f/spin_000439/full.png,3,,,,COMPLETE,,1,1
20260919_023755_1d4d8f4f:000440,20260919_023755_1d4d8f4f,440,SUPER,2026-09-18T20:05:25.592+00:00,2026-09-18T20:05:25.736+00:00,2026-09-18T20:05:30.653+00:00,5.061006546020508,wheelspin_lab/20260919_023755_1d4d8f4f/spin_000440/full.png,3,,,,COMPLETE,,1,1
20260919_023755_1d4d8f4f:000441,20260919_023755_1d4d8f4f,441,SUPER,2026-09-18T20:05:30.924+00:00,2026-09-18T20:05:31.052+00:00,2026-09-18T20:05:36.403+00:00,5.479028820991516,wheelspin_lab/20260919_023755_1d4d8f4f/spin_000441/full.png,3,,,,COMPLETE,,1,1
20260919_023755_1d4d8f4f:000442,20260919_023755_1d4d8f4f,442,SUPER,2026-09-18T20:05:36.673+00:00,2026-09-18T20:05:36.814+00:00,2026-09-18T20:05:43.955+00:00,7.282036542892456,wheelspin_lab/20260919_023755_1d4d8f4f/spin_000442/full.png,3,,,,COMPLETE,,1,1
20260919_023755_1d4d8f4f:000443,20260919_023755_1d4d8f4f,443,SUPER,2026-09-18T20:05:44.185+00:00,2026-09-18T20:05:44.331+00:00,2026-09-18T20:05:51.455+00:00,7.270006835460663,wheelspin_lab/20260919_023755_1d4d8f4f/spin_000443/full.png,3,,,,COMPLETE,,1,1
20260919_023755_1d4d8f4f:000444,20260919_023755_1d4d8f4f,444,SUPER,2026-09-18T20:05:51.757+00:00,2026-09-18T20:05:51.911+00:00,2026-09-18T20:05:59.120+00:00,7.3630258440971375,wheelspin_lab/20260919_023755_1d4d8f4f/spin_000444/full.png,3,,,,COMPLETE,,1,1
20260919_023755_1d4d8f4f:000445,20260919_023755_1d4d8f4f,445,SUPER,2026-09-18T20:05:59.364+00:00,2026-09-18T20:05:59.486+00:00,2026-09-18T20:06:06.420+00:00,7.0560067892074585,wheelspin_lab/20260919_023755_1d4d8f4f/spin_000445/full.png,3,,,,COMPLETE,,1,1
20260919_023755_1d4d8f4f:000446,20260919_023755_1d4d8f4f,446,SUPER,2026-09-18T20:06:06.706+00:00,2026-09-18T20:06:06.844+00:00,2026-09-18T20:06:15.545+00:00,8.83897840976715,wheelspin_lab/20260919_023755_1d4d8f4f/spin_000446/full.png,3,,,,COMPLETE,,1,1
20260919_023755_1d4d8f4f:000447,20260919_023755_1d4d8f4f,447,SUPER,2026-09-18T20:06:15.762+00:00,2026-09-18T20:06:15.937+00:00,2026-09-18T20:06:20.634+00:00,4.871991276741028,wheelspin_lab/20260919_023755_1d4d8f4f/spin_000447/full.png,3,,,,COMPLETE,,1,1
20260919_023755_1d4d8f4f:000448,20260919_023755_1d4d8f4f,448,SUPER,2026-09-18T20:06:20.884+00:00,2026-09-18T20:06:21.006+00:00,2026-09-18T20:06:27.989+00:00,7.105010747909546,wheelspin_lab/20260919_023755_1d4d8f4f/spin_000448/full.png,3,,,,COMPLETE,,1,1
20260919_023755_1d4d8f4f:000449,20260919_023755_1d4d8f4f,449,SUPER,2026-09-18T20:06:28.276+00:00,2026-09-18T20:06:28.407+00:00,2026-09-18T20:06:35.321+00:00,7.04498291015625,wheelspin_lab/20260919_023755_1d4d8f4f/spin_000449/full.png,3,,,,COMPLETE,,1,1
20260919_023755_1d4d8f4f:000450,20260919_023755_1d4d8f4f,450,SUPER,2026-09-18T20:06:35.579+00:00,2026-09-18T20:06:35.726+00:00,2026-09-18T20:06:44.278+00:00,8.699007332324982,wheelspin_lab/20260919_023755_1d4d8f4f/spin_000450/full.png,3,,,,COMPLETE,,1,1
20260919_023755_1d4d8f4f:000451,20260919_023755_1d4d8f4f,451,SUPER,2026-09-18T20:06:44.486+00:00,2026-09-18T20:06:44.609+00:00,2026-09-18T20:06:51.627+00:00,7.140979170799255,wheelspin_lab/20260919_023755_1d4d8f4f/spin_000451/full.png,3,,,,COMPLETE,,1,1
20260919_023755_1d4d8f4f:000452,20260919_023755_1d4d8f4f,452,SUPER,2026-09-18T20:06:51.885+00:00,2026-09-18T20:06:52.033+00:00,2026-09-18T20:06:59.161+00:00,7.276001572608948,wheelspin_lab/20260919_023755_1d4d8f4f/spin_000452/full.png,3,,,,COMPLETE,,1,1
20260919_023755_1d4d8f4f:000453,20260919_023755_1d4d8f4f,453,SUPER,2026-09-18T20:06:59.435+00:00,2026-09-18T20:06:59.583+00:00,2026-09-18T20:07:04.774+00:00,5.3390175104141235,wheelspin_lab/20260919_023755_1d4d8f4f/spin_000453/full.png,3,,,,COMPLETE,,1,1
20260919_023755_1d4d8f4f:000454,20260919_023755_1d4d8f4f,454,SUPER,2026-09-18T20:07:05.031+00:00,2026-09-18T20:07:05.177+00:00,2026-09-18T20:07:09.855+00:00,4.8240333795547485,wheelspin_lab/20260919_023755_1d4d8f4f/spin_000454/full.png,3,,,,COMPLETE,,1,1
20260919_023755_1d4d8f4f:000455,20260919_023755_1d4d8f4f,455,SUPER,2026-09-18T20:07:10.125+00:00,2026-09-18T20:07:10.225+00:00,2026-09-18T20:07:15.202+00:00,5.076979100704193,wheelspin_lab/20260919_023755_1d4d8f4f/spin_000455/full.png,3,,,,COMPLETE,,1,1
20260919_023755_1d4d8f4f:000456,20260919_023755_1d4d8f4f,456,SUPER,2026-09-18T20:07:15.454+00:00,2026-09-18T20:07:15.595+00:00,2026-09-18T20:07:22.532+00:00,7.077974081039429,wheelspin_lab/20260919_023755_1d4d8f4f/spin_000456/full.png,3,,,,COMPLETE,,1,1
20260919_023755_1d4d8f4f:000457,20260919_023755_1d4d8f4f,457,SUPER,2026-09-18T20:07:22.813+00:00,2026-09-18T20:07:22.937+00:00,2026-09-18T20:07:28.253+00:00,5.440002679824829,wheelspin_lab/20260919_023755_1d4d8f4f/spin_000457/full.png,3,,,,COMPLETE,,1,1
20260919_023755_1d4d8f4f:000458,20260919_023755_1d4d8f4f,458,SUPER,2026-09-18T20:07:28.512+00:00,2026-09-18T20:07:28.663+00:00,2026-09-18T20:07:34.009+00:00,5.497013032436371,wheelspin_lab/20260919_023755_1d4d8f4f/spin_000458/full.png,3,,,,COMPLETE,,1,1
20260919_023755_1d4d8f4f:000459,20260919_023755_1d4d8f4f,459,SUPER,2026-09-18T20:07:34.295+00:00,2026-09-18T20:07:34.475+00:00,2026-09-18T20:07:41.701+00:00,7.4059948325157166,wheelspin_lab/20260919_023755_1d4d8f4f/spin_000459/full.png,3,,,,COMPLETE,,1,1
20260919_023755_1d4d8f4f:000460,20260919_023755_1d4d8f4f,460,SUPER,2026-09-18T20:07:41.964+00:00,2026-09-18T20:07:42.108+00:00,2026-09-18T20:07:52.437+00:00,10.473006963729858,wheelspin_lab/20260919_023755_1d4d8f4f/spin_000460/full.png,3,,,,COMPLETE,,1,1
20260919_023755_1d4d8f4f:000461,20260919_023755_1d4d8f4f,461,SUPER,2026-09-18T20:07:52.707+00:00,2026-09-18T20:07:52.835+00:00,2026-09-18T20:07:57.978+00:00,5.270983278751373,wheelspin_lab/20260919_023755_1d4d8f4f/spin_000461/full.png,3,,,,COMPLETE,,1,1
20260919_023755_1d4d8f4f:000462,20260919_023755_1d4d8f4f,462,SUPER,2026-09-18T20:07:58.273+00:00,2026-09-18T20:07:58.391+00:00,2026-09-18T20:08:06.958+00:00,8.684965968132019,wheelspin_lab/20260919_023755_1d4d8f4f/spin_000462/full.png,3,,,,COMPLETE,,1,1
20260919_023755_1d4d8f4f:000463,20260919_023755_1d4d8f4f,463,SUPER,2026-09-18T20:08:07.243+00:00,2026-09-18T20:08:07.388+00:00,2026-09-18T20:08:12.315+00:00,5.071990191936493,wheelspin_lab/20260919_023755_1d4d8f4f/spin_000463/full.png,3,,,,COMPLETE,,1,1
20260919_023755_1d4d8f4f:000464,20260919_023755_1d4d8f4f,464,SUPER,2026-09-18T20:08:12.538+00:00,2026-09-18T20:08:12.687+00:00,2026-09-18T20:08:17.847+00:00,5.309003591537476,wheelspin_lab/20260919_023755_1d4d8f4f/spin_000464/full.png,3,,,,COMPLETE,,1,1
20260919_023755_1d4d8f4f:000465,20260919_023755_1d4d8f4f,465,SUPER,2026-09-18T20:08:18.105+00:00,2026-09-18T20:08:18.233+00:00,2026-09-18T20:08:23.461+00:00,5.3559958934783936,wheelspin_lab/20260919_023755_1d4d8f4f/spin_000465/full.png,3,,,,COMPLETE,,1,1
20260919_023755_1d4d8f4f:000466,20260919_023755_1d4d8f4f,466,SUPER,2026-09-18T20:08:23.733+00:00,2026-09-18T20:08:23.875+00:00,2026-09-18T20:08:30.325+00:00,6.593003869056702,wheelspin_lab/20260919_023755_1d4d8f4f/spin_000466/full.png,3,,,,COMPLETE,,1,1
20260919_023755_1d4d8f4f:000467,20260919_023755_1d4d8f4f,467,SUPER,2026-09-18T20:08:30.563+00:00,2026-09-18T20:08:30.702+00:00,2026-09-18T20:08:36.047+00:00,5.483977496623993,wheelspin_lab/20260919_023755_1d4d8f4f/spin_000467/full.png,3,,,,COMPLETE,,1,1
20260919_023755_1d4d8f4f:000468,20260919_023755_1d4d8f4f,468,SUPER,2026-09-18T20:08:36.260+00:00,2026-09-18T20:08:36.406+00:00,2026-09-18T20:08:43.369+00:00,7.108993828296661,wheelspin_lab/20260919_023755_1d4d8f4f/spin_000468/full.png,3,,,,COMPLETE,,1,1
20260919_023755_1d4d8f4f:000469,20260919_023755_1d4d8f4f,469,SUPER,2026-09-18T20:08:43.621+00:00,2026-09-18T20:08:43.757+00:00,2026-09-18T20:08:50.691+00:00,7.070007920265198,wheelspin_lab/20260919_023755_1d4d8f4f/spin_000469/full.png,3,,,,COMPLETE,,1,1
20260919_023755_1d4d8f4f:000470,20260919_023755_1d4d8f4f,470,SUPER,2026-09-18T20:08:50.972+00:00,2026-09-18T20:08:51.101+00:00,2026-09-18T20:08:56.082+00:00,5.110010504722595,wheelspin_lab/20260919_023755_1d4d8f4f/spin_000470/full.png,3,,,,COMPLETE,,1,1
20260919_023755_1d4d8f4f:000471,20260919_023755_1d4d8f4f,471,SUPER,2026-09-18T20:08:56.344+00:00,2026-09-18T20:08:56.483+00:00,2026-09-18T20:09:01.549+00:00,5.205000936985016,wheelspin_lab/20260919_023755_1d4d8f4f/spin_000471/full.png,3,,,,COMPLETE,,1,1
20260919_023755_1d4d8f4f:000472,20260919_023755_1d4d8f4f,472,SUPER,2026-09-18T20:09:01.824+00:00,2026-09-18T20:09:01.952+00:00,2026-09-18T20:09:08.930+00:00,7.106016576290131,wheelspin_lab/20260919_023755_1d4d8f4f/spin_000472/full.png,3,,,,COMPLETE,,1,1
20260919_023755_1d4d8f4f:000473,20260919_023755_1d4d8f4f,473,SUPER,2026-09-18T20:09:09.186+00:00,2026-09-18T20:09:09.317+00:00,2026-09-18T20:09:14.434+00:00,5.247969925403595,wheelspin_lab/20260919_023755_1d4d8f4f/spin_000473/full.png,3,,,,COMPLETE,,1,1
20260919_023755_1d4d8f4f:000474,20260919_023755_1d4d8f4f,474,SUPER,2026-09-18T20:09:14.706+00:00,2026-09-18T20:09:14.831+00:00,2026-09-18T20:09:20.161+00:00,5.455009639263153,wheelspin_lab/20260919_023755_1d4d8f4f/spin_000474/full.png,3,,,,COMPLETE,,1,1
20260919_023755_1d4d8f4f:000475,20260919_023755_1d4d8f4f,475,SUPER,2026-09-18T20:09:20.416+00:00,2026-09-18T20:09:20.557+00:00,2026-09-18T20:09:27.726+00:00,7.309998571872711,wheelspin_lab/20260919_023755_1d4d8f4f/spin_000475/full.png,3,,,,COMPLETE,,1,1
20260919_023755_1d4d8f4f:000476,20260919_023755_1d4d8f4f,476,SUPER,2026-09-18T20:09:27.943+00:00,2026-09-18T20:09:28.112+00:00,2026-09-18T20:09:32.858+00:00,4.91500049829483,wheelspin_lab/20260919_023755_1d4d8f4f/spin_000476/full.png,3,,,,COMPLETE,,1,1
20260919_023755_1d4d8f4f:000477,20260919_023755_1d4d8f4f,477,SUPER,2026-09-18T20:09:33.127+00:00,2026-09-18T20:09:33.288+00:00,2026-09-18T20:09:40.657+00:00,7.5299933552742,wheelspin_lab/20260919_023755_1d4d8f4f/spin_000477/full.png,3,,,,COMPLETE,,1,1
20260919_023755_1d4d8f4f:000478,20260919_023755_1d4d8f4f,478,SUPER,2026-09-18T20:09:40.935+00:00,2026-09-18T20:09:41.085+00:00,2026-09-18T20:09:48.155+00:00,7.219997048377991,wheelspin_lab/20260919_023755_1d4d8f4f/spin_000478/full.png,3,,,,COMPLETE,,1,1
20260919_023755_1d4d8f4f:000479,20260919_023755_1d4d8f4f,479,SUPER,2026-09-18T20:09:48.464+00:00,2026-09-18T20:09:48.620+00:00,2026-09-18T20:09:53.765+00:00,5.300997197628021,wheelspin_lab/20260919_023755_1d4d8f4f/spin_000479/full.png,3,,,,COMPLETE,,1,1
20260919_023755_1d4d8f4f:000480,20260919_023755_1d4d8f4f,480,SUPER,2026-09-18T20:09:54.047+00:00,2026-09-18T20:09:54.187+00:00,2026-09-18T20:12:27.511+00:00,153.4639835357666,wheelspin_lab/20260919_023755_1d4d8f4f/spin_000480/full.png,3,,,,COMPLETE,,1,1
20260919_023755_1d4d8f4f:000481,20260919_023755_1d4d8f4f,481,SUPER,2026-09-18T20:12:59.517+00:00,2026-09-18T20:13:04.535+00:00,2026-09-18T20:13:11.447+00:00,11.930009722709656,wheelspin_lab/20260919_023755_1d4d8f4f/spin_000481/full.png,3,,,,COMPLETE,,1,1
20260919_023755_1d4d8f4f:000482,20260919_023755_1d4d8f4f,482,SUPER,2026-09-18T20:13:11.727+00:00,2026-09-18T20:13:11.870+00:00,2026-09-18T20:13:18.771+00:00,7.044017314910889,wheelspin_lab/20260919_023755_1d4d8f4f/spin_000482/full.png,3,,,,COMPLETE,,1,1
20260919_023755_1d4d8f4f:000483,20260919_023755_1d4d8f4f,483,SUPER,2026-09-18T20:13:19.059+00:00,2026-09-18T20:13:19.174+00:00,2026-09-18T20:13:23.979+00:00,4.9199894070625305,wheelspin_lab/20260919_023755_1d4d8f4f/spin_000483/full.png,3,,,,COMPLETE,,1,1
20260919_023755_1d4d8f4f:000484,20260919_023755_1d4d8f4f,484,SUPER,2026-09-18T20:13:24.244+00:00,2026-09-18T20:13:24.355+00:00,2026-09-18T20:13:29.744+00:00,5.499990284442902,wheelspin_lab/20260919_023755_1d4d8f4f/spin_000484/full.png,3,,,,COMPLETE,,1,1
20260919_023755_1d4d8f4f:000485,20260919_023755_1d4d8f4f,485,SUPER,2026-09-18T20:13:29.964+00:00,2026-09-18T20:13:30.120+00:00,2026-09-18T20:13:37.182+00:00,7.217985391616821,wheelspin_lab/20260919_023755_1d4d8f4f/spin_000485/full.png,3,,,,COMPLETE,,1,1
20260919_023755_1d4d8f4f:000486,20260919_023755_1d4d8f4f,486,SUPER,2026-09-18T20:13:37.444+00:00,2026-09-18T20:13:37.569+00:00,2026-09-18T20:13:42.851+00:00,5.40701150894165,wheelspin_lab/20260919_023755_1d4d8f4f/spin_000486/full.png,3,,,,COMPLETE,,1,1
20260919_023755_1d4d8f4f:000487,20260919_023755_1d4d8f4f,487,SUPER,2026-09-18T20:13:43.070+00:00,2026-09-18T20:13:43.214+00:00,2026-09-18T20:13:48.042+00:00,4.972010850906372,wheelspin_lab/20260919_023755_1d4d8f4f/spin_000487/full.png,3,,,,COMPLETE,,1,1
20260919_023755_1d4d8f4f:000488,20260919_023755_1d4d8f4f,488,SUPER,2026-09-18T20:13:48.291+00:00,2026-09-18T20:13:48.411+00:00,2026-09-18T20:13:55.550+00:00,7.259023189544678,wheelspin_lab/20260919_023755_1d4d8f4f/spin_000488/full.png,3,,,,COMPLETE,,1,1
20260919_023755_1d4d8f4f:000489,20260919_023755_1d4d8f4f,489,SUPER,2026-09-18T20:13:55.865+00:00,2026-09-18T20:13:56.007+00:00,2026-09-18T20:14:00.782+00:00,4.917012155056,wheelspin_lab/20260919_023755_1d4d8f4f/spin_000489/full.png,3,,,,COMPLETE,,1,1
20260919_023755_1d4d8f4f:000490,20260919_023755_1d4d8f4f,490,SUPER,2026-09-18T20:14:01.047+00:00,2026-09-18T20:14:01.166+00:00,2026-09-18T20:14:08.300+00:00,7.253028452396393,wheelspin_lab/20260919_023755_1d4d8f4f/spin_000490/full.png,3,,,,COMPLETE,,1,1
20260919_023755_1d4d8f4f:000491,20260919_023755_1d4d8f4f,491,SUPER,2026-09-18T20:14:08.581+00:00,2026-09-18T20:14:08.726+00:00,2026-09-18T20:14:17.221+00:00,8.63998532295227,wheelspin_lab/20260919_023755_1d4d8f4f/spin_000491/full.png,3,,,,COMPLETE,,1,1
20260919_023755_1d4d8f4f:000492,20260919_023755_1d4d8f4f,492,SUPER,2026-09-18T20:14:17.479+00:00,2026-09-18T20:14:17.611+00:00,2026-09-18T20:14:24.848+00:00,7.368980348110199,wheelspin_lab/20260919_023755_1d4d8f4f/spin_000492/full.png,3,,,,COMPLETE,,1,1
20260919_023755_1d4d8f4f:000493,20260919_023755_1d4d8f4f,493,SUPER,2026-09-18T20:14:25.061+00:00,2026-09-18T20:14:25.227+00:00,2026-09-18T20:14:30.417+00:00,5.356036126613617,wheelspin_lab/20260919_023755_1d4d8f4f/spin_000493/full.png,3,,,,COMPLETE,,1,1
20260919_023755_1d4d8f4f:000494,20260919_023755_1d4d8f4f,494,SUPER,2026-09-18T20:14:30.705+00:00,2026-09-18T20:14:30.904+00:00,2026-09-18T20:14:35.771+00:00,5.065995454788208,wheelspin_lab/20260919_023755_1d4d8f4f/spin_000494/full.png,3,,,,COMPLETE,,1,1
20260919_023755_1d4d8f4f:000495,20260919_023755_1d4d8f4f,495,SUPER,2026-09-18T20:14:36.060+00:00,2026-09-18T20:14:36.186+00:00,2026-09-18T20:14:43.084+00:00,7.0240214467048645,wheelspin_lab/20260919_023755_1d4d8f4f/spin_000495/full.png,3,,,,COMPLETE,,1,1
20260919_023755_1d4d8f4f:000496,20260919_023755_1d4d8f4f,496,SUPER,2026-09-18T20:14:43.341+00:00,2026-09-18T20:14:43.461+00:00,2026-09-18T20:14:48.389+00:00,5.048011243343353,wheelspin_lab/20260919_023755_1d4d8f4f/spin_000496/full.png,3,,,,COMPLETE,,1,1
20260919_023755_1d4d8f4f:000497,20260919_023755_1d4d8f4f,497,SUPER,2026-09-18T20:14:48.683+00:00,2026-09-18T20:14:48.793+00:00,2026-09-18T20:14:54.017+00:00,5.334028601646423,wheelspin_lab/20260919_023755_1d4d8f4f/spin_000497/full.png,3,,,,COMPLETE,,1,1
20260919_023755_1d4d8f4f:000498,20260919_023755_1d4d8f4f,498,SUPER,2026-09-18T20:14:54.335+00:00,2026-09-18T20:14:54.497+00:00,2026-09-18T20:15:03.080+00:00,8.744993805885315,wheelspin_lab/20260919_023755_1d4d8f4f/spin_000498/full.png,3,,,,COMPLETE,,1,1
20260919_023755_1d4d8f4f:000499,20260919_023755_1d4d8f4f,499,SUPER,2026-09-18T20:15:03.381+00:00,2026-09-18T20:15:03.501+00:00,2026-09-18T20:15:08.579+00:00,5.198000371456146,wheelspin_lab/20260919_023755_1d4d8f4f/spin_000499/full.png,3,,,,COMPLETE,,1,1
20260919_023755_1d4d8f4f:000500,20260919_023755_1d4d8f4f,500,SUPER,2026-09-18T20:15:08.833+00:00,2026-09-18T20:15:08.947+00:00,2026-09-18T20:15:53.481+00:00,44.64799761772156,wheelspin_lab/20260919_023755_1d4d8f4f/spin_000500/full.png,3,,,,COMPLETE,,1,1
