reward_id,spin_id,slot_index,timestamp,reward_type,classification_confidence,rarity,card_color,credits_value,year,manufacturer,model,display_name,pi_class,pi,forza_edition,wheelspin_exclusive,protected,duplicate,decision,decision_confidence,action_attempted,action_verified,sell_value_if_known,association_confidence,retain
1,session_001_spin_0001,1,2026-09-18T17:38:02.432+00:00,CREDITS,1.0,,NEUTRAL,20000,,,,,,,,,,,,,,0,,,
2,session_001_spin_0001,2,2026-09-18T17:38:02.435+00:00,CREDITS,1.0,,NEUTRAL,12000,,,,,,,,,,,,,,0,,,
3,session_001_spin_0001,3,2026-09-18T17:38:02.435+00:00,CREDITS,1.0,,NEUTRAL,10000,,,,,,,,,,,,,,0,,,
4,session_001_spin_0002,1,2026-09-18T17:38:08.128+00:00,CREDITS,1.0,,NEUTRAL,10000,,,,,,,,,,,,,,0,,,
5,session_001_spin_0002,2,2026-09-18T17:38:08.128+00:00,CREDITS,1.0,,NEUTRAL,15000,,,,,,,,,,,,,,0,,,
6,session_001_spin_0002,3,2026-09-18T17:38:08.128+00:00,CAR,0.55,,NEUTRAL,,,,DATSUN 510,DATSUN 510,,,,,0,1,SELL,1.0,SELL,1,43000,1.0,0
7,session_001_spin_0003,1,2026-09-18T17:38:15.489+00:00,CREDITS,1.0,,OTHER,250000,,,,,,,,,,,,,,0,,,
8,session_001_spin_0003,2,2026-09-18T17:38:15.489+00:00,CREDITS,1.0,,OTHER,20000,,,,,,,,,,,,,,0,,,
9,session_001_spin_0003,3,2026-09-18T17:38:15.489+00:00,CREDITS,1.0,,OTHER,15000,,,,,,,,,,,,,,0,,,
10,session_001_spin_0004,1,2026-09-18T17:38:20.650+00:00,CAR,0.78,,NEUTRAL,,2001,RS,4 AVANT,AUDI RS 4 01,,,0,,0,1,SELL,1.0,SELL,1,87500,1.0,0
11,session_001_spin_0004,2,2026-09-18T17:38:20.650+00:00,CREDITS,1.0,,NEUTRAL,100000,,,,,,,,,,,,,,0,,,
12,session_001_spin_0004,3,2026-09-18T17:38:20.650+00:00,CREDITS,1.0,,NEUTRAL,10000,,,,,,,,,,,,,,0,,,
13,session_001_spin_0005,1,2026-09-18T17:38:28.187+00:00,CREDITS,1.0,,OTHER,25000,,,,,,,,,,,,,,0,,,
14,session_001_spin_0005,2,2026-09-18T17:38:28.187+00:00,CAR,0.55,,OTHER,,,,SILVIA 94,SILVIA 94,,,,,0,1,SELL,1.0,SELL,1,10000,1.0,0
15,session_001_spin_0005,3,2026-09-18T17:38:28.187+00:00,CREDITS,1.0,,OTHER,10000,,,,,,,,,,,,,,0,,,
16,session_001_spin_0006,1,2026-09-18T17:38:35.670+00:00,CREDITS,1.0,,NEUTRAL,150000,,,,,,,,,,,,,,0,,,
17,session_001_spin_0006,2,2026-09-18T17:38:35.670+00:00,CAR,0.78,,NEUTRAL,,2018,HONDA,CIVIC TYPE R,HONDA CIVIC 18,,,0,,0,1,SELL,1.0,SELL,1,17500,1.0,0
18,session_001_spin_0006,3,2026-09-18T17:38:35.670+00:00,CREDITS,1.0,,OTHER,20000,,,,,,,,,,,,,,0,,,
19,session_001_spin_0007,1,2026-09-18T17:38:42.993+00:00,CREDITS,1.0,,OTHER,15000,,,,,,,,,,,,,,0,,,
20,session_001_spin_0007,2,2026-09-18T17:38:42.993+00:00,CREDITS,1.0,,OTHER,45000,,,,,,,,,,,,,,0,,,
21,session_001_spin_0007,3,2026-09-18T17:38:42.993+00:00,CREDITS,1.0,,NEUTRAL,50000,,,,,,,,,,,,,,0,,,
22,session_001_spin_0008,1,2026-09-18T17:38:48.575+00:00,CREDITS,1.0,,GREEN,40000,,,,,,,,,,,,,,0,,,
23,session_001_spin_0008,2,2026-09-18T17:38:48.575+00:00,CREDITS,1.0,,GREEN,20000,,,,,,,,,,,,,,0,,,
24,session_001_spin_0008,3,2026-09-18T17:38:48.575+00:00,CREDITS,0.99,,GREEN,5000,,,,,,,,,,,,,,0,,,
25,session_001_spin_0009,1,2026-09-18T17:38:53.734+00:00,CREDITS,1.0,,NEUTRAL,80000,,,,,,,,,,,,,,0,,,
26,session_001_spin_0009,2,2026-09-18T17:38:53.734+00:00,CAR,0.55,,NEUTRAL,,,,CHEVY 150 SEDAN,CHEVY 150 SEDAN,,,,,0,1,SELL,1.0,SELL,1,70000,1.0,0
27,session_001_spin_0009,3,2026-09-18T17:38:53.734+00:00,OTHER,0.55,,NEUTRAL,,,,,,,,,,,,,,,0,,,
28,session_001_spin_0010,1,2026-09-18T17:39:01.420+00:00,CREDITS,1.0,,PURPLE,95000,,,,,,,,,,,,,,0,,,
29,session_001_spin_0010,2,2026-09-18T17:39:01.420+00:00,CREDITS,1.0,,PURPLE,95000,,,,,,,,,,,,,,0,,,
30,session_001_spin_0010,3,2026-09-18T17:39:01.420+00:00,CAR,0.78,,PURPLE,,2009,FERRARI,458 ITALIA,FERRARI 458,,,0,,0,1,SELL,1.0,SELL,1,105000,1.0,0
31,session_001_spin_0011,1,2026-09-18T17:39:08.965+00:00,CREDITS,1.0,,BLUE,15000,,,,,,,,,,,,,,0,,,
32,session_001_spin_0011,2,2026-09-18T17:39:08.965+00:00,CREDITS,1.0,,BLUE,95000,,,,,,,,,,,,,,0,,,
33,session_001_spin_0011,3,2026-09-18T17:39:08.965+00:00,CREDITS,1.0,,BLUE,100000,,,,,,,,,,,,,,0,,,
34,session_001_spin_0012,1,2026-09-18T17:39:14.108+00:00,CREDITS,1.0,,OTHER,20000,,,,,,,,,,,,,,0,,,
35,session_001_spin_0012,2,2026-09-18T17:39:14.108+00:00,CREDITS,1.0,,NEUTRAL,50000,,,,,,,,,,,,,,0,,,
36,session_001_spin_0012,3,2026-09-18T17:39:14.108+00:00,CAR,0.78,,OTHER,,2003,FORD,FOCUS RS,FORD FOCUS 03,,,0,,0,1,SELL,1.0,SELL,1,17500,1.0,0
37,session_001_spin_0013,1,2026-09-18T17:39:21.425+00:00,CREDITS,1.0,,PURPLE,200000,,,,,,,,,,,,,,0,,,
38,session_001_spin_0013,2,2026-09-18T17:39:21.425+00:00,CREDITS,1.0,,PURPLE,20000,,,,,,,,,,,,,,0,,,
39,session_001_spin_0013,3,2026-09-18T17:39:21.425+00:00,CREDITS,1.0,,OTHER,15000,,,,,,,,,,,,,,0,,,
40,session_001_spin_0014,1,2026-09-18T17:39:27.270+00:00,CREDITS,1.0,,PURPLE,200000,,,,,,,,,,,,,,0,,,
41,session_001_spin_0014,2,2026-09-18T17:39:27.270+00:00,CREDITS,1.0,,PURPLE,200000,,,,,,,,,,,,,,0,,,
42,session_001_spin_0014,3,2026-09-18T17:39:27.270+00:00,CAR,0.78,,PURPLE,,2018,KTM,X BOW GT4,KTM X BOW GT4,,,0,,0,1,SELL,1.0,SELL,1,45000,1.0,0
43,session_001_spin_0015,1,2026-09-18T17:39:34.717+00:00,CREDITS,1.0,,PURPLE,150000,,,,,,,,,,,,,,0,,,
44,session_001_spin_0015,2,2026-09-18T17:39:34.717+00:00,CREDITS,1.0,,PURPLE,95000,,,,,,,,,,,,,,0,,,
45,session_001_spin_0015,3,2026-09-18T17:39:34.717+00:00,CAR,0.78,,BLUE,,2001,FORD,4 FORD FOCUS RS,4 FORD FOCUS,,,0,,0,1,SELL,1.0,SELL,1,207500,1.0,0
46,session_001_spin_0016,1,2026-09-18T17:39:42.217+00:00,CREDITS,1.0,,NEUTRAL,175000,,,,,,,,,,,,,,0,,,
47,session_001_spin_0016,2,2026-09-18T17:39:42.217+00:00,CAR,0.55,,NEUTRAL,,,,411 FD COROLLA,411 FD COROLLA,,,,,0,1,SELL,1.0,SELL,1,75000,1.0,0
48,session_001_spin_0016,3,2026-09-18T17:39:42.217+00:00,CREDITS,1.0,,NEUTRAL,45000,,,,,,,,,,,,,,0,,,
49,session_001_spin_0017,1,2026-09-18T17:39:49.637+00:00,CAR,0.55,,NEUTRAL,,,,FORD MUSTANG 00,FORD MUSTANG 00,,,,,0,1,SELL,1.0,SELL,1,76500,1.0,0
50,session_001_spin_0017,2,2026-09-18T17:39:49.637+00:00,CREDITS,1.0,,NEUTRAL,15000,,,,,,,,,,,,,,0,,,
51,session_001_spin_0017,3,2026-09-18T17:39:49.637+00:00,CREDITS,1.0,,NEUTRAL,12000,,,,,,,,,,,,,,0,,,
52,session_001_spin_0018,1,2026-09-18T17:39:56.803+00:00,CREDITS,1.0,,NEUTRAL,8000,,,,,,,,,,,,,,0,,,
53,session_001_spin_0018,2,2026-09-18T17:39:56.804+00:00,CREDITS,1.0,,NEUTRAL,250000,,,,,,,,,,,,,,0,,,
54,session_001_spin_0018,3,2026-09-18T17:39:56.804+00:00,CREDITS,1.0,,NEUTRAL,15000,,,,,,,,,,,,,,0,,,
55,session_001_spin_0019,1,2026-09-18T17:40:02.284+00:00,CREDITS,1.0,,PURPLE,15000,,,,,,,,,,,,,,0,,,
56,session_001_spin_0019,2,2026-09-18T17:40:02.284+00:00,CREDITS,1.0,,PURPLE,200000,,,,,,,,,,,,,,0,,,
57,session_001_spin_0019,3,2026-09-18T17:40:02.284+00:00,CREDITS,1.0,,PURPLE,20000,,,,,,,,,,,,,,0,,,
58,session_001_spin_0020,1,2026-09-18T17:40:07.580+00:00,CAR,0.78,,NEUTRAL,,1965,TOYOTA,SPORTS 800,SPORTS 800 65,,,0,,0,1,SELL,1.0,SELL,1,125000,1.0,0
59,session_001_spin_0020,2,2026-09-18T17:40:07.580+00:00,CREDITS,1.0,,NEUTRAL,100000,,,,,,,,,,,,,,0,,,
60,session_001_spin_0020,3,2026-09-18T17:40:07.580+00:00,CREDITS,1.0,,NEUTRAL,50000,,,,,,,,,,,,,,0,,,
61,session_001_spin_0021,1,2026-09-18T17:40:14.934+00:00,CAR,0.78,,BLUE,,1995,TOYOTA,MR2 GT,TOYOTA MR2 95,,,0,,0,1,SELL,1.0,SELL,1,14000,1.0,0
62,session_001_spin_0021,2,2026-09-18T17:40:14.934+00:00,CREDITS,1.0,,OTHER,45000,,,,,,,,,,,,,,0,,,
63,session_001_spin_0021,3,2026-09-18T17:40:14.934+00:00,CREDITS,1.0,,OTHER,20000,,,,,,,,,,,,,,0,,,
64,session_001_spin_0022,1,2026-09-18T17:40:22.011+00:00,CREDITS,1.0,,NEUTRAL,15000,,,,,,,,,,,,,,0,,,
65,session_001_spin_0022,2,2026-09-18T17:40:22.011+00:00,CREDITS,1.0,,NEUTRAL,80000,,,,,,,,,,,,,,0,,,
66,session_001_spin_0022,3,2026-09-18T17:40:22.011+00:00,CREDITS,1.0,,NEUTRAL,150000,,,,,,,,,,,,,,0,,,
67,session_001_spin_0023,1,2026-09-18T17:40:27.312+00:00,CREDITS,1.0,,NEUTRAL,20000,,,,,,,,,,,,,,0,,,
68,session_001_spin_0023,2,2026-09-18T17:40:27.312+00:00,CAR,0.55,,NEUTRAL,,,,TOYOTA JPN TAXI,TOYOTA JPN TAXI,,,,,0,1,SELL,1.0,SELL,1,12500,1.0,0
69,session_001_spin_0023,3,2026-09-18T17:40:27.312+00:00,CREDITS,1.0,,NEUTRAL,45000,,,,,,,,,,,,,,0,,,
70,session_001_spin_0024,1,2026-09-18T17:40:34.687+00:00,CREDITS,1.0,,NEUTRAL,250000,,,,,,,,,,,,,,0,,,
71,session_001_spin_0024,2,2026-09-18T17:40:34.687+00:00,CREDITS,1.0,,NEUTRAL,15000,,,,,,,,,,,,,,0,,,
72,session_001_spin_0024,3,2026-09-18T17:40:34.687+00:00,CREDITS,1.0,,NEUTRAL,45000,,,,,,,,,,,,,,0,,,
73,session_001_spin_0025,1,2026-09-18T17:40:40.246+00:00,CAR,0.78,,NEUTRAL,,1991,HONDA,BEAT,HONDA BEAT 91,,,0,,0,1,SELL,1.0,SELL,1,7500,1.0,0
74,session_001_spin_0025,2,2026-09-18T17:40:40.246+00:00,CREDITS,1.0,,OTHER,10000,,,,,,,,,,,,,,0,,,
75,session_001_spin_0025,3,2026-09-18T17:40:40.246+00:00,CREDITS,1.0,,NEUTRAL,50000,,,,,,,,,,,,,,0,,,
76,session_001_spin_0026,1,2026-09-18T17:40:47.623+00:00,CREDITS,1.0,,PURPLE,200000,,,,,,,,,,,,,,0,,,
77,session_001_spin_0026,2,2026-09-18T17:40:47.623+00:00,CREDITS,1.0,,PURPLE,12000,,,,,,,,,,,,,,0,,,
78,session_001_spin_0026,3,2026-09-18T17:40:47.623+00:00,CAR,0.78,,OTHER,,1995,VOLKSWAGEN,CORRADO VR6,VW CORRADO,,,0,,0,1,SELL,1.0,SELL,1,15000,1.0,0
79,session_001_spin_0027,1,2026-09-18T17:40:55.078+00:00,CAR,0.78,,NEUTRAL,,1986,FORD,150 XLT LARIAT FORZA EDITIO STUNT SKILLS BOOST,FORD F 150 FE,,,0,,0,1,SELL,1.0,SELL,1,250000,1.0,0
80,session_001_spin_0027,2,2026-09-18T17:40:55.078+00:00,CREDITS,1.0,,OTHER,20000,,,,,,,,,,,,,,0,,,
81,session_001_spin_0027,3,2026-09-18T17:40:55.078+00:00,CREDITS,1.0,,OTHER,250000,,,,,,,,,,,,,,0,,,
82,session_001_spin_0028,1,2026-09-18T17:41:02.545+00:00,CREDITS,1.0,,OTHER,35000,,,,,,,,,,,,,,0,,,
83,session_001_spin_0028,2,2026-09-18T17:41:02.545+00:00,CREDITS,1.0,,OTHER,10000,,,,,,,,,,,,,,0,,,
84,session_001_spin_0028,3,2026-09-18T17:41:02.545+00:00,CREDITS,1.0,,OTHER,10000,,,,,,,,,,,,,,0,,,
85,session_001_spin_0029,1,2026-09-18T17:41:08.076+00:00,CREDITS,1.0,,GREEN,25000,,,,,,,,,,,,,,0,,,
86,session_001_spin_0029,2,2026-09-18T17:41:08.076+00:00,CREDITS,1.0,,GREEN,15000,,,,,,,,,,,,,,0,,,
87,session_001_spin_0029,3,2026-09-18T17:41:08.076+00:00,CREDITS,0.99,,GREEN,8000,,,,,,,,,,,,,,0,,,
88,session_001_spin_0030,1,2026-09-18T17:41:13.556+00:00,CREDITS,1.0,,BLUE,95000,,,,,,,,,,,,,,0,,,
89,session_001_spin_0030,2,2026-09-18T17:41:13.556+00:00,CAR,0.78,,BLUE,,2021,SIERRA,CARS 700R,SIERRA 700R,,,0,,0,1,SELL,1.0,SELL,1,37500,1.0,0
90,session_001_spin_0030,3,2026-09-18T17:41:13.556+00:00,CREDITS,0.99,,BLUE,5000,,,,,,,,,,,,,,0,,,
91,session_001_spin_0031,1,2026-09-18T17:41:21.187+00:00,CAR,0.78,,BLUE,,2013,FORD,MUSTANG SHELBY GT500,FORD MUSTANG 13,,,0,,0,1,SELL,1.0,SELL,1,30000,1.0,0
92,session_001_spin_0031,2,2026-09-18T17:41:21.187+00:00,CREDITS,1.0,,BLUE,40000,,,,,,,,,,,,,,0,,,
93,session_001_spin_0031,3,2026-09-18T17:41:21.187+00:00,OTHER,0.55,,OTHER,,,,,,,,,,,,,,,0,,,
94,session_001_spin_0032,1,2026-09-18T17:41:28.595+00:00,CAR,0.78,,OTHER,,1997,MITSUBISHI,GTO,MITSUBISHI GTO,,,0,,0,1,SELL,1.0,SELL,1,10000,1.0,0
95,session_001_spin_0032,2,2026-09-18T17:41:28.595+00:00,CREDITS,1.0,,OTHER,15000,,,,,,,,,,,,,,0,,,
96,session_001_spin_0032,3,2026-09-18T17:41:28.595+00:00,CREDITS,1.0,,OTHER,20000,,,,,,,,,,,,,,0,,,
97,session_001_spin_0033,1,2026-09-18T17:41:35.751+00:00,CREDITS,1.0,,NEUTRAL,50000,,,,,,,,,,,,,,0,,,
98,session_001_spin_0033,2,2026-09-18T17:41:35.751+00:00,CREDITS,1.0,,OTHER,10000,,,,,,,,,,,,,,0,,,
99,session_001_spin_0033,3,2026-09-18T17:41:35.751+00:00,CREDITS,1.0,,OTHER,10000,,,,,,,,,,,,,,0,,,
100,session_001_spin_0034,1,2026-09-18T17:41:41.395+00:00,CREDITS,1.0,,NEUTRAL,15000,,,,,,,,,,,,,,0,,,
101,session_001_spin_0034,2,2026-09-18T17:41:41.395+00:00,CREDITS,1.0,,NEUTRAL,15000,,,,,,,,,,,,,,0,,,
102,session_001_spin_0034,3,2026-09-18T17:41:41.395+00:00,CREDITS,1.0,,NEUTRAL,175000,,,,,,,,,,,,,,0,,,
103,session_001_spin_0035,1,2026-09-18T17:41:46.866+00:00,CAR,0.78,,NEUTRAL,,2007,HONDA,CIVIC TYPE R,HONDA CIVIC 07,,,0,,0,1,SELL,1.0,SELL,1,8500,1.0,0
104,session_001_spin_0035,2,2026-09-18T17:41:46.866+00:00,CREDITS,1.0,,NEUTRAL,80000,,,,,,,,,,,,,,0,,,
105,session_001_spin_0035,3,2026-09-18T17:41:46.866+00:00,CREDITS,1.0,,NEUTRAL,50000,,,,,,,,,,,,,,0,,,
106,session_001_spin_0036,1,2026-09-18T17:41:54.180+00:00,CAR,0.55,,NEUTRAL,,,,CHALLENGER 70,CHALLENGER 70,,,,,0,1,SELL,1.0,SELL,1,262500,1.0,0
107,session_001_spin_0036,2,2026-09-18T17:41:54.180+00:00,CAR,0.55,,NEUTRAL,,,,NISSAN PULSAR,NISSAN PULSAR,,,,,0,1,SELL,1.0,SELL,1,14000,1.0,0
108,session_001_spin_0036,3,2026-09-18T17:41:54.180+00:00,CREDITS,1.0,,NEUTRAL,8000,,,,,,,,,,,,,,0,,,
109,session_001_spin_0037,1,2026-09-18T17:42:02.916+00:00,CREDITS,1.0,,OTHER,20000,,,,,,,,,,,,,,0,,,
110,session_001_spin_0037,2,2026-09-18T17:42:02.916+00:00,CREDITS,1.0,,OTHER,250000,,,,,,,,,,,,,,0,,,
111,session_001_spin_0037,3,2026-09-18T17:42:02.916+00:00,CREDITS,1.0,,OTHER,35000,,,,,,,,,,,,,,0,,,
112,session_001_spin_0038,1,2026-09-18T17:42:08.254+00:00,CREDITS,1.0,,PURPLE,50000,,,,,,,,,,,,,,0,,,
113,session_001_spin_0038,2,2026-09-18T17:42:08.255+00:00,CREDITS,1.0,,PURPLE,200000,,,,,,,,,,,,,,0,,,
114,session_001_spin_0038,3,2026-09-18T17:42:08.255+00:00,CAR,0.78,,PURPLE,,2018,CAN,AM MAVERICK X RS TURBO R,CAN AM MAVERICK,,,0,,0,1,SELL,1.0,SELL,1,8000,1.0,0
115,session_001_spin_0039,1,2026-09-18T17:42:16.003+00:00,CREDITS,1.0,,OTHER,35000,,,,,,,,,,,,,,0,,,
116,session_001_spin_0039,2,2026-09-18T17:42:16.003+00:00,CREDITS,1.0,,OTHER,250000,,,,,,,,,,,,,,0,,,
117,session_001_spin_0039,3,2026-09-18T17:42:16.004+00:00,CREDITS,1.0,,OTHER,15000,,,,,,,,,,,,,,0,,,
118,session_001_spin_0040,1,2026-09-18T17:42:21.173+00:00,CREDITS,1.0,,OTHER,15000,,,,,,,,,,,,,,0,,,
119,session_001_spin_0040,2,2026-09-18T17:42:21.173+00:00,CAR,0.78,,OTHER,,1970,HONDA,S800,HONDA S800,,,0,,0,1,SELL,1.0,SELL,1,20000,1.0,0
120,session_001_spin_0040,3,2026-09-18T17:42:21.173+00:00,CAR,1.0,,OTHER,,2011,Lamborghini,Sesto Elemento,LAMBO SESTO,,,0,1,1,1,SELL,1.0,SELL,1,1250000,1.0,1
121,session_001_spin_0041,1,2026-09-18T17:42:30.399+00:00,CREDITS,1.0,,PURPLE,200000,,,,,,,,,,,,,,0,,,
122,session_001_spin_0041,2,2026-09-18T17:42:30.399+00:00,CREDITS,1.0,,PURPLE,12000,,,,,,,,,,,,,,0,,,
123,session_001_spin_0041,3,2026-09-18T17:42:30.399+00:00,CREDITS,0.99,,PURPLE,5000,,,,,,,,,,,,,,0,,,
124,session_001_spin_0042,1,2026-09-18T17:42:35.474+00:00,CAR,0.78,,OTHER,,2013,MAZDA,MX 5,MAZDA MX 5 13,,,0,,0,1,SELL,1.0,SELL,1,14000,1.0,0
125,session_001_spin_0042,2,2026-09-18T17:42:35.474+00:00,CAR,0.78,,OTHER,,1954,MERCEDES,BENZ 300 SL COUPE,M B 300SL,,,0,,0,1,SELL,1.0,SELL,1,850000,1.0,0
126,session_001_spin_0042,3,2026-09-18T17:42:35.474+00:00,CAR,0.78,,NEUTRAL,,1990,MERCEDES,BENZ 2 5 16 EVOLUTION II FORZA CLEAN SKILLS BOOST,MB 190 E FE,,,0,,0,1,SELL,1.0,SELL,1,375000,1.0,0
127,session_001_spin_0043,1,2026-09-18T17:42:46.518+00:00,CREDITS,1.0,,GREEN,920000,,,,,,,,,,,,,,0,,,
128,session_001_spin_0043,2,2026-09-18T17:42:46.518+00:00,CREDITS,1.0,,GREEN,95000,,,,,,,,,,,,,,0,,,
129,session_001_spin_0043,3,2026-09-18T17:42:46.518+00:00,CREDITS,1.0,,GREEN,10000,,,,,,,,,,,,,,0,,,
130,session_001_spin_0044,1,2026-09-18T17:42:51.859+00:00,CREDITS,1.0,,PURPLE,15000,,,,,,,,,,,,,,0,,,
131,session_001_spin_0044,2,2026-09-18T17:42:51.859+00:00,CAR,0.78,,PURPLE,,2010,BMW,M3 GTS,BMW E92 M3 GTS,,,0,,0,1,SELL,1.0,SELL,1,99000,1.0,0
132,session_001_spin_0044,3,2026-09-18T17:42:51.859+00:00,CREDITS,0.99,,PURPLE,5000,,,,,,,,,,,,,,0,,,
133,session_001_spin_0045,1,2026-09-18T17:42:58.999+00:00,CREDITS,1.0,,NEUTRAL,20000,,,,,,,,,,,,,,0,,,
134,session_001_spin_0045,2,2026-09-18T17:42:58.999+00:00,CREDITS,1.0,,NEUTRAL,20000,,,,,,,,,,,,,,0,,,
135,session_001_spin_0045,3,2026-09-18T17:42:58.999+00:00,CREDITS,1.0,,NEUTRAL,10000,,,,,,,,,,,,,,0,,,
136,session_001_spin_0046,1,2026-09-18T17:43:04.677+00:00,CREDITS,1.0,,OTHER,15000,,,,,,,,,,,,,,0,,,
137,session_001_spin_0046,2,2026-09-18T17:43:04.677+00:00,CREDITS,1.0,,OTHER,40000,,,,,,,,,,,,,,0,,,
138,session_001_spin_0046,3,2026-09-18T17:43:04.677+00:00,CREDITS,1.0,,OTHER,20000,,,,,,,,,,,,,,0,,,
139,session_001_spin_0047,1,2026-09-18T17:43:09.901+00:00,CAR,0.78,,NEUTRAL,,2018,VERCEDES,BENZ X CLASS,M B X CLASS,,,0,,0,1,SELL,1.0,SELL,1,25000,1.0,0
140,session_001_spin_0047,2,2026-09-18T17:43:09.901+00:00,CREDITS,1.0,,NEUTRAL,15000,,,,,,,,,,,,,,0,,,
141,session_001_spin_0047,3,2026-09-18T17:43:09.901+00:00,CAR,0.55,,NEUTRAL,,,,SUBARU BRAT,SUBARU BRAT,,,,,0,1,SELL,1.0,SELL,1,10000,1.0,0
142,session_001_spin_0048,1,2026-09-18T17:43:18.854+00:00,CREDITS,1.0,,OTHER,15000,,,,,,,,,,,,,,0,,,
143,session_001_spin_0048,2,2026-09-18T17:43:18.854+00:00,CREDITS,1.0,,OTHER,20000,,,,,,,,,,,,,,0,,,
144,session_001_spin_0048,3,2026-09-18T17:43:18.854+00:00,CAR,0.78,,BLUE,,2018,HONDA,CIVIC TYPE R,HONDA CIVIC 18,,,0,,0,1,SELL,1.0,SELL,1,17500,1.0,0
145,session_001_spin_0049,1,2026-09-18T17:43:26.551+00:00,CREDITS,1.0,,GREEN,95000,,,,,,,,,,,,,,0,,,
146,session_001_spin_0049,2,2026-09-18T17:43:26.551+00:00,CREDITS,1.0,,GREEN,925000,,,,,,,,,,,,,,0,,,
147,session_001_spin_0049,3,2026-09-18T17:43:26.551+00:00,CREDITS,1.0,,GREEN,20000,,,,,,,,,,,,,,0,,,
148,session_001_spin_0050,1,2026-09-18T17:43:31.896+00:00,CREDITS,1.0,,GREEN,20000,,,,,,,,,,,,,,0,,,
149,session_001_spin_0050,2,2026-09-18T17:43:31.896+00:00,CAR,0.78,,GREEN,,2001,ACURA,INTEGRA TYPE R,ACURA INTEGRA,,,0,,0,1,SELL,1.0,SELL,1,32500,1.0,0
150,session_001_spin_0050,3,2026-09-18T17:43:31.896+00:00,CREDITS,1.0,,GREEN,20000,,,,,,,,,,,,,,0,,,
151,session_001_spin_0051,1,2026-09-18T17:54:07.318+00:00,CREDITS,1.0,,NEUTRAL,15000,,,,,,,,,,,,,,0,,,
152,session_001_spin_0051,2,2026-09-18T17:54:07.318+00:00,CREDITS,1.0,,NEUTRAL,150000,,,,,,,,,,,,,,0,,,
153,session_001_spin_0051,3,2026-09-18T17:54:07.318+00:00,CAR,0.78,,NEUTRAL,,2020,FORD,69 FORD PERFORMANCE BROM,2069 BRONCO R,,,0,,0,1,SELL,1.0,SELL,1,225000,1.0,0
154,session_001_spin_0052,1,2026-09-18T17:54:14.918+00:00,CAR,0.78,,PURPLE,,1997,NISSAN,STAGEA RS FOUR V,N STAGEA 97,,,0,,0,1,SELL,1.0,SELL,1,10000,1.0,0
155,session_001_spin_0052,2,2026-09-18T17:54:14.918+00:00,CREDITS,1.0,,PURPLE,95000,,,,,,,,,,,,,,0,,,
156,session_001_spin_0052,3,2026-09-18T17:54:14.919+00:00,CAR,0.78,,PURPLE,,2004,SUBARU,IMPREZA WRX STI,SUBARU WRX 04,,,0,,0,1,SELL,1.0,SELL,1,15000,1.0,0
157,session_001_spin_0053,1,2026-09-18T17:54:23.747+00:00,CAR,0.78,,NEUTRAL,,2015,MERCEDES,AMG GTS,M B AMG GT,,,0,,0,1,SELL,1.0,SELL,1,45000,1.0,0
158,session_001_spin_0053,2,2026-09-18T17:54:23.747+00:00,CREDITS,1.0,,NEUTRAL,150000,,,,,,,,,,,,,,0,,,
159,session_001_spin_0053,3,2026-09-18T17:54:23.747+00:00,CREDITS,1.0,,NEUTRAL,150000,,,,,,,,,,,,,,0,,,
160,session_001_spin_0054,1,2026-09-18T17:54:31.163+00:00,CREDITS,1.0,,NEUTRAL,25000,,,,,,,,,,,,,,0,,,
161,session_001_spin_0054,2,2026-09-18T17:54:31.163+00:00,CREDITS,1.0,,NEUTRAL,15000,,,,,,,,,,,,,,0,,,
162,session_001_spin_0054,3,2026-09-18T17:54:31.163+00:00,CREDITS,1.0,,NEUTRAL,20000,,,,,,,,,,,,,,0,,,
163,session_001_spin_0055,1,2026-09-18T17:54:36.739+00:00,CAR,0.78,,PURPLE,,1970,CHEVROLET,CORVETTE ZR I,CORVETTE 70,,,0,,0,1,SELL,1.0,SELL,1,125000,1.0,0
164,session_001_spin_0055,2,2026-09-18T17:54:36.739+00:00,CREDITS,1.0,,OTHER,45000,,,,,,,,,,,,,,0,,,
165,session_001_spin_0055,3,2026-09-18T17:54:36.739+00:00,CAR,0.78,,OTHER,,2010,RENAULT,MEGANE RS 250,MEGANE RS 250,,,0,,0,1,SELL,1.0,SELL,1,7000,1.0,0
166,session_001_spin_0056,1,2026-09-18T17:54:45.743+00:00,CREDITS,1.0,,PURPLE,200000,,,,,,,,,,,,,,0,,,
167,session_001_spin_0056,2,2026-09-18T17:54:45.743+00:00,CREDITS,1.0,,PURPLE,15000,,,,,,,,,,,,,,0,,,
168,session_001_spin_0056,3,2026-09-18T17:54:45.743+00:00,CREDITS,1.0,,PURPLE,75000,,,,,,,,,,,,,,0,,,
169,session_001_spin_0057,1,2026-09-18T17:54:51.384+00:00,CREDITS,1.0,,PURPLE,95000,,,,,,,,,,,,,,0,,,
170,session_001_spin_0057,2,2026-09-18T17:54:51.384+00:00,CAR,0.78,,PURPLE,,2011,MCLAREN,12C COUPE,MCLAREN 12C,,,0,,0,1,SELL,1.0,SELL,1,52500,1.0,0
171,session_001_spin_0057,3,2026-09-18T17:54:51.384+00:00,CREDITS,1.0,,PURPLE,175000,,,,,,,,,,,,,,0,,,
172,session_001_spin_0058,1,2026-09-18T17:54:58.501+00:00,CREDITS,1.0,,NEUTRAL,10000,,,,,,,,,,,,,,0,,,
173,session_001_spin_0058,2,2026-09-18T17:54:58.501+00:00,CREDITS,1.0,,NEUTRAL,100000,,,,,,,,,,,,,,0,,,
174,session_001_spin_0058,3,2026-09-18T17:54:58.501+00:00,CREDITS,1.0,,NEUTRAL,40000,,,,,,,,,,,,,,0,,,
175,session_001_spin_0059,1,2026-09-18T17:55:04.357+00:00,CREDITS,0.99,,BLUE,5000,,,,,,,,,,,,,,0,,,
176,session_001_spin_0059,2,2026-09-18T17:55:04.357+00:00,CREDITS,1.0,,BLUE,10000,,,,,,,,,,,,,,0,,,
177,session_001_spin_0059,3,2026-09-18T17:55:04.357+00:00,CREDITS,1.0,,BLUE,75000,,,,,,,,,,,,,,0,,,
178,session_001_spin_0060,1,2026-09-18T17:55:09.868+00:00,CREDITS,1.0,,OTHER,10000,,,,,,,,,,,,,,0,,,
179,session_001_spin_0060,2,2026-09-18T17:55:09.868+00:00,CREDITS,1.0,,OTHER,45000,,,,,,,,,,,,,,0,,,
180,session_001_spin_0060,3,2026-09-18T17:55:09.868+00:00,CREDITS,1.0,,PURPLE,200000,,,,,,,,,,,,,,0,,,
181,session_001_spin_0061,1,2026-09-18T17:55:15.324+00:00,CAR,0.78,,GREEN,,2019,BMW,Z4 ROADSTER,BMW Z4 19,,,0,,0,1,SELL,1.0,SELL,1,19000,1.0,0
182,session_001_spin_0061,2,2026-09-18T17:55:15.324+00:00,CREDITS,1.0,,GREEN,95000,,,,,,,,,,,,,,0,,,
183,session_001_spin_0061,3,2026-09-18T17:55:15.324+00:00,CREDITS,1.0,,GREEN,15000,,,,,,,,,,,,,,0,,,
184,session_001_spin_0062,1,2026-09-18T17:55:22.773+00:00,CREDITS,1.0,,OTHER,20000,,,,,,,,,,,,,,0,,,
185,session_001_spin_0062,2,2026-09-18T17:55:22.773+00:00,CREDITS,1.0,,OTHER,15000,,,,,,,,,,,,,,0,,,
186,session_001_spin_0062,3,2026-09-18T17:55:22.773+00:00,CREDITS,1.0,,OTHER,35000,,,,,,,,,,,,,,0,,,
187,session_001_spin_0063,1,2026-09-18T17:55:28.162+00:00,CAR,0.78,,BLUE,,1993,JAGUAR,XJ220S TWR,JAGUAR XJ220S,,,0,,0,1,SELL,1.0,SELL,1,270000,1.0,0
188,session_001_spin_0063,2,2026-09-18T17:55:28.162+00:00,CREDITS,1.0,,BLUE,75000,,,,,,,,,,,,,,0,,,
189,session_001_spin_0063,3,2026-09-18T17:55:28.162+00:00,CREDITS,1.0,,OTHER,20000,,,,,,,,,,,,,,0,,,
190,session_001_spin_0064,1,2026-09-18T17:55:35.649+00:00,CAR,0.45,,NEUTRAL,,2002,TURBO,BMW 2002 TURBO,BMW 2002 TURBO,,,0,,0,1,SELL,1.0,SELL,1,63500,1.0,0
191,session_001_spin_0064,2,2026-09-18T17:55:35.649+00:00,CREDITS,1.0,,NEUTRAL,250000,,,,,,,,,,,,,,0,,,
192,session_001_spin_0064,3,2026-09-18T17:55:35.649+00:00,CREDITS,1.0,,NEUTRAL,10000,,,,,,,,,,,,,,0,,,
193,session_001_spin_0065,1,2026-09-18T17:55:42.955+00:00,CREDITS,1.0,,NEUTRAL,200000,,,,,,,,,,,,,,0,,,
194,session_001_spin_0065,2,2026-09-18T17:55:42.955+00:00,CREDITS,1.0,,NEUTRAL,100000,,,,,,,,,,,,,,0,,,
195,session_001_spin_0065,3,2026-09-18T17:55:42.955+00:00,CREDITS,1.0,,NEUTRAL,20000,,,,,,,,,,,,,,0,,,
196,session_001_spin_0066,1,2026-09-18T17:55:48.489+00:00,CREDITS,1.0,,NEUTRAL,20000,,,,,,,,,,,,,,0,,,
197,session_001_spin_0066,2,2026-09-18T17:55:48.489+00:00,CREDITS,1.0,,NEUTRAL,150000,,,,,,,,,,,,,,0,,,
198,session_001_spin_0066,3,2026-09-18T17:55:48.489+00:00,CREDITS,1.0,,NEUTRAL,40000,,,,,,,,,,,,,,0,,,
199,session_001_spin_0067,1,2026-09-18T17:55:53.973+00:00,OTHER,0.55,,OTHER,,,,,,,,,,,,,,,0,,,
200,session_001_spin_0067,2,2026-09-18T17:55:53.974+00:00,CAR,0.78,,GREEN,,2020,PORSCHE,TAYCAN TURBO S,PORSCHE TAYCAN S,,,0,,0,1,SELL,1.0,SELL,1,100000,1.0,0
201,session_001_spin_0067,3,2026-09-18T17:55:53.974+00:00,CREDITS,1.0,,OTHER,15000,,,,,,,,,,,,,,0,,,
202,session_001_spin_0068,1,2026-09-18T17:56:01.063+00:00,CAR,0.78,,NEUTRAL,,2015,ULTIMA,EVOLUTION COUPE 1020,ULTIMA 1020,,,0,,0,1,SELL,1.0,SELL,1,75000,1.0,0
203,session_001_spin_0068,2,2026-09-18T17:56:01.063+00:00,CREDITS,1.0,,OTHER,45000,,,,,,,,,,,,,,0,,,
204,session_001_spin_0068,3,2026-09-18T17:56:01.063+00:00,CREDITS,1.0,,OTHER,20000,,,,,,,,,,,,,,0,,,
205,session_001_spin_0069,1,2026-09-18T17:56:08.160+00:00,CREDITS,1.0,,OTHER,15000,,,,,,,,,,,,,,0,,,
206,session_001_spin_0069,2,2026-09-18T17:56:08.160+00:00,CREDITS,1.0,,OTHER,10000,,,,,,,,,,,,,,0,,,
207,session_001_spin_0069,3,2026-09-18T17:56:08.160+00:00,CAR,0.78,,NEUTRAL,,2012,NISSAN,GT R BLACK EDITION R35,NISSAN GT R 12,,,0,,0,1,SELL,1.0,SELL,1,40000,1.0,0
208,session_001_spin_0070,1,2026-09-18T17:56:15.475+00:00,CAR,0.78,,PURPLE,,1994,SUBARU,VIVIO RX R,SUBARU VIVIO 94,,,0,,0,1,SELL,1.0,SELL,1,5000,1.0,0
209,session_001_spin_0070,2,2026-09-18T17:56:15.475+00:00,CREDITS,1.0,,PURPLE,15000,,,,,,,,,,,,,,0,,,
210,session_001_spin_0070,3,2026-09-18T17:56:15.475+00:00,CREDITS,1.0,,PURPLE,10000,,,,,,,,,,,,,,0,,,
211,session_001_spin_0071,1,2026-09-18T17:56:22.831+00:00,CREDITS,1.0,,NEUTRAL,200000,,,,,,,,,,,,,,0,,,
212,session_001_spin_0071,2,2026-09-18T17:56:22.831+00:00,CREDITS,1.0,,NEUTRAL,150000,,,,,,,,,,,,,,0,,,
213,session_001_spin_0071,3,2026-09-18T17:56:22.831+00:00,CREDITS,1.0,,NEUTRAL,20000,,,,,,,,,,,,,,0,,,
214,session_001_spin_0072,1,2026-09-18T17:56:28.452+00:00,CREDITS,1.0,,OTHER,15000,,,,,,,,,,,,,,0,,,
215,session_001_spin_0072,2,2026-09-18T17:56:28.452+00:00,CREDITS,1.0,,OTHER,15000,,,,,,,,,,,,,,0,,,
216,session_001_spin_0072,3,2026-09-18T17:56:28.452+00:00,CREDITS,1.0,,OTHER,20000,,,,,,,,,,,,,,0,,,
217,session_001_spin_0073,1,2026-09-18T17:56:33.806+00:00,CREDITS,1.0,,ORANGE,75000,,,,,,,,,,,,,,0,,,
218,session_001_spin_0073,2,2026-09-18T17:56:33.806+00:00,CAR,0.45,,ORANGE,,1995,BMW,BMW M5 95,BMW M5 95,,,0,,0,1,SELL,1.0,SELL,1,24000,1.0,0
219,session_001_spin_0073,3,2026-09-18T17:56:33.806+00:00,CREDITS,1.0,,ORANGE,250000,,,,,,,,,,,,,,0,,,
220,session_001_spin_0074,1,2026-09-18T17:56:41.288+00:00,CREDITS,1.0,,OTHER,15000,,,,,,,,,,,,,,0,,,
221,session_001_spin_0074,2,2026-09-18T17:56:41.288+00:00,CAR,0.78,,BLUE,,2013,CADILLAC,XTS LIMOUSINE,CADDY LIMO,,,0,,0,1,SELL,1.0,SELL,1,22000,1.0,0
222,session_001_spin_0074,3,2026-09-18T17:56:41.288+00:00,CREDITS,1.0,,PURPLE,200000,,,,,,,,,,,,,,0,,,
223,session_001_spin_0075,1,2026-09-18T17:56:48.774+00:00,CREDITS,1.0,,OTHER,35000,,,,,,,,,,,,,,0,,,
224,session_001_spin_0075,2,2026-09-18T17:56:48.774+00:00,CAR,0.78,,OTHER,,1970,DATSUN,510,DATSUN 510,,,0,,0,1,SELL,1.0,SELL,1,43000,1.0,0
225,session_001_spin_0075,3,2026-09-18T17:56:48.776+00:00,CREDITS,1.0,,NEUTRAL,50000,,,,,,,,,,,,,,0,,,
226,session_001_spin_0076,1,2026-09-18T17:56:56.281+00:00,CREDITS,1.0,,PURPLE,95000,,,,,,,,,,,,,,0,,,
227,session_001_spin_0076,2,2026-09-18T17:56:56.281+00:00,CAR,0.78,,PURPLE,,2013,AUDI,RS 7 SPORTBACK,AUDI RS 7,,,0,,0,1,SELL,1.0,SELL,1,27500,1.0,0
228,session_001_spin_0076,3,2026-09-18T17:56:56.281+00:00,CAR,0.78,,PURPLE,,1989,FORMULA,DRIFT 98 BMW 325I,98 BMW 325I,,,0,,0,1,SELL,1.0,SELL,1,75000,1.0,0
229,session_001_spin_0077,1,2026-09-18T17:57:05.184+00:00,CREDITS,1.0,,PURPLE,175000,,,,,,,,,,,,,,0,,,
230,session_001_spin_0077,2,2026-09-18T17:57:05.184+00:00,CREDITS,1.0,,PURPLE,95000,,,,,,,,,,,,,,0,,,
231,session_001_spin_0077,3,2026-09-18T17:57:05.184+00:00,CREDITS,0.99,,PURPLE,5000,,,,,,,,,,,,,,0,,,
232,session_001_spin_0078,1,2026-09-18T18:00:06.475+00:00,CREDITS,1.0,,GREEN,15000,,,,,,,,,,,,,,0,,,
233,session_001_spin_0078,2,2026-09-18T18:00:06.475+00:00,CREDITS,1.0,,GREEN,20000,,,,,,,,,,,,,,0,,,
234,session_001_spin_0078,3,2026-09-18T18:00:06.475+00:00,CREDITS,0.99,,GREEN,5000,,,,,,,,,,,,,,0,,,
235,session_001_spin_0079,1,2026-09-18T18:00:11.675+00:00,CREDITS,1.0,,NEUTRAL,15000,,,,,,,,,,,,,,0,,,
236,session_001_spin_0079,2,2026-09-18T18:00:11.675+00:00,CREDITS,1.0,,NEUTRAL,175000,,,,,,,,,,,,,,0,,,
237,session_001_spin_0079,3,2026-09-18T18:00:11.675+00:00,CREDITS,1.0,,NEUTRAL,250000,,,,,,,,,,,,,,0,,,
238,session_001_spin_0080,1,2026-09-18T18:00:17.409+00:00,CREDITS,1.0,,PURPLE,200000,,,,,,,,,,,,,,0,,,
239,session_001_spin_0080,2,2026-09-18T18:00:17.409+00:00,CREDITS,1.0,,PURPLE,25000,,,,,,,,,,,,,,0,,,
240,session_001_spin_0080,3,2026-09-18T18:00:17.409+00:00,CREDITS,1.0,,PURPLE,20000,,,,,,,,,,,,,,0,,,
241,session_001_spin_0081,1,2026-09-18T18:00:22.671+00:00,CREDITS,1.0,,OTHER,45000,,,,,,,,,,,,,,0,,,
242,session_001_spin_0081,2,2026-09-18T18:00:22.671+00:00,CAR,0.78,,OTHER,,1954,MERCEDES,BENZ 300 SL COUPE,M B 300SL,,,0,,0,1,SELL,1.0,SELL,1,850000,1.0,0
243,session_001_spin_0081,3,2026-09-18T18:00:22.671+00:00,CREDITS,1.0,,OTHER,20000,,,,,,,,,,,,,,0,,,
244,session_001_spin_0082,1,2026-09-18T18:00:30.114+00:00,CAR,0.55,,NEUTRAL,,,,TAXI,BMW ISETTA,,,,,0,1,SELL,1.0,SELL,1,42000,1.0,0
245,session_001_spin_0082,2,2026-09-18T18:00:30.114+00:00,CREDITS,1.0,,NEUTRAL,12000,,,,,,,,,,,,,,0,,,
246,session_001_spin_0082,3,2026-09-18T18:00:30.115+00:00,CAR,0.78,,NEUTRAL,,2011,JPN,TOYOTA JPN TAXI,TOYOTA JPN TAXI,,,0,,0,1,SELL,1.0,SELL,1,12500,1.0,0
247,session_001_spin_0083,1,2026-09-18T18:00:39.162+00:00,CREDITS,1.0,,PURPLE,150000,,,,,,,,,,,,,,0,,,
248,session_001_spin_0083,2,2026-09-18T18:00:39.162+00:00,CREDITS,1.0,,PURPLE,50000,,,,,,,,,,,,,,0,,,
249,session_001_spin_0083,3,2026-09-18T18:00:39.162+00:00,CREDITS,1.0,,PURPLE,80000,,,,,,,,,,,,,,0,,,
250,session_001_spin_0084,1,2026-09-18T18:00:44.710+00:00,CREDITS,1.0,,BLUE,95000,,,,,,,,,,,,,,0,,,
251,session_001_spin_0084,2,2026-09-18T18:00:44.710+00:00,CREDITS,1.0,,BLUE,100000,,,,,,,,,,,,,,0,,,
252,session_001_spin_0084,3,2026-09-18T18:00:44.710+00:00,CREDITS,1.0,,BLUE,10000,,,,,,,,,,,,,,0,,,
253,session_001_spin_0085,1,2026-09-18T18:00:49.955+00:00,CREDITS,1.0,,NEUTRAL,8000,,,,,,,,,,,,,,0,,,
254,session_001_spin_0085,2,2026-09-18T18:00:49.955+00:00,CREDITS,1.0,,NEUTRAL,25000,,,,,,,,,,,,,,0,,,
255,session_001_spin_0085,3,2026-09-18T18:00:49.955+00:00,CAR,0.78,,NEUTRAL,,2020,WULING,SUNSHINE S FORZA EDITION CREDITS BOOST,SUNSHINE FE,,,1,,0,1,SELL,1.0,SELL,1,250000,1.0,0
256,session_001_spin_0086,1,2026-09-18T18:00:57.290+00:00,CREDITS,1.0,,PURPLE,10000,,,,,,,,,,,,,,0,,,
257,session_001_spin_0086,2,2026-09-18T18:00:57.290+00:00,CAR,0.78,,PURPLE,,2020,NISSAN,GT R NISMO 835,NISSAN GTR 20,,,0,,0,1,SELL,1.0,SELL,1,135000,1.0,0
258,session_001_spin_0086,3,2026-09-18T18:00:57.290+00:00,CREDITS,1.0,,PURPLE,50000,,,,,,,,,,,,,,0,,,
259,session_001_spin_0087,1,2026-09-18T18:01:04.745+00:00,CREDITS,1.0,,GREEN,920000,,,,,,,,,,,,,,0,,,
260,session_001_spin_0087,2,2026-09-18T18:01:04.745+00:00,CAR,0.78,,GREEN,,1972,CHEVROLET,K 10 CUSTOM,CHEVY KIO 72,,,0,,0,1,SELL,1.0,SELL,1,24500,1.0,0
261,session_001_spin_0087,3,2026-09-18T18:01:04.745+00:00,CREDITS,0.99,,GREEN,8000,,,,,,,,,,,,,,0,,,
262,session_001_spin_0088,1,2026-09-18T18:01:12.140+00:00,CAR,0.55,,NEUTRAL,,,,BMW Z4 19,BMW Z4 19,,,,,0,1,SELL,1.0,SELL,1,19000,1.0,0
263,session_001_spin_0088,2,2026-09-18T18:01:12.140+00:00,CAR,0.55,,NEUTRAL,,,,FORD F 150 FE,FORD F 150 FE,,,,,0,1,SELL,1.0,SELL,1,250000,1.0,0
264,session_001_spin_0088,3,2026-09-18T18:01:12.140+00:00,CREDITS,1.0,,NEUTRAL,10000,,,,,,,,,,,,,,0,,,
265,session_001_spin_0089,1,2026-09-18T18:01:21.415+00:00,CREDITS,1.0,,OTHER,35000,,,,,,,,,,,,,,0,,,
266,session_001_spin_0089,2,2026-09-18T18:01:21.415+00:00,CREDITS,1.0,,OTHER,40000,,,,,,,,,,,,,,0,,,
267,session_001_spin_0089,3,2026-09-18T18:01:21.415+00:00,CREDITS,1.0,,OTHER,45000,,,,,,,,,,,,,,0,,,
268,session_001_spin_0090,1,2026-09-18T18:01:26.785+00:00,CREDITS,1.0,,OTHER,20000,,,,,,,,,,,,,,0,,,
269,session_001_spin_0090,2,2026-09-18T18:01:26.785+00:00,CREDITS,1.0,,OTHER,15000,,,,,,,,,,,,,,0,,,
270,session_001_spin_0090,3,2026-09-18T18:01:26.785+00:00,CAR,0.78,,NEUTRAL,,2020,TOYOTA,GR SUPRA,TOYOTA SUPRA 20,,,0,,0,1,SELL,1.0,SELL,1,22500,1.0,0
271,session_001_spin_0091,1,2026-09-18T18:01:34.702+00:00,CAR,0.78,,BLUE,,1969,CHEVROLET,NOVA SUPER SPORT 396,CHEVY NOVA 69,,,0,,0,1,SELL,1.0,SELL,1,20000,1.0,0
272,session_001_spin_0091,2,2026-09-18T18:01:34.702+00:00,CREDITS,1.0,,BLUE,50000,,,,,,,,,,,,,,0,,,
273,session_001_spin_0091,3,2026-09-18T18:01:34.702+00:00,CREDITS,0.99,,BLUE,5000,,,,,,,,,,,,,,0,,,
274,session_001_spin_0092,1,2026-09-18T18:01:42.356+00:00,CAR,0.78,,BLUE,,1993,FORD,MUSTANG SVT COBRA R,FORD MUSTANG 93,,,0,,0,1,SELL,1.0,SELL,1,42000,1.0,0
275,session_001_spin_0092,2,2026-09-18T18:01:42.356+00:00,CREDITS,1.0,,BLUE,95000,,,,,,,,,,,,,,0,,,
276,session_001_spin_0092,3,2026-09-18T18:01:42.356+00:00,CREDITS,1.0,,BLUE,80000,,,,,,,,,,,,,,0,,,
277,session_001_spin_0093,1,2026-09-18T18:01:49.707+00:00,CREDITS,1.0,,OTHER,10000,,,,,,,,,,,,,,0,,,
278,session_001_spin_0093,2,2026-09-18T18:01:49.707+00:00,CREDITS,1.0,,OTHER,15000,,,,,,,,,,,,,,0,,,
279,session_001_spin_0093,3,2026-09-18T18:01:49.707+00:00,CREDITS,1.0,,OTHER,10000,,,,,,,,,,,,,,0,,,
280,session_001_spin_0094,1,2026-09-18T18:01:55.275+00:00,CREDITS,1.0,,BLUE,100000,,,,,,,,,,,,,,0,,,
281,session_001_spin_0094,2,2026-09-18T18:01:55.275+00:00,CREDITS,1.0,,BLUE,15000,,,,,,,,,,,,,,0,,,
282,session_001_spin_0094,3,2026-09-18T18:01:55.275+00:00,CAR,0.78,,OTHER,,1980,ABARTH,FIAT 131,ABARTH 131,,,0,,0,1,SELL,1.0,SELL,1,62500,1.0,0
283,session_001_spin_0095,1,2026-09-18T18:02:02.506+00:00,CREDITS,1.0,,NEUTRAL,200000,,,,,,,,,,,,,,0,,,
284,session_001_spin_0095,2,2026-09-18T18:02:02.506+00:00,CREDITS,1.0,,NEUTRAL,50000,,,,,,,,,,,,,,0,,,
285,session_001_spin_0095,3,2026-09-18T18:02:02.506+00:00,CREDITS,1.0,,NEUTRAL,250000,,,,,,,,,,,,,,0,,,
286,session_001_spin_0096,1,2026-09-18T18:02:08.093+00:00,CAR,0.78,,NEUTRAL,,2005,TVR,SAGARIS 6,TVR SAGARIS,,,0,,0,1,SELL,1.0,SELL,1,57500,1.0,0
287,session_001_spin_0096,2,2026-09-18T18:02:08.093+00:00,CAR,0.78,,OTHER,,2023,FORD,FIESTA ST,FORD FIESTA 23,,,0,,0,1,SELL,1.0,SELL,1,13000,1.0,0
288,session_001_spin_0096,3,2026-09-18T18:02:08.093+00:00,CREDITS,1.0,,OTHER,10000,,,,,,,,,,,,,,0,,,
289,session_001_spin_0097,1,2026-09-18T18:02:17.062+00:00,CREDITS,1.0,,NEUTRAL,15000,,,,,,,,,,,,,,0,,,
290,session_001_spin_0097,2,2026-09-18T18:02:17.062+00:00,CAR,0.55,,NEUTRAL,,,,V BLACKWING,650S SPIDER,,,,,0,1,SELL,1.0,SELL,1,65000,1.0,0
291,session_001_spin_0097,3,2026-09-18T18:02:17.062+00:00,CAR,0.78,,NEUTRAL,,2022,CT5,CADILLAC CT5 V,CADILLAC CT5 V,,,0,,0,1,SELL,1.0,SELL,1,45000,1.0,0
292,session_001_spin_0098,1,2026-09-18T18:02:26.686+00:00,CREDITS,1.0,,GREEN,25000,,,,,,,,,,,,,,0,,,
293,session_001_spin_0098,2,2026-09-18T18:02:26.688+00:00,CREDITS,1.0,,GREEN,20000,,,,,,,,,,,,,,0,,,
294,session_001_spin_0098,3,2026-09-18T18:02:26.688+00:00,CREDITS,0.99,,GREEN,5000,,,,,,,,,,,,,,0,,,
295,session_001_spin_0099,1,2026-09-18T18:02:31.990+00:00,CAR,0.78,,BLUE,,2015,CHEVROLET,CAMARO Z 28,CHEVY CAMARO 15,,,0,,0,1,SELL,1.0,SELL,1,32500,1.0,0
296,session_001_spin_0099,2,2026-09-18T18:02:31.990+00:00,CREDITS,1.0,,OTHER,15000,,,,,,,,,,,,,,0,,,
297,session_001_spin_0099,3,2026-09-18T18:02:31.990+00:00,CAR,0.78,,OTHER,,1997,HONDA,CIVIC TYPE R,HONDA CIVIC 97,,,0,,0,1,SELL,1.0,SELL,1,15000,1.0,0
298,session_001_spin_0100,1,2026-09-18T18:02:40.879+00:00,CREDITS,1.0,,OTHER,10000,,,,,,,,,,,,,,0,,,
299,session_001_spin_0100,2,2026-09-18T18:02:40.879+00:00,CREDITS,1.0,,NEUTRAL,50000,,,,,,,,,,,,,,0,,,
300,session_001_spin_0100,3,2026-09-18T18:02:40.879+00:00,CREDITS,1.0,,OTHER,45000,,,,,,,,,,,,,,0,,,
301,session_001_spin_0101,1,2026-09-18T18:02:46.426+00:00,CREDITS,1.0,,NEUTRAL,45000,,,,,,,,,,,,,,0,,,
302,session_001_spin_0101,2,2026-09-18T18:02:46.426+00:00,CREDITS,1.0,,NEUTRAL,20000,,,,,,,,,,,,,,0,,,
303,session_001_spin_0101,3,2026-09-18T18:02:46.426+00:00,CREDITS,1.0,,NEUTRAL,12000,,,,,,,,,,,,,,0,,,
304,session_001_spin_0102,1,2026-09-18T18:02:52.394+00:00,CREDITS,1.0,,BLUE,100000,,,,,,,,,,,,,,0,,,
305,session_001_spin_0102,2,2026-09-18T18:02:52.394+00:00,CREDITS,1.0,,BLUE,15000,,,,,,,,,,,,,,0,,,
306,session_001_spin_0102,3,2026-09-18T18:02:52.394+00:00,CREDITS,0.99,,BLUE,8000,,,,,,,,,,,,,,0,,,
307,session_001_spin_0103,1,2026-09-18T18:02:57.609+00:00,CREDITS,1.0,,OTHER,10000,,,,,,,,,,,,,,0,,,
308,session_001_spin_0103,2,2026-09-18T18:02:57.609+00:00,CAR,0.78,,OTHER,,1997,HONDA,CIVIC TYPE R,HONDA CIVIC 97,,,0,,0,1,SELL,1.0,SELL,1,15000,1.0,0
309,session_001_spin_0103,3,2026-09-18T18:02:57.609+00:00,CREDITS,1.0,,PURPLE,175000,,,,,,,,,,,,,,0,,,
310,session_001_spin_0104,1,2026-09-18T18:03:05.048+00:00,CAR,0.45,,NEUTRAL,,2013,MCLAREN,MCLAREN PL,MCLAREN PL,,,0,,0,1,SELL,1.0,SELL,1,775000,1.0,0
311,session_001_spin_0104,2,2026-09-18T18:03:05.048+00:00,CREDITS,1.0,,NEUTRAL,100000,,,,,,,,,,,,,,0,,,
312,session_001_spin_0104,3,2026-09-18T18:03:05.048+00:00,CREDITS,1.0,,NEUTRAL,15000,,,,,,,,,,,,,,0,,,
313,session_001_spin_0105,1,2026-09-18T18:03:12.591+00:00,CREDITS,1.0,,BLUE,95000,,,,,,,,,,,,,,0,,,
314,session_001_spin_0105,2,2026-09-18T18:03:12.591+00:00,CREDITS,1.0,,BLUE,940000,,,,,,,,,,,,,,0,,,
315,session_001_spin_0105,3,2026-09-18T18:03:12.591+00:00,CAR,0.78,,BLUE,,1999,FORD,RACING PUMA,FORD RACING PUMA,,,0,,0,1,SELL,1.0,SELL,1,15000,1.0,0
316,session_001_spin_0106,1,2026-09-18T18:03:19.856+00:00,CREDITS,1.0,,OTHER,15000,,,,,,,,,,,,,,0,,,
317,session_001_spin_0106,2,2026-09-18T18:03:19.856+00:00,CAR,0.78,,NEUTRAL,,1986,FORD,150 XLT LARIAT FORZA EDITIO STUNT SKILLS BOOST,FORD F 150 FE,,,0,,0,1,SELL,1.0,SELL,1,250000,1.0,0
318,session_001_spin_0106,3,2026-09-18T18:03:19.856+00:00,CAR,0.78,,NEUTRAL,,2019,TOYOTA,TACOMA TRD PRO,TOYOTA TACOMA,,,0,,0,1,SELL,1.0,SELL,1,17000,1.0,0
319,session_001_spin_0107,1,2026-09-18T18:03:28.848+00:00,CREDITS,1.0,,PURPLE,150000,,,,,,,,,,,,,,0,,,
320,session_001_spin_0107,2,2026-09-18T18:03:28.848+00:00,CREDITS,1.0,,PURPLE,35000,,,,,,,,,,,,,,0,,,
321,session_001_spin_0107,3,2026-09-18T18:03:28.848+00:00,CREDITS,1.0,,PURPLE,15000,,,,,,,,,,,,,,0,,,
322,session_001_spin_0108,1,2026-09-18T18:03:34.095+00:00,CREDITS,1.0,,BLUE,50000,,,,,,,,,,,,,,0,,,
323,session_001_spin_0108,2,2026-09-18T18:03:34.095+00:00,CREDITS,1.0,,BLUE,50000,,,,,,,,,,,,,,0,,,
324,session_001_spin_0108,3,2026-09-18T18:03:34.095+00:00,CAR,0.78,,OTHER,,1980,SUBARU,BRAT GL,SUBARU BRAT,,,0,,0,1,SELL,1.0,SELL,1,10000,1.0,0
325,session_001_spin_0109,1,2026-09-18T18:03:41.681+00:00,CREDITS,1.0,,GREEN,920000,,,,,,,,,,,,,,0,,,
326,session_001_spin_0109,2,2026-09-18T18:03:41.681+00:00,CAR,0.78,,GREEN,,1987,PONTIAC,FIREBIRD TRANS AM GTA,PONTIAC WA 87,,,0,,0,1,SELL,1.0,SELL,1,12500,1.0,0
327,session_001_spin_0109,3,2026-09-18T18:03:41.681+00:00,CREDITS,0.99,,GREEN,8000,,,,,,,,,,,,,,0,,,
328,session_001_spin_0110,1,2026-09-18T18:03:49.225+00:00,CREDITS,1.0,,ORANGE,95000,,,,,,,,,,,,,,0,,,
329,session_001_spin_0110,2,2026-09-18T18:03:49.225+00:00,CAR,0.78,,ORANGE,,2018,MERCEDES,AMG E 63 S,MERCEDES AMG E63,,,0,,0,1,SELL,1.0,SELL,1,31500,1.0,0
330,session_001_spin_0110,3,2026-09-18T18:03:49.225+00:00,CAR,0.78,,ORANGE,,1962,PEEL,P50,PEEL P50,,,0,,0,1,SELL,1.0,SELL,1,10500,1.0,0
331,session_001_spin_0111,1,2026-09-18T18:03:57.789+00:00,CREDITS,1.0,,OTHER,25000,,,,,,,,,,,,,,0,,,
332,session_001_spin_0111,2,2026-09-18T18:03:57.789+00:00,CREDITS,1.0,,OTHER,45000,,,,,,,,,,,,,,0,,,
333,session_001_spin_0111,3,2026-09-18T18:03:57.789+00:00,CREDITS,1.0,,OTHER,20000,,,,,,,,,,,,,,0,,,
334,session_001_spin_0112,1,2026-09-18T18:04:03.272+00:00,CREDITS,1.0,,OTHER,12000,,,,,,,,,,,,,,0,,,
335,session_001_spin_0112,2,2026-09-18T18:04:03.273+00:00,CREDITS,1.0,,NEUTRAL,80000,,,,,,,,,,,,,,0,,,
336,session_001_spin_0112,3,2026-09-18T18:04:03.273+00:00,CREDITS,1.0,,OTHER,15000,,,,,,,,,,,,,,0,,,
337,session_001_spin_0113,1,2026-09-18T18:04:08.863+00:00,CAR,0.78,,PURPLE,,1970,DODGE,CHALLENGER RIT,CHALLENGER 70,,,0,,0,1,SELL,1.0,SELL,1,262500,1.0,0
338,session_001_spin_0113,2,2026-09-18T18:04:08.863+00:00,CAR,0.78,,PURPLE,,2016,JEEP,TRAILCAT,JEEP TRAILCAT,,,0,,0,1,SELL,1.0,SELL,1,35000,1.0,0
339,session_001_spin_0113,3,2026-09-18T18:04:08.863+00:00,CREDITS,1.0,,OTHER,35000,,,,,,,,,,,,,,0,,,
340,session_001_spin_0114,1,2026-09-18T18:04:17.826+00:00,CAR,0.78,,BLUE,,2019,TOYOTA,TACOMA TRD PRO,TOYOTA TACOMA,,,0,,0,1,SELL,1.0,SELL,1,17000,1.0,0
341,session_001_spin_0114,2,2026-09-18T18:04:17.826+00:00,CAR,0.78,,OTHER,,1957,BMW,ISETTA 300 EXPORT,BMW SETTA,,,0,,0,1,SELL,1.0,SELL,1,42000,1.0,0
342,session_001_spin_0114,3,2026-09-18T18:04:17.826+00:00,CREDITS,1.0,,OTHER,15000,,,,,,,,,,,,,,0,,,
343,session_001_spin_0115,1,2026-09-18T18:04:27.353+00:00,CREDITS,1.0,,PURPLE,175000,,,,,,,,,,,,,,0,,,
344,session_001_spin_0115,2,2026-09-18T18:04:27.353+00:00,CREDITS,1.0,,PURPLE,150000,,,,,,,,,,,,,,0,,,
345,session_001_spin_0115,3,2026-09-18T18:04:27.353+00:00,OTHER,0.55,,OTHER,,,,,,,,,,,,,,,0,,,
346,session_001_spin_0116,1,2026-09-18T18:04:32.686+00:00,CAR,0.55,,NEUTRAL,,,,ALFA ROMEO 8C,ALFA ROMEO 8C,,,,,0,1,SELL,1.0,SELL,1,156000,1.0,0
347,session_001_spin_0116,2,2026-09-18T18:04:32.686+00:00,CREDITS,1.0,,NEUTRAL,35000,,,,,,,,,,,,,,0,,,
348,session_001_spin_0116,3,2026-09-18T18:04:32.686+00:00,CREDITS,1.0,,NEUTRAL,15000,,,,,,,,,,,,,,0,,,
349,session_001_spin_0117,1,2026-09-18T18:04:39.957+00:00,CAR,0.78,,PURPLE,,2005,BMW,M3,BMW M3 05,,,0,,0,1,SELL,1.0,SELL,1,17500,1.0,0
350,session_001_spin_0117,2,2026-09-18T18:04:39.957+00:00,CREDITS,1.0,,PURPLE,200000,,,,,,,,,,,,,,0,,,
351,session_001_spin_0117,3,2026-09-18T18:04:39.959+00:00,CREDITS,1.0,,PURPLE,45000,,,,,,,,,,,,,,0,,,
352,session_001_spin_0118,1,2026-09-18T18:04:47.429+00:00,CREDITS,1.0,,GREEN,95000,,,,,,,,,,,,,,0,,,
353,session_001_spin_0118,2,2026-09-18T18:04:47.429+00:00,CREDITS,1.0,,GREEN,925000,,,,,,,,,,,,,,0,,,
354,session_001_spin_0118,3,2026-09-18T18:04:47.429+00:00,CREDITS,1.0,,GREEN,40000,,,,,,,,,,,,,,0,,,
355,session_001_spin_0119,1,2026-09-18T18:04:52.983+00:00,CREDITS,1.0,,GREEN,10000,,,,,,,,,,,,,,0,,,
356,session_001_spin_0119,2,2026-09-18T18:04:52.983+00:00,CREDITS,1.0,,GREEN,95000,,,,,,,,,,,,,,0,,,
357,session_001_spin_0119,3,2026-09-18T18:04:52.983+00:00,CREDITS,1.0,,GREEN,20000,,,,,,,,,,,,,,0,,,
358,session_001_spin_0120,1,2026-09-18T18:04:58.343+00:00,CREDITS,1.0,,GREEN,920000,,,,,,,,,,,,,,0,,,
359,session_001_spin_0120,2,2026-09-18T18:04:58.343+00:00,CREDITS,1.0,,GREEN,45000,,,,,,,,,,,,,,0,,,
360,session_001_spin_0120,3,2026-09-18T18:04:58.343+00:00,CREDITS,0.99,,GREEN,5000,,,,,,,,,,,,,,0,,,
361,session_001_spin_0121,1,2026-09-18T18:05:03.461+00:00,CAR,0.78,,NEUTRAL,,2002,ACURA,RSX TYPE S,ACURA RSX,,,0,,0,1,SELL,1.0,SELL,1,9000,1.0,0
362,session_001_spin_0121,2,2026-09-18T18:05:03.461+00:00,CREDITS,1.0,,NEUTRAL,20000,,,,,,,,,,,,,,0,,,
363,session_001_spin_0121,3,2026-09-18T18:05:03.461+00:00,CREDITS,1.0,,NEUTRAL,45000,,,,,,,,,,,,,,0,,,
364,session_001_spin_0122,1,2026-09-18T18:05:10.851+00:00,CREDITS,1.0,,ORANGE,250000,,,,,,,,,,,,,,0,,,
365,session_001_spin_0122,2,2026-09-18T18:05:10.851+00:00,CAR,0.78,,ORANGE,,2008,BMW,M3,BMW M3 08,,,0,,0,1,SELL,1.0,SELL,1,21500,1.0,0
366,session_001_spin_0122,3,2026-09-18T18:05:10.851+00:00,CREDITS,1.0,,ORANGE,15000,,,,,,,,,,,,,,0,,,
367,session_001_spin_0123,1,2026-09-18T18:05:18.008+00:00,CREDITS,1.0,,NEUTRAL,20000,,,,,,,,,,,,,,0,,,
368,session_001_spin_0123,2,2026-09-18T18:05:18.008+00:00,CREDITS,1.0,,NEUTRAL,20000,,,,,,,,,,,,,,0,,,
369,session_001_spin_0123,3,2026-09-18T18:05:18.008+00:00,CREDITS,1.0,,NEUTRAL,15000,,,,,,,,,,,,,,0,,,
370,session_001_spin_0124,1,2026-09-18T18:05:23.652+00:00,CREDITS,1.0,,PURPLE,20000,,,,,,,,,,,,,,0,,,
371,session_001_spin_0124,2,2026-09-18T18:05:23.652+00:00,CREDITS,1.0,,PURPLE,80000,,,,,,,,,,,,,,0,,,
372,session_001_spin_0124,3,2026-09-18T18:05:23.652+00:00,CAR,0.78,,PURPLE,,2020,WULING,SUNSHINE S FORZA EDITION CREDITS BOOST,SUNSHINE FE,,,1,,0,1,SELL,1.0,SELL,1,250000,1.0,0
373,session_001_spin_0125,1,2026-09-18T18:05:31.021+00:00,CREDITS,1.0,,NEUTRAL,75000,,,,,,,,,,,,,,0,,,
374,session_001_spin_0125,2,2026-09-18T18:05:31.021+00:00,CREDITS,1.0,,NEUTRAL,150000,,,,,,,,,,,,,,0,,,
375,session_001_spin_0125,3,2026-09-18T18:05:31.021+00:00,CREDITS,1.0,,OTHER,45000,,,,,,,,,,,,,,0,,,
376,session_001_spin_0126,1,2026-09-18T18:05:36.726+00:00,CREDITS,1.0,,PURPLE,200000,,,,,,,,,,,,,,0,,,
377,session_001_spin_0126,2,2026-09-18T18:05:36.726+00:00,CAR,0.45,,PURPLE,,2015,AUDI,AUDI SL,AUDI SL,,,0,,0,1,SELL,1.0,SELL,1,10500,1.0,0
378,session_001_spin_0126,3,2026-09-18T18:05:36.726+00:00,CREDITS,1.0,,PURPLE,20000,,,,,,,,,,,,,,0,,,
379,session_001_spin_0127,1,2026-09-18T18:05:44.178+00:00,CREDITS,1.0,,ORANGE,250000,,,,,,,,,,,,,,0,,,
380,session_001_spin_0127,2,2026-09-18T18:05:44.178+00:00,CAR,0.45,,ORANGE,,2009,BMW,BMW M5 09,BMW M5 09,,,0,,0,1,SELL,1.0,SELL,1,27000,1.0,0
381,session_001_spin_0127,3,2026-09-18T18:05:44.178+00:00,CREDITS,1.0,,ORANGE,200000,,,,,,,,,,,,,,0,,,
382,session_001_spin_0128,1,2026-09-18T18:05:51.648+00:00,CREDITS,1.0,,PURPLE,15000,,,,,,,,,,,,,,0,,,
383,session_001_spin_0128,2,2026-09-18T18:05:51.648+00:00,CREDITS,1.0,,PURPLE,95000,,,,,,,,,,,,,,0,,,
384,session_001_spin_0128,3,2026-09-18T18:05:51.649+00:00,CAR,0.78,,PURPLE,,2018,MERCEDES,AMG E 63 S,MERCEDES AMG E63,,,0,,0,1,SELL,1.0,SELL,1,31500,1.0,0
385,session_001_spin_0129,1,2026-09-18T18:05:59.136+00:00,CREDITS,1.0,,OTHER,10000,,,,,,,,,,,,,,0,,,
386,session_001_spin_0129,2,2026-09-18T18:05:59.136+00:00,CREDITS,1.0,,OTHER,20000,,,,,,,,,,,,,,0,,,
387,session_001_spin_0129,3,2026-09-18T18:05:59.136+00:00,CREDITS,1.0,,OTHER,20000,,,,,,,,,,,,,,0,,,
388,session_001_spin_0130,1,2026-09-18T18:06:04.900+00:00,CREDITS,1.0,,GREEN,95000,,,,,,,,,,,,,,0,,,
389,session_001_spin_0130,2,2026-09-18T18:06:04.900+00:00,CREDITS,1.0,,GREEN,95000,,,,,,,,,,,,,,0,,,
390,session_001_spin_0130,3,2026-09-18T18:06:04.900+00:00,CAR,0.78,,GREEN,,2012,JEEP,WRANGLER RUBICON,JEEP WRANGLER,,,0,,0,1,SELL,1.0,SELL,1,8000,1.0,0
391,session_001_spin_0131,1,2026-09-18T18:06:12.416+00:00,CAR,0.45,,OTHER,,2003,HONDA,HONDA S2000,HONDA S2000,,,0,,0,1,SELL,1.0,SELL,1,27500,1.0,0
392,session_001_spin_0131,2,2026-09-18T18:06:12.416+00:00,CAR,0.78,,NEUTRAL,,2015,MERCEDES,AMG GTS,M B AMG GT,,,0,,0,1,SELL,1.0,SELL,1,45000,1.0,0
393,session_001_spin_0131,3,2026-09-18T18:06:12.416+00:00,CREDITS,1.0,,OTHER,10000,,,,,,,,,,,,,,0,,,
394,session_001_spin_0132,1,2026-09-18T18:06:21.039+00:00,CREDITS,1.0,,BLUE,50000,,,,,,,,,,,,,,0,,,
395,session_001_spin_0132,2,2026-09-18T18:06:21.039+00:00,CAR,0.78,,BLUE,,1969,CHEVROLET,CAMARO SUPER SPORT COUPE,CHEVY CAMARO 69,,,0,,0,1,SELL,1.0,SELL,1,37500,1.0,0
396,session_001_spin_0132,3,2026-09-18T18:06:21.039+00:00,CREDITS,1.0,,BLUE,15000,,,,,,,,,,,,,,0,,,
397,session_001_spin_0133,1,2026-09-18T18:06:28.308+00:00,CREDITS,1.0,,NEUTRAL,50000,,,,,,,,,,,,,,0,,,
398,session_001_spin_0133,2,2026-09-18T18:06:28.309+00:00,CREDITS,1.0,,NEUTRAL,15000,,,,,,,,,,,,,,0,,,
399,session_001_spin_0133,3,2026-09-18T18:06:28.309+00:00,CREDITS,1.0,,NEUTRAL,10000,,,,,,,,,,,,,,0,,,
400,session_001_spin_0134,1,2026-09-18T18:06:33.881+00:00,CREDITS,1.0,,NEUTRAL,75000,,,,,,,,,,,,,,0,,,
401,session_001_spin_0134,2,2026-09-18T18:06:33.881+00:00,CREDITS,1.0,,OTHER,10000,,,,,,,,,,,,,,0,,,
402,session_001_spin_0134,3,2026-09-18T18:06:33.881+00:00,CREDITS,1.0,,OTHER,20000,,,,,,,,,,,,,,0,,,
403,session_001_spin_0135,1,2026-09-18T18:06:39.459+00:00,CAR,0.55,,NEUTRAL,,,,HUMMER EV TRUCK,HUMMER EV TRUCK,,,,,0,1,SELL,1.0,SELL,1,47500,1.0,0
404,session_001_spin_0135,2,2026-09-18T18:06:39.459+00:00,CREDITS,1.0,,NEUTRAL,200000,,,,,,,,,,,,,,0,,,
405,session_001_spin_0135,3,2026-09-18T18:06:39.459+00:00,CREDITS,1.0,,NEUTRAL,200000,,,,,,,,,,,,,,0,,,
406,session_001_spin_0136,1,2026-09-18T18:06:46.691+00:00,CREDITS,1.0,,NEUTRAL,5000,,,,,,,,,,,,,,0,,,
407,session_001_spin_0136,2,2026-09-18T18:06:46.691+00:00,CREDITS,1.0,,NEUTRAL,150000,,,,,,,,,,,,,,0,,,
408,session_001_spin_0136,3,2026-09-18T18:06:46.691+00:00,CREDITS,1.0,,NEUTRAL,15000,,,,,,,,,,,,,,0,,,
409,session_001_spin_0137,1,2026-09-18T18:06:52.392+00:00,CAR,0.78,,PURPLE,,2019,CHEVROLET,CORVETTE ZRI,CORVETTE 19,,,0,,0,1,SELL,1.0,SELL,1,125000,1.0,0
410,session_001_spin_0137,2,2026-09-18T18:06:52.392+00:00,CAR,0.78,,OTHER,,2002,NISSAN,SILVIA SPEC R,NISSAN SILVIA 02,,,0,,0,1,SELL,1.0,SELL,1,22000,1.0,0
411,session_001_spin_0137,3,2026-09-18T18:06:52.392+00:00,CREDITS,1.0,,OTHER,20000,,,,,,,,,,,,,,0,,,
412,session_001_spin_0138,1,2026-09-18T18:07:01.254+00:00,CREDITS,1.0,,NEUTRAL,10000,,,,,,,,,,,,,,0,,,
413,session_001_spin_0138,2,2026-09-18T18:07:01.254+00:00,CREDITS,1.0,,NEUTRAL,40000,,,,,,,,,,,,,,0,,,
414,session_001_spin_0138,3,2026-09-18T18:07:01.254+00:00,CREDITS,1.0,,NEUTRAL,15000,,,,,,,,,,,,,,0,,,
415,session_001_spin_0139,1,2026-09-18T18:07:06.598+00:00,CREDITS,1.0,,NEUTRAL,50000,,,,,,,,,,,,,,0,,,
416,session_001_spin_0139,2,2026-09-18T18:07:06.598+00:00,CREDITS,1.0,,NEUTRAL,25000,,,,,,,,,,,,,,0,,,
417,session_001_spin_0139,3,2026-09-18T18:07:06.598+00:00,CREDITS,1.0,,NEUTRAL,250000,,,,,,,,,,,,,,0,,,
418,session_001_spin_0140,1,2026-09-18T18:07:12.188+00:00,CREDITS,1.0,,OTHER,20000,,,,,,,,,,,,,,0,,,
419,session_001_spin_0140,2,2026-09-18T18:07:12.188+00:00,CREDITS,1.0,,OTHER,15000,,,,,,,,,,,,,,0,,,
420,session_001_spin_0140,3,2026-09-18T18:07:12.188+00:00,CAR,0.78,,NEUTRAL,,1951,CHEVROLET,BEI AIR,CHEVY BEL AIR,,,0,,0,1,SELL,1.0,SELL,1,34500,1.0,0
421,session_001_spin_0141,1,2026-09-18T18:07:19.175+00:00,CREDITS,1.0,,NEUTRAL,10000,,,,,,,,,,,,,,0,,,
422,session_001_spin_0141,2,2026-09-18T18:07:19.175+00:00,CREDITS,1.0,,NEUTRAL,12000,,,,,,,,,,,,,,0,,,
423,session_001_spin_0141,3,2026-09-18T18:07:19.175+00:00,CAR,0.55,,NEUTRAL,,,,SUBARU WRX 15,SUBARU WRX 15,,,,,0,1,SELL,1.0,SELL,1,13500,1.0,0
424,session_001_spin_0142,1,2026-09-18T18:07:26.402+00:00,CREDITS,1.0,,OTHER,10000,,,,,,,,,,,,,,0,,,
425,session_001_spin_0142,2,2026-09-18T18:07:26.402+00:00,CREDITS,1.0,,OTHER,20000,,,,,,,,,,,,,,0,,,
426,session_001_spin_0142,3,2026-09-18T18:07:26.402+00:00,CREDITS,1.0,,NEUTRAL,50000,,,,,,,,,,,,,,0,,,
427,session_001_spin_0143,1,2026-09-18T18:07:31.902+00:00,CREDITS,1.0,,OTHER,250000,,,,,,,,,,,,,,0,,,
428,session_001_spin_0143,2,2026-09-18T18:07:31.902+00:00,CREDITS,1.0,,OTHER,10000,,,,,,,,,,,,,,0,,,
429,session_001_spin_0143,3,2026-09-18T18:07:31.902+00:00,CREDITS,1.0,,OTHER,100000,,,,,,,,,,,,,,0,,,
430,session_001_spin_0144,1,2026-09-18T18:07:37.285+00:00,CREDITS,1.0,,BLUE,95000,,,,,,,,,,,,,,0,,,
431,session_001_spin_0144,2,2026-09-18T18:07:37.285+00:00,CAR,0.78,,BLUE,,1972,RELIANT,SUPERVAN ILL,RELIANT SUPERVAN,,,0,,0,1,SELL,1.0,SELL,1,19500,1.0,0
432,session_001_spin_0144,3,2026-09-18T18:07:37.285+00:00,CREDITS,1.0,,BLUE,80000,,,,,,,,,,,,,,0,,,
433,session_001_spin_0145,1,2026-09-18T18:07:44.743+00:00,CREDITS,1.0,,BLUE,45000,,,,,,,,,,,,,,0,,,
434,session_001_spin_0145,2,2026-09-18T18:07:44.743+00:00,CREDITS,1.0,,BLUE,50000,,,,,,,,,,,,,,0,,,
435,session_001_spin_0145,3,2026-09-18T18:07:44.743+00:00,CREDITS,0.99,,BLUE,5000,,,,,,,,,,,,,,0,,,
436,session_001_spin_0146,1,2026-09-18T18:07:49.594+00:00,CREDITS,1.0,,NEUTRAL,75000,,,,,,,,,,,,,,0,,,
437,session_001_spin_0146,2,2026-09-18T18:07:49.594+00:00,CREDITS,1.0,,NEUTRAL,80000,,,,,,,,,,,,,,0,,,
438,session_001_spin_0146,3,2026-09-18T18:07:49.595+00:00,CREDITS,1.0,,NEUTRAL,35000,,,,,,,,,,,,,,0,,,
439,session_001_spin_0147,1,2026-09-18T18:07:55.201+00:00,CAR,0.55,,NEUTRAL,,,,CHEVY IMPALA,CHEVY IMPALA,,,,,0,1,SELL,1.0,SELL,1,35000,1.0,0
440,session_001_spin_0147,2,2026-09-18T18:07:55.201+00:00,CREDITS,1.0,,NEUTRAL,5000,,,,,,,,,,,,,,0,,,
441,session_001_spin_0147,3,2026-09-18T18:07:55.201+00:00,CREDITS,1.0,,NEUTRAL,25000,,,,,,,,,,,,,,0,,,
442,session_001_spin_0148,1,2026-09-18T18:08:02.679+00:00,CAR,0.78,,PURPLE,,2020,FORD,I F 450 DRW PLATINUM FO DESTRUCTION SKILLS BOOST,FORD F 450 FE,,,0,,0,1,SELL,1.0,SELL,1,250000,1.0,0
443,session_001_spin_0148,2,2026-09-18T18:08:02.679+00:00,CREDITS,1.0,,OTHER,10000,,,,,,,,,,,,,,0,,,
444,session_001_spin_0148,3,2026-09-18T18:08:02.679+00:00,CAR,0.78,,OTHER,,2022,LAMBORGHINI,HURACAN TECNICA,HURACAN TECNICA,,,0,,1,1,SELL,1.0,SELL,1,182500,1.0,1
445,session_001_spin_0149,1,2026-09-18T18:08:11.909+00:00,CAR,0.45,,PURPLE,,2017,FORD,FORD GT 17,FORD GT 17,,,0,,0,1,SELL,1.0,SELL,1,250000,1.0,0
446,session_001_spin_0149,2,2026-09-18T18:08:11.909+00:00,CREDITS,1.0,,PURPLE,95000,,,,,,,,,,,,,,0,,,
447,session_001_spin_0149,3,2026-09-18T18:08:11.909+00:00,CREDITS,1.0,,PURPLE,10000,,,,,,,,,,,,,,0,,,
448,session_001_spin_0150,1,2026-09-18T18:08:19.306+00:00,CREDITS,1.0,,BLUE,35000,,,,,,,,,,,,,,0,,,
449,session_001_spin_0150,2,2026-09-18T18:08:19.306+00:00,CAR,0.78,,BLUE,,1970,DATSUN,510,DATSUN 510,,,0,,0,1,SELL,1.0,SELL,1,43000,1.0,0
450,session_001_spin_0150,3,2026-09-18T18:08:19.306+00:00,CAR,0.78,,BLUE,,2020,AUDI,RS 3 SEDAN,AUDI RS 3 20,,,0,,0,1,SELL,1.0,SELL,1,26000,1.0,0
451,session_001_spin_0151,1,2026-09-18T18:08:27.875+00:00,CREDITS,1.0,,NEUTRAL,15000,,,,,,,,,,,,,,0,,,
452,session_001_spin_0151,2,2026-09-18T18:08:27.875+00:00,CREDITS,1.0,,NEUTRAL,15000,,,,,,,,,,,,,,0,,,
453,session_001_spin_0151,3,2026-09-18T18:08:27.875+00:00,CREDITS,1.0,,NEUTRAL,15000,,,,,,,,,,,,,,0,,,
454,session_001_spin_0152,1,2026-09-18T18:08:33.409+00:00,CAR,0.55,,NEUTRAL,,,,911 GT3 RS 19,911 GT3 RS 19,,,,,0,1,SELL,1.0,SELL,1,125000,1.0,0
455,session_001_spin_0152,2,2026-09-18T18:08:33.409+00:00,OTHER,0.55,,NEUTRAL,,,,,,,,,,,,,,,0,,,
456,session_001_spin_0152,3,2026-09-18T18:08:33.409+00:00,CREDITS,1.0,,NEUTRAL,8000,,,,,,,,,,,,,,0,,,
457,session_001_spin_0153,1,2026-09-18T18:08:40.957+00:00,CREDITS,1.0,,GREEN,25000,,,,,,,,,,,,,,0,,,
458,session_001_spin_0153,2,2026-09-18T18:08:40.957+00:00,CREDITS,1.0,,GREEN,12000,,,,,,,,,,,,,,0,,,
459,session_001_spin_0153,3,2026-09-18T18:08:40.957+00:00,CAR,0.78,,GREEN,,2018,JEEP,GRAND CHEROKEE TRACKHAW,JEEP TRACKHAWK,,,0,,0,1,SELL,1.0,SELL,1,36000,1.0,0
460,session_001_spin_0154,1,2026-09-18T18:08:48.305+00:00,CAR,0.78,,OTHER,,2008,BMW,M3,BMW M3 08,,,0,,0,1,SELL,1.0,SELL,1,21500,1.0,0
461,session_001_spin_0154,2,2026-09-18T18:08:48.305+00:00,CREDITS,1.0,,OTHER,40000,,,,,,,,,,,,,,0,,,
462,session_001_spin_0154,3,2026-09-18T18:08:48.305+00:00,CREDITS,1.0,,OTHER,20000,,,,,,,,,,,,,,0,,,
463,session_001_spin_0155,1,2026-09-18T18:08:55.420+00:00,CREDITS,1.0,,NEUTRAL,15000,,,,,,,,,,,,,,0,,,
464,session_001_spin_0155,2,2026-09-18T18:08:55.420+00:00,CREDITS,1.0,,NEUTRAL,150000,,,,,,,,,,,,,,0,,,
465,session_001_spin_0155,3,2026-09-18T18:08:55.420+00:00,CREDITS,1.0,,NEUTRAL,15000,,,,,,,,,,,,,,0,,,
466,session_001_spin_0156,1,2026-09-18T18:09:01.076+00:00,CREDITS,1.0,,OTHER,20000,,,,,,,,,,,,,,0,,,
467,session_001_spin_0156,2,2026-09-18T18:09:01.076+00:00,CAR,0.78,,NEUTRAL,,2023,PORSCHE,911 GT3 RS,P 911 GT3 RS 23,,,0,,0,1,SELL,1.0,SELL,1,212000,1.0,0
468,session_001_spin_0156,3,2026-09-18T18:09:01.076+00:00,CREDITS,1.0,,OTHER,20000,,,,,,,,,,,,,,0,,,
469,session_001_spin_0157,1,2026-09-18T18:09:08.312+00:00,CREDITS,1.0,,NEUTRAL,250000,,,,,,,,,,,,,,0,,,
470,session_001_spin_0157,2,2026-09-18T18:09:08.312+00:00,CREDITS,1.0,,NEUTRAL,45000,,,,,,,,,,,,,,0,,,
471,session_001_spin_0157,3,2026-09-18T18:09:08.312+00:00,CREDITS,1.0,,NEUTRAL,40000,,,,,,,,,,,,,,0,,,
472,session_001_spin_0158,1,2026-09-18T18:09:13.871+00:00,CAR,0.78,,NEUTRAL,,2011,MAZDA,RX 8 R3,MAZDA RX 8,,,0,,0,1,SELL,1.0,SELL,1,16500,1.0,0
473,session_001_spin_0158,2,2026-09-18T18:09:13.871+00:00,CREDITS,1.0,,NEUTRAL,50000,,,,,,,,,,,,,,0,,,
474,session_001_spin_0158,3,2026-09-18T18:09:13.871+00:00,CREDITS,1.0,,OTHER,15000,,,,,,,,,,,,,,0,,,
475,session_001_spin_0159,1,2026-09-18T18:09:21.767+00:00,CREDITS,1.0,,PURPLE,150000,,,,,,,,,,,,,,0,,,
476,session_001_spin_0159,2,2026-09-18T18:09:21.767+00:00,CREDITS,1.0,,PURPLE,200000,,,,,,,,,,,,,,0,,,
477,session_001_spin_0159,3,2026-09-18T18:09:21.768+00:00,CREDITS,0.99,,PURPLE,5000,,,,,,,,,,,,,,0,,,
478,session_001_spin_0160,1,2026-09-18T18:09:27.152+00:00,CREDITS,1.0,,PURPLE,175000,,,,,,,,,,,,,,0,,,
479,session_001_spin_0160,2,2026-09-18T18:09:27.152+00:00,CREDITS,1.0,,OTHER,10000,,,,,,,,,,,,,,0,,,
480,session_001_spin_0160,3,2026-09-18T18:09:27.153+00:00,CREDITS,1.0,,PURPLE,200000,,,,,,,,,,,,,,0,,,
481,session_001_spin_0161,1,2026-09-18T18:09:32.443+00:00,CREDITS,1.0,,NEUTRAL,10000,,,,,,,,,,,,,,0,,,
482,session_001_spin_0161,2,2026-09-18T18:09:32.443+00:00,CAR,0.55,,NEUTRAL,,,,FERRARI 430 S,FERRARI 430 S,,,,,0,1,SELL,1.0,SELL,1,177500,1.0,0
483,session_001_spin_0161,3,2026-09-18T18:09:32.443+00:00,CAR,0.55,,NEUTRAL,,,,SPORTS 800 65,SPORTS 800 65,,,,,0,1,SELL,1.0,SELL,1,125000,1.0,0
484,session_001_spin_0162,1,2026-09-18T18:09:41.372+00:00,CREDITS,1.0,,ORANGE,920000,,,,,,,,,,,,,,0,,,
485,session_001_spin_0162,2,2026-09-18T18:09:41.372+00:00,CREDITS,1.0,,ORANGE,250000,,,,,,,,,,,,,,0,,,
486,session_001_spin_0162,3,2026-09-18T18:09:41.372+00:00,CREDITS,0.99,,GREEN,8000,,,,,,,,,,,,,,0,,,
487,session_001_spin_0163,1,2026-09-18T18:09:46.781+00:00,CAR,0.78,,BLUE,,2005,MAZDA,MAZDASPEED MX 5,MAZDA MX 5 05,,,0,,0,1,SELL,1.0,SELL,1,10500,1.0,0
488,session_001_spin_0163,2,2026-09-18T18:09:46.781+00:00,CAR,0.78,,BLUE,,1997,TOYOTA,SOARER 2 5 GT T,SOARER 97,,,0,,0,1,SELL,1.0,SELL,1,9000,1.0,0
489,session_001_spin_0163,3,2026-09-18T18:09:46.781+00:00,CREDITS,1.0,,BLUE,20000,,,,,,,,,,,,,,0,,,
490,session_001_spin_0164,1,2026-09-18T18:09:55.961+00:00,CREDITS,1.0,,PURPLE,200000,,,,,,,,,,,,,,0,,,
491,session_001_spin_0164,2,2026-09-18T18:09:55.961+00:00,CREDITS,1.0,,OTHER,15000,,,,,,,,,,,,,,0,,,
492,session_001_spin_0164,3,2026-09-18T18:09:55.961+00:00,CREDITS,1.0,,OTHER,10000,,,,,,,,,,,,,,0,,,
493,session_001_spin_0165,1,2026-09-18T18:10:01.564+00:00,CREDITS,1.0,,OTHER,20000,,,,,,,,,,,,,,0,,,
494,session_001_spin_0165,2,2026-09-18T18:10:01.564+00:00,CREDITS,1.0,,OTHER,10000,,,,,,,,,,,,,,0,,,
495,session_001_spin_0165,3,2026-09-18T18:10:01.564+00:00,CAR,0.78,,PURPLE,,1989,FORMULA,DRIFT 98 BMW 325I,98 BMW 325I,,,0,,0,1,SELL,1.0,SELL,1,75000,1.0,0
496,session_001_spin_0166,1,2026-09-18T18:10:08.969+00:00,CREDITS,1.0,,PURPLE,15000,,,,,,,,,,,,,,0,,,
497,session_001_spin_0166,2,2026-09-18T18:10:08.969+00:00,CREDITS,1.0,,PURPLE,200000,,,,,,,,,,,,,,0,,,
498,session_001_spin_0166,3,2026-09-18T18:10:08.969+00:00,CREDITS,1.0,,PURPLE,75000,,,,,,,,,,,,,,0,,,
499,session_001_spin_0167,1,2026-09-18T18:10:14.689+00:00,CAR,0.78,,GREEN,,1932,FORD,E LUXE FIVE WINDOW COUPT,FORD COUPE 32,,,0,,0,1,SELL,1.0,SELL,1,18000,1.0,0
500,session_001_spin_0167,2,2026-09-18T18:10:14.690+00:00,CREDITS,1.0,,GREEN,95000,,,,,,,,,,,,,,0,,,
501,session_001_spin_0167,3,2026-09-18T18:10:14.690+00:00,CREDITS,1.0,,GREEN,10000,,,,,,,,,,,,,,0,,,
502,session_001_spin_0168,1,2026-09-18T18:10:22.180+00:00,CREDITS,1.0,,PURPLE,45000,,,,,,,,,,,,,,0,,,
503,session_001_spin_0168,2,2026-09-18T18:10:22.180+00:00,CREDITS,1.0,,PURPLE,200000,,,,,,,,,,,,,,0,,,
504,session_001_spin_0168,3,2026-09-18T18:10:22.180+00:00,CREDITS,1.0,,PURPLE,20000,,,,,,,,,,,,,,0,,,
505,session_001_spin_0169,1,2026-09-18T18:10:27.495+00:00,CREDITS,1.0,,OTHER,10000,,,,,,,,,,,,,,0,,,
506,session_001_spin_0169,2,2026-09-18T18:10:27.495+00:00,CAR,0.78,,PURPLE,,2023,FORMULA,DRIFT 64 FORSBERG RACING NISSAN,64 NISSAN Z,,,0,,0,1,SELL,1.0,SELL,1,100000,1.0,0
507,session_001_spin_0169,3,2026-09-18T18:10:27.495+00:00,CREDITS,1.0,,OTHER,20000,,,,,,,,,,,,,,0,,,
508,session_001_spin_0170,1,2026-09-18T18:10:35.196+00:00,CAR,0.78,,BLUE,,2016,JEEP,TRAILCAT,JEEP TRAILCAT,,,0,,0,1,SELL,1.0,SELL,1,35000,1.0,0
509,session_001_spin_0170,2,2026-09-18T18:10:35.196+00:00,CREDITS,1.0,,PURPLE,175000,,,,,,,,,,,,,,0,,,
510,session_001_spin_0170,3,2026-09-18T18:10:35.196+00:00,CREDITS,1.0,,OTHER,25000,,,,,,,,,,,,,,0,,,
511,session_001_spin_0171,1,2026-09-18T18:10:42.944+00:00,CREDITS,1.0,,GREEN,15000,,,,,,,,,,,,,,0,,,
512,session_001_spin_0171,2,2026-09-18T18:10:42.944+00:00,CREDITS,1.0,,GREEN,20000,,,,,,,,,,,,,,0,,,
513,session_001_spin_0171,3,2026-09-18T18:10:42.944+00:00,CREDITS,0.99,,GREEN,5000,,,,,,,,,,,,,,0,,,
514,session_001_spin_0172,1,2026-09-18T18:10:48.145+00:00,CREDITS,1.0,,NEUTRAL,100000,,,,,,,,,,,,,,0,,,
515,session_001_spin_0172,2,2026-09-18T18:10:48.145+00:00,CAR,0.78,,NEUTRAL,,1977,PONTIAC,FIREBIRD TRANS AM,PONTIAC WA 77,,,0,,0,1,SELL,1.0,SELL,1,30000,1.0,0
516,session_001_spin_0172,3,2026-09-18T18:10:48.145+00:00,CREDITS,1.0,,NEUTRAL,100000,,,,,,,,,,,,,,0,,,
517,session_001_spin_0173,1,2026-09-18T18:10:54.994+00:00,CREDITS,1.0,,NEUTRAL,150000,,,,,,,,,,,,,,0,,,
518,session_001_spin_0173,2,2026-09-18T18:10:54.994+00:00,CREDITS,1.0,,NEUTRAL,35000,,,,,,,,,,,,,,0,,,
519,session_001_spin_0173,3,2026-09-18T18:10:54.994+00:00,CREDITS,1.0,,NEUTRAL,50000,,,,,,,,,,,,,,0,,,
520,session_001_spin_0174,1,2026-09-18T18:11:00.631+00:00,CAR,0.78,,OTHER,,2016,ASTON,MARTIN VULCAN,AM VULCAN,,,0,,0,1,SELL,1.0,SELL,1,1150000,1.0,0
521,session_001_spin_0174,2,2026-09-18T18:11:00.633+00:00,CAR,0.78,,OTHER,,1988,CHEVROLET,MONTE CARLO SUPER SPORT,CHEVY MONTECARLO,,,0,,0,1,SELL,1.0,SELL,1,15000,1.0,0
522,session_001_spin_0174,3,2026-09-18T18:11:00.633+00:00,CREDITS,1.0,,OTHER,20000,,,,,,,,,,,,,,0,,,
523,session_001_spin_0175,1,2026-09-18T18:11:09.641+00:00,CAR,0.78,,NEUTRAL,,2013,VERCEDES,BENZ A 45 AMG,M B A45,,,0,,0,1,SELL,1.0,SELL,1,12500,1.0,0
524,session_001_spin_0175,2,2026-09-18T18:11:09.641+00:00,CREDITS,1.0,,NEUTRAL,12000,,,,,,,,,,,,,,0,,,
525,session_001_spin_0175,3,2026-09-18T18:11:09.641+00:00,CREDITS,1.0,,NEUTRAL,20000,,,,,,,,,,,,,,0,,,
526,session_001_spin_0176,1,2026-09-18T18:11:17.131+00:00,CREDITS,1.0,,ORANGE,95000,,,,,,,,,,,,,,0,,,
527,session_001_spin_0176,2,2026-09-18T18:11:17.131+00:00,CREDITS,1.0,,ORANGE,15000,,,,,,,,,,,,,,0,,,
528,session_001_spin_0176,3,2026-09-18T18:11:17.131+00:00,CREDITS,1.0,,ORANGE,250000,,,,,,,,,,,,,,0,,,
529,session_001_spin_0177,1,2026-09-18T18:11:22.208+00:00,CREDITS,1.0,,NEUTRAL,20000,,,,,,,,,,,,,,0,,,
530,session_001_spin_0177,2,2026-09-18T18:11:22.208+00:00,CREDITS,1.0,,NEUTRAL,10000,,,,,,,,,,,,,,0,,,
531,session_001_spin_0177,3,2026-09-18T18:11:22.208+00:00,CAR,0.78,,NEUTRAL,,2022,CT5,V BLACKWING,CADILLAC CT5 V,,,0,,0,1,SELL,1.0,SELL,1,45000,1.0,0
532,session_001_spin_0178,1,2026-09-18T18:11:29.506+00:00,CAR,0.78,,NEUTRAL,,2014,FORD,V LIMITED EDITION PURSUIT U,FORD UTE 14,,,0,,0,1,SELL,1.0,SELL,1,20000,1.0,0
533,session_001_spin_0178,2,2026-09-18T18:11:29.506+00:00,CREDITS,1.0,,NEUTRAL,15000,,,,,,,,,,,,,,0,,,
534,session_001_spin_0178,3,2026-09-18T18:11:29.506+00:00,CREDITS,1.0,,NEUTRAL,50000,,,,,,,,,,,,,,0,,,
535,session_001_spin_0179,1,2026-09-18T18:11:36.725+00:00,CREDITS,1.0,,OTHER,45000,,,,,,,,,,,,,,0,,,
536,session_001_spin_0179,2,2026-09-18T18:11:36.725+00:00,CAR,0.78,,NEUTRAL,,2012,NISSAN,BLACK EDITION 835 FORZA E SPEED SKILLS BOOST,GT R FE 12,,,0,,0,1,SELL,1.0,SELL,1,375000,1.0,0
537,session_001_spin_0179,3,2026-09-18T18:11:36.725+00:00,CREDITS,1.0,,OTHER,20000,,,,,,,,,,,,,,0,,,
538,session_001_spin_0180,1,2026-09-18T18:11:44.191+00:00,CREDITS,1.0,,NEUTRAL,15000,,,,,,,,,,,,,,0,,,
539,session_001_spin_0180,2,2026-09-18T18:11:44.191+00:00,CAR,0.55,,NEUTRAL,,,,AUDI RS 4 01,AUDI RS 4 01,,,,,0,1,SELL,1.0,SELL,1,87500,1.0,0
540,session_001_spin_0180,3,2026-09-18T18:11:44.191+00:00,CREDITS,1.0,,NEUTRAL,10000,,,,,,,,,,,,,,0,,,
541,session_001_spin_0181,1,2026-09-18T18:11:51.492+00:00,CREDITS,1.0,,ORANGE,250000,,,,,,,,,,,,,,0,,,
542,session_001_spin_0181,2,2026-09-18T18:11:51.492+00:00,CAR,0.45,,ORANGE,,2015,AUDI,AUDI SL,AUDI SL,,,0,,0,1,SELL,1.0,SELL,1,10500,1.0,0
543,session_001_spin_0181,3,2026-09-18T18:11:51.492+00:00,CREDITS,1.0,,ORANGE,45000,,,,,,,,,,,,,,0,,,
544,session_001_spin_0182,1,2026-09-18T18:11:58.113+00:00,CREDITS,1.0,,OTHER,15000,,,,,,,,,,,,,,0,,,
545,session_001_spin_0182,2,2026-09-18T18:11:58.113+00:00,CREDITS,1.0,,OTHER,20000,,,,,,,,,,,,,,0,,,
546,session_001_spin_0182,3,2026-09-18T18:11:58.113+00:00,CREDITS,1.0,,BLUE,50000,,,,,,,,,,,,,,0,,,
547,session_001_spin_0183,1,2026-09-18T18:12:03.505+00:00,CREDITS,1.0,,BLUE,95000,,,,,,,,,,,,,,0,,,
548,session_001_spin_0183,2,2026-09-18T18:12:03.505+00:00,CREDITS,1.0,,BLUE,15000,,,,,,,,,,,,,,0,,,
549,session_001_spin_0183,3,2026-09-18T18:12:03.505+00:00,CREDITS,1.0,,BLUE,50000,,,,,,,,,,,,,,0,,,
550,session_001_spin_0184,1,2026-09-18T18:12:08.588+00:00,CREDITS,1.0,,OTHER,15000,,,,,,,,,,,,,,0,,,
551,session_001_spin_0184,2,2026-09-18T18:12:08.588+00:00,CREDITS,1.0,,NEUTRAL,100000,,,,,,,,,,,,,,0,,,
552,session_001_spin_0184,3,2026-09-18T18:12:08.588+00:00,CREDITS,1.0,,OTHER,40000,,,,,,,,,,,,,,0,,,
553,session_001_spin_0185,1,2026-09-18T18:12:14.100+00:00,CREDITS,1.0,,PURPLE,95000,,,,,,,,,,,,,,0,,,
554,session_001_spin_0185,2,2026-09-18T18:12:14.100+00:00,CREDITS,1.0,,PURPLE,150000,,,,,,,,,,,,,,0,,,
555,session_001_spin_0185,3,2026-09-18T18:12:14.100+00:00,CAR,0.78,,PURPLE,,1980,ABARTH,FIAT 131,ABARTH 131,,,0,,0,1,SELL,1.0,SELL,1,62500,1.0,0
556,session_001_spin_0186,1,2026-09-18T18:12:21.604+00:00,CREDITS,1.0,,PURPLE,150000,,,,,,,,,,,,,,0,,,
557,session_001_spin_0186,2,2026-09-18T18:12:21.604+00:00,CREDITS,1.0,,PURPLE,95000,,,,,,,,,,,,,,0,,,
558,session_001_spin_0186,3,2026-09-18T18:12:21.604+00:00,CREDITS,1.0,,PURPLE,15000,,,,,,,,,,,,,,0,,,
559,session_001_spin_0187,1,2026-09-18T18:12:26.620+00:00,CAR,0.78,,BLUE,,2000,NISSAN,SKYLINE GT R VSPEC II,SKYLINE GT R 00,,,0,,0,1,SELL,1.0,SELL,1,100000,1.0,0
560,session_001_spin_0187,2,2026-09-18T18:12:26.620+00:00,CREDITS,1.0,,BLUE,15000,,,,,,,,,,,,,,0,,,
561,session_001_spin_0187,3,2026-09-18T18:12:26.620+00:00,CREDITS,1.0,,BLUE,100000,,,,,,,,,,,,,,0,,,
562,session_001_spin_0188,1,2026-09-18T18:12:33.270+00:00,CREDITS,1.0,,NEUTRAL,15000,,,,,,,,,,,,,,0,,,
563,session_001_spin_0188,2,2026-09-18T18:12:33.270+00:00,CREDITS,1.0,,NEUTRAL,10000,,,,,,,,,,,,,,0,,,
564,session_001_spin_0188,3,2026-09-18T18:12:33.270+00:00,CREDITS,1.0,,NEUTRAL,45000,,,,,,,,,,,,,,0,,,
565,session_001_spin_0189,1,2026-09-18T18:12:39.035+00:00,CREDITS,0.99,,PURPLE,5000,,,,,,,,,,,,,,0,,,
566,session_001_spin_0189,2,2026-09-18T18:12:39.035+00:00,CREDITS,1.0,,PURPLE,200000,,,,,,,,,,,,,,0,,,
567,session_001_spin_0189,3,2026-09-18T18:12:39.036+00:00,CREDITS,0.99,,PURPLE,5000,,,,,,,,,,,,,,0,,,
568,session_001_spin_0190,1,2026-09-18T18:12:44.152+00:00,CREDITS,1.0,,OTHER,20000,,,,,,,,,,,,,,0,,,
569,session_001_spin_0190,2,2026-09-18T18:12:44.152+00:00,CAR,0.78,,NEUTRAL,,2019,PORSCHE,911 CARRERA S,PORSCHE 911 19,,,0,,0,1,SELL,1.0,SELL,1,72500,1.0,0
570,session_001_spin_0190,3,2026-09-18T18:12:44.152+00:00,CAR,0.78,,NEUTRAL,,2018,FORD,MUSTANG RTR SPEC 5,FORD MUSTANG S5,,,0,,0,1,SELL,1.0,SELL,1,17500,1.0,0
571,session_001_spin_0191,1,2026-09-18T18:12:53.265+00:00,CAR,0.78,,OTHER,,1994,NISSAN,SILVIA K S,SILVIA 94,,,0,,0,1,SELL,1.0,SELL,1,10000,1.0,0
572,session_001_spin_0191,2,2026-09-18T18:12:53.265+00:00,CREDITS,1.0,,OTHER,15000,,,,,,,,,,,,,,0,,,
573,session_001_spin_0191,3,2026-09-18T18:12:53.265+00:00,CREDITS,1.0,,OTHER,15000,,,,,,,,,,,,,,0,,,
574,session_001_spin_0192,1,2026-09-18T18:13:00.786+00:00,OTHER,0.55,,OTHER,,,,,,,,,,,,,,,0,,,
575,session_001_spin_0192,2,2026-09-18T18:13:00.786+00:00,CREDITS,1.0,,OTHER,20000,,,,,,,,,,,,,,0,,,
576,session_001_spin_0192,3,2026-09-18T18:13:00.786+00:00,CREDITS,1.0,,OTHER,20000,,,,,,,,,,,,,,0,,,
577,session_001_spin_0193,1,2026-09-18T18:13:06.125+00:00,CREDITS,1.0,,OTHER,10000,,,,,,,,,,,,,,0,,,
578,session_001_spin_0193,2,2026-09-18T18:13:06.125+00:00,CREDITS,1.0,,PURPLE,175000,,,,,,,,,,,,,,0,,,
579,session_001_spin_0193,3,2026-09-18T18:13:06.125+00:00,OTHER,0.55,,PURPLE,,,,,,,,,,,,,,,0,,,
580,session_001_spin_0194,1,2026-09-18T18:13:11.637+00:00,CREDITS,1.0,,GREEN,25000,,,,,,,,,,,,,,0,,,
581,session_001_spin_0194,2,2026-09-18T18:13:11.637+00:00,CREDITS,1.0,,GREEN,940000,,,,,,,,,,,,,,0,,,
582,session_001_spin_0194,3,2026-09-18T18:13:11.638+00:00,CREDITS,0.99,,GREEN,5000,,,,,,,,,,,,,,0,,,
583,session_001_spin_0195,1,2026-09-18T18:13:16.759+00:00,CREDITS,1.0,,NEUTRAL,20000,,,,,,,,,,,,,,0,,,
584,session_001_spin_0195,2,2026-09-18T18:13:16.759+00:00,CAR,0.78,,NEUTRAL,,2010,MAZDASPEED,3,MAZDA 3,,,0,,0,1,SELL,1.0,SELL,1,12500,1.0,0
585,session_001_spin_0195,3,2026-09-18T18:13:16.759+00:00,CAR,0.78,,NEUTRAL,,1905,MITSUBISHI,ECLIPSE GSX,ECLIPSE GSX,,,0,,0,1,SELL,1.0,SELL,1,17500,1.0,0
586,session_001_spin_0196,1,2026-09-18T18:13:25.739+00:00,CAR,0.78,,OTHER,,2016,CADILLAC,CTS V SEDAN,CADDY CTS V 16,,,0,,0,1,SELL,1.0,SELL,1,30000,1.0,0
587,session_001_spin_0196,2,2026-09-18T18:13:25.739+00:00,CREDITS,1.0,,PURPLE,98000,,,,,,,,,,,,,,0,,,
588,session_001_spin_0196,3,2026-09-18T18:13:25.739+00:00,CREDITS,1.0,,PURPLE,150000,,,,,,,,,,,,,,0,,,
589,session_001_spin_0197,1,2026-09-18T18:13:33.226+00:00,CREDITS,1.0,,NEUTRAL,12000,,,,,,,,,,,,,,0,,,
590,session_001_spin_0197,2,2026-09-18T18:13:33.226+00:00,CREDITS,1.0,,NEUTRAL,45000,,,,,,,,,,,,,,0,,,
591,session_001_spin_0197,3,2026-09-18T18:13:33.226+00:00,CAR,0.78,,NEUTRAL,,1992,FORD,ESCORT RS COSWORTH,FORD ESCORT 92,,,0,,0,1,SELL,1.0,SELL,1,32500,1.0,0
592,session_001_spin_0198,1,2026-09-18T18:13:40.628+00:00,CREDITS,1.0,,GREEN,10000,,,,,,,,,,,,,,0,,,
593,session_001_spin_0198,2,2026-09-18T18:13:40.628+00:00,CREDITS,1.0,,GREEN,95000,,,,,,,,,,,,,,0,,,
594,session_001_spin_0198,3,2026-09-18T18:13:40.630+00:00,CREDITS,1.0,,GREEN,12000,,,,,,,,,,,,,,0,,,
595,session_001_spin_0199,1,2026-09-18T18:13:45.784+00:00,CAR,0.78,,NEUTRAL,,1972,RELIANT,SUPERVAN ILL,RELIANT SUPERVAN,,,0,,0,1,SELL,1.0,SELL,1,19500,1.0,0
596,session_001_spin_0199,2,2026-09-18T18:13:45.784+00:00,CREDITS,1.0,,NEUTRAL,50000,,,,,,,,,,,,,,0,,,
597,session_001_spin_0199,3,2026-09-18T18:13:45.784+00:00,CAR,0.55,,NEUTRAL,,,,MAZDA RX 3,MAZDA RX 3,,,,,0,1,SELL,1.0,SELL,1,36500,1.0,0
598,session_001_spin_0200,1,2026-09-18T18:13:54.665+00:00,CREDITS,1.0,,NEUTRAL,200000,,,,,,,,,,,,,,0,,,
599,session_001_spin_0200,2,2026-09-18T18:13:54.665+00:00,CREDITS,1.0,,NEUTRAL,20000,,,,,,,,,,,,,,0,,,
600,session_001_spin_0200,3,2026-09-18T18:13:54.665+00:00,CAR,0.78,,NEUTRAL,,2017,FERRARI,812 SUPERFAST,FERRARI 812,,,0,,0,1,SELL,1.0,SELL,1,197500,1.0,0
601,session_001_spin_0201,1,2026-09-18T18:14:02.228+00:00,CREDITS,1.0,,PURPLE,20000,,,,,,,,,,,,,,0,,,
602,session_001_spin_0201,2,2026-09-18T18:14:02.228+00:00,CREDITS,1.0,,PURPLE,200000,,,,,,,,,,,,,,0,,,
603,session_001_spin_0201,3,2026-09-18T18:14:02.228+00:00,CAR,1.0,,PURPLE,,1989,Nissan,S-Cargo Forza Edition,S CARGO FE,,,1,1,0,1,SELL,1.0,SELL,1,250000,1.0,0
604,session_001_spin_0202,1,2026-09-18T18:14:09.509+00:00,CAR,0.55,,NEUTRAL,,,,FERRARI 288 GTO,FERRARI 288 GTO,,,,,0,1,SELL,1.0,SELL,1,1400000,1.0,0
605,session_001_spin_0202,2,2026-09-18T18:14:09.509+00:00,CAR,0.55,,NEUTRAL,,,,AUDI R8 VIO PLUS,AUDI R8 VIO PLUS,,,,,0,1,SELL,1.0,SELL,1,80000,1.0,0
606,session_001_spin_0202,3,2026-09-18T18:14:09.511+00:00,CREDITS,1.0,,NEUTRAL,20000,,,,,,,,,,,,,,0,,,
607,session_001_spin_0203,1,2026-09-18T18:14:18.356+00:00,CREDITS,1.0,,BLUE,80000,,,,,,,,,,,,,,0,,,
608,session_001_spin_0203,2,2026-09-18T18:14:18.356+00:00,CAR,0.78,,BLUE,,2019,BMW,Z4 ROADSTER,BMW Z4 19,,,0,,0,1,SELL,1.0,SELL,1,19000,1.0,0
609,session_001_spin_0203,3,2026-09-18T18:14:18.356+00:00,CREDITS,1.0,,BLUE,15000,,,,,,,,,,,,,,0,,,
610,session_001_spin_0204,1,2026-09-18T18:14:25.719+00:00,CREDITS,1.0,,NEUTRAL,175000,,,,,,,,,,,,,,0,,,
611,session_001_spin_0204,2,2026-09-18T18:14:25.719+00:00,CREDITS,1.0,,NEUTRAL,45000,,,,,,,,,,,,,,0,,,
612,session_001_spin_0204,3,2026-09-18T18:14:25.719+00:00,CAR,0.78,,NEUTRAL,,2018,JEEP,GRAND CHEROKEE TRACKHAWK,JEEP TRACKHAWK,,,0,,0,1,SELL,1.0,SELL,1,36000,1.0,0
613,session_001_spin_0205,1,2026-09-18T18:14:33.271+00:00,CAR,0.78,,PURPLE,,2021,MERCEDES,AMG GT BLACK SERIES,AMG GT BLACK,,,0,,0,1,SELL,1.0,SELL,1,220000,1.0,0
614,session_001_spin_0205,2,2026-09-18T18:14:33.271+00:00,CREDITS,1.0,,OTHER,10000,,,,,,,,,,,,,,0,,,
615,session_001_spin_0205,3,2026-09-18T18:14:33.271+00:00,CAR,0.78,,OTHER,,2000,FORD,MUSTANG SVT COBRA R,FORD MUSTANG 00,,,0,,0,1,SELL,1.0,SELL,1,76500,1.0,0
616,session_001_spin_0206,1,2026-09-18T18:14:42.336+00:00,CAR,0.55,,NEUTRAL,,,,GT R FE 12,GT R FE 12,,,,,0,1,SELL,1.0,SELL,1,375000,1.0,0
617,session_001_spin_0206,2,2026-09-18T18:14:42.336+00:00,OTHER,0.55,,NEUTRAL,,,,,,,,,,,,,,,0,,,
618,session_001_spin_0206,3,2026-09-18T18:14:42.336+00:00,CREDITS,1.0,,NEUTRAL,100000,,,,,,,,,,,,,,0,,,
619,session_001_spin_0207,1,2026-09-18T18:17:54.377+00:00,CREDITS,1.0,,OTHER,20000,,,,,,,,,,,,,,0,,,
620,session_001_spin_0207,2,2026-09-18T18:17:54.377+00:00,CAR,0.78,,OTHER,,1970,HONDA,S800,HONDA S800,,,0,,0,1,SELL,1.0,SELL,1,20000,1.0,0
621,session_001_spin_0207,3,2026-09-18T18:17:54.378+00:00,CREDITS,1.0,,PURPLE,200000,,,,,,,,,,,,,,0,,,
622,session_001_spin_0208,1,2026-09-18T18:18:01.630+00:00,CREDITS,1.0,,OTHER,20000,,,,,,,,,,,,,,0,,,
623,session_001_spin_0208,2,2026-09-18T18:18:01.630+00:00,CREDITS,1.0,,OTHER,15000,,,,,,,,,,,,,,0,,,
624,session_001_spin_0208,3,2026-09-18T18:18:01.630+00:00,CREDITS,1.0,,OTHER,15000,,,,,,,,,,,,,,0,,,
625,session_001_spin_0209,1,2026-09-18T18:18:06.866+00:00,CREDITS,1.0,,OTHER,10000,,,,,,,,,,,,,,0,,,
626,session_001_spin_0209,2,2026-09-18T18:18:06.866+00:00,CREDITS,1.0,,OTHER,25000,,,,,,,,,,,,,,0,,,
627,session_001_spin_0209,3,2026-09-18T18:18:06.866+00:00,CREDITS,1.0,,OTHER,20000,,,,,,,,,,,,,,0,,,
628,session_001_spin_0210,1,2026-09-18T18:18:12.239+00:00,CREDITS,1.0,,OTHER,15000,,,,,,,,,,,,,,0,,,
629,session_001_spin_0210,2,2026-09-18T18:18:12.239+00:00,CREDITS,1.0,,OTHER,250000,,,,,,,,,,,,,,0,,,
630,session_001_spin_0210,3,2026-09-18T18:18:12.239+00:00,CREDITS,1.0,,OTHER,15000,,,,,,,,,,,,,,0,,,
631,session_001_spin_0211,1,2026-09-18T18:18:17.789+00:00,CREDITS,1.0,,BLUE,50000,,,,,,,,,,,,,,0,,,
632,session_001_spin_0211,2,2026-09-18T18:18:17.789+00:00,CAR,0.78,,OTHER,,1993,FORD,MUSTANG SVT COBRA R,FORD MUSTANG 93,,,0,,0,1,SELL,1.0,SELL,1,42000,1.0,0
633,session_001_spin_0211,3,2026-09-18T18:18:17.789+00:00,CREDITS,1.0,,BLUE,75000,,,,,,,,,,,,,,0,,,
634,session_001_spin_0212,1,2026-09-18T18:18:25.432+00:00,CREDITS,1.0,,NEUTRAL,35000,,,,,,,,,,,,,,0,,,
635,session_001_spin_0212,2,2026-09-18T18:18:25.432+00:00,CREDITS,1.0,,NEUTRAL,50000,,,,,,,,,,,,,,0,,,
636,session_001_spin_0212,3,2026-09-18T18:18:25.432+00:00,CREDITS,1.0,,NEUTRAL,250000,,,,,,,,,,,,,,0,,,
637,session_001_spin_0213,1,2026-09-18T18:18:30.690+00:00,CREDITS,1.0,,NEUTRAL,15000,,,,,,,,,,,,,,0,,,
638,session_001_spin_0213,2,2026-09-18T18:18:30.690+00:00,CREDITS,1.0,,NEUTRAL,40000,,,,,,,,,,,,,,0,,,
639,session_001_spin_0213,3,2026-09-18T18:18:30.690+00:00,CREDITS,1.0,,NEUTRAL,45000,,,,,,,,,,,,,,0,,,
640,session_001_spin_0214,1,2026-09-18T18:18:36.330+00:00,CREDITS,1.0,,PURPLE,15000,,,,,,,,,,,,,,0,,,
641,session_001_spin_0214,2,2026-09-18T18:18:36.330+00:00,CREDITS,1.0,,PURPLE,150000,,,,,,,,,,,,,,0,,,
642,session_001_spin_0214,3,2026-09-18T18:18:36.330+00:00,CREDITS,1.0,,PURPLE,10000,,,,,,,,,,,,,,0,,,
643,session_001_spin_0215,1,2026-09-18T18:18:41.824+00:00,CREDITS,1.0,,ORANGE,920000,,,,,,,,,,,,,,0,,,
644,session_001_spin_0215,2,2026-09-18T18:18:41.824+00:00,CREDITS,1.0,,ORANGE,250000,,,,,,,,,,,,,,0,,,
645,session_001_spin_0215,3,2026-09-18T18:18:41.824+00:00,CREDITS,0.99,,ORANGE,5000,,,,,,,,,,,,,,0,,,
646,session_001_spin_0216,1,2026-09-18T18:18:46.966+00:00,CREDITS,1.0,,NEUTRAL,25000,,,,,,,,,,,,,,0,,,
647,session_001_spin_0216,2,2026-09-18T18:18:46.967+00:00,CREDITS,1.0,,NEUTRAL,80000,,,,,,,,,,,,,,0,,,
648,session_001_spin_0216,3,2026-09-18T18:18:46.967+00:00,CAR,0.78,,NEUTRAL,,2021,ALUMICR,FT 122 CLASS 1 BUGGY,122 AC CLASS 1,,,0,,0,1,SELL,1.0,SELL,1,80000,1.0,0
649,session_001_spin_0217,1,2026-09-18T18:18:54.404+00:00,CAR,0.78,,OTHER,,1970,CHEVROLET,CAMARO Z28,CHEVY CAMARO 70,,,0,,0,1,SELL,1.0,SELL,1,27500,1.0,0
650,session_001_spin_0217,2,2026-09-18T18:18:54.404+00:00,CREDITS,1.0,,OTHER,250000,,,,,,,,,,,,,,0,,,
651,session_001_spin_0217,3,2026-09-18T18:18:54.404+00:00,CREDITS,1.0,,OTHER,10000,,,,,,,,,,,,,,0,,,
652,session_001_spin_0218,1,2026-09-18T18:19:02.040+00:00,CREDITS,1.0,,OTHER,15000,,,,,,,,,,,,,,0,,,
653,session_001_spin_0218,2,2026-09-18T18:19:02.040+00:00,CREDITS,1.0,,PURPLE,10000,,,,,,,,,,,,,,0,,,
654,session_001_spin_0218,3,2026-09-18T18:19:02.041+00:00,CREDITS,1.0,,PURPLE,200000,,,,,,,,,,,,,,0,,,
655,session_001_spin_0219,1,2026-09-18T18:19:07.378+00:00,CREDITS,1.0,,PURPLE,40000,,,,,,,,,,,,,,0,,,
656,session_001_spin_0219,2,2026-09-18T18:19:07.378+00:00,CAR,0.78,,PURPLE,,2020,FORMULA,DRIFT BMW M2,91 BMW M2,,,0,,0,1,SELL,1.0,SELL,1,75000,1.0,0
657,session_001_spin_0219,3,2026-09-18T18:19:07.378+00:00,CREDITS,1.0,,PURPLE,100000,,,,,,,,,,,,,,0,,,
658,session_001_spin_0220,1,2026-09-18T18:19:14.863+00:00,CAR,0.78,,BLUE,,2018,CHEVROLET,CAMARO ZLI ILE,CHEVY CAMARO 18,,,0,,0,1,SELL,1.0,SELL,1,35000,1.0,0
659,session_001_spin_0220,2,2026-09-18T18:19:14.863+00:00,CREDITS,0.99,,OTHER,5000,,,,,,,,,,,,,,0,,,
660,session_001_spin_0220,3,2026-09-18T18:19:14.863+00:00,CREDITS,1.0,,BLUE,50000,,,,,,,,,,,,,,0,,,
661,session_001_spin_0221,1,2026-09-18T18:19:22.152+00:00,CREDITS,1.0,,NEUTRAL,50000,,,,,,,,,,,,,,0,,,
662,session_001_spin_0221,2,2026-09-18T18:19:22.152+00:00,CAR,0.78,,NEUTRAL,,1965,TOYOTA,SPORTS 800,SPORTS 800 65,,,0,,0,1,SELL,1.0,SELL,1,125000,1.0,0
663,session_001_spin_0221,3,2026-09-18T18:19:22.152+00:00,CREDITS,1.0,,OTHER,10000,,,,,,,,,,,,,,0,,,
664,session_001_spin_0222,1,2026-09-18T18:19:29.482+00:00,CREDITS,1.0,,NEUTRAL,75000,,,,,,,,,,,,,,0,,,
665,session_001_spin_0222,2,2026-09-18T18:19:29.482+00:00,CREDITS,1.0,,NEUTRAL,20000,,,,,,,,,,,,,,0,,,
666,session_001_spin_0222,3,2026-09-18T18:19:29.482+00:00,CREDITS,1.0,,NEUTRAL,35000,,,,,,,,,,,,,,0,,,
667,session_001_spin_0223,1,2026-09-18T18:19:35.176+00:00,CAR,0.78,,PURPLE,,2020,FORMULA,DRIFT BMW M2,91 BMW M2,,,0,,0,1,SELL,1.0,SELL,1,75000,1.0,0
668,session_001_spin_0223,2,2026-09-18T18:19:35.176+00:00,CREDITS,1.0,,OTHER,15000,,,,,,,,,,,,,,0,,,
669,session_001_spin_0223,3,2026-09-18T18:19:35.176+00:00,OTHER,0.55,,PURPLE,,,,,,,,,,,,,,,0,,,
670,session_001_spin_0224,1,2026-09-18T18:19:42.536+00:00,CAR,0.45,,PURPLE,,2015,BMW,BMW I8,BMW I8,,,0,,0,1,SELL,1.0,SELL,1,35000,1.0,0
671,session_001_spin_0224,2,2026-09-18T18:19:42.536+00:00,CREDITS,0.99,,PURPLE,8000,,,,,,,,,,,,,,0,,,
672,session_001_spin_0224,3,2026-09-18T18:19:42.536+00:00,CREDITS,1.0,,PURPLE,150000,,,,,,,,,,,,,,0,,,
673,session_001_spin_0225,1,2026-09-18T18:19:49.693+00:00,CREDITS,1.0,,NEUTRAL,20000,,,,,,,,,,,,,,0,,,
674,session_001_spin_0225,2,2026-09-18T18:19:49.693+00:00,CREDITS,1.0,,NEUTRAL,35000,,,,,,,,,,,,,,0,,,
675,session_001_spin_0225,3,2026-09-18T18:19:49.693+00:00,CAR,0.78,,NEUTRAL,,2013,MAZDA,MX 5,MAZDA MX 5 13,,,0,,0,1,SELL,1.0,SELL,1,14000,1.0,0
676,session_001_spin_0226,1,2026-09-18T18:19:57.069+00:00,CREDITS,1.0,,OTHER,20000,,,,,,,,,,,,,,0,,,
677,session_001_spin_0226,2,2026-09-18T18:19:57.070+00:00,CREDITS,1.0,,OTHER,45000,,,,,,,,,,,,,,0,,,
678,session_001_spin_0226,3,2026-09-18T18:19:57.070+00:00,CAR,0.78,,NEUTRAL,,2014,MCLAREN,650S SPIDER,650S SPIDER,,,0,,0,1,SELL,1.0,SELL,1,65000,1.0,0
679,session_001_spin_0227,1,2026-09-18T18:20:04.443+00:00,CREDITS,1.0,,OTHER,250000,,,,,,,,,,,,,,0,,,
680,session_001_spin_0227,2,2026-09-18T18:20:04.443+00:00,CAR,0.78,,OTHER,,1964,CHEVROLET,IMPALA SUPER SPORT 409,CHEVY IMPALA,,,0,,0,1,SELL,1.0,SELL,1,35000,1.0,0
681,session_001_spin_0227,3,2026-09-18T18:20:04.443+00:00,CAR,1.0,,NEUTRAL,,1989,Nissan,S-Cargo Forza Edition,S CARGO FE,,,1,1,0,1,SELL,1.0,SELL,1,250000,1.0,0
682,session_001_spin_0228,1,2026-09-18T18:20:13.414+00:00,CAR,0.78,,NEUTRAL,,1969,FERRARI,DINO 246 GT,FERRARI DINO,,,0,,0,1,SELL,1.0,SELL,1,195000,1.0,0
683,session_001_spin_0228,2,2026-09-18T18:20:13.414+00:00,CREDITS,1.0,,OTHER,35000,,,,,,,,,,,,,,0,,,
684,session_001_spin_0228,3,2026-09-18T18:20:13.414+00:00,CREDITS,1.0,,OTHER,15000,,,,,,,,,,,,,,0,,,
685,session_001_spin_0229,1,2026-09-18T18:20:21.258+00:00,CREDITS,1.0,,GREEN,95000,,,,,,,,,,,,,,0,,,
686,session_001_spin_0229,2,2026-09-18T18:20:21.258+00:00,CREDITS,1.0,,GREEN,925000,,,,,,,,,,,,,,0,,,
687,session_001_spin_0229,3,2026-09-18T18:20:21.258+00:00,CREDITS,0.99,,GREEN,5000,,,,,,,,,,,,,,0,,,
688,session_001_spin_0230,1,2026-09-18T18:20:26.209+00:00,CREDITS,1.0,,NEUTRAL,12000,,,,,,,,,,,,,,0,,,
689,session_001_spin_0230,2,2026-09-18T18:20:26.209+00:00,CREDITS,1.0,,NEUTRAL,20000,,,,,,,,,,,,,,0,,,
690,session_001_spin_0230,3,2026-09-18T18:20:26.209+00:00,CREDITS,1.0,,NEUTRAL,250000,,,,,,,,,,,,,,0,,,
691,session_001_spin_0231,1,2026-09-18T18:20:32.046+00:00,CREDITS,1.0,,BLUE,80000,,,,,,,,,,,,,,0,,,
692,session_001_spin_0231,2,2026-09-18T18:20:32.046+00:00,CREDITS,0.99,,BLUE,8000,,,,,,,,,,,,,,0,,,
693,session_001_spin_0231,3,2026-09-18T18:20:32.046+00:00,CREDITS,1.0,,BLUE,35000,,,,,,,,,,,,,,0,,,
694,session_001_spin_0232,1,2026-09-18T18:20:37.582+00:00,CREDITS,1.0,,BLUE,50000,,,,,,,,,,,,,,0,,,
695,session_001_spin_0232,2,2026-09-18T18:20:37.582+00:00,CREDITS,1.0,,BLUE,95000,,,,,,,,,,,,,,0,,,
696,session_001_spin_0232,3,2026-09-18T18:20:37.582+00:00,CREDITS,1.0,,BLUE,15000,,,,,,,,,,,,,,0,,,
697,session_001_spin_0233,1,2026-09-18T18:20:42.672+00:00,CREDITS,1.0,,NEUTRAL,15000,,,,,,,,,,,,,,0,,,
698,session_001_spin_0233,2,2026-09-18T18:20:42.672+00:00,CREDITS,1.0,,NEUTRAL,10000,,,,,,,,,,,,,,0,,,
699,session_001_spin_0233,3,2026-09-18T18:20:42.672+00:00,CAR,0.78,,NEUTRAL,,2005,SUB,RJ LEGACY B4 2 0 GT,SUBARU LEGACY,,,0,,0,1,SELL,1.0,SELL,1,5000,1.0,0
700,session_001_spin_0234,1,2026-09-18T18:20:50.211+00:00,CREDITS,1.0,,OTHER,25000,,,,,,,,,,,,,,0,,,
701,session_001_spin_0234,2,2026-09-18T18:20:50.213+00:00,CREDITS,1.0,,PURPLE,175000,,,,,,,,,,,,,,0,,,
702,session_001_spin_0234,3,2026-09-18T18:20:50.213+00:00,CREDITS,1.0,,OTHER,10000,,,,,,,,,,,,,,0,,,
703,session_001_spin_0235,1,2026-09-18T18:20:55.449+00:00,CREDITS,1.0,,PURPLE,50000,,,,,,,,,,,,,,0,,,
704,session_001_spin_0235,2,2026-09-18T18:20:55.449+00:00,CAR,0.78,,PURPLE,,1992,GMC,TYPHOON,GMC TYPHOON,,,0,,0,1,SELL,1.0,SELL,1,19000,1.0,0
705,session_001_spin_0235,3,2026-09-18T18:20:55.449+00:00,CREDITS,1.0,,PURPLE,200000,,,,,,,,,,,,,,0,,,
706,session_001_spin_0236,1,2026-09-18T18:21:02.813+00:00,CREDITS,1.0,,NEUTRAL,150000,,,,,,,,,,,,,,0,,,
707,session_001_spin_0236,2,2026-09-18T18:21:02.814+00:00,CAR,0.78,,NEUTRAL,,2013,TOYOTA,86,TOYOTA 86,,,0,,0,1,SELL,1.0,SELL,1,7500,1.0,0
708,session_001_spin_0236,3,2026-09-18T18:21:02.814+00:00,CREDITS,1.0,,NEUTRAL,75000,,,,,,,,,,,,,,0,,,
709,session_001_spin_0237,1,2026-09-18T18:21:10.050+00:00,CREDITS,1.0,,NEUTRAL,20000,,,,,,,,,,,,,,0,,,
710,session_001_spin_0237,2,2026-09-18T18:21:10.050+00:00,CAR,0.78,,NEUTRAL,,2018,JEEP,HAND CHEROKEE TRACKHAWK,JEEP TRACKHAWK,,,0,,0,1,SELL,1.0,SELL,1,36000,1.0,0
711,session_001_spin_0237,3,2026-09-18T18:21:10.050+00:00,CREDITS,1.0,,NEUTRAL,20000,,,,,,,,,,,,,,0,,,
712,session_001_spin_0238,1,2026-09-18T18:21:17.598+00:00,CREDITS,1.0,,NEUTRAL,15000,,,,,,,,,,,,,,0,,,
713,session_001_spin_0238,2,2026-09-18T18:21:17.598+00:00,OTHER,0.55,,NEUTRAL,,,,,,,,,,,,,,,0,,,
714,session_001_spin_0238,3,2026-09-18T18:21:17.598+00:00,CREDITS,1.0,,NEUTRAL,20000,,,,,,,,,,,,,,0,,,
715,session_001_spin_0239,1,2026-09-18T18:21:23.111+00:00,CREDITS,1.0,,NEUTRAL,10000,,,,,,,,,,,,,,0,,,
716,session_001_spin_0239,2,2026-09-18T18:21:23.111+00:00,CREDITS,1.0,,NEUTRAL,98000,,,,,,,,,,,,,,0,,,
717,session_001_spin_0239,3,2026-09-18T18:21:23.111+00:00,CAR,0.78,,NEUTRAL,,2015,AUDI,RS 6 AVANT,AUDI RS 6 15,,,0,,0,1,SELL,1.0,SELL,1,30000,1.0,0
718,session_001_spin_0240,1,2026-09-18T18:21:30.693+00:00,CAR,0.78,,GREEN,,2021,VOLKSWAGEN,GOLF R,VW GOLF R 21,,,0,,0,1,SELL,1.0,SELL,1,14500,1.0,0
719,session_001_spin_0240,2,2026-09-18T18:21:30.693+00:00,CAR,0.45,,GREEN,,2015,AUDI,AUDI SL,AUDI SL,,,0,,0,1,SELL,1.0,SELL,1,10500,1.0,0
720,session_001_spin_0240,3,2026-09-18T18:21:30.693+00:00,CREDITS,0.99,,GREEN,5000,,,,,,,,,,,,,,0,,,
721,session_001_spin_0241,1,2026-09-18T18:21:39.912+00:00,CREDITS,1.0,,GREEN,95000,,,,,,,,,,,,,,0,,,
722,session_001_spin_0241,2,2026-09-18T18:21:39.912+00:00,CREDITS,1.0,,GREEN,15000,,,,,,,,,,,,,,0,,,
723,session_001_spin_0241,3,2026-09-18T18:21:39.912+00:00,CREDITS,1.0,,GREEN,15000,,,,,,,,,,,,,,0,,,
724,session_001_spin_0242,1,2026-09-18T18:21:45.052+00:00,CREDITS,1.0,,OTHER,10000,,,,,,,,,,,,,,0,,,
725,session_001_spin_0242,2,2026-09-18T18:21:45.052+00:00,CREDITS,1.0,,OTHER,12000,,,,,,,,,,,,,,0,,,
726,session_001_spin_0242,3,2026-09-18T18:21:45.052+00:00,CREDITS,1.0,,NEUTRAL,150000,,,,,,,,,,,,,,0,,,
727,session_001_spin_0243,1,2026-09-18T18:21:50.629+00:00,CREDITS,1.0,,OTHER,200000,,,,,,,,,,,,,,0,,,
728,session_001_spin_0243,2,2026-09-18T18:21:50.629+00:00,CREDITS,1.0,,OTHER,250000,,,,,,,,,,,,,,0,,,
729,session_001_spin_0243,3,2026-09-18T18:21:50.629+00:00,CREDITS,1.0,,OTHER,20000,,,,,,,,,,,,,,0,,,
730,session_001_spin_0244,1,2026-09-18T18:21:56.200+00:00,CREDITS,1.0,,NEUTRAL,75000,,,,,,,,,,,,,,0,,,
731,session_001_spin_0244,2,2026-09-18T18:21:56.200+00:00,CREDITS,1.0,,NEUTRAL,15000,,,,,,,,,,,,,,0,,,
732,session_001_spin_0244,3,2026-09-18T18:21:56.200+00:00,CAR,0.55,,NEUTRAL,,,,MONTERO 95,MONTERO 95,,,,,0,1,SELL,1.0,SELL,1,12500,1.0,0
733,session_001_spin_0245,1,2026-09-18T18:22:03.602+00:00,CAR,0.78,,OTHER,,1965,MINI,COOPER S,MINI 65,,,0,,0,1,SELL,1.0,SELL,1,19500,1.0,0
734,session_001_spin_0245,2,2026-09-18T18:22:03.602+00:00,CREDITS,1.0,,OTHER,250000,,,,,,,,,,,,,,0,,,
735,session_001_spin_0245,3,2026-09-18T18:22:03.602+00:00,CREDITS,1.0,,OTHER,45000,,,,,,,,,,,,,,0,,,
736,session_001_spin_0246,1,2026-09-18T18:22:10.853+00:00,CAR,0.78,,NEUTRAL,,1905,CORRADO,VR6,VW CORRADO,,,0,,0,1,SELL,1.0,SELL,1,15000,1.0,0
737,session_001_spin_0246,2,2026-09-18T18:22:10.853+00:00,CREDITS,1.0,,NEUTRAL,15000,,,,,,,,,,,,,,0,,,
738,session_001_spin_0246,3,2026-09-18T18:22:10.853+00:00,CREDITS,1.0,,NEUTRAL,40000,,,,,,,,,,,,,,0,,,
739,session_001_spin_0247,1,2026-09-18T18:22:17.915+00:00,CREDITS,1.0,,NEUTRAL,20000,,,,,,,,,,,,,,0,,,
740,session_001_spin_0247,2,2026-09-18T18:22:17.915+00:00,CREDITS,1.0,,NEUTRAL,150000,,,,,,,,,,,,,,0,,,
741,session_001_spin_0247,3,2026-09-18T18:22:17.915+00:00,CREDITS,1.0,,NEUTRAL,10000,,,,,,,,,,,,,,0,,,
742,session_001_spin_0248,1,2026-09-18T18:22:23.671+00:00,CREDITS,1.0,,BLUE,45000,,,,,,,,,,,,,,0,,,
743,session_001_spin_0248,2,2026-09-18T18:22:23.671+00:00,OTHER,0.55,,BLUE,,,,,,,,,,,,,,,0,,,
744,session_001_spin_0248,3,2026-09-18T18:22:23.671+00:00,CAR,0.78,,BLUE,,2000,NISSAN,SKYLINE GT R VSPEC II,SKYLINE GT R 00,,,0,,0,1,SELL,1.0,SELL,1,100000,1.0,0
745,session_001_spin_0249,1,2026-09-18T18:22:31.996+00:00,CREDITS,1.0,,NEUTRAL,5000,,,,,,,,,,,,,,0,,,
746,session_001_spin_0249,2,2026-09-18T18:22:31.996+00:00,CAR,0.55,,NEUTRAL,,,,4402 ULTRA 4,4402 ULTRA 4,,,,,0,1,SELL,1.0,SELL,1,125000,1.0,0
747,session_001_spin_0249,3,2026-09-18T18:22:31.996+00:00,CAR,0.55,,NEUTRAL,,,,NISSAN 240SX 93,NISSAN 240SX 93,,,,,0,1,SELL,1.0,SELL,1,125000,1.0,0
748,session_001_spin_0250,1,2026-09-18T18:22:40.987+00:00,CREDITS,1.0,,OTHER,10000,,,,,,,,,,,,,,0,,,
749,session_001_spin_0250,2,2026-09-18T18:22:40.987+00:00,CAR,0.78,,NEUTRAL,,1970,PORSCHE,917 LH FORZA EDITION SPEED SKILLS BOOST,PORSCHE 917 FE,,,1,,0,1,SELL,1.0,SELL,1,625000,1.0,0
750,session_001_spin_0250,3,2026-09-18T18:22:40.987+00:00,CREDITS,1.0,,OTHER,40000,,,,,,,,,,,,,,0,,,
751,session_001_spin_0251,1,2026-09-18T18:22:48.231+00:00,CREDITS,1.0,,BLUE,10000,,,,,,,,,,,,,,0,,,
752,session_001_spin_0251,2,2026-09-18T18:22:48.231+00:00,CREDITS,1.0,,OTHER,15000,,,,,,,,,,,,,,0,,,
753,session_001_spin_0251,3,2026-09-18T18:22:48.232+00:00,CREDITS,1.0,,BLUE,50000,,,,,,,,,,,,,,0,,,
754,session_001_spin_0252,1,2026-09-18T18:22:54.005+00:00,CREDITS,1.0,,GREEN,95000,,,,,,,,,,,,,,0,,,
755,session_001_spin_0252,2,2026-09-18T18:22:54.005+00:00,CREDITS,1.0,,GREEN,95000,,,,,,,,,,,,,,0,,,
756,session_001_spin_0252,3,2026-09-18T18:22:54.005+00:00,CREDITS,1.0,,GREEN,20000,,,,,,,,,,,,,,0,,,
757,session_001_spin_0253,1,2026-09-18T18:22:59.228+00:00,CAR,0.78,,BLUE,,2008,BMW,Z4 M COUPE,BMW Z4 08,,,0,,0,1,SELL,1.0,SELL,1,31500,1.0,0
758,session_001_spin_0253,2,2026-09-18T18:22:59.228+00:00,CREDITS,1.0,,OTHER,15000,,,,,,,,,,,,,,0,,,
759,session_001_spin_0253,3,2026-09-18T18:22:59.228+00:00,CREDITS,1.0,,BLUE,25000,,,,,,,,,,,,,,0,,,
760,session_001_spin_0254,1,2026-09-18T18:23:06.668+00:00,CREDITS,1.0,,NEUTRAL,200000,,,,,,,,,,,,,,0,,,
761,session_001_spin_0254,2,2026-09-18T18:23:06.668+00:00,CREDITS,1.0,,NEUTRAL,50000,,,,,,,,,,,,,,0,,,
762,session_001_spin_0254,3,2026-09-18T18:23:06.668+00:00,CREDITS,1.0,,OTHER,45000,,,,,,,,,,,,,,0,,,
763,session_001_spin_0255,1,2026-09-18T18:23:12.026+00:00,CREDITS,1.0,,OTHER,35000,,,,,,,,,,,,,,0,,,
764,session_001_spin_0255,2,2026-09-18T18:23:12.026+00:00,CREDITS,1.0,,BLUE,100000,,,,,,,,,,,,,,0,,,
765,session_001_spin_0255,3,2026-09-18T18:23:12.026+00:00,CREDITS,1.0,,OTHER,20000,,,,,,,,,,,,,,0,,,
766,session_001_spin_0256,1,2026-09-18T18:23:17.202+00:00,CREDITS,1.0,,NEUTRAL,100000,,,,,,,,,,,,,,0,,,
767,session_001_spin_0256,2,2026-09-18T18:23:17.202+00:00,CREDITS,1.0,,NEUTRAL,45000,,,,,,,,,,,,,,0,,,
768,session_001_spin_0256,3,2026-09-18T18:23:17.202+00:00,CAR,0.78,,NEUTRAL,,2022,PORSCHE,MISSION R,PORSCHE MISSIONR,,,0,,0,1,SELL,1.0,SELL,1,2500000,1.0,0
769,session_001_spin_0257,1,2026-09-18T18:23:24.456+00:00,CREDITS,1.0,,NEUTRAL,50000,,,,,,,,,,,,,,0,,,
770,session_001_spin_0257,2,2026-09-18T18:23:24.456+00:00,CAR,0.55,,NEUTRAL,,,,M B SL65,M B SL65,,,,,0,1,SELL,1.0,SELL,1,180000,1.0,0
771,session_001_spin_0257,3,2026-09-18T18:23:24.456+00:00,CREDITS,1.0,,NEUTRAL,20000,,,,,,,,,,,,,,0,,,
772,session_001_spin_0258,1,2026-09-18T18:23:31.714+00:00,CREDITS,1.0,,NEUTRAL,80000,,,,,,,,,,,,,,0,,,
773,session_001_spin_0258,2,2026-09-18T18:23:31.714+00:00,CREDITS,1.0,,NEUTRAL,15000,,,,,,,,,,,,,,0,,,
774,session_001_spin_0258,3,2026-09-18T18:23:31.714+00:00,CREDITS,1.0,,NEUTRAL,200000,,,,,,,,,,,,,,0,,,
775,session_001_spin_0259,1,2026-09-18T18:23:37.073+00:00,CREDITS,1.0,,NEUTRAL,40000,,,,,,,,,,,,,,0,,,
776,session_001_spin_0259,2,2026-09-18T18:23:37.073+00:00,CREDITS,1.0,,NEUTRAL,20000,,,,,,,,,,,,,,0,,,
777,session_001_spin_0259,3,2026-09-18T18:23:37.073+00:00,CREDITS,1.0,,NEUTRAL,100000,,,,,,,,,,,,,,0,,,
778,session_001_spin_0260,1,2026-09-18T18:23:42.477+00:00,CAR,0.78,,OTHER,,2005,SUBARU,IMPREZA WRX STI,SUBARU WRX 05,,,0,,0,1,SELL,1.0,SELL,1,17500,1.0,0
779,session_001_spin_0260,2,2026-09-18T18:23:42.477+00:00,CREDITS,1.0,,OTHER,15000,,,,,,,,,,,,,,0,,,
780,session_001_spin_0260,3,2026-09-18T18:23:42.477+00:00,CAR,0.78,,BLUE,,1970,DODGE,CORONET SUPER BEE,DODGE SUPER BEE,,,0,,0,1,SELL,1.0,SELL,1,87500,1.0,0
781,session_001_spin_0261,1,2026-09-18T18:23:51.473+00:00,CREDITS,1.0,,NEUTRAL,20000,,,,,,,,,,,,,,0,,,
782,session_001_spin_0261,2,2026-09-18T18:23:51.473+00:00,CAR,0.55,,NEUTRAL,,,,SUBARU LEGACY RS,SUBARU LEGACY RS,,,,,0,1,SELL,1.0,SELL,1,7500,1.0,0
783,session_001_spin_0261,3,2026-09-18T18:23:51.473+00:00,CREDITS,1.0,,NEUTRAL,150000,,,,,,,,,,,,,,0,,,
784,session_001_spin_0262,1,2026-09-18T18:23:58.971+00:00,CREDITS,1.0,,NEUTRAL,20000,,,,,,,,,,,,,,0,,,
785,session_001_spin_0262,2,2026-09-18T18:23:58.971+00:00,CAR,0.55,,NEUTRAL,,,,M B CLK GTR,M B CLK GTR,,,,,1,1,SELL,1.0,SELL,1,1800000,1.0,1
786,session_001_spin_0262,3,2026-09-18T18:23:58.971+00:00,CREDITS,1.0,,NEUTRAL,200000,,,,,,,,,,,,,,0,,,
787,session_001_spin_0263,1,2026-09-18T18:24:06.272+00:00,CREDITS,1.0,,PURPLE,920000,,,,,,,,,,,,,,0,,,
788,session_001_spin_0263,2,2026-09-18T18:24:06.272+00:00,CREDITS,1.0,,PURPLE,95000,,,,,,,,,,,,,,0,,,
789,session_001_spin_0263,3,2026-09-18T18:24:06.272+00:00,CREDITS,1.0,,PURPLE,175000,,,,,,,,,,,,,,0,,,
790,session_001_spin_0264,1,2026-09-18T18:24:11.542+00:00,CAR,0.78,,BLUE,,1965,TOYOTA,SPORTS 800,SPORTS 800 65,,,0,,0,1,SELL,1.0,SELL,1,125000,1.0,0
791,session_001_spin_0264,2,2026-09-18T18:24:11.542+00:00,CAR,1.0,,PURPLE,,2014,Ford,Ranger T6 Rally Raid,FORD RANGER T6,,,0,1,0,1,SELL,1.0,SELL,1,175000,1.0,0
792,session_001_spin_0264,3,2026-09-18T18:24:11.542+00:00,CREDITS,1.0,,OTHER,15000,,,,,,,,,,,,,,0,,,
793,session_001_spin_0265,1,2026-09-18T18:24:20.280+00:00,CREDITS,1.0,,BLUE,50000,,,,,,,,,,,,,,0,,,
794,session_001_spin_0265,2,2026-09-18T18:24:20.280+00:00,CREDITS,1.0,,OTHER,10000,,,,,,,,,,,,,,0,,,
795,session_001_spin_0265,3,2026-09-18T18:24:20.280+00:00,CREDITS,1.0,,OTHER,45000,,,,,,,,,,,,,,0,,,
796,session_001_spin_0266,1,2026-09-18T18:24:25.495+00:00,CAR,0.55,,NEUTRAL,,,,TOYOTA FJ40,TOYOTA FJ40,,,,,0,1,SELL,1.0,SELL,1,51500,1.0,0
797,session_001_spin_0266,2,2026-09-18T18:24:25.496+00:00,CAR,0.55,,NEUTRAL,,,,SUBARU WRX 04,SUBARU WRX 04,,,,,0,1,SELL,1.0,SELL,1,15000,1.0,0
798,session_001_spin_0266,3,2026-09-18T18:24:25.496+00:00,CREDITS,1.0,,NEUTRAL,10000,,,,,,,,,,,,,,0,,,
799,session_001_spin_0267,1,2026-09-18T18:24:34.060+00:00,CAR,0.55,,NEUTRAL,,,,ECLIPSE GSX,RELIANT SUPERVAN,,,,,0,1,SELL,1.0,SELL,1,19500,1.0,0
800,session_001_spin_0267,2,2026-09-18T18:24:34.060+00:00,OTHER,0.55,,NEUTRAL,,,,,,,,,,,,,,,0,,,
801,session_001_spin_0267,3,2026-09-18T18:24:34.060+00:00,CAR,0.78,,NEUTRAL,,1905,MITSUBISHI,ECLIPSE GSX,ECLIPSE GSX,,,0,,0,1,SELL,1.0,SELL,1,17500,1.0,0
802,session_001_spin_0268,1,2026-09-18T18:24:43.096+00:00,CREDITS,1.0,,NEUTRAL,15000,,,,,,,,,,,,,,0,,,
803,session_001_spin_0268,2,2026-09-18T18:24:43.096+00:00,CREDITS,1.0,,NEUTRAL,15000,,,,,,,,,,,,,,0,,,
804,session_001_spin_0268,3,2026-09-18T18:24:43.096+00:00,CREDITS,1.0,,NEUTRAL,10000,,,,,,,,,,,,,,0,,,
805,session_001_spin_0269,1,2026-09-18T18:24:48.824+00:00,CAR,0.78,,ORANGE,,1980,RENAULT,5 TURBO,RENAULT 5 TURBO,,,0,,0,1,SELL,1.0,SELL,1,71500,1.0,0
806,session_001_spin_0269,2,2026-09-18T18:24:48.824+00:00,CAR,0.45,,ORANGE,,2017,FORD,FORD GT 17,FORD GT 17,,,0,,0,1,SELL,1.0,SELL,1,250000,1.0,0
807,session_001_spin_0269,3,2026-09-18T18:24:48.825+00:00,CREDITS,1.0,,ORANGE,250000,,,,,,,,,,,,,,0,,,
808,session_001_spin_0270,1,2026-09-18T18:24:57.763+00:00,CAR,0.78,,NEUTRAL,,1972,RELIANT,SUPERVAN ILL,RELIANT SUPERVAN,,,0,,0,1,SELL,1.0,SELL,1,19500,1.0,0
809,session_001_spin_0270,2,2026-09-18T18:24:57.763+00:00,CREDITS,1.0,,NEUTRAL,10000,,,,,,,,,,,,,,0,,,
810,session_001_spin_0270,3,2026-09-18T18:24:57.763+00:00,CREDITS,1.0,,NEUTRAL,35000,,,,,,,,,,,,,,0,,,
811,session_001_spin_0271,1,2026-09-18T18:25:05.077+00:00,CREDITS,1.0,,NEUTRAL,45000,,,,,,,,,,,,,,0,,,
812,session_001_spin_0271,2,2026-09-18T18:25:05.077+00:00,CREDITS,1.0,,NEUTRAL,45000,,,,,,,,,,,,,,0,,,
813,session_001_spin_0271,3,2026-09-18T18:25:05.077+00:00,CAR,0.78,,NEUTRAL,,2012,NISSAN,BLACK EDITION R35 FORZA E SPEED SKILLS BOOST,GT R FE 12,,,0,,0,1,SELL,1.0,SELL,1,375000,1.0,0
814,session_001_spin_0272,1,2026-09-18T18:25:12.498+00:00,CREDITS,1.0,,OTHER,15000,,,,,,,,,,,,,,0,,,
815,session_001_spin_0272,2,2026-09-18T18:25:12.498+00:00,CREDITS,1.0,,PURPLE,150000,,,,,,,,,,,,,,0,,,
816,session_001_spin_0272,3,2026-09-18T18:25:12.498+00:00,CREDITS,1.0,,OTHER,15000,,,,,,,,,,,,,,0,,,
817,session_001_spin_0273,1,2026-09-18T18:25:18.088+00:00,CREDITS,1.0,,PURPLE,150000,,,,,,,,,,,,,,0,,,
818,session_001_spin_0273,2,2026-09-18T18:25:18.088+00:00,CAR,0.78,,PURPLE,,1989,FORMULA,DRIFT 98 BMW 325I,98 BMW 325I,,,0,,0,1,SELL,1.0,SELL,1,75000,1.0,0
819,session_001_spin_0273,3,2026-09-18T18:25:18.088+00:00,CREDITS,0.99,,PURPLE,5000,,,,,,,,,,,,,,0,,,
820,session_001_spin_0274,1,2026-09-18T18:25:25.380+00:00,CREDITS,1.0,,OTHER,40000,,,,,,,,,,,,,,0,,,
821,session_001_spin_0274,2,2026-09-18T18:25:25.380+00:00,CREDITS,1.0,,OTHER,10000,,,,,,,,,,,,,,0,,,
822,session_001_spin_0274,3,2026-09-18T18:25:25.380+00:00,CAR,0.78,,OTHER,,2007,HONDA,CIVIC TYPE R,HONDA CIVIC 07,,,0,,0,1,SELL,1.0,SELL,1,8500,1.0,0
823,session_001_spin_0275,1,2026-09-18T18:25:32.538+00:00,CAR,0.55,,NEUTRAL,,,,911 GT3 04,911 GT3 04,,,,,0,1,SELL,1.0,SELL,1,67500,1.0,0
824,session_001_spin_0275,2,2026-09-18T18:25:32.538+00:00,CREDITS,1.0,,NEUTRAL,15000,,,,,,,,,,,,,,0,,,
825,session_001_spin_0275,3,2026-09-18T18:25:32.538+00:00,CREDITS,1.0,,NEUTRAL,250000,,,,,,,,,,,,,,0,,,
826,session_001_spin_0276,1,2026-09-18T18:25:39.903+00:00,CREDITS,1.0,,OTHER,10000,,,,,,,,,,,,,,0,,,
827,session_001_spin_0276,2,2026-09-18T18:25:39.903+00:00,CAR,0.78,,BLUE,,1979,CHEVROLET,CAMARO Z28,CHEVY CAMARO 79,,,0,,0,1,SELL,1.0,SELL,1,10000,1.0,0
828,session_001_spin_0276,3,2026-09-18T18:25:39.903+00:00,CREDITS,1.0,,OTHER,15000,,,,,,,,,,,,,,0,,,
829,session_001_spin_0277,1,2026-09-18T18:25:47.261+00:00,CREDITS,1.0,,NEUTRAL,45000,,,,,,,,,,,,,,0,,,
830,session_001_spin_0277,2,2026-09-18T18:25:47.261+00:00,CREDITS,1.0,,NEUTRAL,15000,,,,,,,,,,,,,,0,,,
831,session_001_spin_0277,3,2026-09-18T18:25:47.261+00:00,CREDITS,1.0,,NEUTRAL,40000,,,,,,,,,,,,,,0,,,
832,session_001_spin_0278,1,2026-09-18T18:44:56.536+00:00,CREDITS,1.0,,BLUE,80000,,,,,,,,,,,,,,0,,,
833,session_001_spin_0278,2,2026-09-18T18:44:56.536+00:00,CREDITS,1.0,,BLUE,10000,,,,,,,,,,,,,,0,,,
834,session_001_spin_0278,3,2026-09-18T18:44:56.536+00:00,CREDITS,1.0,,BLUE,80000,,,,,,,,,,,,,,0,,,
835,session_001_spin_0279,1,2026-09-18T18:45:01.992+00:00,CREDITS,1.0,,GREEN,920000,,,,,,,,,,,,,,0,,,
836,session_001_spin_0279,2,2026-09-18T18:45:01.992+00:00,CREDITS,1.0,,GREEN,95000,,,,,,,,,,,,,,0,,,
837,session_001_spin_0279,3,2026-09-18T18:45:01.992+00:00,CREDITS,0.99,,GREEN,8000,,,,,,,,,,,,,,0,,,
838,session_001_spin_0280,1,2026-09-18T18:45:07.406+00:00,CREDITS,1.0,,NEUTRAL,20000,,,,,,,,,,,,,,0,,,
839,session_001_spin_0280,2,2026-09-18T18:45:07.406+00:00,CAR,0.78,,NEUTRAL,,2020,TOYOTA,GR SUPRA,TOYOTA SUPRA 20,,,0,,0,1,SELL,1.0,SELL,1,22500,1.0,0
840,session_001_spin_0280,3,2026-09-18T18:45:07.406+00:00,CAR,0.78,,NEUTRAL,,2021,LAMBORGHINI,COUNTACH LPI 800 4,COUNTACH 21,,,0,,1,1,SELL,1.0,SELL,1,1050000,1.0,1
841,session_001_spin_0281,1,2026-09-18T18:45:16.309+00:00,CAR,0.55,,NEUTRAL,,,,LAMBO SCV12,LAMBO SCV12,,,,,1,1,SELL,1.0,SELL,1,750000,1.0,1
842,session_001_spin_0281,2,2026-09-18T18:45:16.309+00:00,CREDITS,1.0,,NEUTRAL,15000,,,,,,,,,,,,,,0,,,
843,session_001_spin_0281,3,2026-09-18T18:45:16.309+00:00,CREDITS,1.0,,NEUTRAL,25000,,,,,,,,,,,,,,0,,,
844,session_001_spin_0282,1,2026-09-18T18:45:23.937+00:00,CREDITS,1.0,,PURPLE,95000,,,,,,,,,,,,,,0,,,
845,session_001_spin_0282,2,2026-09-18T18:45:23.937+00:00,CREDITS,1.0,,PURPLE,15000,,,,,,,,,,,,,,0,,,
846,session_001_spin_0282,3,2026-09-18T18:45:23.937+00:00,CREDITS,1.0,,PURPLE,200000,,,,,,,,,,,,,,0,,,
847,session_001_spin_0283,1,2026-09-18T18:45:28.969+00:00,CREDITS,1.0,,NEUTRAL,75000,,,,,,,,,,,,,,0,,,
848,session_001_spin_0283,2,2026-09-18T18:45:28.969+00:00,CREDITS,1.0,,NEUTRAL,10000,,,,,,,,,,,,,,0,,,
849,session_001_spin_0283,3,2026-09-18T18:45:28.969+00:00,CREDITS,1.0,,NEUTRAL,45000,,,,,,,,,,,,,,0,,,
850,session_001_spin_0284,1,2026-09-18T18:45:34.458+00:00,CREDITS,1.0,,NEUTRAL,15000,,,,,,,,,,,,,,0,,,
851,session_001_spin_0284,2,2026-09-18T18:45:34.458+00:00,CREDITS,1.0,,NEUTRAL,5000,,,,,,,,,,,,,,0,,,
852,session_001_spin_0284,3,2026-09-18T18:45:34.458+00:00,CREDITS,1.0,,NEUTRAL,15000,,,,,,,,,,,,,,0,,,
853,session_001_spin_0285,1,2026-09-18T18:45:40.253+00:00,CREDITS,1.0,,PURPLE,75000,,,,,,,,,,,,,,0,,,
854,session_001_spin_0285,2,2026-09-18T18:45:40.254+00:00,CAR,0.78,,PURPLE,,2023,MEYERS,MANX 2 0,MEYERS MANX 2 0,,,0,,0,1,SELL,1.0,SELL,1,37000,1.0,0
855,session_001_spin_0285,3,2026-09-18T18:45:40.254+00:00,CREDITS,0.99,,PURPLE,5000,,,,,,,,,,,,,,0,,,
856,session_001_spin_0286,1,2026-09-18T18:45:47.554+00:00,CREDITS,1.0,,NEUTRAL,20000,,,,,,,,,,,,,,0,,,
857,session_001_spin_0286,2,2026-09-18T18:45:47.554+00:00,CREDITS,1.0,,NEUTRAL,10000,,,,,,,,,,,,,,0,,,
858,session_001_spin_0286,3,2026-09-18T18:45:47.554+00:00,CREDITS,1.0,,NEUTRAL,20000,,,,,,,,,,,,,,0,,,
859,session_001_spin_0287,1,2026-09-18T18:45:53.207+00:00,CAR,0.78,,ORANGE,,1970,HONDA,S800,HONDA S800,,,0,,0,1,SELL,1.0,SELL,1,20000,1.0,0
860,session_001_spin_0287,2,2026-09-18T18:45:53.207+00:00,CREDITS,1.0,,ORANGE,100000,,,,,,,,,,,,,,0,,,
861,session_001_spin_0287,3,2026-09-18T18:45:53.207+00:00,CREDITS,1.0,,ORANGE,250000,,,,,,,,,,,,,,0,,,
862,session_001_spin_0288,1,2026-09-18T18:46:00.615+00:00,CREDITS,1.0,,NEUTRAL,10000,,,,,,,,,,,,,,0,,,
863,session_001_spin_0288,2,2026-09-18T18:46:00.615+00:00,CREDITS,1.0,,NEUTRAL,5000,,,,,,,,,,,,,,0,,,
864,session_001_spin_0288,3,2026-09-18T18:46:00.616+00:00,CAR,0.78,,NEUTRAL,,2010,FORD,VICTORIA POLICE INTERCEP,CROWN VICTORIA,,,0,,0,1,SELL,1.0,SELL,1,7500,1.0,0
865,session_001_spin_0289,1,2026-09-18T18:46:07.956+00:00,CAR,0.55,,NEUTRAL,,,,MCLAREN 620R,MCLAREN 620R,,,,,0,1,SELL,1.0,SELL,1,130000,1.0,0
866,session_001_spin_0289,2,2026-09-18T18:46:07.956+00:00,CREDITS,1.0,,NEUTRAL,50000,,,,,,,,,,,,,,0,,,
867,session_001_spin_0289,3,2026-09-18T18:46:07.956+00:00,CREDITS,1.0,,NEUTRAL,15000,,,,,,,,,,,,,,0,,,
868,session_001_spin_0290,1,2026-09-18T18:46:15.253+00:00,CREDITS,1.0,,OTHER,20000,,,,,,,,,,,,,,0,,,
869,session_001_spin_0290,2,2026-09-18T18:46:15.254+00:00,CREDITS,1.0,,OTHER,15000,,,,,,,,,,,,,,0,,,
870,session_001_spin_0290,3,2026-09-18T18:46:15.254+00:00,CREDITS,1.0,,OTHER,10000,,,,,,,,,,,,,,0,,,
871,session_001_spin_0291,1,2026-09-18T18:46:20.707+00:00,CREDITS,1.0,,NEUTRAL,150000,,,,,,,,,,,,,,0,,,
872,session_001_spin_0291,2,2026-09-18T18:46:20.707+00:00,CREDITS,1.0,,NEUTRAL,50000,,,,,,,,,,,,,,0,,,
873,session_001_spin_0291,3,2026-09-18T18:46:20.707+00:00,CREDITS,1.0,,NEUTRAL,50000,,,,,,,,,,,,,,0,,,
874,session_001_spin_0292,1,2026-09-18T18:46:26.274+00:00,CREDITS,1.0,,BLUE,920000,,,,,,,,,,,,,,0,,,
875,session_001_spin_0292,2,2026-09-18T18:46:26.274+00:00,CREDITS,0.99,,BLUE,8000,,,,,,,,,,,,,,0,,,
876,session_001_spin_0292,3,2026-09-18T18:46:26.274+00:00,CREDITS,1.0,,BLUE,100000,,,,,,,,,,,,,,0,,,
877,session_001_spin_0293,1,2026-09-18T18:46:31.571+00:00,CAR,0.78,,PURPLE,,2022,ALUMICRAFT,6165 TRICK TRUCK,6165 TRUCK,,,0,,0,1,SELL,1.0,SELL,1,150000,1.0,0
878,session_001_spin_0293,2,2026-09-18T18:46:31.571+00:00,CAR,0.78,,PURPLE,,1986,FORD,F 150 XLT LARIAT,FORD F 150 86,,,0,,0,1,SELL,1.0,SELL,1,22500,1.0,0
879,session_001_spin_0293,3,2026-09-18T18:46:31.571+00:00,CREDITS,1.0,,PURPLE,20000,,,,,,,,,,,,,,0,,,
880,session_001_spin_0294,1,2026-09-18T18:46:40.305+00:00,CREDITS,1.0,,NEUTRAL,35000,,,,,,,,,,,,,,0,,,
881,session_001_spin_0294,2,2026-09-18T18:46:40.305+00:00,CREDITS,1.0,,NEUTRAL,15000,,,,,,,,,,,,,,0,,,
882,session_001_spin_0294,3,2026-09-18T18:46:40.306+00:00,CREDITS,1.0,,NEUTRAL,175000,,,,,,,,,,,,,,0,,,
883,session_001_spin_0295,1,2026-09-18T18:46:45.574+00:00,CAR,0.78,,OTHER,,2016,CADILLAC,ATS V,CADDY ATS V,,,0,,0,1,SELL,1.0,SELL,1,20500,1.0,0
884,session_001_spin_0295,2,2026-09-18T18:46:45.574+00:00,CREDITS,1.0,,NEUTRAL,50000,,,,,,,,,,,,,,0,,,
885,session_001_spin_0295,3,2026-09-18T18:46:45.574+00:00,CREDITS,1.0,,OTHER,20000,,,,,,,,,,,,,,0,,,
886,session_001_spin_0296,1,2026-09-18T18:46:52.885+00:00,CREDITS,1.0,,NEUTRAL,20000,,,,,,,,,,,,,,0,,,
887,session_001_spin_0296,2,2026-09-18T18:46:52.885+00:00,CREDITS,1.0,,NEUTRAL,15000,,,,,,,,,,,,,,0,,,
888,session_001_spin_0296,3,2026-09-18T18:46:52.885+00:00,CREDITS,1.0,,NEUTRAL,50000,,,,,,,,,,,,,,0,,,
889,session_001_spin_0297,1,2026-09-18T18:46:58.206+00:00,CAR,0.78,,NEUTRAL,,2003,AUDI,RS 6,AUDI RS 6 03,,,0,,0,1,SELL,1.0,SELL,1,17500,1.0,0
890,session_001_spin_0297,2,2026-09-18T18:46:58.206+00:00,CREDITS,1.0,,NEUTRAL,25000,,,,,,,,,,,,,,0,,,
891,session_001_spin_0297,3,2026-09-18T18:46:58.206+00:00,CAR,0.78,,NEUTRAL,,2014,HSV,LITED EDITION GEN F GTS MA,HSV MALOO 14,,,0,,0,1,SELL,1.0,SELL,1,32500,1.0,0
892,session_001_spin_0298,1,2026-09-18T18:47:07.297+00:00,CREDITS,1.0,,NEUTRAL,50000,,,,,,,,,,,,,,0,,,
893,session_001_spin_0298,2,2026-09-18T18:47:07.297+00:00,CAR,0.78,,NEUTRAL,,1980,RENAULT,5 TURBO,RENAULT 5 TURBO,,,0,,0,1,SELL,1.0,SELL,1,71500,1.0,0
894,session_001_spin_0298,3,2026-09-18T18:47:07.297+00:00,CREDITS,1.0,,OTHER,10000,,,,,,,,,,,,,,0,,,
895,session_001_spin_0299,1,2026-09-18T18:47:14.669+00:00,CREDITS,1.0,,NEUTRAL,20000,,,,,,,,,,,,,,0,,,
896,session_001_spin_0299,2,2026-09-18T18:47:14.669+00:00,CREDITS,1.0,,NEUTRAL,12000,,,,,,,,,,,,,,0,,,
897,session_001_spin_0299,3,2026-09-18T18:47:14.669+00:00,CREDITS,1.0,,NEUTRAL,25000,,,,,,,,,,,,,,0,,,
898,session_001_spin_0300,1,2026-09-18T18:47:20.404+00:00,CREDITS,1.0,,GREEN,15000,,,,,,,,,,,,,,0,,,
899,session_001_spin_0300,2,2026-09-18T18:47:20.405+00:00,CREDITS,1.0,,GREEN,20000,,,,,,,,,,,,,,0,,,
900,session_001_spin_0300,3,2026-09-18T18:47:20.405+00:00,CREDITS,0.99,,GREEN,5000,,,,,,,,,,,,,,0,,,
901,session_001_spin_0301,1,2026-09-18T18:47:25.464+00:00,CAR,0.55,,NEUTRAL,,,,DATSUN 510,DATSUN 510,,,,,0,1,SELL,1.0,SELL,1,43000,1.0,0
902,session_001_spin_0301,2,2026-09-18T18:47:25.464+00:00,CREDITS,1.0,,NEUTRAL,45000,,,,,,,,,,,,,,0,,,
903,session_001_spin_0301,3,2026-09-18T18:47:25.464+00:00,CREDITS,1.0,,NEUTRAL,20000,,,,,,,,,,,,,,0,,,
904,session_001_spin_0302,1,2026-09-18T18:47:32.631+00:00,CREDITS,1.0,,OTHER,15000,,,,,,,,,,,,,,0,,,
905,session_001_spin_0302,2,2026-09-18T18:47:32.631+00:00,CREDITS,1.0,,OTHER,35000,,,,,,,,,,,,,,0,,,
906,session_001_spin_0302,3,2026-09-18T18:47:32.631+00:00,CREDITS,1.0,,OTHER,20000,,,,,,,,,,,,,,0,,,
907,session_001_spin_0303,1,2026-09-18T18:47:37.882+00:00,CAR,0.55,,NEUTRAL,,,,LOTUS ELISE 99,LOTUS ELISE 99,,,,,0,1,SELL,1.0,SELL,1,23500,1.0,0
908,session_001_spin_0303,2,2026-09-18T18:47:37.882+00:00,CREDITS,1.0,,NEUTRAL,10000,,,,,,,,,,,,,,0,,,
909,session_001_spin_0303,3,2026-09-18T18:47:37.882+00:00,CREDITS,1.0,,NEUTRAL,12000,,,,,,,,,,,,,,0,,,
910,session_001_spin_0304,1,2026-09-18T18:49:24.700+00:00,CREDITS,1.0,,PURPLE,95000,,,,,,,,,,,,,,0,,,
911,session_001_spin_0304,2,2026-09-18T18:49:24.701+00:00,CREDITS,1.0,,PURPLE,175000,,,,,,,,,,,,,,0,,,
912,session_001_spin_0304,3,2026-09-18T18:49:24.701+00:00,CAR,0.78,,PURPLE,,2015,CHEVROLET,CORVETTE Z06,CORVETTE 15,,,0,,0,1,SELL,1.0,SELL,1,50000,1.0,0
913,session_001_spin_0305,1,2026-09-18T18:49:31.902+00:00,CAR,0.78,,NEUTRAL,,2020,FORD,F 450 DRW PLATINUM FO DESTRUCTION SKILLS BOOST,FORD F 450 FE,,,0,,0,1,SELL,1.0,SELL,1,250000,1.0,0
914,session_001_spin_0305,2,2026-09-18T18:49:31.903+00:00,CAR,0.78,,NEUTRAL,,2015,DODGE,CHALLENGER SRT HELLCAT,CHALLENGER 15,,,0,,0,1,SELL,1.0,SELL,1,26500,1.0,0
915,session_001_spin_0305,3,2026-09-18T18:49:31.903+00:00,CAR,0.78,,NEUTRAL,,2018,DEBERT,ROLET SILVERADO 1500 DRIFT 1,SILVERADO DD,,,0,,0,1,SELL,1.0,SELL,1,125000,1.0,0
916,session_001_spin_0306,1,2026-09-18T18:49:41.922+00:00,CREDITS,1.0,,PURPLE,200000,,,,,,,,,,,,,,0,,,
917,session_001_spin_0306,2,2026-09-18T18:49:41.922+00:00,CREDITS,1.0,,OTHER,250000,,,,,,,,,,,,,,0,,,
918,session_001_spin_0306,3,2026-09-18T18:49:41.922+00:00,CREDITS,1.0,,PURPLE,200000,,,,,,,,,,,,,,0,,,
919,session_001_spin_0307,1,2026-09-18T18:49:47.157+00:00,CREDITS,1.0,,PURPLE,100000,,,,,,,,,,,,,,0,,,
920,session_001_spin_0307,2,2026-09-18T18:49:47.157+00:00,CREDITS,1.0,,PURPLE,200000,,,,,,,,,,,,,,0,,,
921,session_001_spin_0307,3,2026-09-18T18:49:47.157+00:00,CREDITS,1.0,,PURPLE,20000,,,,,,,,,,,,,,0,,,
922,session_001_spin_0308,1,2026-09-18T18:49:52.867+00:00,CREDITS,1.0,,GREEN,95000,,,,,,,,,,,,,,0,,,
923,session_001_spin_0308,2,2026-09-18T18:49:52.868+00:00,CREDITS,1.0,,GREEN,20000,,,,,,,,,,,,,,0,,,
924,session_001_spin_0308,3,2026-09-18T18:49:52.868+00:00,CREDITS,1.0,,GREEN,40000,,,,,,,,,,,,,,0,,,
925,session_001_spin_0309,1,2026-09-18T18:49:58.149+00:00,CAR,0.55,,NEUTRAL,,,,FORD UTE 14,FORD UTE 14,,,,,0,1,SELL,1.0,SELL,1,20000,1.0,0
926,session_001_spin_0309,2,2026-09-18T18:49:58.149+00:00,CREDITS,1.0,,NEUTRAL,200000,,,,,,,,,,,,,,0,,,
927,session_001_spin_0309,3,2026-09-18T18:49:58.149+00:00,CAR,0.78,,NEUTRAL,,2016,CIS,V SEDAN,CADDY CTS V 16,,,0,,0,1,SELL,1.0,SELL,1,30000,1.0,0
928,session_001_spin_0310,1,2026-09-18T18:52:55.602+00:00,CAR,0.78,,PURPLE,,1973,MAZDA,RX 3,MAZDA RX 3,,,0,,0,1,SELL,1.0,SELL,1,36500,1.0,0
929,session_001_spin_0310,2,2026-09-18T18:52:55.602+00:00,CREDITS,1.0,,PURPLE,150000,,,,,,,,,,,,,,0,,,
930,session_001_spin_0310,3,2026-09-18T18:52:55.604+00:00,CREDITS,0.99,,PURPLE,5000,,,,,,,,,,,,,,0,,,
931,session_001_spin_0311,1,2026-09-18T18:53:03.136+00:00,CREDITS,1.0,,OTHER,10000,,,,,,,,,,,,,,0,,,
932,session_001_spin_0311,2,2026-09-18T18:53:03.136+00:00,CREDITS,1.0,,OTHER,25000,,,,,,,,,,,,,,0,,,
933,session_001_spin_0311,3,2026-09-18T18:53:03.136+00:00,CREDITS,1.0,,NEUTRAL,50000,,,,,,,,,,,,,,0,,,
934,session_001_spin_0312,1,2026-09-18T18:53:08.664+00:00,CAR,0.78,,NEUTRAL,,2016,R8,VIO PLUS,AUDI R8 VIO PLUS,,,0,,0,1,SELL,1.0,SELL,1,80000,1.0,0
935,session_001_spin_0312,2,2026-09-18T18:53:08.664+00:00,CAR,0.78,,NEUTRAL,,2021,LEXUS,LC 500,LEXUS LC 500 21,,,0,,0,1,SELL,1.0,SELL,1,39500,1.0,0
936,session_001_spin_0312,3,2026-09-18T18:53:08.664+00:00,CREDITS,1.0,,NEUTRAL,40000,,,,,,,,,,,,,,0,,,
937,session_001_spin_0313,1,2026-09-18T18:53:17.546+00:00,CAR,0.78,,NEUTRAL,,2015,DODGE,CHALLENGER SRT HELLCAT,CHALLENGER 15,,,0,,0,1,SELL,1.0,SELL,1,26500,1.0,0
938,session_001_spin_0313,2,2026-09-18T18:53:17.546+00:00,CREDITS,1.0,,NEUTRAL,15000,,,,,,,,,,,,,,0,,,
939,session_001_spin_0313,3,2026-09-18T18:53:17.546+00:00,CREDITS,1.0,,NEUTRAL,20000,,,,,,,,,,,,,,0,,,
940,session_001_spin_0314,1,2026-09-18T18:53:24.953+00:00,CREDITS,1.0,,NEUTRAL,15000,,,,,,,,,,,,,,0,,,
941,session_001_spin_0314,2,2026-09-18T18:53:24.953+00:00,CREDITS,1.0,,NEUTRAL,35000,,,,,,,,,,,,,,0,,,
942,session_001_spin_0314,3,2026-09-18T18:53:24.953+00:00,CAR,0.78,,NEUTRAL,,2005,MAZDA,MAZDASPEED MX 5,MAZDA MX 5 05,,,0,,0,1,SELL,1.0,SELL,1,10500,1.0,0
943,session_001_spin_0315,1,2026-09-18T18:53:32.398+00:00,CREDITS,0.99,,GREEN,5000,,,,,,,,,,,,,,0,,,
944,session_001_spin_0315,2,2026-09-18T18:53:32.398+00:00,CREDITS,1.0,,GREEN,15000,,,,,,,,,,,,,,0,,,
945,session_001_spin_0315,3,2026-09-18T18:53:32.398+00:00,CAR,0.45,,GREEN,,2005,BMW,BMW M3 05,BMW M3 05,,,0,,0,1,SELL,1.0,SELL,1,17500,1.0,0
946,session_001_spin_0316,1,2026-09-18T18:53:40.153+00:00,CREDITS,1.0,,ORANGE,200000,,,,,,,,,,,,,,0,,,
947,session_001_spin_0316,2,2026-09-18T18:53:40.153+00:00,CAR,0.78,,ORANGE,,1989,FERRARI,F40 COMPETIZIONE,FERRARI F40 C,,,0,,0,1,SELL,1.0,SELL,1,1600000,1.0,0
948,session_001_spin_0316,3,2026-09-18T18:53:40.153+00:00,CREDITS,0.99,,ORANGE,5000,,,,,,,,,,,,,,0,,,
949,session_001_spin_0317,1,2026-09-18T18:56:56.143+00:00,OTHER,0.55,,NEUTRAL,,,,,,,,,,,,,,,0,,,
950,session_001_spin_0317,2,2026-09-18T18:56:56.143+00:00,OTHER,0.55,,NEUTRAL,,,,,,,,,,,,,,,0,,,
951,session_001_spin_0317,3,2026-09-18T18:56:56.144+00:00,CREDITS,1.0,,NEUTRAL,100000,,,,,,,,,,,,,,0,,,
952,session_001_spin_0318,1,2026-09-18T19:09:32.735+00:00,CREDITS,1.0,,PURPLE,150000,,,,,,,,,,,,,,0,,,
953,session_001_spin_0318,2,2026-09-18T19:09:32.735+00:00,CREDITS,1.0,,PURPLE,40000,,,,,,,,,,,,,,0,,,
954,session_001_spin_0318,3,2026-09-18T19:09:32.735+00:00,CREDITS,1.0,,PURPLE,80000,,,,,,,,,,,,,,0,,,
955,session_001_spin_0319,1,2026-09-18T19:09:38.457+00:00,OTHER,0.55,,NEUTRAL,,,,,,,,,,,,,,,0,,,
956,session_001_spin_0319,2,2026-09-18T19:09:38.457+00:00,CREDITS,1.0,,NEUTRAL,15000,,,,,,,,,,,,,,0,,,
957,session_001_spin_0319,3,2026-09-18T19:09:38.457+00:00,CREDITS,1.0,,NEUTRAL,45000,,,,,,,,,,,,,,0,,,
958,session_001_spin_0320,1,2026-09-18T19:12:40.970+00:00,CREDITS,1.0,,NEUTRAL,20000,,,,,,,,,,,,,,0,,,
959,session_001_spin_0320,2,2026-09-18T19:12:40.970+00:00,CAR,0.78,,NEUTRAL,,2022,FORD,FOCUS ST,FORD FOCUS 22,,,0,,0,1,SELL,1.0,SELL,1,17000,1.0,0
960,session_001_spin_0320,3,2026-09-18T19:12:40.970+00:00,CREDITS,1.0,,NEUTRAL,45000,,,,,,,,,,,,,,0,,,
961,session_001_spin_0321,1,2026-09-18T19:12:48.448+00:00,CREDITS,1.0,,NEUTRAL,10000,,,,,,,,,,,,,,0,,,
962,session_001_spin_0321,2,2026-09-18T19:12:48.449+00:00,OTHER,0.55,,NEUTRAL,,,,,,,,,,,,,,,0,,,
963,session_001_spin_0321,3,2026-09-18T19:12:48.450+00:00,CAR,0.78,,NEUTRAL,,2011,AUDI,RS 3 SPORTBACK,AUDI RS 3,,,0,,0,1,SELL,1.0,SELL,1,10000,1.0,0
964,session_001_spin_0322,1,2026-09-18T19:12:55.776+00:00,CREDITS,1.0,,OTHER,20000,,,,,,,,,,,,,,0,,,
965,session_001_spin_0322,2,2026-09-18T19:12:55.776+00:00,CAR,0.78,,OTHER,,2019,FERRARI,MONZA SP2,FERRARI MONZA,,,0,,0,1,SELL,1.0,SELL,1,1250000,1.0,0
966,session_001_spin_0322,3,2026-09-18T19:12:55.776+00:00,CREDITS,1.0,,OTHER,15000,,,,,,,,,,,,,,0,,,
967,session_001_spin_0323,1,2026-09-18T19:13:03.109+00:00,CREDITS,1.0,,NEUTRAL,200000,,,,,,,,,,,,,,0,,,
968,session_001_spin_0323,2,2026-09-18T19:13:03.109+00:00,CREDITS,1.0,,NEUTRAL,10000,,,,,,,,,,,,,,0,,,
969,session_001_spin_0323,3,2026-09-18T19:13:03.109+00:00,CREDITS,1.0,,NEUTRAL,35000,,,,,,,,,,,,,,0,,,
970,session_001_spin_0324,1,2026-09-18T19:13:08.904+00:00,CREDITS,1.0,,PURPLE,920000,,,,,,,,,,,,,,0,,,
971,session_001_spin_0324,2,2026-09-18T19:13:08.904+00:00,CREDITS,1.0,,PURPLE,95000,,,,,,,,,,,,,,0,,,
972,session_001_spin_0324,3,2026-09-18T19:13:08.904+00:00,CAR,0.78,,PURPLE,,1986,FORD,150 XLT LARIAT FORZA EDITIO STUNT SKILLS BOOST,FORD F 150 FE,,,0,,0,1,SELL,1.0,SELL,1,250000,1.0,0
973,session_001_spin_0325,1,2026-09-18T19:13:16.321+00:00,CREDITS,1.0,,OTHER,15000,,,,,,,,,,,,,,0,,,
974,session_001_spin_0325,2,2026-09-18T19:13:16.321+00:00,CREDITS,1.0,,OTHER,10000,,,,,,,,,,,,,,0,,,
975,session_001_spin_0325,3,2026-09-18T19:13:16.321+00:00,CAR,0.78,,NEUTRAL,,1992,NISSAN,SKYLINE GT R,SKYLINE GT R 92,,,0,,0,1,SELL,1.0,SELL,1,36000,1.0,0
976,session_001_spin_0326,1,2026-09-18T19:13:23.629+00:00,CREDITS,1.0,,NEUTRAL,15000,,,,,,,,,,,,,,0,,,
977,session_001_spin_0326,2,2026-09-18T19:13:23.629+00:00,CREDITS,1.0,,NEUTRAL,200000,,,,,,,,,,,,,,0,,,
978,session_001_spin_0326,3,2026-09-18T19:13:23.629+00:00,CREDITS,1.0,,NEUTRAL,10000,,,,,,,,,,,,,,0,,,
979,session_001_spin_0327,1,2026-09-18T19:13:29.128+00:00,CAR,0.78,,NEUTRAL,,2021,PORSCHE,911 GT3,911 GT3 21,,,0,,0,1,SELL,1.0,SELL,1,130000,1.0,0
980,session_001_spin_0327,2,2026-09-18T19:13:29.128+00:00,CREDITS,1.0,,NEUTRAL,15000,,,,,,,,,,,,,,0,,,
981,session_001_spin_0327,3,2026-09-18T19:13:29.128+00:00,CREDITS,1.0,,NEUTRAL,15000,,,,,,,,,,,,,,0,,,
982,session_001_spin_0328,1,2026-09-18T19:13:36.346+00:00,CAR,0.78,,PURPLE,,2010,LAMBORGHINI,MURCIELAGO LP 670 4 SV,LAMBO MURCIELAGO,,,0,,1,1,KEEP,1.0,KEEP,1,,1.0,1
983,session_001_spin_0328,2,2026-09-18T19:13:36.346+00:00,CREDITS,1.0,,PURPLE,175000,,,,,,,,,,,,,,0,,,
984,session_001_spin_0328,3,2026-09-18T19:13:36.346+00:00,OTHER,0.55,,OTHER,,,,,,,,,,,,,,,0,,,
985,session_001_spin_0329,1,2026-09-18T19:13:43.183+00:00,CAR,0.78,,BLUE,,2016,JEEP,TRAILCAT,JEEP TRAILCAT,,,0,,0,1,SELL,1.0,SELL,1,35000,1.0,0
986,session_001_spin_0329,2,2026-09-18T19:13:43.183+00:00,CREDITS,1.0,,BLUE,75000,,,,,,,,,,,,,,0,,,
987,session_001_spin_0329,3,2026-09-18T19:13:43.184+00:00,CAR,0.78,,BLUE,,1988,CHEVROLET,MONTE CARLO SUPER SPORT,CHEVY MONTECARIO,,,0,,0,1,SELL,1.0,SELL,1,15000,1.0,0
988,session_001_spin_0330,1,2026-09-18T19:13:52.197+00:00,CAR,0.78,,GREEN,,1987,MERCEDES,BENZ AMG HAMMER COUPE,AMG HAMMER COUPE,,,0,,0,1,SELL,1.0,SELL,1,112500,1.0,0
989,session_001_spin_0330,2,2026-09-18T19:13:52.197+00:00,CREDITS,1.0,,GREEN,20000,,,,,,,,,,,,,,0,,,
990,session_001_spin_0330,3,2026-09-18T19:13:52.197+00:00,CREDITS,0.99,,GREEN,5000,,,,,,,,,,,,,,0,,,
991,session_001_spin_0331,1,2026-09-18T19:13:59.392+00:00,CREDITS,1.0,,NEUTRAL,175000,,,,,,,,,,,,,,0,,,
992,session_001_spin_0331,2,2026-09-18T19:13:59.393+00:00,CREDITS,1.0,,NEUTRAL,250000,,,,,,,,,,,,,,0,,,
993,session_001_spin_0331,3,2026-09-18T19:13:59.393+00:00,CREDITS,1.0,,NEUTRAL,150000,,,,,,,,,,,,,,0,,,
994,session_001_spin_0332,1,2026-09-18T19:14:04.676+00:00,CREDITS,1.0,,OTHER,75000,,,,,,,,,,,,,,0,,,
995,session_001_spin_0332,2,2026-09-18T19:14:04.676+00:00,CREDITS,1.0,,PURPLE,200000,,,,,,,,,,,,,,0,,,
996,session_001_spin_0332,3,2026-09-18T19:14:04.676+00:00,CREDITS,1.0,,OTHER,250000,,,,,,,,,,,,,,0,,,
997,session_001_spin_0333,1,2026-09-18T19:14:10.158+00:00,CREDITS,1.0,,NEUTRAL,20000,,,,,,,,,,,,,,0,,,
998,session_001_spin_0333,2,2026-09-18T19:14:10.158+00:00,CREDITS,1.0,,NEUTRAL,50000,,,,,,,,,,,,,,0,,,
999,session_001_spin_0333,3,2026-09-18T19:14:10.158+00:00,CREDITS,1.0,,NEUTRAL,25000,,,,,,,,,,,,,,0,,,
1000,session_001_spin_0334,1,2026-09-18T19:14:15.910+00:00,CREDITS,1.0,,GREEN,920000,,,,,,,,,,,,,,0,,,
1001,session_001_spin_0334,2,2026-09-18T19:14:15.910+00:00,CREDITS,1.0,,GREEN,20000,,,,,,,,,,,,,,0,,,
1002,session_001_spin_0334,3,2026-09-18T19:14:15.910+00:00,CREDITS,0.99,,GREEN,5000,,,,,,,,,,,,,,0,,,
1003,session_001_spin_0335,1,2026-09-18T19:14:21.054+00:00,CREDITS,1.0,,OTHER,20000,,,,,,,,,,,,,,0,,,
1004,session_001_spin_0335,2,2026-09-18T19:14:21.054+00:00,CREDITS,1.0,,BLUE,45000,,,,,,,,,,,,,,0,,,
1005,session_001_spin_0335,3,2026-09-18T19:14:21.054+00:00,CAR,0.78,,BLUE,,2008,MITSUBISHI,LANCER EVOLUTION X GSR,LANCER GSR 08,,,0,,0,1,SELL,1.0,SELL,1,12500,1.0,0
1006,session_001_spin_0336,1,2026-09-18T19:14:28.328+00:00,CREDITS,1.0,,OTHER,15000,,,,,,,,,,,,,,0,,,
1007,session_001_spin_0336,2,2026-09-18T19:14:28.329+00:00,CREDITS,1.0,,OTHER,10000,,,,,,,,,,,,,,0,,,
1008,session_001_spin_0336,3,2026-09-18T19:14:28.329+00:00,CREDITS,1.0,,NEUTRAL,50000,,,,,,,,,,,,,,0,,,
1009,session_001_spin_0337,1,2026-09-18T19:14:33.917+00:00,CAR,0.78,,OTHER,,2002,NISSAN,SILVIA SPEC R,NISSAN SILVIA 02,,,0,,0,1,SELL,1.0,SELL,1,22000,1.0,0
1010,session_001_spin_0337,2,2026-09-18T19:14:33.917+00:00,CREDITS,1.0,,OTHER,20000,,,,,,,,,,,,,,0,,,
1011,session_001_spin_0337,3,2026-09-18T19:14:33.917+00:00,CREDITS,1.0,,PURPLE,150000,,,,,,,,,,,,,,0,,,
1012,session_001_spin_0338,1,2026-09-18T19:14:41.207+00:00,CAR,0.55,,NEUTRAL,,,,JEEP TRACKHAWK,JEEP TRACKHAWK,,,,,0,1,SELL,1.0,SELL,1,36000,1.0,0
1013,session_001_spin_0338,2,2026-09-18T19:14:41.207+00:00,CREDITS,1.0,,NEUTRAL,5000,,,,,,,,,,,,,,0,,,
1014,session_001_spin_0338,3,2026-09-18T19:14:41.207+00:00,CREDITS,1.0,,NEUTRAL,20000,,,,,,,,,,,,,,0,,,
1015,session_001_spin_0339,1,2026-09-18T19:25:53.352+00:00,CREDITS,1.0,,PURPLE,15000,,,,,,,,,,,,,,0,,,
1016,session_001_spin_0339,2,2026-09-18T19:25:53.352+00:00,CREDITS,1.0,,PURPLE,95000,,,,,,,,,,,,,,0,,,
1017,session_001_spin_0339,3,2026-09-18T19:25:53.352+00:00,CREDITS,1.0,,PURPLE,150000,,,,,,,,,,,,,,0,,,
1018,session_001_spin_0340,1,2026-09-18T19:25:58.718+00:00,CREDITS,1.0,,PURPLE,80000,,,,,,,,,,,,,,0,,,
1019,session_001_spin_0340,2,2026-09-18T19:25:58.718+00:00,CAR,0.78,,PURPLE,,1991,GMC,SYCLONE,GMC SYCLONE,,,0,,0,1,SELL,1.0,SELL,1,23000,1.0,0
1020,session_001_spin_0340,3,2026-09-18T19:25:58.718+00:00,CREDITS,1.0,,OTHER,15000,,,,,,,,,,,,,,0,,,
1021,session_001_spin_0341,1,2026-09-18T19:26:06.169+00:00,CREDITS,1.0,,NEUTRAL,8000,,,,,,,,,,,,,,0,,,
1022,session_001_spin_0341,2,2026-09-18T19:26:06.169+00:00,CREDITS,1.0,,NEUTRAL,12000,,,,,,,,,,,,,,0,,,
1023,session_001_spin_0341,3,2026-09-18T19:26:06.169+00:00,CREDITS,1.0,,NEUTRAL,12000,,,,,,,,,,,,,,0,,,
1024,session_001_spin_0342,1,2026-09-18T19:26:11.665+00:00,CREDITS,1.0,,NEUTRAL,100000,,,,,,,,,,,,,,0,,,
1025,session_001_spin_0342,2,2026-09-18T19:26:11.665+00:00,CREDITS,1.0,,NEUTRAL,10000,,,,,,,,,,,,,,0,,,
1026,session_001_spin_0342,3,2026-09-18T19:26:11.665+00:00,CAR,0.55,,NEUTRAL,,,,AUDI TT RS,AUDI TT RS,,,,,0,1,SELL,1.0,SELL,1,17500,1.0,0
1027,session_001_spin_0343,1,2026-09-18T19:26:19.168+00:00,CAR,0.78,,NEUTRAL,,1992,FORD,ESCORT RS COSWORTH,FORD ESCORT 92,,,0,,0,1,SELL,1.0,SELL,1,32500,1.0,0
1028,session_001_spin_0343,2,2026-09-18T19:26:19.168+00:00,CAR,0.78,,NEUTRAL,,2020,WULING,SUNSHINE S FORZA EDITION CREDITS BOOST,SUNSHINE FE,,,1,,0,1,SELL,1.0,SELL,1,250000,1.0,0
1029,session_001_spin_0343,3,2026-09-18T19:26:19.168+00:00,CREDITS,1.0,,OTHER,10000,,,,,,,,,,,,,,0,,,
1030,session_001_spin_0344,1,2026-09-18T19:26:27.893+00:00,CREDITS,1.0,,OTHER,10000,,,,,,,,,,,,,,0,,,
1031,session_001_spin_0344,2,2026-09-18T19:26:27.893+00:00,CREDITS,1.0,,OTHER,250000,,,,,,,,,,,,,,0,,,
1032,session_001_spin_0344,3,2026-09-18T19:26:27.893+00:00,CREDITS,1.0,,OTHER,20000,,,,,,,,,,,,,,0,,,
1033,session_001_spin_0345,1,2026-09-18T19:26:33.513+00:00,CAR,0.45,,NEUTRAL,,2010,,BMW M4 16,BMW M4 16,,,0,,0,1,SELL,1.0,SELL,1,62500,1.0,0
1034,session_001_spin_0345,2,2026-09-18T19:26:33.513+00:00,CREDITS,1.0,,NEUTRAL,50000,,,,,,,,,,,,,,0,,,
1035,session_001_spin_0345,3,2026-09-18T19:26:33.513+00:00,CREDITS,1.0,,NEUTRAL,25000,,,,,,,,,,,,,,0,,,
1036,session_001_spin_0346,1,2026-09-18T19:26:40.881+00:00,CAR,0.78,,OTHER,,1992,VOLKSWAGEN,GOLF GTI 16V MK2,VW GTI MK2 92,,,0,,0,1,SELL,1.0,SELL,1,11000,1.0,0
1037,session_001_spin_0346,2,2026-09-18T19:26:40.881+00:00,CREDITS,1.0,,OTHER,250000,,,,,,,,,,,,,,0,,,
1038,session_001_spin_0346,3,2026-09-18T19:26:40.881+00:00,CAR,0.78,,OTHER,,2005,SUBARU,IMPREZA WRX STI,SUBARU WRX 05,,,0,,0,1,SELL,1.0,SELL,1,17500,1.0,0
1039,session_001_spin_0347,1,2026-09-18T19:26:49.844+00:00,CREDITS,1.0,,PURPLE,200000,,,,,,,,,,,,,,0,,,
1040,session_001_spin_0347,2,2026-09-18T19:26:49.844+00:00,CREDITS,1.0,,OTHER,40000,,,,,,,,,,,,,,0,,,
1041,session_001_spin_0347,3,2026-09-18T19:26:49.846+00:00,CREDITS,1.0,,OTHER,15000,,,,,,,,,,,,,,0,,,
1042,session_001_spin_0348,1,2026-09-18T19:26:55.306+00:00,CAR,0.78,,GREEN,,1970,HONDA,S800,HONDA S800,,,0,,0,1,SELL,1.0,SELL,1,20000,1.0,0
1043,session_001_spin_0348,2,2026-09-18T19:26:55.306+00:00,CREDITS,1.0,,GREEN,95000,,,,,,,,,,,,,,0,,,
1044,session_001_spin_0348,3,2026-09-18T19:26:55.306+00:00,CREDITS,1.0,,GREEN,15000,,,,,,,,,,,,,,0,,,
1045,session_001_spin_0349,1,2026-09-18T19:27:02.642+00:00,CREDITS,1.0,,NEUTRAL,100000,,,,,,,,,,,,,,0,,,
1046,session_001_spin_0349,2,2026-09-18T19:27:02.642+00:00,CREDITS,1.0,,OTHER,15000,,,,,,,,,,,,,,0,,,
1047,session_001_spin_0349,3,2026-09-18T19:27:02.642+00:00,CREDITS,1.0,,OTHER,20000,,,,,,,,,,,,,,0,,,
1048,session_001_spin_0350,1,2026-09-18T19:27:07.972+00:00,CREDITS,1.0,,OTHER,45000,,,,,,,,,,,,,,0,,,
1049,session_001_spin_0350,2,2026-09-18T19:27:07.972+00:00,CAR,0.78,,PURPLE,,1994,SUBARU,VIVIO RX R,SUBARU VIVIO 94,,,0,,0,1,SELL,1.0,SELL,1,5000,1.0,0
1050,session_001_spin_0350,3,2026-09-18T19:27:07.972+00:00,CREDITS,1.0,,PURPLE,35000,,,,,,,,,,,,,,0,,,
1051,session_001_spin_0351,1,2026-09-18T19:27:15.537+00:00,CREDITS,0.99,,GREEN,8000,,,,,,,,,,,,,,0,,,
1052,session_001_spin_0351,2,2026-09-18T19:27:15.537+00:00,CREDITS,1.0,,GREEN,95000,,,,,,,,,,,,,,0,,,
1053,session_001_spin_0351,3,2026-09-18T19:27:15.537+00:00,CREDITS,1.0,,GREEN,10000,,,,,,,,,,,,,,0,,,
1054,session_001_spin_0352,1,2026-09-18T19:27:20.761+00:00,CREDITS,1.0,,NEUTRAL,250000,,,,,,,,,,,,,,0,,,
1055,session_001_spin_0352,2,2026-09-18T19:27:20.761+00:00,CREDITS,1.0,,NEUTRAL,250000,,,,,,,,,,,,,,0,,,
1056,session_001_spin_0352,3,2026-09-18T19:27:20.761+00:00,CREDITS,1.0,,NEUTRAL,45000,,,,,,,,,,,,,,0,,,
1057,session_001_spin_0353,1,2026-09-18T19:27:26.478+00:00,CAR,0.78,,BLUE,,1964,CHEVROLET,IMPALA SUPER SPORT 409,CHEVY IMPALA,,,0,,0,1,SELL,1.0,SELL,1,35000,1.0,0
1058,session_001_spin_0353,2,2026-09-18T19:27:26.478+00:00,CAR,0.78,,BLUE,,1970,DODGE,CORONET SUPER BEE,DODGE SUPER BEE,,,0,,0,1,SELL,1.0,SELL,1,87500,1.0,0
1059,session_001_spin_0353,3,2026-09-18T19:27:26.478+00:00,CAR,0.78,,BLUE,,2022,BMW,M5 CS,BMW M5 22,,,0,,0,1,SELL,1.0,SELL,1,75000,1.0,0
1060,session_001_spin_0354,1,2026-09-18T19:27:36.782+00:00,CREDITS,1.0,,NEUTRAL,40000,,,,,,,,,,,,,,0,,,
1061,session_001_spin_0354,2,2026-09-18T19:27:36.782+00:00,CREDITS,1.0,,NEUTRAL,15000,,,,,,,,,,,,,,0,,,
1062,session_001_spin_0354,3,2026-09-18T19:27:36.782+00:00,CAR,0.55,,NEUTRAL,,,,NISSAN 240SX 93,NISSAN 240SX 93,,,,,0,1,SELL,1.0,SELL,1,125000,1.0,0
1063,session_001_spin_0355,1,2026-09-18T19:27:44.148+00:00,CAR,0.55,,NEUTRAL,,,,VW BEETLE,VW BEETLE,,,,,0,1,SELL,1.0,SELL,1,8500,1.0,0
1064,session_001_spin_0355,2,2026-09-18T19:27:44.148+00:00,CREDITS,1.0,,NEUTRAL,75000,,,,,,,,,,,,,,0,,,
1065,session_001_spin_0355,3,2026-09-18T19:27:44.148+00:00,CREDITS,1.0,,NEUTRAL,75000,,,,,,,,,,,,,,0,,,
1066,session_001_spin_0356,1,2026-09-18T19:27:51.607+00:00,CAR,0.78,,BLUE,,2005,TVR,SAGARIS,TVR SAGARIS,,,0,,0,1,SELL,1.0,SELL,1,57500,1.0,0
1067,session_001_spin_0356,2,2026-09-18T19:27:51.607+00:00,CREDITS,1.0,,BLUE,50000,,,,,,,,,,,,,,0,,,
1068,session_001_spin_0356,3,2026-09-18T19:27:51.607+00:00,CREDITS,1.0,,OTHER,15000,,,,,,,,,,,,,,0,,,
1069,session_001_spin_0357,1,2026-09-18T19:27:58.885+00:00,CREDITS,1.0,,PURPLE,200000,,,,,,,,,,,,,,0,,,
1070,session_001_spin_0357,2,2026-09-18T19:27:58.885+00:00,CAR,0.78,,PURPLE,,2009,MERCEDES,BENZ SL 65 AMG BLACK SERIES,M B SL65,,,0,,0,1,SELL,1.0,SELL,1,180000,1.0,0
1071,session_001_spin_0357,3,2026-09-18T19:27:58.885+00:00,CREDITS,1.0,,PURPLE,10000,,,,,,,,,,,,,,0,,,
1072,session_001_spin_0358,1,2026-09-18T19:28:06.278+00:00,CREDITS,1.0,,NEUTRAL,150000,,,,,,,,,,,,,,0,,,
1073,session_001_spin_0358,2,2026-09-18T19:28:06.278+00:00,CAR,0.78,,NEUTRAL,,2015,HONDA,CIVIC TYPE R,HONDA CIVIC 16,,,0,,0,1,SELL,1.0,SELL,1,15000,1.0,0
1074,session_001_spin_0358,3,2026-09-18T19:28:06.278+00:00,CREDITS,1.0,,NEUTRAL,15000,,,,,,,,,,,,,,0,,,
1075,session_001_spin_0359,1,2026-09-18T19:28:13.304+00:00,CREDITS,1.0,,OTHER,15000,,,,,,,,,,,,,,0,,,
1076,session_001_spin_0359,2,2026-09-18T19:28:13.304+00:00,CREDITS,1.0,,OTHER,20000,,,,,,,,,,,,,,0,,,
1077,session_001_spin_0359,3,2026-09-18T19:28:13.304+00:00,CREDITS,1.0,,OTHER,20000,,,,,,,,,,,,,,0,,,
1078,session_001_spin_0360,1,2026-09-18T19:28:18.834+00:00,CREDITS,1.0,,NEUTRAL,15000,,,,,,,,,,,,,,0,,,
1079,session_001_spin_0360,2,2026-09-18T19:28:18.834+00:00,CREDITS,1.0,,NEUTRAL,5000,,,,,,,,,,,,,,0,,,
1080,session_001_spin_0360,3,2026-09-18T19:28:18.834+00:00,CREDITS,1.0,,NEUTRAL,50000,,,,,,,,,,,,,,0,,,
1081,session_001_spin_0361,1,2026-09-18T19:28:24.241+00:00,CREDITS,1.0,,OTHER,20000,,,,,,,,,,,,,,0,,,
1082,session_001_spin_0361,2,2026-09-18T19:28:24.241+00:00,CREDITS,1.0,,OTHER,15000,,,,,,,,,,,,,,0,,,
1083,session_001_spin_0361,3,2026-09-18T19:28:24.241+00:00,CAR,0.78,,NEUTRAL,,2020,WULING,SUNSHINE S FORZA EDITION CREDITS BOOST,SUNSHINE FE,,,1,,0,1,SELL,1.0,SELL,1,250000,1.0,0
1084,session_001_spin_0362,1,2026-09-18T19:28:31.840+00:00,CAR,0.78,,OTHER,,2002,ACURA,RSX TYPE S,ACURA RSX,,,0,,0,1,SELL,1.0,SELL,1,9000,1.0,0
1085,session_001_spin_0362,2,2026-09-18T19:28:31.840+00:00,CREDITS,1.0,,PURPLE,200000,,,,,,,,,,,,,,0,,,
1086,session_001_spin_0362,3,2026-09-18T19:28:31.840+00:00,CAR,0.55,,PURPLE,,,,FORD CAPRI MKL,FORD CAPRI MKL,,,,,0,1,SELL,1.0,SELL,1,34500,1.0,0
1087,session_001_spin_0363,1,2026-09-18T19:28:40.902+00:00,CAR,0.78,,NEUTRAL,,2004,PORSCHE,911 GT3,911 GT3 04,,,0,,0,1,SELL,1.0,SELL,1,67500,1.0,0
1088,session_001_spin_0363,2,2026-09-18T19:28:40.902+00:00,CREDITS,1.0,,NEUTRAL,35000,,,,,,,,,,,,,,0,,,
1089,session_001_spin_0363,3,2026-09-18T19:28:40.902+00:00,CREDITS,1.0,,NEUTRAL,45000,,,,,,,,,,,,,,0,,,
1090,session_001_spin_0364,1,2026-09-18T19:28:48.241+00:00,CREDITS,1.0,,NEUTRAL,100000,,,,,,,,,,,,,,0,,,
1091,session_001_spin_0364,2,2026-09-18T19:28:48.241+00:00,CREDITS,1.0,,OTHER,20000,,,,,,,,,,,,,,0,,,
1092,session_001_spin_0364,3,2026-09-18T19:28:48.241+00:00,CREDITS,1.0,,OTHER,40000,,,,,,,,,,,,,,0,,,
1093,session_001_spin_0365,1,2026-09-18T19:28:53.440+00:00,CREDITS,1.0,,OTHER,12000,,,,,,,,,,,,,,0,,,
1094,session_001_spin_0365,2,2026-09-18T19:28:53.440+00:00,CREDITS,1.0,,OTHER,10000,,,,,,,,,,,,,,0,,,
1095,session_001_spin_0365,3,2026-09-18T19:28:53.440+00:00,CAR,0.78,,NEUTRAL,,2009,CHEVROLET,CORVETTE ZRI,CORVETTE 09,,,0,,0,1,SELL,1.0,SELL,1,62500,1.0,0
1096,session_001_spin_0366,1,2026-09-18T19:29:00.911+00:00,CREDITS,1.0,,BLUE,50000,,,,,,,,,,,,,,0,,,
1097,session_001_spin_0366,2,2026-09-18T19:29:00.911+00:00,CREDITS,1.0,,OTHER,10000,,,,,,,,,,,,,,0,,,
1098,session_001_spin_0366,3,2026-09-18T19:29:00.911+00:00,CREDITS,1.0,,OTHER,10000,,,,,,,,,,,,,,0,,,
1099,session_001_spin_0367,1,2026-09-18T19:29:06.104+00:00,CREDITS,1.0,,NEUTRAL,20000,,,,,,,,,,,,,,0,,,
1100,session_001_spin_0367,2,2026-09-18T19:29:06.104+00:00,CREDITS,1.0,,NEUTRAL,25000,,,,,,,,,,,,,,0,,,
1101,session_001_spin_0367,3,2026-09-18T19:29:06.104+00:00,CREDITS,1.0,,NEUTRAL,20000,,,,,,,,,,,,,,0,,,
1102,session_001_spin_0368,1,2026-09-18T19:29:11.972+00:00,CAR,0.78,,PURPLE,,1994,SUBARU,VIVIO RX R,SUBARU VIVIO 94,,,0,,0,1,SELL,1.0,SELL,1,5000,1.0,0
1103,session_001_spin_0368,2,2026-09-18T19:29:11.972+00:00,OTHER,0.55,,PURPLE,,,,,,,,,,,,,,,0,,,
1104,session_001_spin_0368,3,2026-09-18T19:29:11.972+00:00,CREDITS,0.99,,PURPLE,5000,,,,,,,,,,,,,,0,,,
1105,session_001_spin_0369,1,2026-09-18T19:29:19.396+00:00,CAR,0.55,,NEUTRAL,,,,MITSUBISHI GTO,MITSUBISHI GTO,,,,,0,1,SELL,1.0,SELL,1,10000,1.0,0
1106,session_001_spin_0369,2,2026-09-18T19:29:19.396+00:00,OTHER,0.55,,NEUTRAL,,,,,,,,,,,,,,,0,,,
1107,session_001_spin_0369,3,2026-09-18T19:29:19.396+00:00,CREDITS,1.0,,NEUTRAL,20000,,,,,,,,,,,,,,0,,,
1108,session_001_spin_0370,1,2026-09-18T19:42:50.546+00:00,CREDITS,1.0,,GREEN,95000,,,,,,,,,,,,,,0,,,
1109,session_001_spin_0370,2,2026-09-18T19:42:50.547+00:00,CREDITS,1.0,,GREEN,10000,,,,,,,,,,,,,,0,,,
1110,session_001_spin_0370,3,2026-09-18T19:42:50.547+00:00,CREDITS,1.0,,GREEN,12000,,,,,,,,,,,,,,0,,,
1111,session_001_spin_0371,1,2026-09-18T19:42:55.828+00:00,CREDITS,1.0,,NEUTRAL,50000,,,,,,,,,,,,,,0,,,
1112,session_001_spin_0371,2,2026-09-18T19:42:55.828+00:00,CREDITS,1.0,,NEUTRAL,175000,,,,,,,,,,,,,,0,,,
1113,session_001_spin_0371,3,2026-09-18T19:42:55.828+00:00,CREDITS,1.0,,NEUTRAL,250000,,,,,,,,,,,,,,0,,,
1114,session_001_spin_0372,1,2026-09-18T19:43:01.413+00:00,CREDITS,1.0,,GREEN,95000,,,,,,,,,,,,,,0,,,
1115,session_001_spin_0372,2,2026-09-18T19:43:01.413+00:00,CREDITS,1.0,,GREEN,95000,,,,,,,,,,,,,,0,,,
1116,session_001_spin_0372,3,2026-09-18T19:43:01.413+00:00,CAR,0.45,,GREEN,,2022,HONDA,HONDA E 22,HONDA E 22,,,0,,0,1,SELL,1.0,SELL,1,15000,1.0,0
1117,session_001_spin_0373,1,2026-09-18T19:43:09.044+00:00,OTHER,0.55,,NEUTRAL,,,,,,,,,,,,,,,0,,,
1118,session_001_spin_0373,2,2026-09-18T19:43:09.044+00:00,CREDITS,1.0,,NEUTRAL,5000,,,,,,,,,,,,,,0,,,
1119,session_001_spin_0373,3,2026-09-18T19:43:09.044+00:00,OTHER,0.55,,NEUTRAL,,,,,,,,,,,,,,,0,,,
1120,session_001_spin_0374,1,2026-09-18T19:54:33.886+00:00,CAR,0.55,,NEUTRAL,,,,FORD MUSTANG 93,FORD MUSTANG 93,,,,,0,1,SELL,1.0,SELL,1,42000,1.0,0
1121,session_001_spin_0374,2,2026-09-18T19:54:33.887+00:00,CREDITS,1.0,,NEUTRAL,175000,,,,,,,,,,,,,,0,,,
1122,session_001_spin_0374,3,2026-09-18T19:54:33.887+00:00,CREDITS,1.0,,NEUTRAL,100000,,,,,,,,,,,,,,0,,,
1123,session_001_spin_0375,1,2026-09-18T19:54:41.461+00:00,CREDITS,1.0,,OTHER,15000,,,,,,,,,,,,,,0,,,
1124,session_001_spin_0375,2,2026-09-18T19:54:41.461+00:00,CREDITS,1.0,,OTHER,15000,,,,,,,,,,,,,,0,,,
1125,session_001_spin_0375,3,2026-09-18T19:54:41.461+00:00,CREDITS,1.0,,OTHER,20000,,,,,,,,,,,,,,0,,,
1126,session_001_spin_0376,1,2026-09-18T19:54:46.961+00:00,CAR,0.78,,OTHER,,2014,FORD,V LIMITED EDITION PURSUIT U,FORD UTE 14,,,0,,0,1,SELL,1.0,SELL,1,20000,1.0,0
1127,session_001_spin_0376,2,2026-09-18T19:54:46.961+00:00,CAR,0.78,,OTHER,,1994,MAZDA,MX 5 MIATA,MAZDA MX 5 94,,,0,,0,1,SELL,1.0,SELL,1,7500,1.0,0
1128,session_001_spin_0376,3,2026-09-18T19:54:46.962+00:00,CAR,0.78,,PURPLE,,2020,SIERRA,CARS YOKOHAMA ALPHA,23 SIERRA ALPHA,,,0,,0,1,SELL,1.0,SELL,1,32500,1.0,0
1129,session_001_spin_0377,1,2026-09-18T19:54:57.542+00:00,CREDITS,1.0,,OTHER,10000,,,,,,,,,,,,,,0,,,
1130,session_001_spin_0377,2,2026-09-18T19:54:57.542+00:00,CREDITS,0.99,,OTHER,5000,,,,,,,,,,,,,,0,,,
1131,session_001_spin_0377,3,2026-09-18T19:54:57.542+00:00,CREDITS,1.0,,OTHER,20000,,,,,,,,,,,,,,0,,,
1132,session_001_spin_0378,1,2026-09-18T19:55:02.722+00:00,CAR,0.78,,NEUTRAL,,1990,SAVANNA,RX 7,MAZDA RX 7 90,,,0,,0,1,SELL,1.0,SELL,1,11500,1.0,0
1133,session_001_spin_0378,2,2026-09-18T19:55:02.722+00:00,CREDITS,1.0,,NEUTRAL,15000,,,,,,,,,,,,,,0,,,
1134,session_001_spin_0378,3,2026-09-18T19:55:02.722+00:00,CREDITS,1.0,,NEUTRAL,150000,,,,,,,,,,,,,,0,,,
1135,session_001_spin_0379,1,2026-09-18T19:55:10.590+00:00,CREDITS,1.0,,GREEN,15000,,,,,,,,,,,,,,0,,,
1136,session_001_spin_0379,2,2026-09-18T19:55:10.590+00:00,CREDITS,1.0,,GREEN,20000,,,,,,,,,,,,,,0,,,
1137,session_001_spin_0379,3,2026-09-18T19:55:10.590+00:00,CREDITS,0.99,,GREEN,8000,,,,,,,,,,,,,,0,,,
1138,session_001_spin_0380,1,2026-09-18T19:55:15.868+00:00,CREDITS,1.0,,PURPLE,150000,,,,,,,,,,,,,,0,,,
1139,session_001_spin_0380,2,2026-09-18T19:55:15.868+00:00,CREDITS,1.0,,OTHER,40000,,,,,,,,,,,,,,0,,,
1140,session_001_spin_0380,3,2026-09-18T19:55:15.868+00:00,CREDITS,1.0,,OTHER,20000,,,,,,,,,,,,,,0,,,
1141,session_001_spin_0381,1,2026-09-18T19:55:21.174+00:00,CAR,0.78,,NEUTRAL,,2012,BLACK,EDITION R35 FORZA E SPEED SKILLS BOOST,GT R FE 12,,,0,,0,1,SELL,1.0,SELL,1,375000,1.0,0
1142,session_001_spin_0381,2,2026-09-18T19:55:21.174+00:00,CREDITS,1.0,,NEUTRAL,10000,,,,,,,,,,,,,,0,,,
1143,session_001_spin_0381,3,2026-09-18T19:55:21.174+00:00,CREDITS,1.0,,NEUTRAL,50000,,,,,,,,,,,,,,0,,,
1144,session_001_spin_0382,1,2026-09-18T19:55:28.807+00:00,CREDITS,1.0,,NEUTRAL,45000,,,,,,,,,,,,,,0,,,
1145,session_001_spin_0382,2,2026-09-18T19:55:28.807+00:00,CREDITS,1.0,,NEUTRAL,80000,,,,,,,,,,,,,,0,,,
1146,session_001_spin_0382,3,2026-09-18T19:55:28.807+00:00,CREDITS,1.0,,NEUTRAL,200000,,,,,,,,,,,,,,0,,,
1147,session_001_spin_0383,1,2026-09-18T19:55:34.274+00:00,CREDITS,1.0,,BLUE,50000,,,,,,,,,,,,,,0,,,
1148,session_001_spin_0383,2,2026-09-18T19:55:34.274+00:00,CREDITS,1.0,,OTHER,15000,,,,,,,,,,,,,,0,,,
1149,session_001_spin_0383,3,2026-09-18T19:55:34.274+00:00,CREDITS,1.0,,OTHER,35000,,,,,,,,,,,,,,0,,,
1150,session_001_spin_0384,1,2026-09-18T19:55:39.633+00:00,CREDITS,1.0,,BLUE,10000,,,,,,,,,,,,,,0,,,
1151,session_001_spin_0384,2,2026-09-18T19:55:39.633+00:00,CREDITS,1.0,,BLUE,25000,,,,,,,,,,,,,,0,,,
1152,session_001_spin_0384,3,2026-09-18T19:55:39.633+00:00,CAR,0.78,,BLUE,,2019,NISSAN,370Z NISMO,NISSAN 370Z 19,,,0,,0,1,SELL,1.0,SELL,1,23000,1.0,0
1153,session_001_spin_0385,1,2026-09-18T19:55:46.922+00:00,CAR,0.45,,NEUTRAL,,2022,MC20,MASERATI MC20,MASERATI MC20,,,0,,0,1,SELL,1.0,SELL,1,110000,1.0,0
1154,session_001_spin_0385,2,2026-09-18T19:55:46.922+00:00,CREDITS,1.0,,NEUTRAL,15000,,,,,,,,,,,,,,0,,,
1155,session_001_spin_0385,3,2026-09-18T19:55:46.922+00:00,CREDITS,1.0,,NEUTRAL,25000,,,,,,,,,,,,,,0,,,
1156,session_001_spin_0386,1,2026-09-18T19:55:54.251+00:00,CREDITS,1.0,,OTHER,10000,,,,,,,,,,,,,,0,,,
1157,session_001_spin_0386,2,2026-09-18T19:55:54.251+00:00,CAR,0.78,,OTHER,,2014,FORD,V LIMITED EDITION PURSUIT U,FORD UTE 14,,,0,,0,1,SELL,1.0,SELL,1,20000,1.0,0
1158,session_001_spin_0386,3,2026-09-18T19:55:54.251+00:00,CREDITS,1.0,,OTHER,35000,,,,,,,,,,,,,,0,,,
1159,session_001_spin_0387,1,2026-09-18T19:56:01.797+00:00,CREDITS,1.0,,BLUE,95000,,,,,,,,,,,,,,0,,,
1160,session_001_spin_0387,2,2026-09-18T19:56:01.797+00:00,CREDITS,1.0,,BLUE,80000,,,,,,,,,,,,,,0,,,
1161,session_001_spin_0387,3,2026-09-18T19:56:01.797+00:00,CREDITS,1.0,,BLUE,10000,,,,,,,,,,,,,,0,,,
1162,session_001_spin_0388,1,2026-09-18T19:56:07.228+00:00,CREDITS,1.0,,PURPLE,95000,,,,,,,,,,,,,,0,,,
1163,session_001_spin_0388,2,2026-09-18T19:56:07.228+00:00,CREDITS,1.0,,PURPLE,150000,,,,,,,,,,,,,,0,,,
1164,session_001_spin_0388,3,2026-09-18T19:56:07.228+00:00,CREDITS,1.0,,PURPLE,200000,,,,,,,,,,,,,,0,,,
1165,session_001_spin_0389,1,2026-09-18T19:56:12.552+00:00,CREDITS,1.0,,PURPLE,200000,,,,,,,,,,,,,,0,,,
1166,session_001_spin_0389,2,2026-09-18T19:56:12.552+00:00,CAR,0.78,,OTHER,,2015,SUBARU,WRX STI,SUBARU WRX 15,,,0,,0,1,SELL,1.0,SELL,1,13500,1.0,0
1167,session_001_spin_0389,3,2026-09-18T19:56:12.552+00:00,CREDITS,1.0,,PURPLE,20000,,,,,,,,,,,,,,0,,,
1168,session_001_spin_0390,1,2026-09-18T19:56:20.109+00:00,CREDITS,1.0,,OTHER,20000,,,,,,,,,,,,,,0,,,
1169,session_001_spin_0390,2,2026-09-18T19:56:20.109+00:00,CREDITS,1.0,,OTHER,250000,,,,,,,,,,,,,,0,,,
1170,session_001_spin_0390,3,2026-09-18T19:56:20.109+00:00,CREDITS,1.0,,OTHER,100000,,,,,,,,,,,,,,0,,,
1171,session_001_spin_0391,1,2026-09-18T19:56:25.760+00:00,CREDITS,1.0,,OTHER,15000,,,,,,,,,,,,,,0,,,
1172,session_001_spin_0391,2,2026-09-18T19:56:25.760+00:00,CREDITS,1.0,,OTHER,45000,,,,,,,,,,,,,,0,,,
1173,session_001_spin_0391,3,2026-09-18T19:56:25.760+00:00,CAR,0.78,,OTHER,,2019,DEBERTI,COMA TRD THE PERFORMAN,DD TACOMA TRD,,,0,,0,1,SELL,1.0,SELL,1,125000,1.0,0
1174,session_001_spin_0392,1,2026-09-18T19:56:33.481+00:00,CREDITS,1.0,,BLUE,15000,,,,,,,,,,,,,,0,,,
1175,session_001_spin_0392,2,2026-09-18T19:56:33.481+00:00,CREDITS,1.0,,BLUE,45000,,,,,,,,,,,,,,0,,,
1176,session_001_spin_0392,3,2026-09-18T19:56:33.481+00:00,CAR,0.78,,BLUE,,2018,DODGE,CHALLENGER SRT DEMON,DODGE SRT DEMON,,,0,,0,1,SELL,1.0,SELL,1,45000,1.0,0
1177,session_001_spin_0393,1,2026-09-18T19:56:41.118+00:00,CREDITS,1.0,,GREEN,920000,,,,,,,,,,,,,,0,,,
1178,session_001_spin_0393,2,2026-09-18T19:56:41.118+00:00,CREDITS,1.0,,GREEN,95000,,,,,,,,,,,,,,0,,,
1179,session_001_spin_0393,3,2026-09-18T19:56:41.118+00:00,CREDITS,1.0,,GREEN,15000,,,,,,,,,,,,,,0,,,
1180,session_001_spin_0394,1,2026-09-18T19:56:46.432+00:00,CAR,0.55,,NEUTRAL,,,,CORVETTE ZR I,JEEP TRACKHAWK,,,,,0,1,SELL,1.0,SELL,1,36000,1.0,0
1181,session_001_spin_0394,2,2026-09-18T19:56:46.432+00:00,CAR,0.55,,NEUTRAL,,,,MAZDA MX 5 05,MAZDA MX 5 05,,,,,0,1,SELL,1.0,SELL,1,10500,1.0,0
1182,session_001_spin_0394,3,2026-09-18T19:56:46.433+00:00,CAR,0.78,,NEUTRAL,,1905,CHEVROLET,CORVETTE ZR I,CORVETTE 95,,,0,,0,1,SELL,1.0,SELL,1,38000,1.0,0
1183,session_001_spin_0395,1,2026-09-18T20:00:22.249+00:00,CREDITS,1.0,,GREEN,15000,,,,,,,,,,,,,,0,,,
1184,session_001_spin_0395,2,2026-09-18T20:00:22.249+00:00,CREDITS,1.0,,GREEN,95000,,,,,,,,,,,,,,0,,,
1185,session_001_spin_0395,3,2026-09-18T20:00:22.249+00:00,CREDITS,1.0,,GREEN,10000,,,,,,,,,,,,,,0,,,
1186,session_001_spin_0396,1,2026-09-18T20:00:27.554+00:00,CREDITS,1.0,,NEUTRAL,40000,,,,,,,,,,,,,,0,,,
1187,session_001_spin_0396,2,2026-09-18T20:00:27.554+00:00,CREDITS,1.0,,NEUTRAL,15000,,,,,,,,,,,,,,0,,,
1188,session_001_spin_0396,3,2026-09-18T20:00:27.554+00:00,CREDITS,1.0,,NEUTRAL,20000,,,,,,,,,,,,,,0,,,
1189,session_001_spin_0397,1,2026-09-18T20:00:33.211+00:00,CREDITS,1.0,,PURPLE,95000,,,,,,,,,,,,,,0,,,
1190,session_001_spin_0397,2,2026-09-18T20:00:33.212+00:00,CREDITS,1.0,,PURPLE,200000,,,,,,,,,,,,,,0,,,
1191,session_001_spin_0397,3,2026-09-18T20:00:33.212+00:00,CREDITS,1.0,,PURPLE,20000,,,,,,,,,,,,,,0,,,
1192,session_001_spin_0398,1,2026-09-18T20:00:38.524+00:00,CREDITS,1.0,,BLUE,95000,,,,,,,,,,,,,,0,,,
1193,session_001_spin_0398,2,2026-09-18T20:00:38.524+00:00,CREDITS,1.0,,BLUE,50000,,,,,,,,,,,,,,0,,,
1194,session_001_spin_0398,3,2026-09-18T20:00:38.524+00:00,CAR,0.78,,BLUE,,2012,JEEP,WRANGLER RUBICON,JEEP WRANGLER,,,0,,0,1,SELL,1.0,SELL,1,8000,1.0,0
1195,session_001_spin_0399,1,2026-09-18T20:00:46.042+00:00,CAR,0.55,,NEUTRAL,,,,MCLAREN 620R,MCLAREN 620R,,,,,0,1,SELL,1.0,SELL,1,130000,1.0,0
1196,session_001_spin_0399,2,2026-09-18T20:00:46.042+00:00,CREDITS,1.0,,NEUTRAL,10000,,,,,,,,,,,,,,0,,,
1197,session_001_spin_0399,3,2026-09-18T20:00:46.042+00:00,CREDITS,1.0,,NEUTRAL,50000,,,,,,,,,,,,,,0,,,
1198,session_001_spin_0400,1,2026-09-18T20:00:53.372+00:00,CREDITS,1.0,,NEUTRAL,10000,,,,,,,,,,,,,,0,,,
1199,session_001_spin_0400,2,2026-09-18T20:00:53.372+00:00,CREDITS,1.0,,NEUTRAL,45000,,,,,,,,,,,,,,0,,,
1200,session_001_spin_0400,3,2026-09-18T20:00:53.372+00:00,CREDITS,1.0,,NEUTRAL,15000,,,,,,,,,,,,,,0,,,
1201,session_001_spin_0401,1,2026-09-18T20:00:58.820+00:00,CREDITS,1.0,,NEUTRAL,20000,,,,,,,,,,,,,,0,,,
1202,session_001_spin_0401,2,2026-09-18T20:00:58.820+00:00,CREDITS,1.0,,NEUTRAL,250000,,,,,,,,,,,,,,0,,,
1203,session_001_spin_0401,3,2026-09-18T20:00:58.820+00:00,CREDITS,1.0,,NEUTRAL,175000,,,,,,,,,,,,,,0,,,
1204,session_001_spin_0402,1,2026-09-18T20:01:04.314+00:00,CAR,0.55,,NEUTRAL,,,,LAMBO CENTENARIO,LAMBO CENTENARIO,,,,,1,1,KEEP,1.0,KEEP,1,,1.0,1
1205,session_001_spin_0402,2,2026-09-18T20:01:04.314+00:00,CREDITS,1.0,,NEUTRAL,50000,,,,,,,,,,,,,,0,,,
1206,session_001_spin_0402,3,2026-09-18T20:01:04.314+00:00,CREDITS,1.0,,NEUTRAL,200000,,,,,,,,,,,,,,0,,,
1207,session_001_spin_0403,1,2026-09-18T20:01:10.968+00:00,CREDITS,1.0,,NEUTRAL,5000,,,,,,,,,,,,,,0,,,
1208,session_001_spin_0403,2,2026-09-18T20:01:10.968+00:00,CREDITS,1.0,,NEUTRAL,45000,,,,,,,,,,,,,,0,,,
1209,session_001_spin_0403,3,2026-09-18T20:01:10.968+00:00,CREDITS,1.0,,NEUTRAL,35000,,,,,,,,,,,,,,0,,,
1210,session_001_spin_0404,1,2026-09-18T20:01:16.377+00:00,CREDITS,1.0,,NEUTRAL,20000,,,,,,,,,,,,,,0,,,
1211,session_001_spin_0404,2,2026-09-18T20:01:16.377+00:00,CREDITS,1.0,,NEUTRAL,10000,,,,,,,,,,,,,,0,,,
1212,session_001_spin_0404,3,2026-09-18T20:01:16.377+00:00,CREDITS,1.0,,NEUTRAL,50000,,,,,,,,,,,,,,0,,,
1213,session_001_spin_0405,1,2026-09-18T20:01:21.910+00:00,CAR,0.78,,PURPLE,,2013,FERRARI,458 SPECIALE,FERRARI 458 S,,,0,,0,1,SELL,1.0,SELL,1,250000,1.0,0
1214,session_001_spin_0405,2,2026-09-18T20:01:21.910+00:00,CREDITS,1.0,,PURPLE,10000,,,,,,,,,,,,,,0,,,
1215,session_001_spin_0405,3,2026-09-18T20:01:21.910+00:00,CREDITS,0.99,,PURPLE,5000,,,,,,,,,,,,,,0,,,
1216,session_001_spin_0406,1,2026-09-18T20:01:29.449+00:00,CREDITS,1.0,,OTHER,45000,,,,,,,,,,,,,,0,,,
1217,session_001_spin_0406,2,2026-09-18T20:01:29.449+00:00,CAR,0.78,,OTHER,,1983,VOLVO,242 TURBO EVOLUTION,VOLVO 242 TURBO,,,0,,0,1,SELL,1.0,SELL,1,15000,1.0,0
1218,session_001_spin_0406,3,2026-09-18T20:01:29.449+00:00,CAR,0.78,,NEUTRAL,,2001,FORD,FORD FOCUS RS,4 FORD FOCUS,,,0,,0,1,SELL,1.0,SELL,1,207500,1.0,0
1219,session_001_spin_0407,1,2026-09-18T20:01:38.024+00:00,CREDITS,1.0,,NEUTRAL,100000,,,,,,,,,,,,,,0,,,
1220,session_001_spin_0407,2,2026-09-18T20:01:38.024+00:00,CAR,0.55,,NEUTRAL,,,,PORSCHE 968,PORSCHE 968,,,,,0,1,SELL,1.0,SELL,1,260000,1.0,0
1221,session_001_spin_0407,3,2026-09-18T20:01:38.024+00:00,CREDITS,1.0,,NEUTRAL,25000,,,,,,,,,,,,,,0,,,
1222,session_001_spin_0408,1,2026-09-18T20:01:45.329+00:00,CREDITS,1.0,,OTHER,40000,,,,,,,,,,,,,,0,,,
1223,session_001_spin_0408,2,2026-09-18T20:01:45.329+00:00,CAR,0.78,,OTHER,,1990,SUBARU,LEGACY RS,SUBARU LEGACY RS,,,0,,0,1,SELL,1.0,SELL,1,7500,1.0,0
1224,session_001_spin_0408,3,2026-09-18T20:01:45.329+00:00,CREDITS,1.0,,OTHER,20000,,,,,,,,,,,,,,0,,,
1225,session_001_spin_0409,1,2026-09-18T20:01:52.703+00:00,CREDITS,1.0,,OTHER,15000,,,,,,,,,,,,,,0,,,
1226,session_001_spin_0409,2,2026-09-18T20:01:52.703+00:00,CREDITS,1.0,,OTHER,12000,,,,,,,,,,,,,,0,,,
1227,session_001_spin_0409,3,2026-09-18T20:01:52.703+00:00,CREDITS,1.0,,OTHER,20000,,,,,,,,,,,,,,0,,,
1228,session_001_spin_0410,1,2026-09-18T20:01:58.126+00:00,CREDITS,1.0,,NEUTRAL,20000,,,,,,,,,,,,,,0,,,
1229,session_001_spin_0410,2,2026-09-18T20:01:58.126+00:00,CREDITS,1.0,,NEUTRAL,150000,,,,,,,,,,,,,,0,,,
1230,session_001_spin_0410,3,2026-09-18T20:01:58.126+00:00,CREDITS,1.0,,NEUTRAL,100000,,,,,,,,,,,,,,0,,,
1231,session_001_spin_0411,1,2026-09-18T20:02:03.516+00:00,CREDITS,1.0,,NEUTRAL,250000,,,,,,,,,,,,,,0,,,
1232,session_001_spin_0411,2,2026-09-18T20:02:03.516+00:00,CREDITS,1.0,,NEUTRAL,75000,,,,,,,,,,,,,,0,,,
1233,session_001_spin_0411,3,2026-09-18T20:02:03.516+00:00,CREDITS,1.0,,NEUTRAL,15000,,,,,,,,,,,,,,0,,,
1234,session_001_spin_0412,1,2026-09-18T20:02:09.200+00:00,CAR,0.78,,NEUTRAL,,1970,PORSCHE,917 LH FORZA EDITION SPEED SKILLS BOOST,PORSCHE 917 FE,,,1,,0,1,SELL,1.0,SELL,1,625000,1.0,0
1235,session_001_spin_0412,2,2026-09-18T20:02:09.201+00:00,CREDITS,1.0,,OTHER,20000,,,,,,,,,,,,,,0,,,
1236,session_001_spin_0412,3,2026-09-18T20:02:09.201+00:00,CAR,0.78,,NEUTRAL,,2014,HSV,GEN F GTS,HSV GEN F GTS,,,0,,0,1,SELL,1.0,SELL,1,40500,1.0,0
1237,session_001_spin_0413,1,2026-09-18T20:02:17.968+00:00,CREDITS,1.0,,NEUTRAL,150000,,,,,,,,,,,,,,0,,,
1238,session_001_spin_0413,2,2026-09-18T20:02:17.968+00:00,CREDITS,1.0,,NEUTRAL,45000,,,,,,,,,,,,,,0,,,
1239,session_001_spin_0413,3,2026-09-18T20:02:17.968+00:00,CREDITS,1.0,,NEUTRAL,10000,,,,,,,,,,,,,,0,,,
1240,session_001_spin_0414,1,2026-09-18T20:02:23.484+00:00,CREDITS,1.0,,PURPLE,15000,,,,,,,,,,,,,,0,,,
1241,session_001_spin_0414,2,2026-09-18T20:02:23.484+00:00,CREDITS,1.0,,PURPLE,45000,,,,,,,,,,,,,,0,,,
1242,session_001_spin_0414,3,2026-09-18T20:02:23.484+00:00,CAR,0.78,,PURPLE,,1992,HONDA,NSX R,HONDA NSX R 92,,,0,,0,1,SELL,1.0,SELL,1,225000,1.0,0
1243,session_001_spin_0415,1,2026-09-18T20:02:30.662+00:00,CAR,0.78,,NEUTRAL,,2008,SUBARU,IMPREZA WRX STI,SUBARU WRX 08,,,0,,0,1,SELL,1.0,SELL,1,13500,1.0,0
1244,session_001_spin_0415,2,2026-09-18T20:02:30.662+00:00,CREDITS,1.0,,OTHER,20000,,,,,,,,,,,,,,0,,,
1245,session_001_spin_0415,3,2026-09-18T20:02:30.662+00:00,CAR,0.78,,NEUTRAL,,2010,VOLKSWAGEN,GOLF R,VW GOLF R 10,,,0,,0,1,SELL,1.0,SELL,1,10000,1.0,0
1246,session_001_spin_0416,1,2026-09-18T20:02:39.957+00:00,CREDITS,1.0,,NEUTRAL,20000,,,,,,,,,,,,,,0,,,
1247,session_001_spin_0416,2,2026-09-18T20:02:39.959+00:00,CREDITS,1.0,,NEUTRAL,20000,,,,,,,,,,,,,,0,,,
1248,session_001_spin_0416,3,2026-09-18T20:02:39.959+00:00,CREDITS,1.0,,NEUTRAL,15000,,,,,,,,,,,,,,0,,,
1249,session_001_spin_0417,1,2026-09-18T20:02:45.451+00:00,CREDITS,1.0,,NEUTRAL,200000,,,,,,,,,,,,,,0,,,
1250,session_001_spin_0417,2,2026-09-18T20:02:45.451+00:00,CAR,0.55,,NEUTRAL,,,,FORD MUSTANG 93,FORD MUSTANG 93,,,,,0,1,SELL,1.0,SELL,1,42000,1.0,0
1251,session_001_spin_0417,3,2026-09-18T20:02:45.451+00:00,CAR,0.45,,NEUTRAL,,2003,BMW,BMW M5 03,BMW M5 03,,,0,,0,1,SELL,1.0,SELL,1,23500,1.0,0
1252,session_001_spin_0418,1,2026-09-18T20:02:54.356+00:00,CREDITS,1.0,,NEUTRAL,50000,,,,,,,,,,,,,,0,,,
1253,session_001_spin_0418,2,2026-09-18T20:02:54.356+00:00,CAR,0.55,,NEUTRAL,,,,PORSCHE 944,PORSCHE 944,,,,,0,1,SELL,1.0,SELL,1,15000,1.0,0
1254,session_001_spin_0418,3,2026-09-18T20:02:54.356+00:00,CREDITS,1.0,,NEUTRAL,100000,,,,,,,,,,,,,,0,,,
1255,session_001_spin_0419,1,2026-09-18T20:03:01.867+00:00,CAR,0.78,,PURPLE,,1994,SUBARU,VIVIO RX R,SUBARU VIVIO 94,,,0,,0,1,SELL,1.0,SELL,1,5000,1.0,0
1256,session_001_spin_0419,2,2026-09-18T20:03:01.867+00:00,CREDITS,1.0,,PURPLE,175000,,,,,,,,,,,,,,0,,,
1257,session_001_spin_0419,3,2026-09-18T20:03:01.867+00:00,CREDITS,1.0,,PURPLE,200000,,,,,,,,,,,,,,0,,,
1258,session_001_spin_0420,1,2026-09-18T20:03:09.071+00:00,CREDITS,1.0,,OTHER,35000,,,,,,,,,,,,,,0,,,
1259,session_001_spin_0420,2,2026-09-18T20:03:09.071+00:00,CREDITS,1.0,,OTHER,25000,,,,,,,,,,,,,,0,,,
1260,session_001_spin_0420,3,2026-09-18T20:03:09.071+00:00,CREDITS,1.0,,OTHER,10000,,,,,,,,,,,,,,0,,,
1261,session_001_spin_0421,1,2026-09-18T20:03:14.592+00:00,CREDITS,1.0,,GREEN,15000,,,,,,,,,,,,,,0,,,
1262,session_001_spin_0421,2,2026-09-18T20:03:14.592+00:00,CREDITS,1.0,,GREEN,10000,,,,,,,,,,,,,,0,,,
1263,session_001_spin_0421,3,2026-09-18T20:03:14.592+00:00,CREDITS,0.99,,GREEN,8000,,,,,,,,,,,,,,0,,,
1264,session_001_spin_0422,1,2026-09-18T20:03:19.904+00:00,CREDITS,1.0,,OTHER,20000,,,,,,,,,,,,,,0,,,
1265,session_001_spin_0422,2,2026-09-18T20:03:19.904+00:00,CREDITS,1.0,,NEUTRAL,150000,,,,,,,,,,,,,,0,,,
1266,session_001_spin_0422,3,2026-09-18T20:03:19.904+00:00,CAR,0.78,,NEUTRAL,,1990,MERCEDES,BENZ 2 5 16 EVOLUTION II FORZA CLEAN SKILLS BOOST,MB 190 EFE,,,0,,0,1,SELL,1.0,SELL,1,375000,1.0,0
1267,session_001_spin_0423,1,2026-09-18T20:03:27.324+00:00,CREDITS,1.0,,OTHER,20000,,,,,,,,,,,,,,0,,,
1268,session_001_spin_0423,2,2026-09-18T20:03:27.324+00:00,CREDITS,1.0,,OTHER,15000,,,,,,,,,,,,,,0,,,
1269,session_001_spin_0423,3,2026-09-18T20:03:27.324+00:00,CAR,0.78,,OTHER,,2014,FORD,V LIMITED EDITION PURSUIT U,FORD UTE 14,,,0,,0,1,SELL,1.0,SELL,1,20000,1.0,0
1270,session_001_spin_0424,1,2026-09-18T20:03:34.924+00:00,CREDITS,1.0,,NEUTRAL,35000,,,,,,,,,,,,,,0,,,
1271,session_001_spin_0424,2,2026-09-18T20:03:34.924+00:00,CAR,0.78,,NEUTRAL,,2022,LAMBORGHINI,HURACAN TECNICA,HURACEN TECNICA,,,0,,1,1,KEEP,1.0,KEEP,1,,1.0,1
1272,session_001_spin_0424,3,2026-09-18T20:03:34.924+00:00,CAR,0.78,,NEUTRAL,,2023,ACURA,INTEGRA A SPEC,INTEGRA 23,,,0,,0,1,SELL,1.0,SELL,1,18000,1.0,0
1273,session_001_spin_0425,1,2026-09-18T20:03:43.491+00:00,CREDITS,1.0,,OTHER,250000,,,,,,,,,,,,,,0,,,
1274,session_001_spin_0425,2,2026-09-18T20:03:43.492+00:00,CREDITS,1.0,,OTHER,75000,,,,,,,,,,,,,,0,,,
1275,session_001_spin_0425,3,2026-09-18T20:03:43.492+00:00,CREDITS,1.0,,OTHER,40000,,,,,,,,,,,,,,0,,,
1276,session_001_spin_0426,1,2026-09-18T20:03:49.039+00:00,CREDITS,1.0,,PURPLE,15000,,,,,,,,,,,,,,0,,,
1277,session_001_spin_0426,2,2026-09-18T20:03:49.039+00:00,CREDITS,1.0,,PURPLE,200000,,,,,,,,,,,,,,0,,,
1278,session_001_spin_0426,3,2026-09-18T20:03:49.039+00:00,CAR,0.78,,PURPLE,,2006,FORMULA,DRIFT 43 DODGE VIPER SRT IO ACI,43 DODGE VIPER,,,0,,0,1,SELL,1.0,SELL,1,125000,1.0,0
1279,session_001_spin_0427,1,2026-09-18T20:03:56.418+00:00,CREDITS,1.0,,GREEN,95000,,,,,,,,,,,,,,0,,,
1280,session_001_spin_0427,2,2026-09-18T20:03:56.418+00:00,CREDITS,1.0,,GREEN,95000,,,,,,,,,,,,,,0,,,
1281,session_001_spin_0427,3,2026-09-18T20:03:56.418+00:00,CAR,0.78,,GREEN,,1996,CHEVROLET,IMPALA SUPER SPORT,CHEVY IMPALA 96,,,0,,0,1,SELL,1.0,SELL,1,15000,1.0,0
1282,session_001_spin_0428,1,2026-09-18T20:04:03.811+00:00,CREDITS,1.0,,GREEN,15000,,,,,,,,,,,,,,0,,,
1283,session_001_spin_0428,2,2026-09-18T20:04:03.811+00:00,CREDITS,1.0,,GREEN,12000,,,,,,,,,,,,,,0,,,
1284,session_001_spin_0428,3,2026-09-18T20:04:03.811+00:00,CREDITS,1.0,,GREEN,15000,,,,,,,,,,,,,,0,,,
1285,session_001_spin_0429,1,2026-09-18T20:04:09.027+00:00,CREDITS,1.0,,OTHER,20000,,,,,,,,,,,,,,0,,,
1286,session_001_spin_0429,2,2026-09-18T20:04:09.027+00:00,CREDITS,0.99,,OTHER,5000,,,,,,,,,,,,,,0,,,
1287,session_001_spin_0429,3,2026-09-18T20:04:09.027+00:00,CAR,0.78,,OTHER,,2018,MERCEDES,BENZ X CLASS,M B X CLASS,,,0,,0,1,SELL,1.0,SELL,1,25000,1.0,0
1288,session_001_spin_0430,1,2026-09-18T20:04:16.302+00:00,CREDITS,1.0,,NEUTRAL,25000,,,,,,,,,,,,,,0,,,
1289,session_001_spin_0430,2,2026-09-18T20:04:16.302+00:00,CREDITS,1.0,,NEUTRAL,10000,,,,,,,,,,,,,,0,,,
1290,session_001_spin_0430,3,2026-09-18T20:04:16.302+00:00,CREDITS,1.0,,NEUTRAL,15000,,,,,,,,,,,,,,0,,,
1291,session_001_spin_0431,1,2026-09-18T20:04:21.740+00:00,CREDITS,1.0,,OTHER,250000,,,,,,,,,,,,,,0,,,
1292,session_001_spin_0431,2,2026-09-18T20:04:21.740+00:00,CAR,0.78,,OTHER,,2008,MITSUBISHI,LANCER EVOLUTION X GSR,LANCER GSR 08,,,0,,0,1,SELL,1.0,SELL,1,12500,1.0,0
1293,session_001_spin_0431,3,2026-09-18T20:04:21.740+00:00,CREDITS,1.0,,OTHER,10000,,,,,,,,,,,,,,0,,,
1294,session_001_spin_0432,1,2026-09-18T20:04:28.946+00:00,CREDITS,1.0,,NEUTRAL,80000,,,,,,,,,,,,,,0,,,
1295,session_001_spin_0432,2,2026-09-18T20:04:28.946+00:00,CREDITS,1.0,,NEUTRAL,150000,,,,,,,,,,,,,,0,,,
1296,session_001_spin_0432,3,2026-09-18T20:04:28.946+00:00,CAR,0.78,,NEUTRAL,,2022,MASERATI,MC20,MASERATI MC20,,,0,,0,1,SELL,1.0,SELL,1,110000,1.0,0
1297,session_001_spin_0433,1,2026-09-18T20:04:36.846+00:00,CREDITS,0.99,,BLUE,8000,,,,,,,,,,,,,,0,,,
1298,session_001_spin_0433,2,2026-09-18T20:04:36.846+00:00,CREDITS,1.0,,BLUE,80000,,,,,,,,,,,,,,0,,,
1299,session_001_spin_0433,3,2026-09-18T20:04:36.846+00:00,CREDITS,1.0,,BLUE,15000,,,,,,,,,,,,,,0,,,
1300,session_001_spin_0434,1,2026-09-18T20:04:42.350+00:00,CREDITS,1.0,,GREEN,95000,,,,,,,,,,,,,,0,,,
1301,session_001_spin_0434,2,2026-09-18T20:04:42.350+00:00,CREDITS,1.0,,GREEN,20000,,,,,,,,,,,,,,0,,,
1302,session_001_spin_0434,3,2026-09-18T20:04:42.350+00:00,CREDITS,0.99,,GREEN,5000,,,,,,,,,,,,,,0,,,
1303,session_001_spin_0435,1,2026-09-18T20:04:47.488+00:00,CREDITS,1.0,,NEUTRAL,15000,,,,,,,,,,,,,,0,,,
1304,session_001_spin_0435,2,2026-09-18T20:04:47.488+00:00,CAR,0.55,,NEUTRAL,,,,FORD FOCUS 03,FORD FOCUS 03,,,,,0,1,SELL,1.0,SELL,1,17500,1.0,0
1305,session_001_spin_0435,3,2026-09-18T20:04:47.488+00:00,CREDITS,1.0,,NEUTRAL,50000,,,,,,,,,,,,,,0,,,
1306,session_001_spin_0436,1,2026-09-18T20:04:55.069+00:00,CREDITS,1.0,,NEUTRAL,10000,,,,,,,,,,,,,,0,,,
1307,session_001_spin_0436,2,2026-09-18T20:04:55.070+00:00,CREDITS,1.0,,NEUTRAL,15000,,,,,,,,,,,,,,0,,,
1308,session_001_spin_0436,3,2026-09-18T20:04:55.070+00:00,CREDITS,1.0,,NEUTRAL,150000,,,,,,,,,,,,,,0,,,
1309,session_001_spin_0437,1,2026-09-18T20:05:00.446+00:00,CREDITS,1.0,,NEUTRAL,15000,,,,,,,,,,,,,,0,,,
1310,session_001_spin_0437,2,2026-09-18T20:05:00.446+00:00,CAR,0.55,,NEUTRAL,,,,FAIRLADY Z 69,FAIRLADY Z 69,,,,,0,1,SELL,1.0,SELL,1,125000,1.0,0
1311,session_001_spin_0437,3,2026-09-18T20:05:00.446+00:00,CAR,0.78,,NEUTRAL,,2017,ALFA,ROMEO GIULIA QUADRIFOGLIO,ALFA GIULIA 17,,,0,,0,1,SELL,1.0,SELL,1,22500,1.0,0
1312,session_001_spin_0438,1,2026-09-18T20:05:09.386+00:00,CREDITS,1.0,,PURPLE,35000,,,,,,,,,,,,,,0,,,
1313,session_001_spin_0438,2,2026-09-18T20:05:09.386+00:00,CAR,0.78,,PURPLE,,1986,FORD,150 XLT LARIAT FORZA EDITIO STUNT SKILLS BOOST,FORD F 150 FE,,,0,,0,1,SELL,1.0,SELL,1,250000,1.0,0
1314,session_001_spin_0438,3,2026-09-18T20:05:09.386+00:00,CREDITS,0.99,,PURPLE,5000,,,,,,,,,,,,,,0,,,
1315,session_001_spin_0439,1,2026-09-18T20:05:16.633+00:00,CREDITS,1.0,,OTHER,20000,,,,,,,,,,,,,,0,,,
1316,session_001_spin_0439,2,2026-09-18T20:05:16.633+00:00,CAR,0.78,,OTHER,,2000,FORD,MUSTANG SVT COBRA R,FORD MUSTANG 00,,,0,,0,1,SELL,1.0,SELL,1,76500,1.0,0
1317,session_001_spin_0439,3,2026-09-18T20:05:16.634+00:00,CAR,0.78,,OTHER,,1980,ABARTH,FIAT 131,ABARTH 131,,,0,,0,1,SELL,1.0,SELL,1,62500,1.0,0
1318,session_001_spin_0440,1,2026-09-18T20:05:25.736+00:00,CREDITS,1.0,,BLUE,50000,,,,,,,,,,,,,,0,,,
1319,session_001_spin_0440,2,2026-09-18T20:05:25.736+00:00,CREDITS,1.0,,OTHER,20000,,,,,,,,,,,,,,0,,,
1320,session_001_spin_0440,3,2026-09-18T20:05:25.736+00:00,CREDITS,1.0,,OTHER,15000,,,,,,,,,,,,,,0,,,
1321,session_001_spin_0441,1,2026-09-18T20:05:31.052+00:00,CREDITS,1.0,,OTHER,45000,,,,,,,,,,,,,,0,,,
1322,session_001_spin_0441,2,2026-09-18T20:05:31.052+00:00,CREDITS,1.0,,OTHER,15000,,,,,,,,,,,,,,0,,,
1323,session_001_spin_0441,3,2026-09-18T20:05:31.052+00:00,CREDITS,1.0,,OTHER,250000,,,,,,,,,,,,,,0,,,
1324,session_001_spin_0442,1,2026-09-18T20:05:36.814+00:00,CREDITS,1.0,,GREEN,95000,,,,,,,,,,,,,,0,,,
1325,session_001_spin_0442,2,2026-09-18T20:05:36.814+00:00,CREDITS,1.0,,GREEN,10000,,,,,,,,,,,,,,0,,,
1326,session_001_spin_0442,3,2026-09-18T20:05:36.814+00:00,CAR,0.78,,GREEN,,2016,CADILLAC,ATS V,CADDY ATS V,,,0,,0,1,SELL,1.0,SELL,1,20500,1.0,0
1327,session_001_spin_0443,1,2026-09-18T20:05:44.331+00:00,CREDITS,1.0,,PURPLE,175000,,,,,,,,,,,,,,0,,,
1328,session_001_spin_0443,2,2026-09-18T20:05:44.331+00:00,CREDITS,1.0,,OTHER,10000,,,,,,,,,,,,,,0,,,
1329,session_001_spin_0443,3,2026-09-18T20:05:44.331+00:00,CAR,0.78,,PURPLE,,2020,FORD,I F 450 DRW PLATINUM FO DESTRUCTION SKILLS BOOST,FORD F 450 FE,,,0,,0,1,SELL,1.0,SELL,1,250000,1.0,0
1330,session_001_spin_0444,1,2026-09-18T20:05:51.911+00:00,CREDITS,1.0,,OTHER,45000,,,,,,,,,,,,,,0,,,
1331,session_001_spin_0444,2,2026-09-18T20:05:51.911+00:00,CAR,0.78,,OTHER,,2005,SUBARU,IMPREZA WRX STI,SUBARU WRX 05,,,0,,0,1,SELL,1.0,SELL,1,17500,1.0,0
1332,session_001_spin_0444,3,2026-09-18T20:05:51.911+00:00,CREDITS,1.0,,BLUE,50000,,,,,,,,,,,,,,0,,,
1333,session_001_spin_0445,1,2026-09-18T20:05:59.486+00:00,CREDITS,1.0,,OTHER,40000,,,,,,,,,,,,,,0,,,
1334,session_001_spin_0445,2,2026-09-18T20:05:59.486+00:00,CREDITS,1.0,,OTHER,15000,,,,,,,,,,,,,,0,,,
1335,session_001_spin_0445,3,2026-09-18T20:05:59.486+00:00,CAR,0.78,,OTHER,,1970,DATSUN,510,DATSUN 510,,,0,,0,1,SELL,1.0,SELL,1,43000,1.0,0
1336,session_001_spin_0446,1,2026-09-18T20:06:06.844+00:00,CAR,1.0,,OTHER,,1968,Dodge,Dart HEMI Super Stock,DODGE DART 68,,,0,1,0,1,SELL,1.0,SELL,1,150000,1.0,0
1337,session_001_spin_0446,2,2026-09-18T20:06:06.844+00:00,CREDITS,1.0,,OTHER,75000,,,,,,,,,,,,,,0,,,
1338,session_001_spin_0446,3,2026-09-18T20:06:06.844+00:00,CAR,0.78,,OTHER,,2019,HENNESSEY,ORD F 150 VELOCIRAPTOR,VELOCIRAPTOR 19,,,0,,0,1,SELL,1.0,SELL,1,187500,1.0,0
1339,session_001_spin_0447,1,2026-09-18T20:06:15.937+00:00,CREDITS,1.0,,GREEN,95000,,,,,,,,,,,,,,0,,,
1340,session_001_spin_0447,2,2026-09-18T20:06:15.937+00:00,CREDITS,1.0,,GREEN,925000,,,,,,,,,,,,,,0,,,
1341,session_001_spin_0447,3,2026-09-18T20:06:15.937+00:00,CREDITS,0.99,,GREEN,5000,,,,,,,,,,,,,,0,,,
1342,session_001_spin_0448,1,2026-09-18T20:06:21.006+00:00,CREDITS,1.0,,NEUTRAL,35000,,,,,,,,,,,,,,0,,,
1343,session_001_spin_0448,2,2026-09-18T20:06:21.006+00:00,CAR,0.78,,NEUTRAL,,1969,CHEVROLET,CAMARO SUPER SPORT COUPE,CHEVY CAMARO 69,,,0,,0,1,SELL,1.0,SELL,1,37500,1.0,0
1344,session_001_spin_0448,3,2026-09-18T20:06:21.006+00:00,CREDITS,1.0,,NEUTRAL,12000,,,,,,,,,,,,,,0,,,
1345,session_001_spin_0449,1,2026-09-18T20:06:28.407+00:00,CAR,0.55,,NEUTRAL,,,,M B X CLASS,M B X CLASS,,,,,0,1,SELL,1.0,SELL,1,25000,1.0,0
1346,session_001_spin_0449,2,2026-09-18T20:06:28.407+00:00,CREDITS,1.0,,NEUTRAL,40000,,,,,,,,,,,,,,0,,,
1347,session_001_spin_0449,3,2026-09-18T20:06:28.407+00:00,CREDITS,1.0,,NEUTRAL,15000,,,,,,,,,,,,,,0,,,
1348,session_001_spin_0450,1,2026-09-18T20:06:35.726+00:00,CAR,0.55,,NEUTRAL,,,,488 PISTA 19,488 PISTA 19,,,,,0,1,SELL,1.0,SELL,1,358000,1.0,0
1349,session_001_spin_0450,2,2026-09-18T20:06:35.726+00:00,CREDITS,1.0,,NEUTRAL,5000,,,,,,,,,,,,,,0,,,
1350,session_001_spin_0450,3,2026-09-18T20:06:35.726+00:00,CAR,0.55,,NEUTRAL,,,,RENAULT CLIO 93,RENAULT CLIO 93,,,,,0,1,SELL,1.0,SELL,1,15000,1.0,0
1351,session_001_spin_0451,1,2026-09-18T20:06:44.609+00:00,CAR,0.78,,OTHER,,2013,TOYOTA,86,TOYOTA 86,,,0,,0,1,SELL,1.0,SELL,1,7500,1.0,0
1352,session_001_spin_0451,2,2026-09-18T20:06:44.609+00:00,CREDITS,1.0,,OTHER,20000,,,,,,,,,,,,,,0,,,
1353,session_001_spin_0451,3,2026-09-18T20:06:44.609+00:00,CREDITS,1.0,,OTHER,250000,,,,,,,,,,,,,,0,,,
1354,session_001_spin_0452,1,2026-09-18T20:06:52.033+00:00,CAR,0.45,,OTHER,,2005,BMVV,BMW M3 05,BMW M3 05,,,0,,0,1,SELL,1.0,SELL,1,17500,1.0,0
1355,session_001_spin_0452,2,2026-09-18T20:06:52.033+00:00,CREDITS,1.0,,PURPLE,175000,,,,,,,,,,,,,,0,,,
1356,session_001_spin_0452,3,2026-09-18T20:06:52.033+00:00,CREDITS,1.0,,PURPLE,15000,,,,,,,,,,,,,,0,,,
1357,session_001_spin_0453,1,2026-09-18T20:06:59.582+00:00,CREDITS,1.0,,GREEN,95000,,,,,,,,,,,,,,0,,,
1358,session_001_spin_0453,2,2026-09-18T20:06:59.582+00:00,CREDITS,1.0,,GREEN,95000,,,,,,,,,,,,,,0,,,
1359,session_001_spin_0453,3,2026-09-18T20:06:59.583+00:00,CREDITS,1.0,,GREEN,20000,,,,,,,,,,,,,,0,,,
1360,session_001_spin_0454,1,2026-09-18T20:07:05.177+00:00,CREDITS,1.0,,GREEN,920000,,,,,,,,,,,,,,0,,,
1361,session_001_spin_0454,2,2026-09-18T20:07:05.177+00:00,CREDITS,1.0,,GREEN,95000,,,,,,,,,,,,,,0,,,
1362,session_001_spin_0454,3,2026-09-18T20:07:05.177+00:00,CREDITS,1.0,,GREEN,10000,,,,,,,,,,,,,,0,,,
1363,session_001_spin_0455,1,2026-09-18T20:07:10.225+00:00,CREDITS,1.0,,NEUTRAL,10000,,,,,,,,,,,,,,0,,,
1364,session_001_spin_0455,2,2026-09-18T20:07:10.225+00:00,CREDITS,1.0,,NEUTRAL,35000,,,,,,,,,,,,,,0,,,
1365,session_001_spin_0455,3,2026-09-18T20:07:10.225+00:00,CREDITS,1.0,,NEUTRAL,75000,,,,,,,,,,,,,,0,,,
1366,session_001_spin_0456,1,2026-09-18T20:07:15.595+00:00,CAR,0.78,,NEUTRAL,,2021,RJ,NDERSON POLARIS RZR PRO 4 TRUCI,37 PRO 4 TRUCK,,,0,,0,1,SELL,1.0,SELL,1,125000,1.0,0
1367,session_001_spin_0456,2,2026-09-18T20:07:15.595+00:00,CREDITS,1.0,,NEUTRAL,20000,,,,,,,,,,,,,,0,,,
1368,session_001_spin_0456,3,2026-09-18T20:07:15.595+00:00,CREDITS,1.0,,NEUTRAL,15000,,,,,,,,,,,,,,0,,,
1369,session_001_spin_0457,1,2026-09-18T20:07:22.937+00:00,CREDITS,1.0,,OTHER,250000,,,,,,,,,,,,,,0,,,
1370,session_001_spin_0457,2,2026-09-18T20:07:22.937+00:00,CREDITS,1.0,,OTHER,50000,,,,,,,,,,,,,,0,,,
1371,session_001_spin_0457,3,2026-09-18T20:07:22.937+00:00,CREDITS,1.0,,OTHER,20000,,,,,,,,,,,,,,0,,,
1372,session_001_spin_0458,1,2026-09-18T20:07:28.663+00:00,CREDITS,1.0,,OTHER,20000,,,,,,,,,,,,,,0,,,
1373,session_001_spin_0458,2,2026-09-18T20:07:28.663+00:00,CREDITS,1.0,,NEUTRAL,50000,,,,,,,,,,,,,,0,,,
1374,session_001_spin_0458,3,2026-09-18T20:07:28.663+00:00,CREDITS,1.0,,NEUTRAL,200000,,,,,,,,,,,,,,0,,,
1375,session_001_spin_0459,1,2026-09-18T20:07:34.475+00:00,CREDITS,1.0,,BLUE,15000,,,,,,,,,,,,,,0,,,
1376,session_001_spin_0459,2,2026-09-18T20:07:34.475+00:00,CAR,0.78,,BLUE,,2018,RENAULT,MEGANE R S,MEGANE R S 18,,,0,,0,1,SELL,1.0,SELL,1,16000,1.0,0
1377,session_001_spin_0459,3,2026-09-18T20:07:34.475+00:00,CREDITS,0.99,,BLUE,8000,,,,,,,,,,,,,,0,,,
1378,session_001_spin_0460,1,2026-09-18T20:07:42.108+00:00,CAR,0.78,,GREEN,,2020,FORD,ER DUTY F 450 DRW PLATIN,FORD SD F 450,,,0,,0,1,SELL,1.0,SELL,1,32500,1.0,0
1379,session_001_spin_0460,2,2026-09-18T20:07:42.108+00:00,CAR,0.78,,GREEN,,1997,BMW,M3,BMW M3 97,,,0,,0,1,SELL,1.0,SELL,1,15000,1.0,0
1380,session_001_spin_0460,3,2026-09-18T20:07:42.108+00:00,CAR,0.78,,GREEN,,2005,MAZDA,MAZDASPEED MX 5,MAZDA MX 5 05,,,0,,0,1,SELL,1.0,SELL,1,10500,1.0,0
1381,session_001_spin_0461,1,2026-09-18T20:07:52.835+00:00,CREDITS,1.0,,NEUTRAL,25000,,,,,,,,,,,,,,0,,,
1382,session_001_spin_0461,2,2026-09-18T20:07:52.835+00:00,OTHER,0.55,,NEUTRAL,,,,,,,,,,,,,,,0,,,
1383,session_001_spin_0461,3,2026-09-18T20:07:52.835+00:00,CREDITS,1.0,,NEUTRAL,250000,,,,,,,,,,,,,,0,,,
1384,session_001_spin_0462,1,2026-09-18T20:07:58.391+00:00,CAR,0.78,,NEUTRAL,,2073,SRT,VIPER GTS,SRT VIPER 13,,,0,,0,1,SELL,1.0,SELL,1,67500,1.0,0
1385,session_001_spin_0462,2,2026-09-18T20:07:58.391+00:00,CREDITS,1.0,,NEUTRAL,15000,,,,,,,,,,,,,,0,,,
1386,session_001_spin_0462,3,2026-09-18T20:07:58.391+00:00,CAR,0.78,,NEUTRAL,,2014,HSV,LITED EDITION GEN F GTS MA,HSV MALOO 14,,,0,,0,1,SELL,1.0,SELL,1,32500,1.0,0
1387,session_001_spin_0463,1,2026-09-18T20:08:07.388+00:00,CREDITS,1.0,,PURPLE,15000,,,,,,,,,,,,,,0,,,
1388,session_001_spin_0463,2,2026-09-18T20:08:07.388+00:00,CREDITS,1.0,,PURPLE,200000,,,,,,,,,,,,,,0,,,
1389,session_001_spin_0463,3,2026-09-18T20:08:07.388+00:00,CREDITS,1.0,,PURPLE,50000,,,,,,,,,,,,,,0,,,
1390,session_001_spin_0464,1,2026-09-18T20:08:12.686+00:00,CREDITS,1.0,,OTHER,15000,,,,,,,,,,,,,,0,,,
1391,session_001_spin_0464,2,2026-09-18T20:08:12.687+00:00,CREDITS,1.0,,OTHER,45000,,,,,,,,,,,,,,0,,,
1392,session_001_spin_0464,3,2026-09-18T20:08:12.687+00:00,CREDITS,1.0,,OTHER,20000,,,,,,,,,,,,,,0,,,
1393,session_001_spin_0465,1,2026-09-18T20:08:18.233+00:00,CREDITS,1.0,,PURPLE,200000,,,,,,,,,,,,,,0,,,
1394,session_001_spin_0465,2,2026-09-18T20:08:18.233+00:00,CREDITS,1.0,,NEUTRAL,150000,,,,,,,,,,,,,,0,,,
1395,session_001_spin_0465,3,2026-09-18T20:08:18.233+00:00,CREDITS,1.0,,NEUTRAL,100000,,,,,,,,,,,,,,0,,,
1396,session_001_spin_0466,1,2026-09-18T20:08:23.875+00:00,CREDITS,1.0,,NEUTRAL,10000,,,,,,,,,,,,,,0,,,
1397,session_001_spin_0466,2,2026-09-18T20:08:23.875+00:00,CAR,0.55,,NEUTRAL,,,,HONDA NSX R 92,HONDA NSX R 92,,,,,0,1,SELL,1.0,SELL,1,225000,1.0,0
1398,session_001_spin_0466,3,2026-09-18T20:08:23.875+00:00,CREDITS,1.0,,NEUTRAL,20000,,,,,,,,,,,,,,0,,,
1399,session_001_spin_0467,1,2026-09-18T20:08:30.702+00:00,CREDITS,1.0,,OTHER,20000,,,,,,,,,,,,,,0,,,
1400,session_001_spin_0467,2,2026-09-18T20:08:30.702+00:00,CREDITS,1.0,,OTHER,25000,,,,,,,,,,,,,,0,,,
1401,session_001_spin_0467,3,2026-09-18T20:08:30.702+00:00,CREDITS,1.0,,OTHER,10000,,,,,,,,,,,,,,0,,,
1402,session_001_spin_0468,1,2026-09-18T20:08:36.404+00:00,CREDITS,1.0,,OTHER,15000,,,,,,,,,,,,,,0,,,
1403,session_001_spin_0468,2,2026-09-18T20:08:36.406+00:00,CREDITS,1.0,,BLUE,100000,,,,,,,,,,,,,,0,,,
1404,session_001_spin_0468,3,2026-09-18T20:08:36.406+00:00,CAR,0.78,,BLUE,,2016,FORD,MUSTANG SHELBY GT350R,FORD GT350R 16,,,0,,0,1,SELL,1.0,SELL,1,44000,1.0,0
1405,session_001_spin_0469,1,2026-09-18T20:08:43.757+00:00,CREDITS,1.0,,NEUTRAL,20000,,,,,,,,,,,,,,0,,,
1406,session_001_spin_0469,2,2026-09-18T20:08:43.757+00:00,CAR,0.55,,NEUTRAL,,,,CHEVY EL CAMINO,CHEVY EL CAMINO,,,,,0,1,SELL,1.0,SELL,1,18000,1.0,0
1407,session_001_spin_0469,3,2026-09-18T20:08:43.757+00:00,CREDITS,1.0,,NEUTRAL,80000,,,,,,,,,,,,,,0,,,
1408,session_001_spin_0470,1,2026-09-18T20:08:51.101+00:00,CREDITS,1.0,,NEUTRAL,10000,,,,,,,,,,,,,,0,,,
1409,session_001_spin_0470,2,2026-09-18T20:08:51.101+00:00,CREDITS,1.0,,NEUTRAL,100000,,,,,,,,,,,,,,0,,,
1410,session_001_spin_0470,3,2026-09-18T20:08:51.101+00:00,CREDITS,1.0,,NEUTRAL,200000,,,,,,,,,,,,,,0,,,
1411,session_001_spin_0471,1,2026-09-18T20:08:56.483+00:00,CREDITS,1.0,,GREEN,95000,,,,,,,,,,,,,,0,,,
1412,session_001_spin_0471,2,2026-09-18T20:08:56.483+00:00,CREDITS,1.0,,GREEN,95000,,,,,,,,,,,,,,0,,,
1413,session_001_spin_0471,3,2026-09-18T20:08:56.483+00:00,CREDITS,1.0,,GREEN,45000,,,,,,,,,,,,,,0,,,
1414,session_001_spin_0472,1,2026-09-18T20:09:01.952+00:00,CREDITS,1.0,,NEUTRAL,200000,,,,,,,,,,,,,,0,,,
1415,session_001_spin_0472,2,2026-09-18T20:09:01.952+00:00,CREDITS,1.0,,OTHER,10000,,,,,,,,,,,,,,0,,,
1416,session_001_spin_0472,3,2026-09-18T20:09:01.952+00:00,CAR,0.78,,NEUTRAL,,1986,LANCIA,DELTA SA,LANCIA DELTA S4,,,0,,0,1,SELL,1.0,SELL,1,27500,1.0,0
1417,session_001_spin_0473,1,2026-09-18T20:09:09.317+00:00,CREDITS,1.0,,NEUTRAL,150000,,,,,,,,,,,,,,0,,,
1418,session_001_spin_0473,2,2026-09-18T20:09:09.317+00:00,CREDITS,1.0,,OTHER,15000,,,,,,,,,,,,,,0,,,
1419,session_001_spin_0473,3,2026-09-18T20:09:09.317+00:00,CREDITS,1.0,,OTHER,20000,,,,,,,,,,,,,,0,,,
1420,session_001_spin_0474,1,2026-09-18T20:09:14.829+00:00,CREDITS,1.0,,NEUTRAL,15000,,,,,,,,,,,,,,0,,,
1421,session_001_spin_0474,2,2026-09-18T20:09:14.829+00:00,CREDITS,1.0,,NEUTRAL,150000,,,,,,,,,,,,,,0,,,
1422,session_001_spin_0474,3,2026-09-18T20:09:14.829+00:00,CREDITS,1.0,,NEUTRAL,80000,,,,,,,,,,,,,,0,,,
1423,session_001_spin_0475,1,2026-09-18T20:09:20.557+00:00,CREDITS,1.0,,OTHER,45000,,,,,,,,,,,,,,0,,,
1424,session_001_spin_0475,2,2026-09-18T20:09:20.557+00:00,CREDITS,1.0,,OTHER,12000,,,,,,,,,,,,,,0,,,
1425,session_001_spin_0475,3,2026-09-18T20:09:20.557+00:00,CAR,0.78,,PURPLE,,2023,PORSCHE,911 GT3 RS,P 911 GT3 RS 23,,,0,,0,1,SELL,1.0,SELL,1,212000,1.0,0
1426,session_001_spin_0476,1,2026-09-18T20:09:28.112+00:00,CREDITS,1.0,,BLUE,50000,,,,,,,,,,,,,,0,,,
1427,session_001_spin_0476,2,2026-09-18T20:09:28.112+00:00,CREDITS,0.99,,GREEN,8000,,,,,,,,,,,,,,0,,,
1428,session_001_spin_0476,3,2026-09-18T20:09:28.112+00:00,CREDITS,1.0,,BLUE,20000,,,,,,,,,,,,,,0,,,
1429,session_001_spin_0477,1,2026-09-18T20:09:33.288+00:00,CREDITS,1.0,,NEUTRAL,40000,,,,,,,,,,,,,,0,,,
1430,session_001_spin_0477,2,2026-09-18T20:09:33.288+00:00,CAR,0.78,,NEUTRAL,,2023,FORD,F 150 RAPTOR R,FORD RAPTOR R,,,0,,0,1,SELL,1.0,SELL,1,55000,1.0,0
1431,session_001_spin_0477,3,2026-09-18T20:09:33.288+00:00,CREDITS,1.0,,NEUTRAL,10000,,,,,,,,,,,,,,0,,,
1432,session_001_spin_0478,1,2026-09-18T20:09:41.085+00:00,CREDITS,1.0,,PURPLE,95000,,,,,,,,,,,,,,0,,,
1433,session_001_spin_0478,2,2026-09-18T20:09:41.085+00:00,CREDITS,1.0,,PURPLE,10000,,,,,,,,,,,,,,0,,,
1434,session_001_spin_0478,3,2026-09-18T20:09:41.085+00:00,CAR,0.78,,PURPLE,,2018,PORSCHE,718 CAYMAN GTS,PORSCHE 718 GTS,,,0,,0,1,SELL,1.0,SELL,1,37500,1.0,0
1435,session_001_spin_0479,1,2026-09-18T20:09:48.620+00:00,CREDITS,1.0,,NEUTRAL,200000,,,,,,,,,,,,,,0,,,
1436,session_001_spin_0479,2,2026-09-18T20:09:48.620+00:00,CREDITS,1.0,,OTHER,45000,,,,,,,,,,,,,,0,,,
1437,session_001_spin_0479,3,2026-09-18T20:09:48.620+00:00,CREDITS,1.0,,OTHER,10000,,,,,,,,,,,,,,0,,,
1438,session_001_spin_0480,1,2026-09-18T20:09:54.187+00:00,CREDITS,1.0,,BLUE,100000,,,,,,,,,,,,,,0,,,
1439,session_001_spin_0480,2,2026-09-18T20:09:54.187+00:00,CREDITS,1.0,,OTHER,250000,,,,,,,,,,,,,,0,,,
1440,session_001_spin_0480,3,2026-09-18T20:09:54.187+00:00,CREDITS,1.0,,OTHER,12000,,,,,,,,,,,,,,0,,,
1441,session_001_spin_0481,1,2026-09-18T20:13:04.535+00:00,CAR,0.78,,PURPLE,,2020,FORD,I F 450 DRW PLATINUM FO DESTRUCTION SKILLS BOOST,FORD F 450 FE,,,0,,0,1,SELL,1.0,SELL,1,250000,1.0,0
1442,session_001_spin_0481,2,2026-09-18T20:13:04.535+00:00,CREDITS,1.0,,PURPLE,95000,,,,,,,,,,,,,,0,,,
1443,session_001_spin_0481,3,2026-09-18T20:13:04.535+00:00,CREDITS,1.0,,PURPLE,150000,,,,,,,,,,,,,,0,,,
1444,session_001_spin_0482,1,2026-09-18T20:13:11.870+00:00,CAR,0.78,,PURPLE,,2019,DEBERTI,DUTY F 250 LARIAT TRAN,DEBERTI F 250,,,0,,0,1,SELL,1.0,SELL,1,137500,1.0,0
1445,session_001_spin_0482,2,2026-09-18T20:13:11.870+00:00,CREDITS,1.0,,PURPLE,200000,,,,,,,,,,,,,,0,,,
1446,session_001_spin_0482,3,2026-09-18T20:13:11.870+00:00,CREDITS,1.0,,PURPLE,15000,,,,,,,,,,,,,,0,,,
1447,session_001_spin_0483,1,2026-09-18T20:13:19.174+00:00,CREDITS,1.0,,NEUTRAL,200000,,,,,,,,,,,,,,0,,,
1448,session_001_spin_0483,2,2026-09-18T20:13:19.174+00:00,CREDITS,1.0,,NEUTRAL,50000,,,,,,,,,,,,,,0,,,
1449,session_001_spin_0483,3,2026-09-18T20:13:19.174+00:00,CREDITS,1.0,,NEUTRAL,175000,,,,,,,,,,,,,,0,,,
1450,session_001_spin_0484,1,2026-09-18T20:13:24.355+00:00,CREDITS,1.0,,NEUTRAL,50000,,,,,,,,,,,,,,0,,,
1451,session_001_spin_0484,2,2026-09-18T20:13:24.355+00:00,CREDITS,1.0,,NEUTRAL,5000,,,,,,,,,,,,,,0,,,
1452,session_001_spin_0484,3,2026-09-18T20:13:24.355+00:00,CREDITS,1.0,,NEUTRAL,40000,,,,,,,,,,,,,,0,,,
1453,session_001_spin_0485,1,2026-09-18T20:13:30.120+00:00,CREDITS,1.0,,PURPLE,920000,,,,,,,,,,,,,,0,,,
1454,session_001_spin_0485,2,2026-09-18T20:13:30.120+00:00,CREDITS,1.0,,PURPLE,95000,,,,,,,,,,,,,,0,,,
1455,session_001_spin_0485,3,2026-09-18T20:13:30.120+00:00,CAR,1.0,,PURPLE,,1961,Jaguar,E-type,JAGUAR E TYPE,,,0,1,0,1,SELL,1.0,SELL,1,9125000,1.0,0
1456,session_001_spin_0486,1,2026-09-18T20:13:37.569+00:00,CREDITS,1.0,,NEUTRAL,150000,,,,,,,,,,,,,,0,,,
1457,session_001_spin_0486,2,2026-09-18T20:13:37.569+00:00,OTHER,0.55,,NEUTRAL,,,,,,,,,,,,,,,0,,,
1458,session_001_spin_0486,3,2026-09-18T20:13:37.569+00:00,CREDITS,1.0,,NEUTRAL,15000,,,,,,,,,,,,,,0,,,
1459,session_001_spin_0487,1,2026-09-18T20:13:43.213+00:00,CREDITS,1.0,,BLUE,100000,,,,,,,,,,,,,,0,,,
1460,session_001_spin_0487,2,2026-09-18T20:13:43.214+00:00,CREDITS,1.0,,OTHER,25000,,,,,,,,,,,,,,0,,,
1461,session_001_spin_0487,3,2026-09-18T20:13:43.214+00:00,CREDITS,1.0,,BLUE,50000,,,,,,,,,,,,,,0,,,
1462,session_001_spin_0488,1,2026-09-18T20:13:48.411+00:00,CREDITS,1.0,,NEUTRAL,250000,,,,,,,,,,,,,,0,,,
1463,session_001_spin_0488,2,2026-09-18T20:13:48.411+00:00,CREDITS,1.0,,NEUTRAL,175000,,,,,,,,,,,,,,0,,,
1464,session_001_spin_0488,3,2026-09-18T20:13:48.411+00:00,CAR,0.78,,NEUTRAL,,2025,TOYOTA,LAND CRUISER,TOYOTA LC 25,,,0,,0,1,SELL,1.0,SELL,1,35000,1.0,0
1465,session_001_spin_0489,1,2026-09-18T20:13:56.006+00:00,CREDITS,1.0,,OTHER,45000,,,,,,,,,,,,,,0,,,
1466,session_001_spin_0489,2,2026-09-18T20:13:56.006+00:00,CREDITS,1.0,,OTHER,20000,,,,,,,,,,,,,,0,,,
1467,session_001_spin_0489,3,2026-09-18T20:13:56.007+00:00,CREDITS,1.0,,OTHER,20000,,,,,,,,,,,,,,0,,,
1468,session_001_spin_0490,1,2026-09-18T20:14:01.165+00:00,CREDITS,1.0,,OTHER,10000,,,,,,,,,,,,,,0,,,
1469,session_001_spin_0490,2,2026-09-18T20:14:01.165+00:00,CREDITS,1.0,,OTHER,15000,,,,,,,,,,,,,,0,,,
1470,session_001_spin_0490,3,2026-09-18T20:14:01.165+00:00,CAR,0.78,,NEUTRAL,,1965,TOYOTA,SPORTS 800,SPORTS 800 65,,,0,,0,1,SELL,1.0,SELL,1,125000,1.0,0
1471,session_001_spin_0491,1,2026-09-18T20:14:08.725+00:00,CAR,0.78,,OTHER,,2021,VOLKSWAGEN,GOLF R,VW GOLF R 21,,,0,,0,1,SELL,1.0,SELL,1,14500,1.0,0
1472,session_001_spin_0491,2,2026-09-18T20:14:08.725+00:00,CREDITS,1.0,,OTHER,15000,,,,,,,,,,,,,,0,,,
1473,session_001_spin_0491,3,2026-09-18T20:14:08.725+00:00,CAR,1.0,,PURPLE,,1994,Ferrari,F355 Berlinetta,FERRARI F355,,,0,1,0,1,SELL,1.0,SELL,1,125000,1.0,0
1474,session_001_spin_0492,1,2026-09-18T20:14:17.611+00:00,CREDITS,1.0,,NEUTRAL,100000,,,,,,,,,,,,,,0,,,
1475,session_001_spin_0492,2,2026-09-18T20:14:17.611+00:00,CAR,0.78,,NEUTRAL,,2014,HSV,EDITION GEN F GTS MA,HSV MALOO 14,,,0,,0,1,SELL,1.0,SELL,1,32500,1.0,0
1476,session_001_spin_0492,3,2026-09-18T20:14:17.611+00:00,CREDITS,1.0,,NEUTRAL,45000,,,,,,,,,,,,,,0,,,
1477,session_001_spin_0493,1,2026-09-18T20:14:25.227+00:00,OTHER,0.55,,OTHER,,,,,,,,,,,,,,,0,,,
1478,session_001_spin_0493,2,2026-09-18T20:14:25.227+00:00,CREDITS,1.0,,OTHER,15000,,,,,,,,,,,,,,0,,,
1479,session_001_spin_0493,3,2026-09-18T20:14:25.227+00:00,CREDITS,1.0,,OTHER,20000,,,,,,,,,,,,,,0,,,
1480,session_001_spin_0494,1,2026-09-18T20:14:30.904+00:00,CREDITS,1.0,,BLUE,10000,,,,,,,,,,,,,,0,,,
1481,session_001_spin_0494,2,2026-09-18T20:14:30.904+00:00,CREDITS,1.0,,BLUE,80000,,,,,,,,,,,,,,0,,,
1482,session_001_spin_0494,3,2026-09-18T20:14:30.904+00:00,CREDITS,0.99,,BLUE,5000,,,,,,,,,,,,,,0,,,
1483,session_001_spin_0495,1,2026-09-18T20:14:36.186+00:00,CREDITS,1.0,,BLUE,15000,,,,,,,,,,,,,,0,,,
1484,session_001_spin_0495,2,2026-09-18T20:14:36.186+00:00,CAR,0.78,,OTHER,,1995,MITSUBISHI,ECLIPSE GSX,ECLIPSE GSX,,,0,,0,1,SELL,1.0,SELL,1,17500,1.0,0
1485,session_001_spin_0495,3,2026-09-18T20:14:36.186+00:00,CREDITS,1.0,,BLUE,75000,,,,,,,,,,,,,,0,,,
1486,session_001_spin_0496,1,2026-09-18T20:14:43.461+00:00,CREDITS,1.0,,NEUTRAL,20000,,,,,,,,,,,,,,0,,,
1487,session_001_spin_0496,2,2026-09-18T20:14:43.461+00:00,OTHER,0.55,,NEUTRAL,,,,,,,,,,,,,,,0,,,
1488,session_001_spin_0496,3,2026-09-18T20:14:43.461+00:00,CREDITS,1.0,,NEUTRAL,50000,,,,,,,,,,,,,,0,,,
1489,session_001_spin_0497,1,2026-09-18T20:14:48.793+00:00,CREDITS,1.0,,NEUTRAL,80000,,,,,,,,,,,,,,0,,,
1490,session_001_spin_0497,2,2026-09-18T20:14:48.793+00:00,CREDITS,1.0,,NEUTRAL,15000,,,,,,,,,,,,,,0,,,
1491,session_001_spin_0497,3,2026-09-18T20:14:48.793+00:00,CREDITS,1.0,,NEUTRAL,35000,,,,,,,,,,,,,,0,,,
1492,session_001_spin_0498,1,2026-09-18T20:14:54.497+00:00,CAR,0.55,,NEUTRAL,,,,FORD F 150 86,FORD F 150 86,,,,,0,1,SELL,1.0,SELL,1,22500,1.0,0
1493,session_001_spin_0498,2,2026-09-18T20:14:54.497+00:00,CREDITS,1.0,,NEUTRAL,10000,,,,,,,,,,,,,,0,,,
1494,session_001_spin_0498,3,2026-09-18T20:14:54.497+00:00,CAR,0.78,,NEUTRAL,,2014,FORD,RANGER T 6 RALLY RAID,FORD RANGER T6,,,0,,0,1,SELL,1.0,SELL,1,175000,1.0,0
1495,session_001_spin_0499,1,2026-09-18T20:15:03.501+00:00,CREDITS,1.0,,NEUTRAL,20000,,,,,,,,,,,,,,0,,,
1496,session_001_spin_0499,2,2026-09-18T20:15:03.501+00:00,CREDITS,1.0,,NEUTRAL,5000,,,,,,,,,,,,,,0,,,
1497,session_001_spin_0499,3,2026-09-18T20:15:03.501+00:00,CREDITS,1.0,,NEUTRAL,15000,,,,,,,,,,,,,,0,,,
1498,session_001_spin_0500,1,2026-09-18T20:15:08.947+00:00,CREDITS,1.0,,NEUTRAL,20000,,,,,,,,,,,,,,0,,,
1499,session_001_spin_0500,2,2026-09-18T20:15:08.947+00:00,CREDITS,1.0,,NEUTRAL,35000,,,,,,,,,,,,,,0,,,
1500,session_001_spin_0500,3,2026-09-18T20:15:08.947+00:00,CREDITS,1.0,,NEUTRAL,45000,,,,,,,,,,,,,,0,,,
1501,session_002_spin_0001,1,2026-09-23T17:09:41.592+00:00,CAR,1.0,,PURPLE,,2021,McLaren,620R,MCLAREN 620R,,,0,1,1,1,KEEP,1.0,KEEP,1,,1.0,1
1502,session_002_spin_0001,2,2026-09-23T17:09:41.595+00:00,CREDITS,1.0,,PURPLE,150000,,,,,,,,,,,,,,0,,,
1503,session_002_spin_0001,3,2026-09-23T17:09:41.595+00:00,CREDITS,1.0,,PURPLE,35000,,,,,,,,,,,,,,0,,,
1504,session_002_spin_0002,1,2026-09-23T17:09:48.714+00:00,CREDITS,1.0,,GREEN,920000,,,,,,,,,,,,,,0,,,
1505,session_002_spin_0002,2,2026-09-23T17:09:48.714+00:00,CREDITS,1.0,,GREEN,15000,,,,,,,,,,,,,,0,,,
1506,session_002_spin_0002,3,2026-09-23T17:09:48.714+00:00,CREDITS,0.99,,GREEN,5000,,,,,,,,,,,,,,0,,,
1507,session_002_spin_0003,1,2026-09-23T17:09:54.194+00:00,CREDITS,1.0,,GREEN,45000,,,,,,,,,,,,,,0,,,
1508,session_002_spin_0003,2,2026-09-23T17:09:54.194+00:00,CREDITS,1.0,,GREEN,20000,,,,,,,,,,,,,,0,,,
1509,session_002_spin_0003,3,2026-09-23T17:09:54.194+00:00,CREDITS,1.0,,GREEN,10000,,,,,,,,,,,,,,0,,,
1510,session_002_spin_0004,1,2026-09-23T17:09:59.904+00:00,CREDITS,1.0,,PURPLE,920000,,,,,,,,,,,,,,0,,,
1511,session_002_spin_0004,2,2026-09-23T17:09:59.905+00:00,CREDITS,1.0,,PURPLE,95000,,,,,,,,,,,,,,0,,,
1512,session_002_spin_0004,3,2026-09-23T17:09:59.905+00:00,CREDITS,1.0,,PURPLE,175000,,,,,,,,,,,,,,0,,,
1513,session_002_spin_0005,1,2026-09-23T17:10:05.371+00:00,CREDITS,1.0,,BLUE,100000,,,,,,,,,,,,,,0,,,
1514,session_002_spin_0005,2,2026-09-23T17:10:05.371+00:00,CREDITS,1.0,,BLUE,15000,,,,,,,,,,,,,,0,,,
1515,session_002_spin_0005,3,2026-09-23T17:10:05.371+00:00,CREDITS,1.0,,BLUE,15000,,,,,,,,,,,,,,0,,,
1516,session_002_spin_0006,1,2026-09-23T17:10:11.002+00:00,CAR,0.78,,GREEN,,2018,JEEP,3RAND CHEROKEE,JEEP TRACKHAWK,,,0,,1,1,KEEP,1.0,KEEP,1,,1.0,1
1517,session_002_spin_0006,2,2026-09-23T17:10:11.002+00:00,CREDITS,1.0,,GREEN,925000,,,,,,,,,,,,,,0,,,
1518,session_002_spin_0006,3,2026-09-23T17:10:11.002+00:00,CREDITS,0.99,,GREEN,5000,,,,,,,,,,,,,,0,,,
1519,session_002_spin_0007,1,2026-09-23T17:10:17.925+00:00,CREDITS,1.0,,NEUTRAL,20000,,,,,,,,,,,,,,0,,,
1520,session_002_spin_0007,2,2026-09-23T17:10:17.925+00:00,CREDITS,1.0,,NEUTRAL,40000,,,,,,,,,,,,,,0,,,
1521,session_002_spin_0007,3,2026-09-23T17:10:17.925+00:00,CREDITS,1.0,,NEUTRAL,20000,,,,,,,,,,,,,,0,,,
1522,session_002_spin_0008,1,2026-09-23T17:10:23.704+00:00,CREDITS,1.0,,NEUTRAL,98000,,,,,,,,,,,,,,0,,,
1523,session_002_spin_0008,2,2026-09-23T17:10:23.704+00:00,CAR,0.45,,NEUTRAL,,2021,HYUNDAI,HYUNDAI I20 N,HYUNDAI I20 N,,,0,,1,1,KEEP,1.0,KEEP,1,,1.0,1
1524,session_002_spin_0008,3,2026-09-23T17:10:23.704+00:00,CREDITS,1.0,,NEUTRAL,200000,,,,,,,,,,,,,,0,,,
1525,session_002_spin_0009,1,2026-09-23T17:10:30.415+00:00,CREDITS,1.0,,NEUTRAL,20000,,,,,,,,,,,,,,0,,,
1526,session_002_spin_0009,2,2026-09-23T17:10:30.415+00:00,CREDITS,1.0,,NEUTRAL,12000,,,,,,,,,,,,,,0,,,
1527,session_002_spin_0009,3,2026-09-23T17:10:30.415+00:00,CREDITS,1.0,,NEUTRAL,50000,,,,,,,,,,,,,,0,,,
1528,session_002_spin_0010,1,2026-09-23T17:10:36.331+00:00,CREDITS,1.0,,GREEN,40000,,,,,,,,,,,,,,0,,,
1529,session_002_spin_0010,2,2026-09-23T17:10:36.331+00:00,CREDITS,1.0,,GREEN,15000,,,,,,,,,,,,,,0,,,
1530,session_002_spin_0010,3,2026-09-23T17:10:36.332+00:00,CAR,0.78,,GREEN,,2014,FORD,YV LIMITED EDITION PURSUIT U,FORD UTE 14,,,0,,1,1,KEEP,1.0,,0,,1.0,1
1531,session_002_spin_0011,1,2026-09-23T17:10:59.279+00:00,CAR,0.78,,PURPLE,,2021,VOLKSWAGEN,GOLF R,VW GOLF R 21,,,0,,1,1,KEEP,1.0,KEEP,1,,1.0,1
1532,session_002_spin_0011,2,2026-09-23T17:10:59.280+00:00,CREDITS,1.0,,PURPLE,200000,,,,,,,,,,,,,,0,,,
1533,session_002_spin_0011,3,2026-09-23T17:10:59.280+00:00,CREDITS,1.0,,PURPLE,150000,,,,,,,,,,,,,,0,,,
1534,session_002_spin_0012,1,2026-09-23T17:11:13.273+00:00,CREDITS,1.0,,ORANGE,15000,,,,,,,,,,,,,,0,,,
1535,session_002_spin_0012,2,2026-09-23T17:11:13.273+00:00,CAR,0.78,,ORANGE,,1987,MERCEDES,BENZ AMG HAMMER COUPE,AMG HAMMER COUPE,,,0,,1,1,KEEP,1.0,KEEP,1,,1.0,1
1536,session_002_spin_0012,3,2026-09-23T17:11:13.274+00:00,CREDITS,1.0,,ORANGE,250000,,,,,,,,,,,,,,0,,,
1537,session_002_spin_0013,1,2026-09-23T17:11:20.527+00:00,CREDITS,1.0,,BLUE,50000,,,,,,,,,,,,,,0,,,
1538,session_002_spin_0013,2,2026-09-23T17:11:20.527+00:00,CAR,0.45,,BLUE,,2015,AUDI,AUDI SL,AUDI SL,,,0,,1,1,KEEP,1.0,KEEP,1,,1.0,1
1539,session_002_spin_0013,3,2026-09-23T17:11:20.527+00:00,CREDITS,0.99,,BLUE,8000,,,,,,,,,,,,,,0,,,
1540,session_002_spin_0014,1,2026-09-23T17:48:13.258+00:00,CREDITS,1.0,,NEUTRAL,10000,,,,,,,,,,,,,,0,,,
1541,session_002_spin_0014,2,2026-09-23T17:48:13.260+00:00,CREDITS,1.0,,NEUTRAL,10000,,,,,,,,,,,,,,0,,,
1542,session_002_spin_0014,3,2026-09-23T17:48:13.260+00:00,CREDITS,1.0,,NEUTRAL,45000,,,,,,,,,,,,,,0,,,
1543,session_002_spin_0015,1,2026-09-23T17:48:19.283+00:00,CAR,0.78,,BLUE,,2015,SUBARU,WRX STI,SUBARU WRX 15,,,0,,0,1,SELL,1.0,SELL,1,13500,1.0,0
1544,session_002_spin_0015,2,2026-09-23T17:48:19.283+00:00,CREDITS,1.0,,BLUE,50000,,,,,,,,,,,,,,0,,,
1545,session_002_spin_0015,3,2026-09-23T17:48:19.283+00:00,CREDITS,1.0,,BLUE,20000,,,,,,,,,,,,,,0,,,
1546,session_002_spin_0016,1,2026-09-23T17:48:27.065+00:00,CREDITS,1.0,,PURPLE,50000,,,,,,,,,,,,,,0,,,
1547,session_002_spin_0016,2,2026-09-23T17:48:27.065+00:00,CAR,0.78,,PURPLE,,1992,HONDA,NSX R,HONDA NSX R 92,,,0,,0,1,SELL,1.0,SELL,1,225000,1.0,0
1548,session_002_spin_0016,3,2026-09-23T17:48:27.065+00:00,CAR,0.55,,PURPLE,,,,4402 ULTRA 4,4402 ULTRA 4,,,,,0,1,SELL,1.0,SELL,1,125000,1.0,0
1549,session_002_spin_0017,1,2026-09-23T17:48:36.561+00:00,CREDITS,1.0,,NEUTRAL,80000,,,,,,,,,,,,,,0,,,
1550,session_002_spin_0017,2,2026-09-23T17:48:36.561+00:00,CREDITS,1.0,,NEUTRAL,15000,,,,,,,,,,,,,,0,,,
1551,session_002_spin_0017,3,2026-09-23T17:48:36.562+00:00,CREDITS,1.0,,NEUTRAL,45000,,,,,,,,,,,,,,0,,,
1552,session_002_spin_0018,1,2026-09-23T17:48:41.816+00:00,CREDITS,1.0,,NEUTRAL,5000,,,,,,,,,,,,,,0,,,
1553,session_002_spin_0018,2,2026-09-23T17:48:41.816+00:00,CAR,0.55,,NEUTRAL,,,,FORD MUSTANG 68,FORD MUSTANG 68,,,,,0,1,SELL,1.0,SELL,1,59500,1.0,0
1554,session_002_spin_0018,3,2026-09-23T17:48:41.816+00:00,CREDITS,1.0,,NEUTRAL,80000,,,,,,,,,,,,,,0,,,
1555,session_002_spin_0019,1,2026-09-23T17:48:49.702+00:00,CREDITS,1.0,,NEUTRAL,45000,,,,,,,,,,,,,,0,,,
1556,session_002_spin_0019,2,2026-09-23T17:48:49.702+00:00,CAR,0.55,,NEUTRAL,,,,MAZDA MX 5 94,MAZDA MX 5 94,,,,,0,1,SELL,1.0,SELL,1,7500,1.0,0
1557,session_002_spin_0019,3,2026-09-23T17:48:49.702+00:00,CREDITS,1.0,,NEUTRAL,10000,,,,,,,,,,,,,,0,,,
1558,session_002_spin_0020,1,2026-09-23T17:48:57.185+00:00,CREDITS,1.0,,NEUTRAL,10000,,,,,,,,,,,,,,0,,,
1559,session_002_spin_0020,2,2026-09-23T17:48:57.185+00:00,CREDITS,1.0,,NEUTRAL,10000,,,,,,,,,,,,,,0,,,
1560,session_002_spin_0020,3,2026-09-23T17:48:57.185+00:00,CAR,0.78,,NEUTRAL,,2012,MINI,JOHN COOPER WORKS GP,MINI JCW 12,,,0,,0,1,SELL,1.0,,0,15000,1.0,0
1561,session_002_spin_0021,1,2026-09-23T18:04:20.449+00:00,CAR,0.78,,PURPLE,,1968,ABARTH,595 ESSEESSE,ABARTH 595 68,,,0,,0,1,SELL,1.0,SELL,1,12500,1.0,0
1562,session_002_spin_0021,2,2026-09-23T18:04:20.449+00:00,CREDITS,1.0,,PURPLE,20000,,,,,,,,,,,,,,0,,,
1563,session_002_spin_0021,3,2026-09-23T18:04:20.449+00:00,CAR,0.78,,PURPLE,,1994,SUBARU,VIVIO RX R,SUBARU VIVIO 94,,,0,,0,1,SELL,1.0,SELL,1,5000,1.0,0
1564,session_002_spin_0022,1,2026-09-23T18:04:29.876+00:00,CREDITS,1.0,,OTHER,10000,,,,,,,,,,,,,,0,,,
1565,session_002_spin_0022,2,2026-09-23T18:04:29.876+00:00,CREDITS,1.0,,NEUTRAL,150000,,,,,,,,,,,,,,0,,,
1566,session_002_spin_0022,3,2026-09-23T18:04:29.876+00:00,CREDITS,1.0,,OTHER,20000,,,,,,,,,,,,,,0,,,
1567,session_002_spin_0023,1,2026-09-23T18:04:35.082+00:00,CREDITS,1.0,,NEUTRAL,15000,,,,,,,,,,,,,,0,,,
1568,session_002_spin_0023,2,2026-09-23T18:04:35.082+00:00,CREDITS,1.0,,NEUTRAL,15000,,,,,,,,,,,,,,0,,,
1569,session_002_spin_0023,3,2026-09-23T18:04:35.082+00:00,CREDITS,1.0,,NEUTRAL,200000,,,,,,,,,,,,,,0,,,
1570,session_002_spin_0024,1,2026-09-23T18:04:40.496+00:00,OTHER,0.55,,NEUTRAL,,,,,,,,,,,,,,,0,,,
1571,session_002_spin_0024,2,2026-09-23T18:04:40.496+00:00,OTHER,0.55,,NEUTRAL,,,,,,,,,,,,,,,0,,,
1572,session_002_spin_0024,3,2026-09-23T18:04:40.496+00:00,CREDITS,1.0,,NEUTRAL,40000,,,,,,,,,,,,,,0,,,
1573,session_002_spin_0025,1,2026-09-23T18:05:06.503+00:00,CREDITS,1.0,,ORANGE,12000,,,,,,,,,,,,,,0,,,
1574,session_002_spin_0025,2,2026-09-23T18:05:06.503+00:00,CREDITS,1.0,,ORANGE,95000,,,,,,,,,,,,,,0,,,
1575,session_002_spin_0025,3,2026-09-23T18:05:06.503+00:00,CREDITS,1.0,,ORANGE,250000,,,,,,,,,,,,,,0,,,
1576,session_002_spin_0026,1,2026-09-23T18:05:11.680+00:00,CREDITS,1.0,,OTHER,40000,,,,,,,,,,,,,,0,,,
1577,session_002_spin_0026,2,2026-09-23T18:05:11.680+00:00,CREDITS,1.0,,OTHER,10000,,,,,,,,,,,,,,0,,,
1578,session_002_spin_0026,3,2026-09-23T18:05:11.680+00:00,CREDITS,1.0,,OTHER,15000,,,,,,,,,,,,,,0,,,
1579,session_002_spin_0027,1,2026-09-23T18:05:16.889+00:00,CREDITS,1.0,,NEUTRAL,20000,,,,,,,,,,,,,,0,,,
1580,session_002_spin_0027,2,2026-09-23T18:05:16.889+00:00,CAR,0.55,,NEUTRAL,,,,JEEP TRACKHAWK,JEEP TRACKHAWK,,,,,0,1,SELL,1.0,SELL,1,36000,1.0,0
1581,session_002_spin_0027,3,2026-09-23T18:05:16.889+00:00,CREDITS,1.0,,NEUTRAL,50000,,,,,,,,,,,,,,0,,,
1582,session_002_spin_0028,1,2026-09-23T18:05:24.414+00:00,CREDITS,1.0,,BLUE,50000,,,,,,,,,,,,,,0,,,
1583,session_002_spin_0028,2,2026-09-23T18:05:24.414+00:00,CREDITS,1.0,,BLUE,100000,,,,,,,,,,,,,,0,,,
1584,session_002_spin_0028,3,2026-09-23T18:05:24.414+00:00,CREDITS,1.0,,BLUE,100000,,,,,,,,,,,,,,0,,,
1585,session_002_spin_0029,1,2026-09-23T18:05:29.755+00:00,CREDITS,1.0,,NEUTRAL,150000,,,,,,,,,,,,,,0,,,
1586,session_002_spin_0029,2,2026-09-23T18:05:29.755+00:00,CREDITS,1.0,,NEUTRAL,200000,,,,,,,,,,,,,,0,,,
1587,session_002_spin_0029,3,2026-09-23T18:05:29.755+00:00,CREDITS,1.0,,NEUTRAL,10000,,,,,,,,,,,,,,0,,,
1588,session_002_spin_0030,1,2026-09-23T18:05:35.005+00:00,CREDITS,1.0,,NEUTRAL,15000,,,,,,,,,,,,,,0,,,
1589,session_002_spin_0030,2,2026-09-23T18:05:35.005+00:00,OTHER,0.55,,NEUTRAL,,,,,,,,,,,,,,,0,,,
1590,session_002_spin_0030,3,2026-09-23T18:05:35.005+00:00,CREDITS,1.0,,NEUTRAL,15000,,,,,,,,,,,,,,0,,,
1591,session_002_spin_0031,1,2026-09-23T18:06:09.206+00:00,CREDITS,1.0,,PURPLE,15000,,,,,,,,,,,,,,0,,,
1592,session_002_spin_0031,2,2026-09-23T18:06:09.206+00:00,CAR,0.78,,PURPLE,,2000,FORD,MUSTANG SVT COBRA R,FORD MUSTANG 00,,,0,,0,1,SELL,1.0,SELL,1,76500,1.0,0
1593,session_002_spin_0031,3,2026-09-23T18:06:09.206+00:00,CREDITS,1.0,,PURPLE,200000,,,,,,,,,,,,,,0,,,
1594,session_002_spin_0032,1,2026-09-23T18:06:16.812+00:00,CREDITS,1.0,,GREEN,15000,,,,,,,,,,,,,,0,,,
1595,session_002_spin_0032,2,2026-09-23T18:06:16.812+00:00,CREDITS,1.0,,GREEN,95000,,,,,,,,,,,,,,0,,,
1596,session_002_spin_0032,3,2026-09-23T18:06:16.812+00:00,CREDITS,1.0,,GREEN,15000,,,,,,,,,,,,,,0,,,
1597,session_002_spin_0033,1,2026-09-23T18:06:22.403+00:00,CREDITS,1.0,,GREEN,10000,,,,,,,,,,,,,,0,,,
1598,session_002_spin_0033,2,2026-09-23T18:06:22.403+00:00,CREDITS,1.0,,GREEN,15000,,,,,,,,,,,,,,0,,,
1599,session_002_spin_0033,3,2026-09-23T18:06:22.403+00:00,CREDITS,0.99,,GREEN,5000,,,,,,,,,,,,,,0,,,
1600,session_002_spin_0034,1,2026-09-23T18:06:27.657+00:00,CAR,0.55,,NEUTRAL,,,,BMW Z4 19,BMW Z4 19,,,,,0,1,SELL,1.0,SELL,1,19000,1.0,0
1601,session_002_spin_0034,2,2026-09-23T18:06:27.657+00:00,OTHER,0.55,,NEUTRAL,,,,,,,,,,,,,,,0,,,
1602,session_002_spin_0034,3,2026-09-23T18:06:27.657+00:00,CREDITS,1.0,,NEUTRAL,20000,,,,,,,,,,,,,,0,,,
1603,session_002_spin_0035,1,2026-09-23T18:08:25.122+00:00,CAR,0.78,,PURPLE,,1983,VOLVO,242 TURBO EVOLUTION,VOLVO 242 TURBO,,,0,,0,1,SELL,1.0,SELL,1,,1.0,0
1604,session_002_spin_0035,2,2026-09-23T18:08:25.122+00:00,CREDITS,1.0,,PURPLE,20000,,,,,,,,,,,,,,0,,,
1605,session_002_spin_0035,3,2026-09-23T18:08:25.122+00:00,CREDITS,1.0,,PURPLE,200000,,,,,,,,,,,,,,0,,,
1606,session_002_spin_0036,1,2026-09-23T18:08:32.733+00:00,CREDITS,1.0,,NEUTRAL,50000,,,,,,,,,,,,,,0,,,
1607,session_002_spin_0036,2,2026-09-23T18:08:32.733+00:00,CREDITS,1.0,,NEUTRAL,45000,,,,,,,,,,,,,,0,,,
1608,session_002_spin_0036,3,2026-09-23T18:08:32.733+00:00,CAR,1.0,,NEUTRAL,,2019,Porsche,911 GT3 RS,911 GT3 RS 19,,,0,1,0,1,SELL,1.0,SELL,1,125000,1.0,0
1609,session_002_spin_0037,1,2026-09-23T18:08:40.304+00:00,CREDITS,1.0,,GREEN,20000,,,,,,,,,,,,,,0,,,
1610,session_002_spin_0037,2,2026-09-23T18:08:40.304+00:00,CREDITS,1.0,,GREEN,20000,,,,,,,,,,,,,,0,,,
1611,session_002_spin_0037,3,2026-09-23T18:08:40.304+00:00,CREDITS,1.0,,GREEN,12000,,,,,,,,,,,,,,0,,,
1612,session_002_spin_0038,1,2026-09-23T18:08:45.530+00:00,CREDITS,1.0,,NEUTRAL,35000,,,,,,,,,,,,,,0,,,
1613,session_002_spin_0038,2,2026-09-23T18:08:45.530+00:00,CREDITS,1.0,,NEUTRAL,15000,,,,,,,,,,,,,,0,,,
1614,session_002_spin_0038,3,2026-09-23T18:08:45.530+00:00,CREDITS,1.0,,NEUTRAL,25000,,,,,,,,,,,,,,0,,,
1615,session_002_spin_0039,1,2026-09-23T18:08:50.840+00:00,CREDITS,1.0,,NEUTRAL,250000,,,,,,,,,,,,,,0,,,
1616,session_002_spin_0039,2,2026-09-23T18:08:50.840+00:00,CREDITS,1.0,,NEUTRAL,35000,,,,,,,,,,,,,,0,,,
1617,session_002_spin_0039,3,2026-09-23T18:08:50.840+00:00,CREDITS,1.0,,NEUTRAL,15000,,,,,,,,,,,,,,0,,,
1618,session_002_spin_0040,1,2026-09-23T18:08:56.550+00:00,CREDITS,1.0,,BLUE,75000,,,,,,,,,,,,,,0,,,
1619,session_002_spin_0040,2,2026-09-23T18:08:56.550+00:00,CREDITS,1.0,,OTHER,20000,,,,,,,,,,,,,,0,,,
1620,session_002_spin_0040,3,2026-09-23T18:08:56.550+00:00,CREDITS,1.0,,BLUE,75000,,,,,,,,,,,,,,0,,,
1621,session_002_spin_0041,1,2026-09-23T18:09:01.816+00:00,CAR,0.55,,NEUTRAL,,,,FORD CAPRI MKL,FORD CAPRI MKL,,,,,0,1,SELL,1.0,SELL,1,34500,1.0,0
1622,session_002_spin_0041,2,2026-09-23T18:09:01.816+00:00,CREDITS,1.0,,NEUTRAL,5000,,,,,,,,,,,,,,0,,,
1623,session_002_spin_0041,3,2026-09-23T18:09:01.816+00:00,CAR,0.78,,NEUTRAL,,2018,HONDA,CIVIC TYPE R,HONDA CIVIC 18,,,0,,0,1,SELL,1.0,SELL,1,17500,1.0,0
1624,session_002_spin_0042,1,2026-09-23T18:09:11.339+00:00,CREDITS,1.0,,BLUE,25000,,,,,,,,,,,,,,0,,,
1625,session_002_spin_0042,2,2026-09-23T18:09:11.339+00:00,CAR,0.45,,BLUE,,2015,BMW,BMW I8,BMW I8,,,0,,0,1,SELL,1.0,,0,35000,1.0,0
1626,session_002_spin_0042,3,2026-09-23T18:09:11.341+00:00,CREDITS,1.0,,BLUE,20000,,,,,,,,,,,,,,0,,,
1627,session_002_spin_0043,1,2026-09-23T18:09:43.354+00:00,CREDITS,1.0,,PURPLE,100000,,,,,,,,,,,,,,0,,,
1628,session_002_spin_0043,2,2026-09-23T18:09:43.354+00:00,CAR,1.0,,PURPLE,,1989,Nissan,S-Cargo Forza Edition,S CARGO FE,,,1,1,0,1,SELL,1.0,SELL,1,250000,1.0,0
1629,session_002_spin_0043,3,2026-09-23T18:09:43.355+00:00,CREDITS,1.0,,PURPLE,10000,,,,,,,,,,,,,,0,,,
1630,session_002_spin_0044,1,2026-09-23T18:09:50.795+00:00,CAR,0.78,,NEUTRAL,,2014,HSV,EDITION GEN F GTS MA,HSV MALOO 14,,,0,,0,1,SELL,1.0,SELL,1,32500,1.0,0
1631,session_002_spin_0044,2,2026-09-23T18:09:50.795+00:00,CREDITS,1.0,,NEUTRAL,175000,,,,,,,,,,,,,,0,,,
1632,session_002_spin_0044,3,2026-09-23T18:09:50.795+00:00,CREDITS,1.0,,NEUTRAL,250000,,,,,,,,,,,,,,0,,,
1633,session_002_spin_0045,1,2026-09-23T18:14:37.427+00:00,CREDITS,1.0,,PURPLE,95000,,,,,,,,,,,,,,0,,,
1634,session_002_spin_0045,2,2026-09-23T18:14:37.429+00:00,CAR,0.78,,PURPLE,,2020,NISSAN,GT R NISMO R35,NISSAN GTR 20,,,0,,0,1,SELL,1.0,SELL,1,135000,1.0,0
1635,session_002_spin_0045,3,2026-09-23T18:14:37.431+00:00,CAR,0.78,,PURPLE,,2018,HONDA,CIVIC TYPE R,HONDA CIVIC 18,,,0,,0,1,SELL,1.0,SELL,1,17500,1.0,0
1636,session_002_spin_0046,1,2026-09-23T18:16:15.426+00:00,CREDITS,1.0,,PURPLE,40000,,,,,,,,,,,,,,0,,,
1637,session_002_spin_0046,2,2026-09-23T18:16:15.426+00:00,CREDITS,1.0,,PURPLE,15000,,,,,,,,,,,,,,0,,,
1638,session_002_spin_0046,3,2026-09-23T18:16:15.426+00:00,CREDITS,1.0,,PURPLE,150000,,,,,,,,,,,,,,0,,,
1639,session_002_spin_0047,1,2026-09-23T18:16:20.431+00:00,CREDITS,1.0,,NEUTRAL,20000,,,,,,,,,,,,,,0,,,
1640,session_002_spin_0047,2,2026-09-23T18:16:20.431+00:00,OTHER,0.55,,NEUTRAL,,,,,,,,,,,,,,,0,,,
1641,session_002_spin_0047,3,2026-09-23T18:16:20.431+00:00,CREDITS,1.0,,NEUTRAL,175000,,,,,,,,,,,,,,0,,,
1642,session_002_spin_0048,1,2026-09-23T18:16:26.283+00:00,CREDITS,1.0,,BLUE,95000,,,,,,,,,,,,,,0,,,
1643,session_002_spin_0048,2,2026-09-23T18:16:26.283+00:00,CAR,0.78,,BLUE,,2008,MITSUBISHI,LANCER EVOLUTION X GSR,LANCER GSR 08,,,0,,0,1,SELL,1.0,SELL,1,12500,1.0,0
1644,session_002_spin_0048,3,2026-09-23T18:16:26.283+00:00,CREDITS,1.0,,BLUE,25000,,,,,,,,,,,,,,0,,,
1645,session_002_spin_0049,1,2026-09-23T18:16:34.298+00:00,CREDITS,1.0,,ORANGE,95000,,,,,,,,,,,,,,0,,,
1646,session_002_spin_0049,2,2026-09-23T18:16:34.298+00:00,CAR,0.78,,ORANGE,,2021,HENNESSEY,VENOM F5,VENOM F5,,,0,,1,1,KEEP,1.0,,0,,1.0,1
1647,session_002_spin_0049,3,2026-09-23T18:16:34.298+00:00,CREDITS,1.0,,ORANGE,20000,,,,,,,,,,,,,,0,,,
1648,session_002_spin_0050,1,2026-09-23T18:17:42.111+00:00,CREDITS,0.99,,GREEN,8000,,,,,,,,,,,,,,0,,,
1649,session_002_spin_0050,2,2026-09-23T18:17:42.111+00:00,CREDITS,1.0,,GREEN,15000,,,,,,,,,,,,,,0,,,
1650,session_002_spin_0050,3,2026-09-23T18:17:42.111+00:00,CREDITS,0.99,,GREEN,5000,,,,,,,,,,,,,,0,,,
1651,session_002_spin_0051,1,2026-09-23T18:17:47.572+00:00,CREDITS,1.0,,OTHER,20000,,,,,,,,,,,,,,0,,,
1652,session_002_spin_0051,2,2026-09-23T18:17:47.572+00:00,CREDITS,1.0,,OTHER,20000,,,,,,,,,,,,,,0,,,
1653,session_002_spin_0051,3,2026-09-23T18:17:47.572+00:00,OTHER,0.55,,OTHER,,,,,,,,,,,,,,,0,,,
1654,session_002_spin_0052,1,2026-09-23T18:17:52.967+00:00,CREDITS,1.0,,PURPLE,100000,,,,,,,,,,,,,,0,,,
1655,session_002_spin_0052,2,2026-09-23T18:17:52.967+00:00,CAR,0.78,,NEUTRAL,,2012,MINI,JOHN COOPER WORKS GP,MINI JCW 12,,,0,,0,1,SELL,1.0,SELL,1,15000,1.0,0
1656,session_002_spin_0052,3,2026-09-23T18:17:52.967+00:00,CAR,0.78,,NEUTRAL,,1992,GMC,TYPHOON,GMC TYPHOON,,,0,,0,1,SELL,1.0,SELL,1,19000,1.0,0
1657,session_002_spin_0053,1,2026-09-23T18:21:08.020+00:00,CREDITS,1.0,,PURPLE,200000,,,,,,,,,,,,,,0,,,
1658,session_002_spin_0053,2,2026-09-23T18:21:08.020+00:00,CREDITS,1.0,,PURPLE,20000,,,,,,,,,,,,,,0,,,
1659,session_002_spin_0053,3,2026-09-23T18:21:08.020+00:00,CREDITS,1.0,,PURPLE,200000,,,,,,,,,,,,,,0,,,
1660,session_002_spin_0054,1,2026-09-23T18:21:13.185+00:00,CAR,0.78,,BLUE,,2012,NISSAN,GT R BLACK EDITION R35,NISSAN GT R 12,,,0,,0,1,SELL,1.0,SELL,1,40000,1.0,0
1661,session_002_spin_0054,2,2026-09-23T18:21:13.185+00:00,CREDITS,1.0,,BLUE,80000,,,,,,,,,,,,,,0,,,
1662,session_002_spin_0054,3,2026-09-23T18:21:13.185+00:00,CAR,0.78,,PURPLE,,2013,FORMULA,DRIFT 777 CHEVROLET CORVETTE,777 CORVETTE,,,0,,0,1,SELL,1.0,SELL,1,137500,1.0,0
1663,session_002_spin_0055,1,2026-09-23T18:21:22.989+00:00,CREDITS,1.0,,NEUTRAL,20000,,,,,,,,,,,,,,0,,,
1664,session_002_spin_0055,2,2026-09-23T18:21:22.989+00:00,CREDITS,1.0,,NEUTRAL,10000,,,,,,,,,,,,,,0,,,
1665,session_002_spin_0055,3,2026-09-23T18:21:22.989+00:00,CREDITS,1.0,,NEUTRAL,200000,,,,,,,,,,,,,,0,,,
1666,session_002_spin_0056,1,2026-09-23T18:21:28.597+00:00,OTHER,0.55,,ORANGE,,,,,,,,,,,,,,,0,,,
1667,session_002_spin_0056,2,2026-09-23T18:21:28.597+00:00,CREDITS,1.0,,ORANGE,15000,,,,,,,,,,,,,,0,,,
1668,session_002_spin_0056,3,2026-09-23T18:21:28.597+00:00,CAR,0.78,,ORANGE,,1986,MG,METRO 6R4,MG METRO 6R4,,,0,,0,1,SELL,1.0,SELL,1,110000,1.0,0
1669,session_002_spin_0057,1,2026-09-23T18:26:04.047+00:00,CREDITS,1.0,,PURPLE,15000,,,,,,,,,,,,,,0,,,
1670,session_002_spin_0057,2,2026-09-23T18:26:04.047+00:00,CAR,0.78,,PURPLE,,1995,CHEVROLET,CORVETTE ZR I,CORVETTE 95,,,0,,0,1,SELL,1.0,SELL,1,38000,1.0,0
1671,session_002_spin_0057,3,2026-09-23T18:26:04.047+00:00,CAR,1.0,,PURPLE,,1961,Jaguar,E-type,JAGUAR E TYPE,,,0,1,0,1,SELL,1.0,SELL,1,125000,1.0,0
1672,session_002_spin_0058,1,2026-09-23T18:26:13.672+00:00,CREDITS,1.0,,ORANGE,25000,,,,,,,,,,,,,,0,,,
1673,session_002_spin_0058,2,2026-09-23T18:26:13.672+00:00,CREDITS,1.0,,ORANGE,250000,,,,,,,,,,,,,,0,,,
1674,session_002_spin_0058,3,2026-09-23T18:26:13.672+00:00,CREDITS,0.99,,ORANGE,5000,,,,,,,,,,,,,,0,,,
1675,session_002_spin_0059,1,2026-09-23T18:26:19.448+00:00,CREDITS,1.0,,BLUE,50000,,,,,,,,,,,,,,0,,,
1676,session_002_spin_0059,2,2026-09-23T18:26:19.448+00:00,CREDITS,1.0,,OTHER,10000,,,,,,,,,,,,,,0,,,
1677,session_002_spin_0059,3,2026-09-23T18:26:19.448+00:00,CREDITS,1.0,,OTHER,20000,,,,,,,,,,,,,,0,,,
1678,session_002_spin_0060,1,2026-09-23T18:26:25.096+00:00,CREDITS,1.0,,OTHER,25000,,,,,,,,,,,,,,0,,,
1679,session_002_spin_0060,2,2026-09-23T18:26:25.096+00:00,CAR,0.45,,BLUE,,2009,BMW,,2009 BMW,,,0,,0,,,,,0,,,0
1680,session_002_spin_0060,3,2026-09-23T18:26:25.096+00:00,CAR,0.78,,OTHER,,2011,BMW,X5M,2011 BMW X5M,,,0,,0,,,,,0,,,0
1681,session_002_spin_0061,1,2026-09-23T18:28:28.705+00:00,CREDITS,1.0,,ORANGE,175000,,,,,,,,,,,,,,0,,,
1682,session_002_spin_0061,2,2026-09-23T18:28:28.705+00:00,CREDITS,1.0,,ORANGE,15000,,,,,,,,,,,,,,0,,,
1683,session_002_spin_0061,3,2026-09-23T18:28:28.705+00:00,CREDITS,1.0,,ORANGE,250000,,,,,,,,,,,,,,0,,,
1684,session_002_spin_0062,1,2026-09-23T18:28:33.881+00:00,CREDITS,1.0,,NEUTRAL,45000,,,,,,,,,,,,,,0,,,
1685,session_002_spin_0062,2,2026-09-23T18:28:33.881+00:00,CREDITS,1.0,,NEUTRAL,35000,,,,,,,,,,,,,,0,,,
1686,session_002_spin_0062,3,2026-09-23T18:28:33.881+00:00,CREDITS,1.0,,NEUTRAL,20000,,,,,,,,,,,,,,0,,,
1687,session_002_spin_0063,1,2026-09-23T18:28:39.438+00:00,CAR,0.78,,PURPLE,,2013,MAZDA,MX 5,MAZDA MX 5 13,,,0,,0,1,SELL,1.0,SELL,1,14000,1.0,0
1688,session_002_spin_0063,2,2026-09-23T18:28:39.438+00:00,CREDITS,1.0,,PURPLE,95000,,,,,,,,,,,,,,0,,,
1689,session_002_spin_0063,3,2026-09-23T18:28:39.438+00:00,CAR,0.78,,PURPLE,,2021,MERCEDES,AMG GT BLACK SERIES,AMG GT BLACK,,,0,,0,1,SELL,1.0,SELL,1,220000,1.0,0
1690,session_002_spin_0064,1,2026-09-23T18:28:48.797+00:00,CAR,0.55,,NEUTRAL,,,,BMW 2002 TURBO,BMW 2002 TURBO,,,,,0,1,SELL,1.0,SELL,1,63500,1.0,0
1691,session_002_spin_0064,2,2026-09-23T18:28:48.798+00:00,CREDITS,1.0,,NEUTRAL,10000,,,,,,,,,,,,,,0,,,
1692,session_002_spin_0064,3,2026-09-23T18:28:48.798+00:00,CREDITS,1.0,,NEUTRAL,15000,,,,,,,,,,,,,,0,,,
1693,session_002_spin_0065,1,2026-09-23T18:28:56.171+00:00,CREDITS,1.0,,NEUTRAL,940000,,,,,,,,,,,,,,0,,,
1694,session_002_spin_0065,2,2026-09-23T18:28:56.171+00:00,CREDITS,1.0,,NEUTRAL,10000,,,,,,,,,,,,,,0,,,
1695,session_002_spin_0065,3,2026-09-23T18:28:56.171+00:00,CREDITS,1.0,,NEUTRAL,20000,,,,,,,,,,,,,,0,,,
1696,session_002_spin_0066,1,2026-09-23T18:29:01.605+00:00,CREDITS,1.0,,BLUE,100000,,,,,,,,,,,,,,0,,,
1697,session_002_spin_0066,2,2026-09-23T18:29:01.605+00:00,CAR,0.45,,OTHER,,2020,JEEP,JEEP JT,JEEP JT,,,0,,0,1,SELL,1.0,,0,18000,1.0,0
1698,session_002_spin_0066,3,2026-09-23T18:29:01.605+00:00,CAR,0.78,,OTHER,,2023,FORD,FIESTA ST,2023 FORD Fiesta ST,,,0,,0,,,,,0,,,0
1699,session_002_spin_0067,1,2026-09-23T18:30:23.513+00:00,CREDITS,1.0,,GREEN,15000,,,,,,,,,,,,,,0,,,
1700,session_002_spin_0067,2,2026-09-23T18:30:23.515+00:00,CREDITS,1.0,,GREEN,20000,,,,,,,,,,,,,,0,,,
1701,session_002_spin_0067,3,2026-09-23T18:30:23.515+00:00,CAR,0.78,,GREEN,,1932,FORD,LOW COUPE DE LUXE,FORD COUPE 32,,,0,,0,1,SELL,1.0,SELL,1,18000,1.0,0
1702,session_002_spin_0068,1,2026-09-23T18:30:31.050+00:00,CREDITS,1.0,,NEUTRAL,80000,,,,,,,,,,,,,,0,,,
1703,session_002_spin_0068,2,2026-09-23T18:30:31.050+00:00,CREDITS,1.0,,NEUTRAL,25000,,,,,,,,,,,,,,0,,,
1704,session_002_spin_0068,3,2026-09-23T18:30:31.050+00:00,CREDITS,1.0,,NEUTRAL,50000,,,,,,,,,,,,,,0,,,
1705,session_002_spin_0069,1,2026-09-23T18:30:36.597+00:00,CREDITS,1.0,,GREEN,10000,,,,,,,,,,,,,,0,,,
1706,session_002_spin_0069,2,2026-09-23T18:30:36.597+00:00,CREDITS,1.0,,GREEN,95000,,,,,,,,,,,,,,0,,,
1707,session_002_spin_0069,3,2026-09-23T18:30:36.597+00:00,CREDITS,1.0,,GREEN,20000,,,,,,,,,,,,,,0,,,
1708,session_002_spin_0070,1,2026-09-23T18:30:41.769+00:00,CREDITS,1.0,,NEUTRAL,150000,,,,,,,,,,,,,,0,,,
1709,session_002_spin_0070,2,2026-09-23T18:30:41.769+00:00,CREDITS,1.0,,NEUTRAL,5000,,,,,,,,,,,,,,0,,,
1710,session_002_spin_0070,3,2026-09-23T18:30:41.769+00:00,CREDITS,1.0,,NEUTRAL,15000,,,,,,,,,,,,,,0,,,
1711,session_002_spin_0071,1,2026-09-23T18:30:47.435+00:00,CREDITS,1.0,,NEUTRAL,150000,,,,,,,,,,,,,,0,,,
1712,session_002_spin_0071,2,2026-09-23T18:30:47.435+00:00,CAR,0.78,,NEUTRAL,,2000,CHEVROLET,CORVETTE ZRI,CORVETTE 09,,,0,,0,1,SELL,1.0,SELL,1,62500,1.0,0
1713,session_002_spin_0071,3,2026-09-23T18:30:47.435+00:00,CREDITS,1.0,,NEUTRAL,20000,,,,,,,,,,,,,,0,,,
1714,session_002_spin_0072,1,2026-09-23T18:30:54.886+00:00,CREDITS,1.0,,OTHER,250000,,,,,,,,,,,,,,0,,,
1715,session_002_spin_0072,2,2026-09-23T18:30:54.886+00:00,CREDITS,1.0,,OTHER,35000,,,,,,,,,,,,,,0,,,
1716,session_002_spin_0072,3,2026-09-23T18:30:54.886+00:00,CREDITS,1.0,,OTHER,20000,,,,,,,,,,,,,,0,,,
1717,session_002_spin_0073,1,2026-09-23T18:31:00.335+00:00,CREDITS,1.0,,BLUE,10000,,,,,,,,,,,,,,0,,,
1718,session_002_spin_0073,2,2026-09-23T18:31:00.335+00:00,CAR,0.78,,BLUE,,2010,FORD,WN VICTORIA POLICE INTERCEP,CROWN VICTORIA,,,0,,0,1,SELL,1.0,SELL,1,,1.0,0
1719,session_002_spin_0073,3,2026-09-23T18:31:00.335+00:00,CREDITS,1.0,,BLUE,50000,,,,,,,,,,,,,,0,,,
1720,session_002_spin_0074,1,2026-09-23T18:31:07.771+00:00,CREDITS,1.0,,NEUTRAL,15000,,,,,,,,,,,,,,0,,,
1721,session_002_spin_0074,2,2026-09-23T18:31:07.771+00:00,CREDITS,1.0,,NEUTRAL,50000,,,,,,,,,,,,,,0,,,
1722,session_002_spin_0074,3,2026-09-23T18:31:07.771+00:00,CREDITS,1.0,,NEUTRAL,200000,,,,,,,,,,,,,,0,,,
1723,session_002_spin_0075,1,2026-09-23T18:31:13.460+00:00,CREDITS,1.0,,NEUTRAL,20000,,,,,,,,,,,,,,0,,,
1724,session_002_spin_0075,2,2026-09-23T18:31:13.461+00:00,CREDITS,1.0,,NEUTRAL,10000,,,,,,,,,,,,,,0,,,
1725,session_002_spin_0075,3,2026-09-23T18:31:13.461+00:00,CAR,0.55,,NEUTRAL,,,,DODGE VIPER 16,DODGE VIPER 16,,,,,0,1,SELL,1.0,SELL,1,145000,1.0,0
1726,session_002_spin_0076,1,2026-09-23T18:31:21.047+00:00,CAR,0.78,,NEUTRAL,,2020,CHEVROLET,CORVETTE STINGRAY COUPE,CORVETTE CG 20,,,0,,0,1,SELL,1.0,SELL,1,32500,1.0,0
1727,session_002_spin_0076,2,2026-09-23T18:31:21.047+00:00,CAR,0.78,,NEUTRAL,,2020,WULING,SUNSHINE S FORZA EDITION CREDITS BOOST,SUNSHINE FE,,,1,,0,1,SELL,1.0,SELL,1,250000,1.0,0
1728,session_002_spin_0076,3,2026-09-23T18:31:21.047+00:00,CAR,0.78,,NEUTRAL,,2022,CADILLAC,CT5 V BLACKWING,CADILLAC CT5 V,,,0,,0,1,SELL,1.0,SELL,1,45000,1.0,0
1729,session_002_spin_0077,1,2026-09-23T18:31:50.102+00:00,CREDITS,1.0,,GREEN,15000,,,,,,,,,,,,,,0,,,
1730,session_002_spin_0077,2,2026-09-23T18:31:50.103+00:00,CREDITS,1.0,,GREEN,45000,,,,,,,,,,,,,,0,,,
1731,session_002_spin_0077,3,2026-09-23T18:31:50.103+00:00,CREDITS,1.0,,GREEN,20000,,,,,,,,,,,,,,0,,,
1732,session_002_spin_0078,1,2026-09-23T18:31:55.347+00:00,CREDITS,1.0,,NEUTRAL,5000,,,,,,,,,,,,,,0,,,
1733,session_002_spin_0078,2,2026-09-23T18:31:55.347+00:00,CREDITS,1.0,,NEUTRAL,15000,,,,,,,,,,,,,,0,,,
1734,session_002_spin_0078,3,2026-09-23T18:31:55.347+00:00,CREDITS,1.0,,NEUTRAL,15000,,,,,,,,,,,,,,0,,,
1735,session_002_spin_0079,1,2026-09-23T18:32:01.037+00:00,CREDITS,1.0,,OTHER,15000,,,,,,,,,,,,,,0,,,
1736,session_002_spin_0079,2,2026-09-23T18:32:01.037+00:00,CREDITS,0.99,,OTHER,5000,,,,,,,,,,,,,,0,,,
1737,session_002_spin_0079,3,2026-09-23T18:32:01.037+00:00,CAR,0.78,,OTHER,,1969,CHEVROLET,NOVA SUPER SPORT 396,CHEVY NOVA 69,,,0,,0,1,SELL,1.0,SELL,1,20000,1.0,0
1738,session_002_spin_0080,1,2026-09-23T18:32:08.550+00:00,CAR,0.78,,BLUE,,2019,DEBERTI,ICOMA TRD THE PERFORMAN,DD TACOMA TRD,,,0,,0,1,SELL,1.0,SELL,1,125000,1.0,0
1739,session_002_spin_0080,2,2026-09-23T18:32:08.550+00:00,CREDITS,1.0,,BLUE,100000,,,,,,,,,,,,,,0,,,
1740,session_002_spin_0080,3,2026-09-23T18:32:08.550+00:00,OTHER,0.55,,OTHER,,,,,,,,,,,,,,,0,,,
1741,session_002_spin_0081,1,2026-09-23T18:39:03.752+00:00,CREDITS,1.0,,PURPLE,45000,,,,,,,,,,,,,,0,,,
1742,session_002_spin_0081,2,2026-09-23T18:39:03.752+00:00,CAR,0.78,,PURPLE,,2012,NISSAN,31ACK EDITION R35 FORZA E SPEED SKILLS BOOST,GT R FE 12,,,0,,1,1,KEEP,1.0,KEEP,1,,1.0,1
1743,session_002_spin_0081,3,2026-09-23T18:39:03.754+00:00,CREDITS,1.0,,PURPLE,15000,,,,,,,,,,,,,,0,,,
1744,session_002_spin_0082,1,2026-09-23T18:57:10.912+00:00,CREDITS,1.0,,PURPLE,40000,,,,,,,,,,,,,,0,,,
1745,session_002_spin_0082,2,2026-09-23T18:57:10.912+00:00,CREDITS,1.0,,PURPLE,940000,,,,,,,,,,,,,,0,,,
1746,session_002_spin_0082,3,2026-09-23T18:57:10.912+00:00,CAR,0.78,,PURPLE,,2015,MCLAREN,570S COUPE,MCLAREN 570S,,,0,,0,1,SELL,1.0,SELL,1,65000,1.0,0
1747,session_002_spin_0083,1,2026-09-23T18:57:18.712+00:00,CREDITS,1.0,,ORANGE,45000,,,,,,,,,,,,,,0,,,
1748,session_002_spin_0083,2,2026-09-23T18:57:18.712+00:00,CAR,0.78,,ORANGE,,1973,MAZDA,RX 3,MAZDA RX 3,,,0,,0,1,SELL,1.0,SELL,1,36500,1.0,0
1749,session_002_spin_0083,3,2026-09-23T18:57:18.712+00:00,CREDITS,1.0,,ORANGE,250000,,,,,,,,,,,,,,0,,,
1750,session_002_spin_0084,1,2026-09-23T18:57:26.235+00:00,CREDITS,1.0,,NEUTRAL,20000,,,,,,,,,,,,,,0,,,
1751,session_002_spin_0084,2,2026-09-23T18:57:26.235+00:00,CREDITS,1.0,,NEUTRAL,175000,,,,,,,,,,,,,,0,,,
1752,session_002_spin_0084,3,2026-09-23T18:57:26.235+00:00,CREDITS,1.0,,NEUTRAL,75000,,,,,,,,,,,,,,0,,,
1753,session_002_spin_0085,1,2026-09-23T18:57:31.498+00:00,CREDITS,1.0,,NEUTRAL,5000,,,,,,,,,,,,,,0,,,
1754,session_002_spin_0085,2,2026-09-23T18:57:31.498+00:00,CREDITS,1.0,,NEUTRAL,12000,,,,,,,,,,,,,,0,,,
1755,session_002_spin_0085,3,2026-09-23T18:57:31.498+00:00,CREDITS,1.0,,NEUTRAL,15000,,,,,,,,,,,,,,0,,,
1756,session_002_spin_0086,1,2026-09-23T18:57:37.258+00:00,CREDITS,1.0,,BLUE,15000,,,,,,,,,,,,,,0,,,
1757,session_002_spin_0086,2,2026-09-23T18:57:37.258+00:00,CAR,0.78,,BLUE,,2023,PORSCHE,911 TURBO S,911 TURBO S 23,,,0,,0,1,SELL,1.0,SELL,1,137500,1.0,0
1758,session_002_spin_0086,3,2026-09-23T18:57:37.258+00:00,CAR,0.78,,BLUE,,2018,CAN,AM MAVERICK X RS TURBO R,CAN AM MAVERICK,,,0,,0,1,SELL,1.0,SELL,1,8000,1.0,0
1759,session_002_spin_0087,1,2026-09-23T18:57:46.956+00:00,CREDITS,1.0,,BLUE,50000,,,,,,,,,,,,,,0,,,
1760,session_002_spin_0087,2,2026-09-23T18:57:46.956+00:00,CREDITS,1.0,,BLUE,45000,,,,,,,,,,,,,,0,,,
1761,session_002_spin_0087,3,2026-09-23T18:57:46.956+00:00,CREDITS,1.0,,BLUE,80000,,,,,,,,,,,,,,0,,,
1762,session_002_spin_0088,1,2026-09-23T18:57:52.217+00:00,CREDITS,1.0,,NEUTRAL,15000,,,,,,,,,,,,,,0,,,
1763,session_002_spin_0088,2,2026-09-23T18:57:52.217+00:00,CREDITS,1.0,,NEUTRAL,25000,,,,,,,,,,,,,,0,,,
1764,session_002_spin_0088,3,2026-09-23T18:57:52.217+00:00,CREDITS,1.0,,NEUTRAL,200000,,,,,,,,,,,,,,0,,,
1765,session_002_spin_0089,1,2026-09-23T18:57:57.784+00:00,CREDITS,1.0,,NEUTRAL,15000,,,,,,,,,,,,,,0,,,
1766,session_002_spin_0089,2,2026-09-23T18:57:57.784+00:00,CREDITS,1.0,,NEUTRAL,45000,,,,,,,,,,,,,,0,,,
1767,session_002_spin_0089,3,2026-09-23T18:57:57.784+00:00,CAR,0.78,,NEUTRAL,,2010,MAZDA,MAZDASPEED 3,MAZDA 3,,,0,,0,1,SELL,1.0,SELL,1,12500,1.0,0
1768,session_002_spin_0090,1,2026-09-23T18:58:05.366+00:00,CAR,0.78,,NEUTRAL,,2022,DODGE,HALLENGER SRT SUPER STOCL,CHALLENGER 22,,,0,,0,1,SELL,1.0,SELL,1,43500,1.0,0
1769,session_002_spin_0090,2,2026-09-23T18:58:05.366+00:00,CAR,0.78,,NEUTRAL,,2010,DEBERTI,ICOMA TRD THE PERFORMAN,DD TACOMA TRD,,,0,,0,1,SELL,1.0,SELL,1,125000,1.0,0
1770,session_002_spin_0090,3,2026-09-23T18:58:05.366+00:00,CREDITS,1.0,,BLUE,20000,,,,,,,,,,,,,,0,,,
1771,session_002_spin_0091,1,2026-09-23T18:59:59.204+00:00,CAR,0.78,,BLUE,,1997,MITSUBISHI,GTO,MITSUBISHI GTO,,,0,,0,1,SELL,1.0,SELL,1,10000,1.0,0
1772,session_002_spin_0091,2,2026-09-23T18:59:59.204+00:00,CREDITS,1.0,,BLUE,15000,,,,,,,,,,,,,,0,,,
1773,session_002_spin_0091,3,2026-09-23T18:59:59.205+00:00,CREDITS,1.0,,BLUE,100000,,,,,,,,,,,,,,0,,,
1774,session_002_spin_0092,1,2026-09-23T19:00:07.029+00:00,CREDITS,0.99,,GREEN,5000,,,,,,,,,,,,,,0,,,
1775,session_002_spin_0092,2,2026-09-23T19:00:07.029+00:00,CREDITS,1.0,,GREEN,25000,,,,,,,,,,,,,,0,,,
1776,session_002_spin_0092,3,2026-09-23T19:00:07.029+00:00,CREDITS,0.99,,GREEN,5000,,,,,,,,,,,,,,0,,,
1777,session_002_spin_0093,1,2026-09-23T19:00:12.369+00:00,CREDITS,0.99,,OTHER,15000,,,,,,,,,,,,,,0,,,
1778,session_002_spin_0093,2,2026-09-23T19:00:12.369+00:00,CREDITS,1.0,,OTHER,35000,,,,,,,,,,,,,,0,,,
1779,session_002_spin_0093,3,2026-09-23T19:00:12.369+00:00,CAR,0.78,,BLUE,,2013,SRT,VIPER GTS,SRT VIPER 13,,,0,,0,1,SELL,1.0,SELL,1,67500,1.0,0
1780,session_002_spin_0094,1,2026-09-23T19:01:17.055+00:00,CAR,0.78,,PURPLE,,2015,FERRARI,488 GTB,FERRARI 488 GTB,,,0,,0,1,SELL,1.0,SELL,1,125000,1.0,0
1781,session_002_spin_0094,2,2026-09-23T19:01:17.057+00:00,CREDITS,1.0,,PURPLE,15000,,,,,,,,,,,,,,0,,,
1782,session_002_spin_0094,3,2026-09-23T19:01:17.057+00:00,CREDITS,0.99,,PURPLE,5000,,,,,,,,,,,,,,0,,,
1783,session_002_spin_0095,1,2026-09-23T19:01:24.669+00:00,CREDITS,1.0,,NEUTRAL,12000,,,,,,,,,,,,,,0,,,
1784,session_002_spin_0095,2,2026-09-23T19:01:24.671+00:00,OTHER,0.55,,NEUTRAL,,,,,,,,,,,,,,,0,,,
1785,session_002_spin_0095,3,2026-09-23T19:01:24.671+00:00,CAR,0.78,,NEUTRAL,,2005,SUB,RJ IMPREZA WRX STI,SUBARU WRX 05,,,0,,0,1,SELL,1.0,SELL,1,17500,1.0,0
1786,session_002_spin_0096,1,2026-09-23T19:01:32.277+00:00,CREDITS,1.0,,OTHER,20000,,,,,,,,,,,,,,0,,,
1787,session_002_spin_0096,2,2026-09-23T19:01:32.277+00:00,CREDITS,1.0,,OTHER,15000,,,,,,,,,,,,,,0,,,
1788,session_002_spin_0096,3,2026-09-23T19:01:32.277+00:00,CREDITS,1.0,,PURPLE,200000,,,,,,,,,,,,,,0,,,
1789,session_002_spin_0097,1,2026-09-23T19:01:37.567+00:00,CREDITS,1.0,,OTHER,35000,,,,,,,,,,,,,,0,,,
1790,session_002_spin_0097,2,2026-09-23T19:01:37.567+00:00,CREDITS,1.0,,OTHER,20000,,,,,,,,,,,,,,0,,,
1791,session_002_spin_0097,3,2026-09-23T19:01:37.567+00:00,CAR,0.78,,BLUE,,1989,NISSAN,S CARGO,S CARGO 89,,,0,,0,1,SELL,1.0,SELL,1,9500,1.0,0
1792,session_002_spin_0098,1,2026-09-23T19:01:44.959+00:00,CREDITS,1.0,,NEUTRAL,250000,,,,,,,,,,,,,,0,,,
1793,session_002_spin_0098,2,2026-09-23T19:01:44.959+00:00,CAR,0.55,,NEUTRAL,,,,M B 300SL,M B 300SL,,,,,0,1,SELL,1.0,SELL,1,850000,1.0,0
1794,session_002_spin_0098,3,2026-09-23T19:01:44.959+00:00,CREDITS,1.0,,NEUTRAL,12000,,,,,,,,,,,,,,0,,,
1795,session_002_spin_0099,1,2026-09-23T19:03:12.323+00:00,CAR,0.78,,BLUE,,1997,MITSUBISHI,GTO,MITSUBISHI GTO,,,0,,0,1,SELL,1.0,SELL,1,10000,1.0,0
1796,session_002_spin_0099,2,2026-09-23T19:03:12.324+00:00,CREDITS,1.0,,BLUE,940000,,,,,,,,,,,,,,0,,,
1797,session_002_spin_0099,3,2026-09-23T19:03:12.324+00:00,CAR,0.78,,BLUE,,2021,SIERRA,CARS 700R,SIERRA 700R,,,0,,0,1,SELL,1.0,SELL,1,37500,1.0,0
1798,session_002_spin_0100,1,2026-09-23T19:03:21.678+00:00,CREDITS,1.0,,NEUTRAL,100000,,,,,,,,,,,,,,0,,,
1799,session_002_spin_0100,2,2026-09-23T19:03:21.678+00:00,CAR,0.78,,NEUTRAL,,1964,CHEVROLET,IMPALA SUPER SPORT 409,CHEVY IMPALA,,,0,,0,1,SELL,1.0,SELL,1,35000,1.0,0
1800,session_002_spin_0100,3,2026-09-23T19:03:21.680+00:00,CREDITS,1.0,,BLUE,40000,,,,,,,,,,,,,,0,,,
1801,session_003_spin_0001,1,2026-09-23T19:08:51.219+00:00,CREDITS,1.0,,BLUE,80000,,,,,,,,,,,,,,0,,,
1802,session_003_spin_0001,2,2026-09-23T19:08:51.219+00:00,CREDITS,1.0,,PURPLE,150000,,,,,,,,,,,,,,0,,,
1803,session_003_spin_0001,3,2026-09-23T19:08:51.219+00:00,CREDITS,0.99,,PURPLE,5000,,,,,,,,,,,,,,0,,,
1804,session_003_spin_0002,1,2026-09-23T19:08:59.749+00:00,CREDITS,1.0,,PURPLE,15000,,,,,,,,,,,,,,0,,,
1805,session_003_spin_0002,2,2026-09-23T19:08:59.751+00:00,CREDITS,1.0,,PURPLE,20000,,,,,,,,,,,,,,0,,,
1806,session_003_spin_0002,3,2026-09-23T19:08:59.751+00:00,CAR,0.78,,PURPLE,,1970,CHEVROLET,CORVETTE ZR I,CORVETTE 70,,,0,,0,1,SELL,1.0,SELL,1,125000,1.0,0
1807,session_003_spin_0003,1,2026-09-23T19:09:07.480+00:00,CREDITS,1.0,,BLUE,95000,,,,,,,,,,,,,,0,,,
1808,session_003_spin_0003,2,2026-09-23T19:09:07.480+00:00,CREDITS,1.0,,BLUE,50000,,,,,,,,,,,,,,0,,,
1809,session_003_spin_0003,3,2026-09-23T19:09:07.480+00:00,CREDITS,1.0,,BLUE,20000,,,,,,,,,,,,,,0,,,
1810,session_003_spin_0004,1,2026-09-23T19:09:12.935+00:00,CREDITS,1.0,,PURPLE,200000,,,,,,,,,,,,,,0,,,
1811,session_003_spin_0004,2,2026-09-23T19:09:12.935+00:00,CREDITS,0.99,,OTHER,8000,,,,,,,,,,,,,,0,,,
1812,session_003_spin_0004,3,2026-09-23T19:09:12.935+00:00,CREDITS,1.0,,OTHER,35000,,,,,,,,,,,,,,0,,,
1813,session_003_spin_0005,1,2026-09-23T19:09:18.383+00:00,CREDITS,1.0,,OTHER,10000,,,,,,,,,,,,,,0,,,
1814,session_003_spin_0005,2,2026-09-23T19:09:18.383+00:00,CAR,0.45,,BLUE,,2009,BMW,BMW M5 09,BMW M5 09,,,0,,0,1,SELL,1.0,SELL,1,27000,1.0,0
1815,session_003_spin_0005,3,2026-09-23T19:09:18.383+00:00,CREDITS,1.0,,OTHER,20000,,,,,,,,,,,,,,0,,,
1816,session_003_spin_0006,1,2026-09-23T19:15:24.720+00:00,CREDITS,1.0,,GREEN,10000,,,,,,,,,,,,,,0,,,
1817,session_003_spin_0006,2,2026-09-23T19:15:24.721+00:00,CREDITS,1.0,,GREEN,10000,,,,,,,,,,,,,,0,,,
1818,session_003_spin_0006,3,2026-09-23T19:15:24.721+00:00,CREDITS,0.99,,GREEN,5000,,,,,,,,,,,,,,0,,,
1819,session_003_spin_0007,1,2026-09-23T19:15:31.447+00:00,CREDITS,1.0,,ORANGE,250000,,,,,,,,,,,,,,0,,,
1820,session_003_spin_0007,2,2026-09-23T19:15:31.447+00:00,CAR,0.78,,ORANGE,,2005,SUBARU,LEGACY B4 2 0 GT,SUBARU LEGACY,,,0,,0,1,SELL,1.0,SELL,1,5000,1.0,0
1821,session_003_spin_0007,3,2026-09-23T19:15:31.447+00:00,CAR,0.78,,ORANGE,,1972,RELIANT,SUPERVAN ILL,RELIANT SUPERVAN,,,0,,0,1,SELL,1.0,SELL,1,19500,1.0,0
1822,session_003_spin_0008,1,2026-09-23T19:15:41.193+00:00,CREDITS,1.0,,NEUTRAL,45000,,,,,,,,,,,,,,0,,,
1823,session_003_spin_0008,2,2026-09-23T19:15:41.193+00:00,CAR,0.55,,NEUTRAL,,,,VW CORRADO,VW CORRADO,,,,,0,1,SELL,1.0,SELL,1,15000,1.0,0
1824,session_003_spin_0008,3,2026-09-23T19:15:41.193+00:00,OTHER,0.55,,NEUTRAL,,,,,,,,,,,,,,,0,,,
1825,session_003_spin_0009,1,2026-09-23T19:55:02.482+00:00,CREDITS,1.0,,OTHER,10000,,,,,,,,,,,,,,0,,,
1826,session_003_spin_0009,2,2026-09-23T19:55:02.488+00:00,CAR,0.78,,NEUTRAL,,2015,RADICAL,RXC TURBO,RADICAL RXC,,,0,,0,1,SELL,1.0,SELL,1,73500,1.0,0
1827,session_003_spin_0009,3,2026-09-23T19:55:02.491+00:00,CREDITS,1.0,,NEUTRAL,175000,,,,,,,,,,,,,,0,,,
1828,session_003_spin_0010,1,2026-09-23T19:58:02.756+00:00,CREDITS,1.0,,PURPLE,150000,,,,,,,,,,,,,,0,,,
1829,session_003_spin_0010,2,2026-09-23T19:58:02.756+00:00,CREDITS,1.0,,PURPLE,20000,,,,,,,,,,,,,,0,,,
1830,session_003_spin_0010,3,2026-09-23T19:58:02.756+00:00,CREDITS,1.0,,PURPLE,15000,,,,,,,,,,,,,,0,,,
1831,session_003_spin_0011,1,2026-09-23T19:58:08.088+00:00,CREDITS,1.0,,PURPLE,200000,,,,,,,,,,,,,,0,,,
1832,session_003_spin_0011,2,2026-09-23T19:58:08.088+00:00,CAR,0.78,,PURPLE,,2020,WULING,SUNSHINE S FORZA EDITION CREDITS BOOST INSHINE EDITIC,SUNSHINE FE,,,1,,0,1,SELL,1.0,SELL,1,250000,1.0,0
1833,session_003_spin_0011,3,2026-09-23T19:58:08.088+00:00,CREDITS,1.0,,BLUE,50000,,,,,,,,,,,,,,0,,,
1834,session_003_spin_0012,1,2026-09-23T19:58:15.810+00:00,CREDITS,1.0,,ORANGE,20000,,,,,,,,,,,,,,0,,,
1835,session_003_spin_0012,2,2026-09-23T19:58:15.810+00:00,CAR,0.78,,ORANGE,,1992,VOLKSWAGEN,GOLF GTI 16V MK2,VW GTI MK2 92,,,0,,0,1,SELL,1.0,SELL,1,11000,1.0,0
1836,session_003_spin_0012,3,2026-09-23T19:58:15.810+00:00,CREDITS,1.0,,ORANGE,250000,,,,,,,,,,,,,,0,,,
1837,session_003_spin_0013,1,2026-09-23T19:58:23.192+00:00,CREDITS,1.0,,NEUTRAL,10000,,,,,,,,,,,,,,0,,,
1838,session_003_spin_0013,2,2026-09-23T19:58:23.192+00:00,CREDITS,1.0,,NEUTRAL,15000,,,,,,,,,,,,,,0,,,
1839,session_003_spin_0013,3,2026-09-23T19:58:23.192+00:00,CAR,0.55,,NEUTRAL,,,,FERRARI MONZA,FERRARI MONZA,,,,,0,1,SELL,1.0,SELL,1,,1.0,0
1840,session_003_spin_0014,1,2026-09-23T19:58:30.894+00:00,CREDITS,1.0,,PURPLE,175000,,,,,,,,,,,,,,0,,,
1841,session_003_spin_0014,2,2026-09-23T19:58:30.894+00:00,CREDITS,1.0,,PURPLE,10000,,,,,,,,,,,,,,0,,,
1842,session_003_spin_0014,3,2026-09-23T19:58:30.894+00:00,CREDITS,1.0,,PURPLE,45000,,,,,,,,,,,,,,0,,,
1843,session_003_spin_0015,1,2026-09-23T19:58:36.220+00:00,CREDITS,1.0,,OTHER,15000,,,,,,,,,,,,,,0,,,
1844,session_003_spin_0015,2,2026-09-23T19:58:36.220+00:00,CAR,0.78,,NEUTRAL,,2016,MERCEDES,AMG C 63 S COUPE,M B AMG C 63 16,,,0,,0,1,SELL,1.0,SELL,1,17000,1.0,0
1845,session_003_spin_0015,3,2026-09-23T19:58:36.220+00:00,CREDITS,1.0,,NEUTRAL,75000,,,,,,,,,,,,,,0,,,
1846,session_003_spin_0016,1,2026-09-23T19:58:43.599+00:00,CREDITS,1.0,,NEUTRAL,250000,,,,,,,,,,,,,,0,,,
1847,session_003_spin_0016,2,2026-09-23T19:58:43.599+00:00,OTHER,0.55,,NEUTRAL,,,,,,,,,,,,,,,0,,,
1848,session_003_spin_0016,3,2026-09-23T19:58:43.599+00:00,CREDITS,1.0,,NEUTRAL,50000,,,,,,,,,,,,,,0,,,
1849,session_003_spin_0017,1,2026-09-23T19:58:49.199+00:00,CREDITS,1.0,,NEUTRAL,20000,,,,,,,,,,,,,,0,,,
1850,session_003_spin_0017,2,2026-09-23T19:58:49.199+00:00,CREDITS,1.0,,NEUTRAL,100000,,,,,,,,,,,,,,0,,,
1851,session_003_spin_0017,3,2026-09-23T19:58:49.199+00:00,CREDITS,1.0,,NEUTRAL,50000,,,,,,,,,,,,,,0,,,
1852,session_003_spin_0018,1,2026-09-23T19:58:54.725+00:00,CREDITS,1.0,,NEUTRAL,10000,,,,,,,,,,,,,,0,,,
1853,session_003_spin_0018,2,2026-09-23T19:58:54.725+00:00,CREDITS,1.0,,NEUTRAL,25000,,,,,,,,,,,,,,0,,,
1854,session_003_spin_0018,3,2026-09-23T19:58:54.725+00:00,CAR,0.78,,NEUTRAL,,2020,SIERRA,CARS 23 YOKOHAMA ALPHA 123 ALPHP,23 SIERRA ALPHA,,,0,,0,1,SELL,1.0,SELL,1,32500,1.0,0
1855,session_003_spin_0019,1,2026-09-23T19:59:02.214+00:00,CREDITS,1.0,,NEUTRAL,200000,,,,,,,,,,,,,,0,,,
1856,session_003_spin_0019,2,2026-09-23T19:59:02.214+00:00,CAR,0.78,,NEUTRAL,,1985,TOYOTA,SPRINTER TRUENO GT APEX RINTER AP,TOYOTA TRUENO,,,0,,0,1,SELL,1.0,SELL,1,15000,1.0,0
1857,session_003_spin_0019,3,2026-09-23T19:59:02.214+00:00,CREDITS,1.0,,NEUTRAL,75000,,,,,,,,,,,,,,0,,,
1858,session_003_spin_0020,1,2026-09-23T19:59:09.587+00:00,CREDITS,1.0,,NEUTRAL,20000,,,,,,,,,,,,,,0,,,
1859,session_003_spin_0020,2,2026-09-23T19:59:09.587+00:00,CREDITS,1.0,,NEUTRAL,98000,,,,,,,,,,,,,,0,,,
1860,session_003_spin_0020,3,2026-09-23T19:59:09.587+00:00,CREDITS,1.0,,NEUTRAL,20000,,,,,,,,,,,,,,0,,,
1861,session_003_spin_0021,1,2026-09-23T19:59:15.497+00:00,CREDITS,1.0,,GREEN,10000,,,,,,,,,,,,,,0,,,
1862,session_003_spin_0021,2,2026-09-23T19:59:15.497+00:00,CAR,0.78,,GREEN,,1970,DATSUN,510,DATSUN 510,,,0,,0,1,SELL,1.0,SELL,1,43000,1.0,0
1863,session_003_spin_0021,3,2026-09-23T19:59:15.497+00:00,CREDITS,0.99,,GREEN,5000,,,,,,,,,,,,,,0,,,
1864,session_003_spin_0022,1,2026-09-23T19:59:23.059+00:00,CREDITS,1.0,,OTHER,45000,,,,,,,,,,,,,,0,,,
1865,session_003_spin_0022,2,2026-09-23T19:59:23.059+00:00,CREDITS,1.0,,OTHER,40000,,,,,,,,,,,,,,0,,,
1866,session_003_spin_0022,3,2026-09-23T19:59:23.059+00:00,OTHER,0.55,,OTHER,,,,,,,,,,,,,,,0,,,
1867,session_003_spin_0023,1,2026-09-23T19:59:28.375+00:00,CREDITS,1.0,,BLUE,50000,,,,,,,,,,,,,,0,,,
1868,session_003_spin_0023,2,2026-09-23T19:59:28.375+00:00,CREDITS,1.0,,OTHER,15000,,,,,,,,,,,,,,0,,,
1869,session_003_spin_0023,3,2026-09-23T19:59:28.375+00:00,CREDITS,1.0,,OTHER,15000,,,,,,,,,,,,,,0,,,
1870,session_003_spin_0024,1,2026-09-23T19:59:33.733+00:00,CREDITS,1.0,,OTHER,20000,,,,,,,,,,,,,,0,,,
1871,session_003_spin_0024,2,2026-09-23T19:59:33.733+00:00,CREDITS,1.0,,OTHER,10000,,,,,,,,,,,,,,0,,,
1872,session_003_spin_0024,3,2026-09-23T19:59:33.735+00:00,CREDITS,1.0,,PURPLE,150000,,,,,,,,,,,,,,0,,,
1873,session_003_spin_0025,1,2026-09-23T19:59:39.273+00:00,CREDITS,1.0,,PURPLE,150000,,,,,,,,,,,,,,0,,,
1874,session_003_spin_0025,2,2026-09-23T19:59:39.273+00:00,CREDITS,1.0,,PURPLE,20000,,,,,,,,,,,,,,0,,,
1875,session_003_spin_0025,3,2026-09-23T19:59:39.273+00:00,CREDITS,1.0,,PURPLE,15000,,,,,,,,,,,,,,0,,,
1876,session_003_spin_0026,1,2026-09-23T19:59:44.628+00:00,CREDITS,1.0,,NEUTRAL,10000,,,,,,,,,,,,,,0,,,
1877,session_003_spin_0026,2,2026-09-23T19:59:44.628+00:00,CREDITS,1.0,,NEUTRAL,5000,,,,,,,,,,,,,,0,,,
1878,session_003_spin_0026,3,2026-09-23T19:59:44.628+00:00,CREDITS,1.0,,NEUTRAL,5000,,,,,,,,,,,,,,0,,,
1879,session_003_spin_0027,1,2026-09-23T19:59:50.333+00:00,CREDITS,1.0,,NEUTRAL,75000,,,,,,,,,,,,,,0,,,
1880,session_003_spin_0027,2,2026-09-23T19:59:50.333+00:00,CAR,0.55,,NEUTRAL,,2013,ARIEL,ATOM 500,ARIEL ATOM,,,,,0,1,SELL,1.0,SELL,1,95000,1.0,0
1881,session_003_spin_0027,3,2026-09-23T19:59:50.333+00:00,CREDITS,1.0,,NEUTRAL,8000,,,,,,,,,,,,,,0,,,
1882,session_003_spin_0028,1,2026-09-23T20:10:18.802+00:00,CREDITS,1.0,,ORANGE,10000,,,,,,,,,,,,,,0,,,
1883,session_003_spin_0028,2,2026-09-23T20:10:18.802+00:00,CREDITS,1.0,,ORANGE,15000,,,,,,,,,,,,,,0,,,
1884,session_003_spin_0028,3,2026-09-23T20:10:18.802+00:00,CREDITS,1.0,,ORANGE,250000,,,,,,,,,,,,,,0,,,
1885,session_003_spin_0029,1,2026-09-23T20:10:24.058+00:00,CREDITS,1.0,,NEUTRAL,50000,,,,,,,,,,,,,,0,,,
1886,session_003_spin_0029,2,2026-09-23T20:10:24.058+00:00,CREDITS,1.0,,NEUTRAL,200000,,,,,,,,,,,,,,0,,,
1887,session_003_spin_0029,3,2026-09-23T20:10:24.058+00:00,CREDITS,1.0,,NEUTRAL,100000,,,,,,,,,,,,,,0,,,
1888,session_003_spin_0030,1,2026-09-23T20:10:30.024+00:00,CREDITS,1.0,,GREEN,10000,,,,,,,,,,,,,,0,,,
1889,session_003_spin_0030,2,2026-09-23T20:10:30.024+00:00,CAR,0.78,,GREEN,,1994,HONDA,PREL GGE SI PRELUDE,HONDA PRELUDE 94,,,0,,0,1,SELL,1.0,SELL,1,7500,1.0,0
1890,session_003_spin_0030,3,2026-09-23T20:10:30.024+00:00,CREDITS,0.99,,GREEN,5000,,,,,,,,,,,,,,0,,,
1891,session_003_spin_0031,1,2026-09-23T20:10:37.903+00:00,CAR,0.78,,BLUE,,1997,MITSUBISHI,GTO,MITSUBISHI GTO,,,0,,0,1,SELL,1.0,SELL,1,10000,1.0,0
1892,session_003_spin_0031,2,2026-09-23T20:10:37.903+00:00,CAR,0.78,,BLUE,,2019,NISSAN,3702 370Z NISMO,NISSAN 370Z 19,,,0,,0,1,SELL,1.0,SELL,1,23000,1.0,0
1893,session_003_spin_0031,3,2026-09-23T20:10:37.903+00:00,CREDITS,0.99,,BLUE,5000,,,,,,,,,,,,,,0,,,
1894,session_003_spin_0032,1,2026-09-23T20:10:47.304+00:00,CAR,0.78,,NEUTRAL,,2023,HONDA,CIVIC TYPE R,HONDA CIVIC 23,,,0,,0,1,SELL,1.0,SELL,1,21500,1.0,0
1895,session_003_spin_0032,2,2026-09-23T20:10:47.304+00:00,CAR,0.78,,NEUTRAL,,2015,HONDA,CIVIC TYPE R,HONDA CIVIC 16,,,0,,0,1,SELL,1.0,SELL,1,15000,1.0,0
1896,session_003_spin_0032,3,2026-09-23T20:10:47.304+00:00,CAR,0.78,,NEUTRAL,,2023,FORD,ST FIESTA,FORD FIESTA 23,,,0,,0,1,SELL,1.0,SELL,1,13000,1.0,0
1897,session_003_spin_0033,1,2026-09-23T20:13:47.791+00:00,CAR,0.78,,PURPLE,,2004,HONDA,CIVIC TYPE R,HONDA CIVIC 04,,,0,,0,1,SELL,1.0,SELL,1,7500,1.0,0
1898,session_003_spin_0033,2,2026-09-23T20:13:47.791+00:00,CREDITS,1.0,,PURPLE,10000,,,,,,,,,,,,,,0,,,
1899,session_003_spin_0033,3,2026-09-23T20:13:47.791+00:00,CAR,0.78,,PURPLE,,1999,LAMBORGHINI,DIAB IO GTR DIABLO,DIABLO GTR,,,0,,1,1,KEEP,1.0,KEEP,1,,1.0,1
1900,session_003_spin_0034,1,2026-09-23T20:17:41.978+00:00,CREDITS,1.0,,PURPLE,200000,,,,,,,,,,,,,,0,,,
1901,session_003_spin_0034,2,2026-09-23T20:17:41.978+00:00,CAR,0.78,,PURPLE,,2022,BMW,IX XDRIVE50,BMW IX 22,,,0,,0,1,SELL,1.0,,0,18500,1.0,0
1902,session_003_spin_0034,3,2026-09-23T20:17:41.978+00:00,CAR,0.78,,PURPLE,,2000,FORD,USTANA COBR G MUSTANG SVT COBRA R,2000 FORD USTANA COBR G MUSTANG SVT COBRA R,,,0,,0,,,,,0,,,0
1903,session_003_spin_0035,1,2026-09-24T02:27:35.465+00:00,CREDITS,1.0,,ORANGE,250000,,,,,,,,,,,,,,0,,,
1904,session_003_spin_0035,2,2026-09-24T02:27:35.466+00:00,CREDITS,1.0,,ORANGE,15000,,,,,,,,,,,,,,0,,,
1905,session_003_spin_0035,3,2026-09-24T02:27:35.468+00:00,CREDITS,1.0,,ORANGE,80000,,,,,,,,,,,,,,0,,,
1906,session_003_spin_0036,1,2026-09-24T02:27:40.753+00:00,CREDITS,1.0,,GREEN,10000,,,,,,,,,,,,,,0,,,
1907,session_003_spin_0036,2,2026-09-24T02:27:40.755+00:00,CREDITS,1.0,,GREEN,45000,,,,,,,,,,,,,,0,,,
1908,session_003_spin_0036,3,2026-09-24T02:27:40.755+00:00,CREDITS,1.0,,GREEN,20000,,,,,,,,,,,,,,0,,,
1909,session_003_spin_0037,1,2026-09-24T02:27:46.190+00:00,CREDITS,1.0,,NEUTRAL,100000,,,,,,,,,,,,,,0,,,
1910,session_003_spin_0037,2,2026-09-24T02:27:46.190+00:00,CREDITS,1.0,,OTHER,15000,,,,,,,,,,,,,,0,,,
1911,session_003_spin_0037,3,2026-09-24T02:27:46.190+00:00,CREDITS,1.0,,OTHER,20000,,,,,,,,,,,,,,0,,,
1912,session_003_spin_0038,1,2026-09-24T02:27:51.874+00:00,CAR,0.78,,OTHER,,1997,HONDA,CIVIC TYPE R,HONDA CIVIC 97,,,0,,0,1,SELL,1.0,SELL,1,15000,1.0,0
1913,session_003_spin_0038,2,2026-09-24T02:27:51.876+00:00,CAR,0.78,,BLUE,,2015,CHEVROLET,CORVE TTE Z06 CORVETTE,CORVETTE 15,,,0,,0,1,SELL,1.0,SELL,1,50000,1.0,0
1914,session_003_spin_0038,3,2026-09-24T02:27:51.876+00:00,CAR,0.78,,PURPLE,,2018,MERCEDES,AMG E63 S,MERCEDES AMG E63,,,0,,0,1,SELL,1.0,SELL,1,31500,1.0,0
1915,session_003_spin_0039,1,2026-09-24T02:29:28.268+00:00,CREDITS,1.0,,GREEN,920000,,,,,,,,,,,,,,0,,,
1916,session_003_spin_0039,2,2026-09-24T02:29:28.268+00:00,CREDITS,1.0,,GREEN,95000,,,,,,,,,,,,,,0,,,
1917,session_003_spin_0039,3,2026-09-24T02:29:28.268+00:00,CREDITS,1.0,,GREEN,12000,,,,,,,,,,,,,,0,,,
1918,session_003_spin_0040,1,2026-09-24T02:29:34.005+00:00,CREDITS,1.0,,GREEN,920000,,,,,,,,,,,,,,0,,,
1919,session_003_spin_0040,2,2026-09-24T02:29:34.005+00:00,CREDITS,1.0,,GREEN,95000,,,,,,,,,,,,,,0,,,
1920,session_003_spin_0040,3,2026-09-24T02:29:34.005+00:00,CREDITS,1.0,,GREEN,10000,,,,,,,,,,,,,,0,,,
1921,session_003_spin_0041,1,2026-09-24T02:29:39.151+00:00,CREDITS,1.0,,NEUTRAL,80000,,,,,,,,,,,,,,0,,,
1922,session_003_spin_0041,2,2026-09-24T02:29:39.152+00:00,CREDITS,1.0,,NEUTRAL,150000,,,,,,,,,,,,,,0,,,
1923,session_003_spin_0041,3,2026-09-24T02:29:39.152+00:00,CREDITS,1.0,,NEUTRAL,10000,,,,,,,,,,,,,,0,,,
1924,session_003_spin_0042,1,2026-09-24T02:29:44.833+00:00,CAR,0.78,,OTHER,,2019,DEBERTI,THE PERFORMA ICOMA TRD PERFORMAN,DD TACOMA TRD,,,0,,0,1,SELL,1.0,SELL,1,125000,1.0,0
1925,session_003_spin_0042,2,2026-09-24T02:29:44.833+00:00,CREDITS,1.0,,OTHER,15000,,,,,,,,,,,,,,0,,,
1926,session_003_spin_0042,3,2026-09-24T02:29:44.834+00:00,CREDITS,1.0,,OTHER,25000,,,,,,,,,,,,,,0,,,
1927,session_003_spin_0043,1,2026-09-24T02:29:52.843+00:00,CREDITS,1.0,,GREEN,45000,,,,,,,,,,,,,,0,,,
1928,session_003_spin_0043,2,2026-09-24T02:29:52.843+00:00,CAR,0.78,,GREEN,,1955,CHEVROLET,150 UTIL CITV SEDAN UTILITY,CHEVY 150 SEDAN,,,0,,0,1,SELL,1.0,SELL,1,70000,1.0,0
1929,session_003_spin_0043,3,2026-09-24T02:29:52.843+00:00,CREDITS,0.99,,GREEN,5000,,,,,,,,,,,,,,0,,,
1930,session_003_spin_0044,1,2026-09-24T02:30:00.449+00:00,CREDITS,1.0,,NEUTRAL,10000,,,,,,,,,,,,,,0,,,
1931,session_003_spin_0044,2,2026-09-24T02:30:00.449+00:00,CREDITS,1.0,,NEUTRAL,50000,,,,,,,,,,,,,,0,,,
1932,session_003_spin_0044,3,2026-09-24T02:30:00.449+00:00,CAR,0.78,,NEUTRAL,,1986,LANCIA,DEI DELTA SA,LANCIA DELTA S4,,,0,,0,1,SELL,1.0,SELL,1,27500,1.0,0
1933,session_003_spin_0045,1,2026-09-24T02:30:08.097+00:00,CREDITS,1.0,,NEUTRAL,20000,,,,,,,,,,,,,,0,,,
1934,session_003_spin_0045,2,2026-09-24T02:30:08.097+00:00,CREDITS,1.0,,NEUTRAL,15000,,,,,,,,,,,,,,0,,,
1935,session_003_spin_0045,3,2026-09-24T02:30:08.097+00:00,CREDITS,1.0,,NEUTRAL,10000,,,,,,,,,,,,,,0,,,
1936,session_003_spin_0046,1,2026-09-24T02:30:13.869+00:00,CREDITS,1.0,,PURPLE,200000,,,,,,,,,,,,,,0,,,
1937,session_003_spin_0046,2,2026-09-24T02:30:13.869+00:00,CREDITS,1.0,,PURPLE,925000,,,,,,,,,,,,,,0,,,
1938,session_003_spin_0046,3,2026-09-24T02:30:13.869+00:00,CREDITS,0.99,,PURPLE,5000,,,,,,,,,,,,,,0,,,
1939,session_003_spin_0047,1,2026-09-24T02:30:19.154+00:00,CAR,0.78,,PURPLE,,2015,ALUMICRAFT,CLASS IC RACE CAR 10,2015 ALUMICRAFT CLASS IC RACE CAR 10,,,0,,0,,,,,0,,,0
1940,session_003_spin_0047,2,2026-09-24T02:30:19.154+00:00,CREDITS,1.0,,PURPLE,200000,,,,,,,,,,,,,,0,,,
1941,session_003_spin_0047,3,2026-09-24T02:30:19.154+00:00,CAR,0.78,,PURPLE,,2020,BMW,COMPE ETITION COUPE M8 COMPETITION,2020 BMW COMPE ETITION COUPE M8 COMPETITION,,,0,,0,,,,,0,,,0
1942,session_003_spin_0048,1,2026-09-24T02:35:27.099+00:00,CREDITS,1.0,,OTHER,20000,,,,,,,,,,,,,,0,,,
1943,session_003_spin_0048,2,2026-09-24T02:35:27.100+00:00,CAR,0.78,,NEUTRAL,,1993,JAGUAR,XJ221 OS TWR XJ220S,JAGUAR XJ220S,,,0,,0,1,SELL,1.0,SELL,1,270000,1.0,0
1944,session_003_spin_0048,3,2026-09-24T02:35:27.100+00:00,CREDITS,1.0,,NEUTRAL,100000,,,,,,,,,,,,,,0,,,
1945,session_003_spin_0049,1,2026-09-24T02:35:35.132+00:00,CREDITS,1.0,,OTHER,15000,,,,,,,,,,,,,,0,,,
1946,session_003_spin_0049,2,2026-09-24T02:35:35.132+00:00,CREDITS,1.0,,OTHER,45000,,,,,,,,,,,,,,0,,,
1947,session_003_spin_0049,3,2026-09-24T02:35:35.132+00:00,CREDITS,1.0,,OTHER,25000,,,,,,,,,,,,,,0,,,
1948,session_003_spin_0050,1,2026-09-24T02:35:40.260+00:00,CREDITS,1.0,,NEUTRAL,20000,,,,,,,,,,,,,,0,,,
1949,session_003_spin_0050,2,2026-09-24T02:35:40.260+00:00,CREDITS,1.0,,NEUTRAL,40000,,,,,,,,,,,,,,0,,,
1950,session_003_spin_0050,3,2026-09-24T02:35:40.260+00:00,CAR,0.78,,NEUTRAL,,2022,TOYOTA,86 GR86,TOYOTA GR86 22,,,0,,0,1,SELL,1.0,SELL,1,14000,1.0,0
1951,session_003_spin_0051,1,2026-09-24T02:35:48.448+00:00,CREDITS,1.0,,OTHER,15000,,,,,,,,,,,,,,0,,,
1952,session_003_spin_0051,2,2026-09-24T02:35:48.448+00:00,CREDITS,1.0,,PURPLE,150000,,,,,,,,,,,,,,0,,,
1953,session_003_spin_0051,3,2026-09-24T02:35:48.450+00:00,CREDITS,1.0,,PURPLE,15000,,,,,,,,,,,,,,0,,,
1954,session_003_spin_0052,1,2026-09-24T02:35:53.692+00:00,CREDITS,1.0,,BLUE,35000,,,,,,,,,,,,,,0,,,
1955,session_003_spin_0052,2,2026-09-24T02:35:53.694+00:00,CREDITS,1.0,,BLUE,50000,,,,,,,,,,,,,,0,,,
1956,session_003_spin_0052,3,2026-09-24T02:35:53.694+00:00,CREDITS,1.0,,BLUE,15000,,,,,,,,,,,,,,0,,,
1957,session_003_spin_0053,1,2026-09-24T02:35:59.417+00:00,CREDITS,1.0,,PURPLE,250000,,,,,,,,,,,,,,0,,,
1958,session_003_spin_0053,2,2026-09-24T02:35:59.417+00:00,CREDITS,1.0,,PURPLE,95000,,,,,,,,,,,,,,0,,,
1959,session_003_spin_0053,3,2026-09-24T02:35:59.417+00:00,CAR,0.78,,PURPLE,,2020,WULING,ISHINE S FORZA EDITION SUNSHINE CREDITS BOOST,SUNSHINE FE,,,1,,0,1,SELL,1.0,SELL,1,250000,1.0,0
1960,session_003_spin_0054,1,2026-09-24T02:36:07.317+00:00,CAR,0.45,,NEUTRAL,,2003,HONDA,HONDA S2000,HONDA S2000,,,0,,0,1,SELL,1.0,SELL,1,27500,1.0,0
1961,session_003_spin_0054,2,2026-09-24T02:36:07.321+00:00,CREDITS,1.0,,NEUTRAL,15000,,,,,,,,,,,,,,0,,,
1962,session_003_spin_0054,3,2026-09-24T02:36:07.321+00:00,CREDITS,1.0,,NEUTRAL,50000,,,,,,,,,,,,,,0,,,
1963,session_003_spin_0055,1,2026-09-24T02:39:44.432+00:00,CREDITS,1.0,,PURPLE,920000,,,,,,,,,,,,,,0,,,
1964,session_003_spin_0055,2,2026-09-24T02:39:44.432+00:00,CREDITS,1.0,,PURPLE,200000,,,,,,,,,,,,,,0,,,
1965,session_003_spin_0055,3,2026-09-24T02:39:44.432+00:00,CAR,0.78,,PURPLE,,2012,JEEP,WRANGLER RUBICON RANALC,JEEP WRANGLER,,,0,,0,1,SELL,1.0,SELL,1,8000,1.0,0
1966,session_003_spin_0056,1,2026-09-24T02:39:52.231+00:00,CREDITS,1.0,,NEUTRAL,10000,,,,,,,,,,,,,,0,,,
1967,session_003_spin_0056,2,2026-09-24T02:39:52.231+00:00,CREDITS,1.0,,NEUTRAL,250000,,,,,,,,,,,,,,0,,,
1968,session_003_spin_0056,3,2026-09-24T02:39:52.231+00:00,CREDITS,1.0,,NEUTRAL,100000,,,,,,,,,,,,,,0,,,
1969,session_003_spin_0057,1,2026-09-24T02:39:57.788+00:00,CAR,1.0,,OTHER,,2019,Apollo,Intensa Emozione,APOLLO IE 19,,,0,1,1,1,KEEP,1.0,KEEP,1,,1.0,1
1970,session_003_spin_0057,2,2026-09-24T02:39:57.788+00:00,CAR,0.78,,OTHER,,2013,LAMBORGHINI,VENENO,LAMBO VENENO,,,0,,1,1,KEEP,1.0,KEEP,1,,1.0,1
1971,session_003_spin_0057,3,2026-09-24T02:39:57.788+00:00,CREDITS,1.0,,OTHER,20000,,,,,,,,,,,,,,0,,,
1972,session_003_spin_0058,1,2026-09-24T02:40:05.791+00:00,CAR,0.78,,NEUTRAL,,1994,FORD,SUPERVAN 3 SUM RVAN,FORD SUPERVAN 3,,,0,,0,1,SELL,1.0,SELL,1,125000,1.0,0
1973,session_003_spin_0058,2,2026-09-24T02:40:05.791+00:00,OTHER,0.55,,NEUTRAL,,,,,,,,,,,,,,,0,,,
1974,session_003_spin_0058,3,2026-09-24T02:40:05.791+00:00,CREDITS,1.0,,NEUTRAL,50000,,,,,,,,,,,,,,0,,,
1975,session_003_spin_0059,1,2026-09-24T02:40:13.679+00:00,CAR,0.78,,OTHER,,1962,FERRARI,250 GTO,FERRARI 250 GTO,,,0,,0,1,SELL,1.0,SELL,1,,1.0,0
1976,session_003_spin_0059,2,2026-09-24T02:40:13.679+00:00,CREDITS,1.0,,OTHER,20000,,,,,,,,,,,,,,0,,,
1977,session_003_spin_0059,3,2026-09-24T02:40:13.679+00:00,CREDITS,1.0,,OTHER,15000,,,,,,,,,,,,,,0,,,
1978,session_003_spin_0060,1,2026-09-24T02:40:21.923+00:00,CREDITS,1.0,,BLUE,50000,,,,,,,,,,,,,,0,,,
1979,session_003_spin_0060,2,2026-09-24T02:40:21.923+00:00,CREDITS,0.99,,BLUE,8000,,,,,,,,,,,,,,0,,,
1980,session_003_spin_0060,3,2026-09-24T02:40:21.923+00:00,CREDITS,1.0,,BLUE,10000,,,,,,,,,,,,,,0,,,
1981,session_003_spin_0061,1,2026-09-24T02:40:27.404+00:00,CREDITS,1.0,,OTHER,20000,,,,,,,,,,,,,,0,,,
1982,session_003_spin_0061,2,2026-09-24T02:40:27.405+00:00,CREDITS,1.0,,PURPLE,200000,,,,,,,,,,,,,,0,,,
1983,session_003_spin_0061,3,2026-09-24T02:40:27.405+00:00,CREDITS,1.0,,PURPLE,50000,,,,,,,,,,,,,,0,,,
1984,session_003_spin_0062,1,2026-09-24T02:40:32.955+00:00,CREDITS,1.0,,NEUTRAL,15000,,,,,,,,,,,,,,0,,,
1985,session_003_spin_0062,2,2026-09-24T02:40:32.955+00:00,CREDITS,1.0,,NEUTRAL,45000,,,,,,,,,,,,,,0,,,
1986,session_003_spin_0062,3,2026-09-24T02:40:32.955+00:00,CREDITS,1.0,,NEUTRAL,10000,,,,,,,,,,,,,,0,,,
1987,session_003_spin_0063,1,2026-09-24T02:40:38.407+00:00,CREDITS,1.0,,NEUTRAL,150000,,,,,,,,,,,,,,0,,,
1988,session_003_spin_0063,2,2026-09-24T02:40:38.407+00:00,CREDITS,1.0,,OTHER,20000,,,,,,,,,,,,,,0,,,
1989,session_003_spin_0063,3,2026-09-24T02:40:38.407+00:00,CREDITS,1.0,,OTHER,20000,,,,,,,,,,,,,,0,,,
1990,session_003_spin_0064,1,2026-09-24T02:40:44.257+00:00,CAR,0.78,,PURPLE,,2008,BMW,M3,BMW M3 08,,,0,,0,1,SELL,1.0,SELL,1,21500,1.0,0
1991,session_003_spin_0064,2,2026-09-24T02:40:44.257+00:00,CREDITS,1.0,,PURPLE,95000,,,,,,,,,,,,,,0,,,
1992,session_003_spin_0064,3,2026-09-24T02:40:44.257+00:00,CAR,0.78,,PURPLE,,2012,NISSAN,LACK EDITION R35 FORZA E EDITIOR I BLACK SPEED SKILLS BOOST,2012 NISSAN LACK EDITION R35 FORZA E EDITIOR I BLACK SPEED SKILLS BOOST,,,0,,0,,,,,0,,,0
1993,session_003_spin_0065,1,2026-09-24T02:42:28.304+00:00,CREDITS,1.0,,GREEN,15000,,,,,,,,,,,,,,0,,,
1994,session_003_spin_0065,2,2026-09-24T02:42:28.304+00:00,CREDITS,1.0,,GREEN,45000,,,,,,,,,,,,,,0,,,
1995,session_003_spin_0065,3,2026-09-24T02:42:28.304+00:00,CREDITS,1.0,,GREEN,15000,,,,,,,,,,,,,,0,,,
1996,session_003_spin_0066,1,2026-09-24T02:42:33.376+00:00,CREDITS,1.0,,NEUTRAL,5000,,,,,,,,,,,,,,0,,,
1997,session_003_spin_0066,2,2026-09-24T02:42:33.376+00:00,CREDITS,1.0,,NEUTRAL,12000,,,,,,,,,,,,,,0,,,
1998,session_003_spin_0066,3,2026-09-24T02:42:33.377+00:00,CREDITS,1.0,,NEUTRAL,15000,,,,,,,,,,,,,,0,,,
1999,session_003_spin_0067,1,2026-09-24T02:45:26.667+00:00,CAR,0.78,,BLUE,,2015,CHEVROLET,CAMARO Z 28 CAME GG R Z128,CHEVY CAMARO 15,,,0,,0,1,SELL,1.0,SELL,1,32500,1.0,0
2000,session_003_spin_0067,2,2026-09-24T02:45:26.667+00:00,CREDITS,1.0,,BLUE,15000,,,,,,,,,,,,,,0,,,
2001,session_003_spin_0067,3,2026-09-24T02:45:26.667+00:00,CREDITS,1.0,,BLUE,12000,,,,,,,,,,,,,,0,,,
2002,session_003_spin_0068,1,2026-09-24T02:45:34.711+00:00,CREDITS,1.0,,BLUE,920000,,,,,,,,,,,,,,0,,,
2003,session_003_spin_0068,2,2026-09-24T02:45:34.711+00:00,CAR,0.78,,BLUE,,2013,SRT,VIPER GTS VIM,SRT VIPER 13,,,0,,0,1,SELL,1.0,SELL,1,67500,1.0,0
2004,session_003_spin_0068,3,2026-09-24T02:45:34.711+00:00,CREDITS,0.99,,BLUE,8000,,,,,,,,,,,,,,0,,,
2005,session_003_spin_0069,1,2026-09-24T02:45:42.707+00:00,CREDITS,1.0,,PURPLE,200000,,,,,,,,,,,,,,0,,,
2006,session_003_spin_0069,2,2026-09-24T02:45:42.707+00:00,CAR,0.78,,OTHER,,1997,HONDA,CIVIC TYPE R CIYIG,HONDA CIVIC 97,,,0,,0,1,SELL,1.0,SELL,1,15000,1.0,0
2007,session_003_spin_0069,3,2026-09-24T02:45:42.707+00:00,CAR,0.78,,OTHER,,2016,PAGANI,HUAYRA BC COUPE HUAVRA IRC,PAGANI HUAYRA BC,,,0,,0,1,SELL,1.0,SELL,1,,1.0,0
2008,session_003_spin_0070,1,2026-09-24T02:45:53.308+00:00,CREDITS,1.0,,GREEN,40000,,,,,,,,,,,,,,0,,,
2009,session_003_spin_0070,2,2026-09-24T02:45:53.308+00:00,CREDITS,1.0,,GREEN,20000,,,,,,,,,,,,,,0,,,
2010,session_003_spin_0070,3,2026-09-24T02:45:53.308+00:00,CREDITS,1.0,,GREEN,25000,,,,,,,,,,,,,,0,,,
2011,session_003_spin_0071,1,2026-09-24T02:45:58.395+00:00,CREDITS,1.0,,NEUTRAL,250000,,,,,,,,,,,,,,0,,,
2012,session_003_spin_0071,2,2026-09-24T02:45:58.395+00:00,CREDITS,1.0,,NEUTRAL,10000,,,,,,,,,,,,,,0,,,
2013,session_003_spin_0071,3,2026-09-24T02:45:58.396+00:00,CREDITS,1.0,,NEUTRAL,20000,,,,,,,,,,,,,,0,,,
2014,session_003_spin_0072,1,2026-09-24T02:46:04.061+00:00,CREDITS,1.0,,OTHER,35000,,,,,,,,,,,,,,0,,,
2015,session_003_spin_0072,2,2026-09-24T02:46:04.061+00:00,CREDITS,1.0,,OTHER,15000,,,,,,,,,,,,,,0,,,
2016,session_003_spin_0072,3,2026-09-24T02:46:04.061+00:00,CREDITS,1.0,,OTHER,40000,,,,,,,,,,,,,,0,,,
2017,session_003_spin_0073,1,2026-09-24T02:46:09.199+00:00,CREDITS,1.0,,OTHER,10000,,,,,,,,,,,,,,0,,,
2018,session_003_spin_0073,2,2026-09-24T02:46:09.199+00:00,CREDITS,1.0,,OTHER,25000,,,,,,,,,,,,,,0,,,
2019,session_003_spin_0073,3,2026-09-24T02:46:09.199+00:00,CAR,0.78,,NEUTRAL,,2021,AUDI,RS 7 SPORTBACK PPR TBACK,AUDI RS 7 21,,,0,,0,1,SELL,1.0,SELL,1,40000,1.0,0
2020,session_003_spin_0074,1,2026-09-24T02:46:17.110+00:00,CREDITS,1.0,,OTHER,20000,,,,,,,,,,,,,,0,,,
2021,session_003_spin_0074,2,2026-09-24T02:46:17.110+00:00,CREDITS,1.0,,OTHER,35000,,,,,,,,,,,,,,0,,,
2022,session_003_spin_0074,3,2026-09-24T02:46:17.110+00:00,CAR,0.78,,OTHER,,2010,RENAULT,MEGANE RS 250 E,MEGANE RS 250,,,0,,0,1,SELL,1.0,SELL,1,7000,1.0,0
2023,session_003_spin_0075,1,2026-09-24T02:46:24.981+00:00,CAR,0.45,,OTHER,,2020,JEEP,JEEP JT,JEEP JT,,,0,,0,1,SELL,1.0,SELL,1,18000,1.0,0
2024,session_003_spin_0075,2,2026-09-24T02:46:24.981+00:00,CAR,0.78,,OTHER,,2008,SUBARU,IMPREZA WRX STI IMPREZ A,SUBARU WRX 08,,,0,,0,1,SELL,1.0,SELL,1,13500,1.0,0
2025,session_003_spin_0075,3,2026-09-24T02:46:24.981+00:00,CREDITS,1.0,,OTHER,250000,,,,,,,,,,,,,,0,,,
2026,session_003_spin_0076,1,2026-09-24T02:48:34.372+00:00,CREDITS,1.0,,ORANGE,250000,,,,,,,,,,,,,,0,,,
2027,session_003_spin_0076,2,2026-09-24T02:48:34.372+00:00,CREDITS,1.0,,ORANGE,175000,,,,,,,,,,,,,,0,,,
2028,session_003_spin_0076,3,2026-09-24T02:48:34.372+00:00,CREDITS,1.0,,ORANGE,20000,,,,,,,,,,,,,,0,,,
2029,session_003_spin_0077,1,2026-09-24T02:48:39.772+00:00,CREDITS,1.0,,GREEN,15000,,,,,,,,,,,,,,0,,,
2030,session_003_spin_0077,2,2026-09-24T02:48:39.772+00:00,CREDITS,1.0,,GREEN,15000,,,,,,,,,,,,,,0,,,
2031,session_003_spin_0077,3,2026-09-24T02:48:39.772+00:00,CREDITS,0.99,,GREEN,5000,,,,,,,,,,,,,,0,,,
2032,session_003_spin_0078,1,2026-09-24T02:48:45.162+00:00,CREDITS,1.0,,NEUTRAL,10000,,,,,,,,,,,,,,0,,,
2033,session_003_spin_0078,2,2026-09-24T02:48:45.162+00:00,CREDITS,1.0,,NEUTRAL,10000,,,,,,,,,,,,,,0,,,
2034,session_003_spin_0078,3,2026-09-24T02:48:45.162+00:00,CREDITS,1.0,,NEUTRAL,20000,,,,,,,,,,,,,,0,,,
2035,session_003_spin_0079,1,2026-09-24T02:48:50.590+00:00,CREDITS,1.0,,NEUTRAL,15000,,,,,,,,,,,,,,0,,,
2036,session_003_spin_0079,2,2026-09-24T02:48:50.590+00:00,CREDITS,1.0,,NEUTRAL,50000,,,,,,,,,,,,,,0,,,
2037,session_003_spin_0079,3,2026-09-24T02:48:50.590+00:00,CREDITS,1.0,,NEUTRAL,250000,,,,,,,,,,,,,,0,,,
2038,session_003_spin_0080,1,2026-09-24T02:48:56.330+00:00,CREDITS,1.0,,PURPLE,50000,,,,,,,,,,,,,,0,,,
2039,session_003_spin_0080,2,2026-09-24T02:48:56.330+00:00,CREDITS,1.0,,PURPLE,175000,,,,,,,,,,,,,,0,,,
2040,session_003_spin_0080,3,2026-09-24T02:48:56.330+00:00,CREDITS,1.0,,PURPLE,15000,,,,,,,,,,,,,,0,,,
2041,session_003_spin_0081,1,2026-09-24T02:49:01.766+00:00,CREDITS,1.0,,NEUTRAL,100000,,,,,,,,,,,,,,0,,,
2042,session_003_spin_0081,2,2026-09-24T02:49:01.766+00:00,CAR,0.78,,NEUTRAL,,1980,ABARTH,FIAT 131 FIA IT,ABARTH 131,,,0,,0,1,SELL,1.0,SELL,1,62500,1.0,0
2043,session_003_spin_0081,3,2026-09-24T02:49:01.766+00:00,CREDITS,1.0,,NEUTRAL,20000,,,,,,,,,,,,,,0,,,
2044,session_003_spin_0082,1,2026-09-24T02:49:09.648+00:00,CREDITS,1.0,,PURPLE,150000,,,,,,,,,,,,,,0,,,
2045,session_003_spin_0082,2,2026-09-24T02:49:09.648+00:00,CREDITS,1.0,,OTHER,20000,,,,,,,,,,,,,,0,,,
2046,session_003_spin_0082,3,2026-09-24T02:49:09.648+00:00,CREDITS,1.0,,OTHER,45000,,,,,,,,,,,,,,0,,,
2047,session_003_spin_0083,1,2026-09-24T02:49:15.428+00:00,CREDITS,1.0,,GREEN,45000,,,,,,,,,,,,,,0,,,
2048,session_003_spin_0083,2,2026-09-24T02:49:15.428+00:00,CREDITS,1.0,,GREEN,95000,,,,,,,,,,,,,,0,,,
2049,session_003_spin_0083,3,2026-09-24T02:49:15.428+00:00,CREDITS,1.0,,GREEN,15000,,,,,,,,,,,,,,0,,,
2050,session_003_spin_0084,1,2026-09-24T02:49:20.961+00:00,CREDITS,1.0,,OTHER,25000,,,,,,,,,,,,,,0,,,
2051,session_003_spin_0084,2,2026-09-24T02:49:20.961+00:00,CREDITS,1.0,,OTHER,10000,,,,,,,,,,,,,,0,,,
2052,session_003_spin_0084,3,2026-09-24T02:49:20.961+00:00,CAR,0.78,,OTHER,,1970,HONDA,SGOO,HONDA S800,,,0,,0,1,SELL,1.0,SELL,1,20000,1.0,0
2053,session_003_spin_0085,1,2026-09-24T02:50:43.570+00:00,CAR,0.78,,BLUE,,2022,HYUNDAI,N VISION 74 SION,N VISION 74 22,,,0,,0,1,SELL,1.0,SELL,1,162500,1.0,0
2054,session_003_spin_0085,2,2026-09-24T02:50:43.570+00:00,CAR,0.78,,BLUE,,2023,ACURA,INTEGRA A SPEC INTEAR SOEC,INTEGRA 23,,,0,,0,1,SELL,1.0,SELL,1,18000,1.0,0
2055,session_003_spin_0085,3,2026-09-24T02:50:43.570+00:00,CREDITS,1.0,,BLUE,10000,,,,,,,,,,,,,,0,,,
2056,session_003_spin_0086,1,2026-09-24T02:50:53.571+00:00,CAR,0.78,,PURPLE,,1969,FERRARI,DINO 246 GT,FERRARI DINO,,,0,,0,1,SELL,1.0,SELL,1,195000,1.0,0
2057,session_003_spin_0086,2,2026-09-24T02:50:53.571+00:00,CAR,0.78,,PURPLE,,1995,NISSAN,GLORIA GRAN TURISMO HORIA GR AN,GLORIA GT 95,,,0,,0,1,SELL,1.0,SELL,1,7500,1.0,0
2058,session_003_spin_0086,3,2026-09-24T02:50:53.571+00:00,CREDITS,1.0,,OTHER,10000,,,,,,,,,,,,,,0,,,
2059,session_003_spin_0087,1,2026-09-24T02:51:03.783+00:00,CREDITS,1.0,,PURPLE,95000,,,,,,,,,,,,,,0,,,
2060,session_003_spin_0087,2,2026-09-24T02:51:03.783+00:00,CAR,0.78,,PURPLE,,2021,PORSCHE,9M GT3 911,911 GT3 21,,,0,,0,1,SELL,1.0,SELL,1,130000,1.0,0
2061,session_003_spin_0087,3,2026-09-24T02:51:03.783+00:00,CREDITS,1.0,,PURPLE,15000,,,,,,,,,,,,,,0,,,
2062,session_003_spin_0088,1,2026-09-24T02:51:11.435+00:00,CREDITS,1.0,,NEUTRAL,45000,,,,,,,,,,,,,,0,,,
2063,session_003_spin_0088,2,2026-09-24T02:51:11.435+00:00,CREDITS,1.0,,NEUTRAL,5000,,,,,,,,,,,,,,0,,,
2064,session_003_spin_0088,3,2026-09-24T02:51:11.435+00:00,CREDITS,1.0,,NEUTRAL,40000,,,,,,,,,,,,,,0,,,
2065,session_003_spin_0089,1,2026-09-24T02:51:17.384+00:00,CREDITS,1.0,,GREEN,920000,,,,,,,,,,,,,,0,,,
2066,session_003_spin_0089,2,2026-09-24T02:51:17.384+00:00,CAR,0.78,,GREEN,,1973,MAZDA,RX 3,MAZDA RX 3,,,0,,0,1,SELL,1.0,SELL,1,36500,1.0,0
2067,session_003_spin_0089,3,2026-09-24T02:51:17.384+00:00,CREDITS,0.99,,GREEN,5000,,,,,,,,,,,,,,0,,,
2068,session_003_spin_0090,1,2026-09-24T02:51:25.286+00:00,CAR,0.78,,BLUE,,2013,AUDI,RS 4 AVANT,AUDI RS 4 13,,,0,,0,1,SELL,1.0,SELL,1,15000,1.0,0
2069,session_003_spin_0090,2,2026-09-24T02:51:25.286+00:00,CAR,0.78,,BLUE,,2014,FORD,LIMITED EDITION PURSUIT I LITION V U,FORD UTE 14,,,0,,0,1,SELL,1.0,SELL,1,20000,1.0,0
2070,session_003_spin_0090,3,2026-09-24T02:51:25.286+00:00,CREDITS,1.0,,OTHER,20000,,,,,,,,,,,,,,0,,,
2071,session_003_spin_0091,1,2026-09-24T02:54:39.956+00:00,CREDITS,1.0,,PURPLE,200000,,,,,,,,,,,,,,0,,,
2072,session_003_spin_0091,2,2026-09-24T02:54:39.956+00:00,CREDITS,1.0,,PURPLE,35000,,,,,,,,,,,,,,0,,,
2073,session_003_spin_0091,3,2026-09-24T02:54:39.956+00:00,CAR,0.78,,PURPLE,,1983,VOLVO,242 TURBO EVOLUTION 42 TURB O,VOLVO 242 TURBO,,,0,,0,1,SELL,1.0,SELL,1,15000,1.0,0
2074,session_003_spin_0092,1,2026-09-24T02:54:47.935+00:00,CREDITS,1.0,,NEUTRAL,100000,,,,,,,,,,,,,,0,,,
2075,session_003_spin_0092,2,2026-09-24T02:54:47.935+00:00,CAR,0.78,,NEUTRAL,,2020,WULING,SUNSHINE S FORZA EDITION ISHINE EDITIOT CREDITS BOOST,SUNSHINE FE,,,1,,0,1,SELL,1.0,SELL,1,250000,1.0,0
2076,session_003_spin_0092,3,2026-09-24T02:54:47.935+00:00,CREDITS,1.0,,NEUTRAL,150000,,,,,,,,,,,,,,0,,,
2077,session_003_spin_0093,1,2026-09-24T02:54:56.181+00:00,CREDITS,1.0,,GREEN,15000,,,,,,,,,,,,,,0,,,
2078,session_003_spin_0093,2,2026-09-24T02:54:56.181+00:00,CREDITS,1.0,,GREEN,95000,,,,,,,,,,,,,,0,,,
2079,session_003_spin_0093,3,2026-09-24T02:54:56.181+00:00,CREDITS,0.99,,GREEN,5000,,,,,,,,,,,,,,0,,,
2080,session_003_spin_0094,1,2026-09-24T02:55:01.480+00:00,CREDITS,1.0,,NEUTRAL,10000,,,,,,,,,,,,,,0,,,
2081,session_003_spin_0094,2,2026-09-24T02:55:01.480+00:00,CAR,0.78,,NEUTRAL,,2016,FORMULA,DRIFT 530 HSV GEN F 530 HSV MALOO GEN,530 HSV MALOO,,,0,,0,1,SELL,1.0,SELL,1,75000,1.0,0
2082,session_003_spin_0094,3,2026-09-24T02:55:01.480+00:00,CREDITS,1.0,,NEUTRAL,75000,,,,,,,,,,,,,,0,,,
2083,session_003_spin_0095,1,2026-09-24T02:55:09.560+00:00,CREDITS,1.0,,PURPLE,95000,,,,,,,,,,,,,,0,,,
2084,session_003_spin_0095,2,2026-09-24T02:55:09.560+00:00,CAR,0.78,,PURPLE,,2016,AUDI,R8 VIO PLUS RBV,AUDI R8 VIO PLUS,,,0,,0,1,SELL,1.0,SELL,1,80000,1.0,0
2085,session_003_spin_0095,3,2026-09-24T02:55:09.560+00:00,CREDITS,1.0,,PURPLE,200000,,,,,,,,,,,,,,0,,,
2086,session_003_spin_0096,1,2026-09-24T02:55:17.756+00:00,CREDITS,1.0,,PURPLE,150000,,,,,,,,,,,,,,0,,,
2087,session_003_spin_0096,2,2026-09-24T02:55:17.756+00:00,CREDITS,1.0,,PURPLE,200000,,,,,,,,,,,,,,0,,,
2088,session_003_spin_0096,3,2026-09-24T02:55:17.756+00:00,CAR,0.78,,PURPLE,,2001,AUDI,RS 4 AVANT,AUDI RS 4 01,,,0,,0,1,SELL,1.0,SELL,1,,1.0,0
2089,session_003_spin_0097,1,2026-09-24T02:55:25.477+00:00,CREDITS,1.0,,NEUTRAL,80000,,,,,,,,,,,,,,0,,,
2090,session_003_spin_0097,2,2026-09-24T02:55:25.477+00:00,CREDITS,1.0,,NEUTRAL,80000,,,,,,,,,,,,,,0,,,
2091,session_003_spin_0097,3,2026-09-24T02:55:25.477+00:00,CREDITS,1.0,,NEUTRAL,50000,,,,,,,,,,,,,,0,,,
2092,session_003_spin_0098,1,2026-09-24T02:55:31.025+00:00,CREDITS,1.0,,NEUTRAL,15000,,,,,,,,,,,,,,0,,,
2093,session_003_spin_0098,2,2026-09-24T02:55:31.025+00:00,CREDITS,1.0,,NEUTRAL,100000,,,,,,,,,,,,,,0,,,
2094,session_003_spin_0098,3,2026-09-24T02:55:31.025+00:00,CAR,0.78,,NEUTRAL,,1972,CHEVROLET,K I0 CUSTOM IO 10,1972 CHEVROLET K I0 CUSTOM IO 10,,,0,,0,,,,,0,,,0
2095,session_003_spin_0099,1,2026-09-24T02:56:30.392+00:00,CREDITS,1.0,,PURPLE,75000,,,,,,,,,,,,,,0,,,
2096,session_003_spin_0099,2,2026-09-24T02:56:30.392+00:00,CAR,1.0,,PURPLE,,2018,Mercedes-AMG,GT 4-Door Coupé,M B GT 4 18,,,0,1,1,1,KEEP,1.0,KEEP,1,,1.0,1
2097,session_003_spin_0099,3,2026-09-24T02:56:30.392+00:00,CAR,0.78,,PURPLE,,2019,BMW,Z4 ROADSTER ADSTER,BMW Z4 19,,,0,,0,1,SELL,1.0,SELL,1,,1.0,0
2098,session_003_spin_0100,1,2026-09-24T02:56:39.412+00:00,CREDITS,1.0,,NEUTRAL,10000,,,,,,,,,,,,,,0,,,
2099,session_003_spin_0100,2,2026-09-24T02:56:39.412+00:00,CREDITS,1.0,,NEUTRAL,45000,,,,,,,,,,,,,,0,,,
2100,session_003_spin_0100,3,2026-09-24T02:56:39.412+00:00,CREDITS,1.0,,NEUTRAL,20000,,,,,,,,,,,,,,0,,,
2101,session_003_spin_0101,1,2026-09-24T02:56:45.358+00:00,CAR,0.78,,ORANGE,,2015,RADICAL,RIC TURBO RXC,RADICAL RXC,,,0,,0,1,SELL,1.0,SELL,1,73500,1.0,0
2102,session_003_spin_0101,2,2026-09-24T02:56:45.358+00:00,CREDITS,1.0,,ORANGE,250000,,,,,,,,,,,,,,0,,,
2103,session_003_spin_0101,3,2026-09-24T02:56:45.358+00:00,CREDITS,0.99,,ORANGE,5000,,,,,,,,,,,,,,0,,,
2104,session_003_spin_0102,1,2026-09-24T02:56:53.242+00:00,CREDITS,1.0,,BLUE,50000,,,,,,,,,,,,,,0,,,
2105,session_003_spin_0102,2,2026-09-24T02:56:53.242+00:00,CREDITS,1.0,,OTHER,15000,,,,,,,,,,,,,,0,,,
2106,session_003_spin_0102,3,2026-09-24T02:56:53.242+00:00,CREDITS,1.0,,OTHER,12000,,,,,,,,,,,,,,0,,,
2107,session_003_spin_0103,1,2026-09-24T02:56:58.449+00:00,CREDITS,1.0,,NEUTRAL,75000,,,,,,,,,,,,,,0,,,
2108,session_003_spin_0103,2,2026-09-24T02:56:58.449+00:00,CAR,0.78,,NEUTRAL,,2005,TVR,SAGARIS ARIS,TVR SAGARIS,,,0,,0,1,SELL,1.0,SELL,1,57500,1.0,0
2109,session_003_spin_0103,3,2026-09-24T02:56:58.449+00:00,CAR,0.78,,NEUTRAL,,1966,FORD,GT40 MK II,2 FORD GT40,,,0,,0,1,SELL,1.0,SELL,1,,1.0,0
2110,session_003_spin_0104,1,2026-09-24T02:57:08.211+00:00,OTHER,0.55,,NEUTRAL,,,,,,,,,,,,,,,0,,,
2111,session_003_spin_0104,2,2026-09-24T02:57:08.211+00:00,CREDITS,1.0,,NEUTRAL,40000,,,,,,,,,,,,,,0,,,
2112,session_003_spin_0104,3,2026-09-24T02:57:08.211+00:00,CREDITS,1.0,,NEUTRAL,15000,,,,,,,,,,,,,,0,,,
2113,session_004_spin_0001,1,2026-09-24T03:00:25.995+00:00,CREDITS,1.0,,GREEN,35000,,,,,,,,,,,,,,0,,,
2114,session_004_spin_0001,2,2026-09-24T03:00:25.995+00:00,CAR,0.78,,GREEN,,2002,ACURA,RSX TYPE S,ACURA RSX,,,0,,0,1,SELL,1.0,SELL,1,9000,1.0,0
2115,session_004_spin_0001,3,2026-09-24T03:00:25.995+00:00,CREDITS,1.0,,GREEN,25000,,,,,,,,,,,,,,0,,,
2116,session_004_spin_0002,1,2026-09-24T03:00:33.953+00:00,CREDITS,1.0,,PURPLE,25000,,,,,,,,,,,,,,0,,,
2117,session_004_spin_0002,2,2026-09-24T03:00:33.953+00:00,CREDITS,1.0,,PURPLE,150000,,,,,,,,,,,,,,0,,,
2118,session_004_spin_0002,3,2026-09-24T03:00:33.953+00:00,CREDITS,1.0,,PURPLE,20000,,,,,,,,,,,,,,0,,,
2119,session_004_spin_0003,1,2026-09-24T03:00:39.510+00:00,CAR,0.78,,OTHER,,2005,SUBARU,LEGACY B4 2 0 GT,SUBARU LEGACY,,,0,,0,1,SELL,1.0,SELL,1,5000,1.0,0
2120,session_004_spin_0003,2,2026-09-24T03:00:39.510+00:00,CREDITS,1.0,,NEUTRAL,200000,,,,,,,,,,,,,,0,,,
2121,session_004_spin_0003,3,2026-09-24T03:00:39.510+00:00,CREDITS,1.0,,OTHER,10000,,,,,,,,,,,,,,0,,,
2122,session_004_spin_0004,1,2026-09-24T03:00:47.341+00:00,CAR,0.55,,NEUTRAL,,,,MINI X RAID,MINI X RAID,,,,,0,1,SELL,1.0,SELL,1,110000,1.0,0
2123,session_004_spin_0004,2,2026-09-24T03:00:47.341+00:00,CAR,0.78,,NEUTRAL,,1993,JAGUAR,XJ220S TWR XJ221 OS,JAGUAR XJ220S,,,0,,0,1,SELL,1.0,SELL,1,270000,1.0,0
2124,session_004_spin_0004,3,2026-09-24T03:00:47.341+00:00,CREDITS,1.0,,NEUTRAL,15000,,,,,,,,,,,,,,0,,,
2125,session_004_spin_0005,1,2026-09-24T03:00:57.429+00:00,CAR,0.78,,OTHER,,1979,TOYOTA,FJ40 J40,TOYOTA FJ40,,,0,,0,1,SELL,1.0,SELL,1,51500,1.0,0
2126,session_004_spin_0005,2,2026-09-24T03:00:57.429+00:00,CREDITS,1.0,,PURPLE,45000,,,,,,,,,,,,,,0,,,
2127,session_004_spin_0005,3,2026-09-24T03:00:57.429+00:00,CREDITS,1.0,,PURPLE,200000,,,,,,,,,,,,,,0,,,
2128,session_004_spin_0006,1,2026-09-24T03:01:04.896+00:00,CREDITS,1.0,,NEUTRAL,175000,,,,,,,,,,,,,,0,,,
2129,session_004_spin_0006,2,2026-09-24T03:01:04.896+00:00,CREDITS,1.0,,NEUTRAL,45000,,,,,,,,,,,,,,0,,,
2130,session_004_spin_0006,3,2026-09-24T03:01:04.896+00:00,CREDITS,1.0,,NEUTRAL,15000,,,,,,,,,,,,,,0,,,
2131,session_004_spin_0007,1,2026-09-24T03:01:11.003+00:00,CREDITS,1.0,,BLUE,95000,,,,,,,,,,,,,,0,,,
2132,session_004_spin_0007,2,2026-09-24T03:01:11.003+00:00,CREDITS,1.0,,BLUE,20000,,,,,,,,,,,,,,0,,,
2133,session_004_spin_0007,3,2026-09-24T03:01:11.004+00:00,CREDITS,1.0,,BLUE,100000,,,,,,,,,,,,,,0,,,
2134,session_004_spin_0008,1,2026-09-24T03:01:16.302+00:00,CAR,0.78,,BLUE,,2011,BMW,15 M,BMW M,,,0,,0,1,SELL,1.0,,0,12000,1.0,0
2135,session_004_spin_0008,2,2026-09-24T03:01:16.302+00:00,CAR,0.78,,BLUE,,1965,AUSTIN,HEALEY 3000 MKIII,3000 MKIII,,,0,,0,1,SELL,1.0,SELL,1,37500,1.0,0
2136,session_004_spin_0008,3,2026-09-24T03:01:16.302+00:00,CREDITS,1.0,,BLUE,80000,,,,,,,,,,,,,,0,,,
2137,session_004_spin_0009,1,2026-09-24T04:06:56.473+00:00,CREDITS,1.0,,BLUE,50000,,,,,,,,,,,,,,0,,,
2138,session_004_spin_0009,2,2026-09-24T04:06:56.473+00:00,CREDITS,1.0,,BLUE,15000,,,,,,,,,,,,,,0,,,
2139,session_004_spin_0009,3,2026-09-24T04:06:56.473+00:00,CREDITS,1.0,,BLUE,45000,,,,,,,,,,,,,,0,,,
2140,session_004_spin_0010,1,2026-09-24T04:07:07.866+00:00,CREDITS,1.0,,NEUTRAL,100000,,,,,,,,,,,,,,0,,,
2141,session_004_spin_0010,2,2026-09-24T04:07:07.866+00:00,CREDITS,1.0,,NEUTRAL,250000,,,,,,,,,,,,,,0,,,
2142,session_004_spin_0010,3,2026-09-24T04:07:07.867+00:00,CREDITS,1.0,,NEUTRAL,20000,,,,,,,,,,,,,,0,,,
2143,session_004_spin_0011,1,2026-09-24T04:07:26.906+00:00,CREDITS,1.0,,NEUTRAL,20000,,,,,,,,,,,,,,0,,,
2144,session_004_spin_0011,2,2026-09-24T04:07:26.907+00:00,CREDITS,1.0,,NEUTRAL,5000,,,,,,,,,,,,,,0,,,
2145,session_004_spin_0011,3,2026-09-24T04:07:26.907+00:00,CREDITS,1.0,,NEUTRAL,20000,,,,,,,,,,,,,,0,,,
2146,session_004_spin_0012,1,2026-09-24T04:07:45.947+00:00,CREDITS,1.0,,NEUTRAL,200000,,,,,,,,,,,,,,0,,,
2147,session_004_spin_0012,2,2026-09-24T04:07:45.947+00:00,CREDITS,1.0,,NEUTRAL,40000,,,,,,,,,,,,,,0,,,
2148,session_004_spin_0012,3,2026-09-24T04:07:45.947+00:00,CREDITS,1.0,,NEUTRAL,35000,,,,,,,,,,,,,,0,,,
2149,session_004_spin_0013,1,2026-09-24T04:08:05.043+00:00,CREDITS,1.0,,OTHER,15000,,,,,,,,,,,,,,0,,,
2150,session_004_spin_0013,2,2026-09-24T04:08:05.043+00:00,CREDITS,1.0,,OTHER,15000,,,,,,,,,,,,,,0,,,
2151,session_004_spin_0013,3,2026-09-24T04:08:05.043+00:00,CREDITS,1.0,,OTHER,20000,,,,,,,,,,,,,,0,,,
2152,session_004_spin_0014,1,2026-09-24T04:08:23.963+00:00,CREDITS,1.0,,NEUTRAL,20000,,,,,,,,,,,,,,0,,,
2153,session_004_spin_0014,2,2026-09-24T04:08:23.963+00:00,CREDITS,1.0,,NEUTRAL,10000,,,,,,,,,,,,,,0,,,
2154,session_004_spin_0014,3,2026-09-24T04:08:23.963+00:00,CAR,0.78,,NEUTRAL,,2017,FERRARI,J50 50,FERRARI J50 17,,,0,,0,1,SELL,1.0,SELL,1,,1.0,0
2155,session_004_spin_0015,1,2026-09-24T04:08:38.163+00:00,CAR,0.78,,NEUTRAL,,1992,NISSAN,SKYLINE GT R SKVLIL NE,SKYLINE GT R 92,,,0,,0,1,SELL,1.0,SELL,1,36000,1.0,0
2156,session_004_spin_0015,2,2026-09-24T04:08:38.163+00:00,CREDITS,1.0,,NEUTRAL,10000,,,,,,,,,,,,,,0,,,
2157,session_004_spin_0015,3,2026-09-24T04:08:38.163+00:00,CREDITS,1.0,,NEUTRAL,40000,,,,,,,,,,,,,,0,,,
2158,session_004_spin_0016,1,2026-09-24T04:08:52.488+00:00,CREDITS,1.0,,NEUTRAL,15000,,,,,,,,,,,,,,0,,,
2159,session_004_spin_0016,2,2026-09-24T04:08:52.488+00:00,CAR,0.78,,NEUTRAL,,2022,WULING,HONGGUANG MINI EV AON QGUI INQ,WULING MINI EV,,,0,,0,1,SELL,1.0,SELL,1,2500,1.0,0
2160,session_004_spin_0016,3,2026-09-24T04:08:52.488+00:00,CREDITS,1.0,,NEUTRAL,15000,,,,,,,,,,,,,,0,,,
2161,session_004_spin_0017,1,2026-09-24T04:10:16.494+00:00,CREDITS,1.0,,ORANGE,15000,,,,,,,,,,,,,,0,,,
2162,session_004_spin_0017,2,2026-09-24T04:10:16.494+00:00,CAR,0.78,,ORANGE,,2006,FORMULA,DRIFT A DODGE VIPER SRT IO AC ODAE VI 43 ACI,43 DODGE VIPER,,,0,,0,1,SELL,1.0,SELL,1,125000,1.0,0
2163,session_004_spin_0017,3,2026-09-24T04:10:16.494+00:00,CAR,0.78,,ORANGE,,1993,JAGUAR,XJ220 220,JAGUAR XJ220,,,0,,0,1,SELL,1.0,SELL,1,285000,1.0,0
2164,session_004_spin_0018,1,2026-09-24T04:10:34.220+00:00,CREDITS,1.0,,NEUTRAL,15000,,,,,,,,,,,,,,0,,,
2165,session_004_spin_0018,2,2026-09-24T04:10:34.220+00:00,CREDITS,1.0,,NEUTRAL,10000,,,,,,,,,,,,,,0,,,
2166,session_004_spin_0018,3,2026-09-24T04:10:34.220+00:00,OTHER,0.55,,NEUTRAL,,,,,,,,,,,,,,,0,,,
2167,session_004_spin_0019,1,2026-09-24T04:10:53.345+00:00,CREDITS,1.0,,NEUTRAL,20000,,,,,,,,,,,,,,0,,,
2168,session_004_spin_0019,2,2026-09-24T04:10:53.345+00:00,CREDITS,1.0,,NEUTRAL,5000,,,,,,,,,,,,,,0,,,
2169,session_004_spin_0019,3,2026-09-24T04:10:53.345+00:00,CAR,0.78,,NEUTRAL,,1957,BMW,ISETTA 300 EXPORT 3 00 1057,BMW ISETTA,,,0,,0,1,SELL,1.0,SELL,1,42000,1.0,0
2170,session_004_spin_0020,1,2026-09-24T04:11:48.459+00:00,CREDITS,1.0,,PURPLE,250000,,,,,,,,,,,,,,0,,,
2171,session_004_spin_0020,2,2026-09-24T04:11:48.459+00:00,CREDITS,1.0,,PURPLE,150000,,,,,,,,,,,,,,0,,,
2172,session_004_spin_0020,3,2026-09-24T04:11:48.459+00:00,CAR,0.78,,PURPLE,,2012,NISSAN,LACK EDITION R35 FORZA E FORN BLACK EL SPEED SKILLS BOOST,2012 NISSAN LACK EDITION R35 FORZA E FORN BLACK EL SPEED SKILLS BOOST,,,0,,0,,,,,0,,,0
2173,session_004_spin_0021,1,2026-09-24T04:12:01.169+00:00,CREDITS,0.99,,OTHER,5000,,,,,,,,,,,,,,0,,,
2174,session_004_spin_0021,2,2026-09-24T04:12:01.169+00:00,CREDITS,1.0,,OTHER,15000,,,,,,,,,,,,,,0,,,
2175,session_004_spin_0021,3,2026-09-24T04:12:01.169+00:00,CAR,0.78,,GREEN,,2016,CADILLAC,CTS V SEDAN CODAN,CADDY CTS V 16,,,0,,0,1,SELL,1.0,SELL,1,30000,1.0,0
2176,session_004_spin_0022,1,2026-09-24T04:12:15.226+00:00,CREDITS,1.0,,NEUTRAL,20000,,,,,,,,,,,,,,0,,,
2177,session_004_spin_0022,2,2026-09-24T04:12:15.226+00:00,CREDITS,1.0,,NEUTRAL,10000,,,,,,,,,,,,,,0,,,
2178,session_004_spin_0022,3,2026-09-24T04:12:15.226+00:00,OTHER,0.55,,NEUTRAL,,,,,,,,,,,,,,,0,,,
2179,session_004_spin_0023,1,2026-09-24T04:12:34.968+00:00,CREDITS,1.0,,BLUE,95000,,,,,,,,,,,,,,0,,,
2180,session_004_spin_0023,2,2026-09-24T04:12:34.968+00:00,CAR,0.78,,BLUE,,1970,HONDA,SNO S800,HONDA S800,,,0,,0,1,SELL,1.0,SELL,1,20000,1.0,0
2181,session_004_spin_0023,3,2026-09-24T04:12:34.969+00:00,CREDITS,1.0,,BLUE,80000,,,,,,,,,,,,,,0,,,
2182,session_004_spin_0024,1,2026-09-24T04:12:49.124+00:00,CAR,0.78,,NEUTRAL,,1965,ALFA,ROMEO GIULIA SPRINT GTA STRADALE LIA SPRIN T STRADAL 1065 ROVEO,ALFA ROMEO GTA,,,0,,0,1,SELL,1.0,SELL,1,171500,1.0,0
2183,session_004_spin_0024,2,2026-09-24T04:12:49.124+00:00,CREDITS,1.0,,NEUTRAL,45000,,,,,,,,,,,,,,0,,,
2184,session_004_spin_0024,3,2026-09-24T04:12:49.124+00:00,CREDITS,1.0,,NEUTRAL,25000,,,,,,,,,,,,,,0,,,
2185,session_004_spin_0025,1,2026-09-24T04:13:03.432+00:00,CREDITS,1.0,,NEUTRAL,12000,,,,,,,,,,,,,,0,,,
2186,session_004_spin_0025,2,2026-09-24T04:13:03.433+00:00,CREDITS,1.0,,NEUTRAL,5000,,,,,,,,,,,,,,0,,,
2187,session_004_spin_0025,3,2026-09-24T04:13:03.433+00:00,CREDITS,1.0,,NEUTRAL,10000,,,,,,,,,,,,,,0,,,
2188,session_004_spin_0026,1,2026-09-24T04:13:22.638+00:00,CREDITS,1.0,,NEUTRAL,150000,,,,,,,,,,,,,,0,,,
2189,session_004_spin_0026,2,2026-09-24T04:13:22.638+00:00,CREDITS,1.0,,OTHER,20000,,,,,,,,,,,,,,0,,,
2190,session_004_spin_0026,3,2026-09-24T04:13:22.638+00:00,CREDITS,1.0,,OTHER,20000,,,,,,,,,,,,,,0,,,
2191,session_004_spin_0027,1,2026-09-24T04:13:41.692+00:00,CREDITS,1.0,,NEUTRAL,50000,,,,,,,,,,,,,,0,,,
2192,session_004_spin_0027,2,2026-09-24T04:13:41.692+00:00,CAR,0.78,,OTHER,,2002,CHEVROLET,CORVETTE CORVE,CORVETTE 02,,,0,,0,1,SELL,1.0,SELL,1,16500,1.0,0
2193,session_004_spin_0027,3,2026-09-24T04:13:41.692+00:00,CAR,0.78,,OTHER,,2015,HONDA,CIVIC TYPE R,HONDA CIVIC 16,,,0,,0,1,SELL,1.0,SELL,1,,1.0,0
2194,session_004_spin_0028,1,2026-09-24T04:13:59.245+00:00,CREDITS,1.0,,NEUTRAL,10000,,,,,,,,,,,,,,0,,,
2195,session_004_spin_0028,2,2026-09-24T04:13:59.245+00:00,CREDITS,1.0,,NEUTRAL,20000,,,,,,,,,,,,,,0,,,
2196,session_004_spin_0028,3,2026-09-24T04:13:59.245+00:00,OTHER,0.55,,NEUTRAL,,,,,,,,,,,,,,,0,,,
2197,session_004_spin_0029,1,2026-09-24T04:14:18.887+00:00,CREDITS,1.0,,GREEN,95000,,,,,,,,,,,,,,0,,,
2198,session_004_spin_0029,2,2026-09-24T04:14:18.887+00:00,CREDITS,1.0,,GREEN,10000,,,,,,,,,,,,,,0,,,
2199,session_004_spin_0029,3,2026-09-24T04:14:18.887+00:00,CREDITS,0.99,,GREEN,5000,,,,,,,,,,,,,,0,,,
2200,session_004_spin_0030,1,2026-09-24T04:14:30.733+00:00,CREDITS,1.0,,NEUTRAL,250000,,,,,,,,,,,,,,0,,,
2201,session_004_spin_0030,2,2026-09-24T04:14:30.733+00:00,CREDITS,1.0,,NEUTRAL,98000,,,,,,,,,,,,,,0,,,
2202,session_004_spin_0030,3,2026-09-24T04:14:30.733+00:00,CAR,0.78,,NEUTRAL,,2018,DEBERTI,JEEP WRANGLER UNLIMITED D WRANC LER,JEEP WRANGLER DD,,,0,,0,1,SELL,1.0,SELL,1,75000,1.0,0
2203,session_004_spin_0031,1,2026-09-24T04:14:45.637+00:00,CAR,0.78,,BLUE,,2018,HONDA,CIVIC TYPE R,HONDA CIVIC 18,,,0,,0,1,SELL,1.0,SELL,1,17500,1.0,0
2204,session_004_spin_0031,2,2026-09-24T04:14:45.637+00:00,CAR,0.78,,OTHER,,2005,TOYOTA,CROWN SUPER DELUXE TAXI WN SUM TAX,T CROWN TAXI,,,0,,0,1,SELL,1.0,SELL,1,5000,1.0,0
2205,session_004_spin_0031,3,2026-09-24T04:14:45.637+00:00,CREDITS,1.0,,OTHER,15000,,,,,,,,,,,,,,0,,,
2206,session_004_spin_0032,1,2026-09-24T04:15:03.789+00:00,CAR,0.78,,NEUTRAL,,2022,SUBARU,WRX 202,SUBARU WRX 22,,,0,,0,1,SELL,1.0,SELL,1,12500,1.0,0
2207,session_004_spin_0032,2,2026-09-24T04:15:03.790+00:00,CREDITS,1.0,,NEUTRAL,10000,,,,,,,,,,,,,,0,,,
2208,session_004_spin_0032,3,2026-09-24T04:15:03.790+00:00,CREDITS,1.0,,NEUTRAL,35000,,,,,,,,,,,,,,0,,,
2209,session_004_spin_0033,1,2026-09-24T04:15:18.231+00:00,CREDITS,1.0,,PURPLE,175000,,,,,,,,,,,,,,0,,,
2210,session_004_spin_0033,2,2026-09-24T04:15:18.231+00:00,CREDITS,1.0,,PURPLE,20000,,,,,,,,,,,,,,0,,,
2211,session_004_spin_0033,3,2026-09-24T04:15:18.231+00:00,CREDITS,1.0,,PURPLE,50000,,,,,,,,,,,,,,0,,,
2212,session_004_spin_0034,1,2026-09-24T04:15:37.327+00:00,CREDITS,1.0,,PURPLE,150000,,,,,,,,,,,,,,0,,,
2213,session_004_spin_0034,2,2026-09-24T04:15:37.327+00:00,CAR,0.78,,PURPLE,,2014,FORD,ROCKSTAR F 150 TROPHY TR KSTAR T I TN,FORD F 150,,,0,,0,1,SELL,1.0,SELL,1,,1.0,0
2214,session_004_spin_0034,3,2026-09-24T04:15:37.327+00:00,CREDITS,1.0,,OTHER,15000,,,,,,,,,,,,,,0,,,
2215,session_004_spin_0035,1,2026-09-24T04:15:51.610+00:00,CAR,0.78,,NEUTRAL,,2015,DODGE,CHALLENGER SRT HELLCAT ALLENQG,CHALLENGER 15,,,0,,0,1,SELL,1.0,SELL,1,,1.0,0
2216,session_004_spin_0035,2,2026-09-24T04:15:51.610+00:00,CREDITS,1.0,,NEUTRAL,20000,,,,,,,,,,,,,,0,,,
2217,session_004_spin_0035,3,2026-09-24T04:15:51.610+00:00,CREDITS,1.0,,NEUTRAL,75000,,,,,,,,,,,,,,0,,,
2218,session_004_spin_0036,1,2026-09-24T04:16:05.805+00:00,CREDITS,1.0,,NEUTRAL,200000,,,,,,,,,,,,,,0,,,
2219,session_004_spin_0036,2,2026-09-24T04:16:05.805+00:00,CAR,0.78,,NEUTRAL,,2010,DEBERTI,ONNA TRD I THE PERFORMAR R HE PERFORRNA ICONIA PERFORNLAN,DD TACOMA TRD,,,0,,0,1,SELL,1.0,SELL,1,,1.0,0
2220,session_004_spin_0036,3,2026-09-24T04:16:05.805+00:00,CREDITS,1.0,,NEUTRAL,50000,,,,,,,,,,,,,,0,,,
2221,session_004_spin_0037,1,2026-09-24T04:16:19.986+00:00,CREDITS,1.0,,NEUTRAL,50000,,,,,,,,,,,,,,0,,,
2222,session_004_spin_0037,2,2026-09-24T04:16:19.986+00:00,CREDITS,1.0,,NEUTRAL,200000,,,,,,,,,,,,,,0,,,
2223,session_004_spin_0037,3,2026-09-24T04:16:19.986+00:00,CREDITS,1.0,,NEUTRAL,100000,,,,,,,,,,,,,,0,,,
2224,session_004_spin_0038,1,2026-09-24T04:16:38.984+00:00,CAR,0.55,,NEUTRAL,,,,ULTIMA 1020,ULTIMA 1020,,,,,0,1,SELL,1.0,SELL,1,75000,1.0,0
2225,session_004_spin_0038,2,2026-09-24T04:16:38.984+00:00,OTHER,0.55,,NEUTRAL,,,,,,,,,,,,,,,0,,,
2226,session_004_spin_0038,3,2026-09-24T04:16:38.984+00:00,CAR,0.78,,NEUTRAL,,2016,CADILLAC,ATS V,CADDY ATS V,,,0,,0,1,SELL,1.0,SELL,1,20500,1.0,0
2227,session_004_spin_0039,1,2026-09-24T04:20:10.378+00:00,CREDITS,1.0,,NEUTRAL,5000,,,,,,,,,,,,,,0,,,
2228,session_004_spin_0039,2,2026-09-24T04:20:10.378+00:00,CAR,0.78,,NEUTRAL,,2002,RSX,TYEE TYPE S,ACURA RSX,,,0,,0,1,SELL,1.0,SELL,1,9000,1.0,0
2229,session_004_spin_0039,3,2026-09-24T04:20:10.378+00:00,CREDITS,1.0,,NEUTRAL,35000,,,,,,,,,,,,,,0,,,
2230,session_004_spin_0040,1,2026-09-24T04:20:24.547+00:00,CREDITS,1.0,,NEUTRAL,50000,,,,,,,,,,,,,,0,,,
2231,session_004_spin_0040,2,2026-09-24T04:20:24.547+00:00,CREDITS,1.0,,NEUTRAL,10000,,,,,,,,,,,,,,0,,,
2232,session_004_spin_0040,3,2026-09-24T04:20:24.547+00:00,OTHER,0.55,,NEUTRAL,,,,,,,,,,,,,,,0,,,
2233,session_004_spin_0041,1,2026-09-24T04:20:43.637+00:00,CREDITS,1.0,,NEUTRAL,100000,,,,,,,,,,,,,,0,,,
2234,session_004_spin_0041,2,2026-09-24T04:20:43.637+00:00,CREDITS,1.0,,NEUTRAL,45000,,,,,,,,,,,,,,0,,,
2235,session_004_spin_0041,3,2026-09-24T04:20:43.637+00:00,CREDITS,1.0,,NEUTRAL,75000,,,,,,,,,,,,,,0,,,
2236,session_004_spin_0042,1,2026-09-24T04:21:03.223+00:00,CREDITS,1.0,,GREEN,95000,,,,,,,,,,,,,,0,,,
2237,session_004_spin_0042,2,2026-09-24T04:21:03.224+00:00,CREDITS,1.0,,GREEN,15000,,,,,,,,,,,,,,0,,,
2238,session_004_spin_0042,3,2026-09-24T04:21:03.224+00:00,CREDITS,1.0,,GREEN,25000,,,,,,,,,,,,,,0,,,
2239,session_004_spin_0043,1,2026-09-24T04:21:14.937+00:00,CAR,0.78,,NEUTRAL,,2014,HSV,ITED EDITION GEN F GTS M MA,HSV MALOO 14,,,0,,0,1,SELL,1.0,SELL,1,32500,1.0,0
2240,session_004_spin_0043,2,2026-09-24T04:21:14.937+00:00,CAR,0.78,,NEUTRAL,,2011,VOLKSWAGEN,SCIROCCO R,VW SCIROCCO 11,,,0,,0,1,SELL,1.0,SELL,1,7500,1.0,0
2241,session_004_spin_0043,3,2026-09-24T04:21:14.937+00:00,CAR,0.78,,NEUTRAL,,2012,NISSAN,LACK EDITION R35 FORZA E EDITIOR I BLACK SPEED SKILLS BOOST,2012 NISSAN LACK EDITION R35 FORZA E EDITIOR I BLACK SPEED SKILLS BOOST,,,0,,0,,,,,0,,,0
2242,session_004_spin_0044,1,2026-09-24T04:21:34.770+00:00,CREDITS,0.99,,OTHER,5000,,,,,,,,,,,,,,0,,,
2243,session_004_spin_0044,2,2026-09-24T04:21:34.770+00:00,CAR,0.78,,PURPLE,,1980,ABARTH,FIAT 131,ABARTH 131,,,0,,0,1,SELL,1.0,SELL,1,62500,1.0,0
2244,session_004_spin_0044,3,2026-09-24T04:21:34.770+00:00,CREDITS,1.0,,PURPLE,150000,,,,,,,,,,,,,,0,,,
2245,session_004_spin_0045,1,2026-09-24T04:21:49.609+00:00,CAR,0.78,,BLUE,,2021,BMW,M4 COMPETITION COUPE COMM NITION,BMW M4 21,,,0,,0,1,SELL,1.0,SELL,1,,1.0,0
2246,session_004_spin_0045,2,2026-09-24T04:21:49.609+00:00,CAR,0.78,,OTHER,,2020,PORSCHE,TAYCAN TURBO S TAVCAR,PORSCHE TAYCAN S,,,0,,0,1,SELL,1.0,SELL,1,100000,1.0,0
2247,session_004_spin_0045,3,2026-09-24T04:21:49.609+00:00,OTHER,0.55,,OTHER,,,,,,,,,,,,,,,0,,,
2248,session_004_spin_0046,1,2026-09-24T04:22:07.411+00:00,CREDITS,1.0,,OTHER,20000,,,,,,,,,,,,,,0,,,
2249,session_004_spin_0046,2,2026-09-24T04:22:07.411+00:00,CREDITS,1.0,,BLUE,50000,,,,,,,,,,,,,,0,,,
2250,session_004_spin_0046,3,2026-09-24T04:22:07.411+00:00,OTHER,0.55,,OTHER,,,,,,,,,,,,,,,0,,,
2251,session_004_spin_0047,1,2026-09-24T04:22:26.286+00:00,CREDITS,1.0,,OTHER,10000,,,,,,,,,,,,,,0,,,
2252,session_004_spin_0047,2,2026-09-24T04:22:26.286+00:00,CREDITS,1.0,,OTHER,250000,,,,,,,,,,,,,,0,,,
2253,session_004_spin_0047,3,2026-09-24T04:22:26.286+00:00,CREDITS,1.0,,OTHER,10000,,,,,,,,,,,,,,0,,,
2254,session_004_spin_0048,1,2026-09-24T04:22:45.189+00:00,CREDITS,1.0,,NEUTRAL,45000,,,,,,,,,,,,,,0,,,
2255,session_004_spin_0048,2,2026-09-24T04:22:45.189+00:00,CREDITS,1.0,,NEUTRAL,12000,,,,,,,,,,,,,,0,,,
2256,session_004_spin_0048,3,2026-09-24T04:22:45.189+00:00,CAR,0.78,,NEUTRAL,,1995,BMW,1095 M5,BMW M5 95,,,0,,0,1,SELL,1.0,SELL,1,24000,1.0,0
2257,session_004_spin_0049,1,2026-09-24T04:24:33.930+00:00,CAR,0.78,,GREEN,,2008,BMW,M3,BMW M3 08,,,0,,0,1,SELL,1.0,SELL,1,21500,1.0,0
2258,session_004_spin_0049,2,2026-09-24T04:24:33.930+00:00,CREDITS,1.0,,GREEN,95000,,,,,,,,,,,,,,0,,,
2259,session_004_spin_0049,3,2026-09-24T04:24:33.930+00:00,CREDITS,1.0,,GREEN,20000,,,,,,,,,,,,,,0,,,
2260,session_004_spin_0050,1,2026-09-24T04:24:48.052+00:00,CAR,0.78,,NEUTRAL,,2010,X,CLASS VERCEDES CLAS,M B X CLASS,,,0,,0,1,SELL,1.0,SELL,1,,1.0,0
2261,session_004_spin_0050,2,2026-09-24T04:24:48.052+00:00,CREDITS,1.0,,NEUTRAL,250000,,,,,,,,,,,,,,0,,,
2262,session_004_spin_0050,3,2026-09-24T04:24:48.052+00:00,CREDITS,1.0,,NEUTRAL,25000,,,,,,,,,,,,,,0,,,
2263,session_004_spin_0051,1,2026-09-24T04:25:02.254+00:00,CREDITS,1.0,,NEUTRAL,15000,,,,,,,,,,,,,,0,,,
2264,session_004_spin_0051,2,2026-09-24T04:25:02.254+00:00,CREDITS,1.0,,NEUTRAL,20000,,,,,,,,,,,,,,0,,,
2265,session_004_spin_0051,3,2026-09-24T04:25:02.254+00:00,CREDITS,1.0,,NEUTRAL,250000,,,,,,,,,,,,,,0,,,
2266,session_004_spin_0052,1,2026-09-24T04:25:21.503+00:00,CAR,0.78,,NEUTRAL,,2021,RIVIAN,RIT,RIVIAN RIT,,,0,,0,1,SELL,1.0,SELL,1,28000,1.0,0
2267,session_004_spin_0052,2,2026-09-24T04:25:21.505+00:00,CAR,0.55,,NEUTRAL,,,,VELOCIRAPTOR 19,VELOCIRAPTOR 19,,,,,0,1,SELL,1.0,SELL,1,187500,1.0,0
2268,session_004_spin_0052,3,2026-09-24T04:25:21.505+00:00,CAR,0.78,,NEUTRAL,,2017,TOYOTA,JPN TAXI 201 TOYOT PN TM,TOYOTA JPN TAXI,,,0,,0,1,SELL,1.0,SELL,1,12500,1.0,0
2269,session_004_spin_0053,1,2026-09-24T04:27:02.787+00:00,CAR,0.78,,PURPLE,,1990,MERCEDES,BENZ 2 5 16 EVOLUTION II FORZA E EVOLU ITION I EC CLEAN SKILLS BOOST MERCEDESHLUTIOH,MB 190 E FE,,,0,,0,1,SELL,1.0,SELL,1,,1.0,0
2270,session_004_spin_0053,2,2026-09-24T04:27:02.787+00:00,CAR,0.78,,PURPLE,,1963,VOLKSWAGEN,BEETLE 3 VOLKSWABEETLE,VW BEETLE,,,0,,0,1,SELL,1.0,SELL,1,8500,1.0,0
2271,session_004_spin_0053,3,2026-09-24T04:27:02.787+00:00,CAR,0.78,,PURPLE,,1990,MAZDA,SAVANNA RX 7 SAVAN INA MAZDANNA F,MAZDA RX 7 90,,,0,,0,1,SELL,1.0,SELL,1,,1.0,0
2272,session_004_spin_0054,1,2026-09-24T04:27:24.039+00:00,CREDITS,1.0,,NEUTRAL,150000,,,,,,,,,,,,,,0,,,
2273,session_004_spin_0054,2,2026-09-24T04:27:24.039+00:00,CREDITS,1.0,,NEUTRAL,80000,,,,,,,,,,,,,,0,,,
2274,session_004_spin_0054,3,2026-09-24T04:27:24.039+00:00,CAR,0.78,,NEUTRAL,,1982,VOLKSWAGEN,PICKUP LX VOLKSW CKUP I,VW PICKUP 82,,,0,,0,1,SELL,1.0,SELL,1,8000,1.0,0
2275,session_004_spin_0055,1,2026-09-24T04:27:38.542+00:00,CREDITS,1.0,,NEUTRAL,15000,,,,,,,,,,,,,,0,,,
2276,session_004_spin_0055,2,2026-09-24T04:27:38.542+00:00,CREDITS,1.0,,NEUTRAL,150000,,,,,,,,,,,,,,0,,,
2277,session_004_spin_0055,3,2026-09-24T04:27:38.542+00:00,CAR,0.55,,NEUTRAL,,,,488 PISTA 19,488 PISTA 19,,,,,0,1,SELL,1.0,SELL,1,358000,1.0,0
2278,session_004_spin_0056,1,2026-09-24T04:27:52.763+00:00,CREDITS,1.0,,NEUTRAL,45000,,,,,,,,,,,,,,0,,,
2279,session_004_spin_0056,2,2026-09-24T04:27:52.764+00:00,CREDITS,1.0,,NEUTRAL,200000,,,,,,,,,,,,,,0,,,
2280,session_004_spin_0056,3,2026-09-24T04:27:52.764+00:00,CREDITS,1.0,,NEUTRAL,20000,,,,,,,,,,,,,,0,,,
2281,session_004_spin_0057,1,2026-09-24T04:28:41.162+00:00,CREDITS,1.0,,OTHER,10000,,,,,,,,,,,,,,0,,,
2282,session_004_spin_0057,2,2026-09-24T04:28:41.162+00:00,CAR,0.78,,NEUTRAL,,2019,TOYOTA,4RUNNER TRD PRO 4RUNNE R TOYOTHER TE,TOYOTA 4RUNNER,,,0,,0,1,SELL,1.0,SELL,1,21000,1.0,0
2283,session_004_spin_0057,3,2026-09-24T04:28:41.163+00:00,CAR,0.78,,NEUTRAL,,1991,TOYOTA,SERA TOYOTP,TOYOTA SERA 91,,,0,,0,1,SELL,1.0,SELL,1,5500,1.0,0
2284,session_004_spin_0058,1,2026-09-24T04:28:59.376+00:00,CREDITS,1.0,,GREEN,35000,,,,,,,,,,,,,,0,,,
2285,session_004_spin_0058,2,2026-09-24T04:28:59.376+00:00,CREDITS,1.0,,GREEN,95000,,,,,,,,,,,,,,0,,,
2286,session_004_spin_0058,3,2026-09-24T04:28:59.376+00:00,CREDITS,1.0,,GREEN,10000,,,,,,,,,,,,,,0,,,
2287,session_004_spin_0059,1,2026-09-24T04:29:11.116+00:00,CREDITS,1.0,,NEUTRAL,15000,,,,,,,,,,,,,,0,,,
2288,session_004_spin_0059,2,2026-09-24T04:29:11.117+00:00,CREDITS,1.0,,NEUTRAL,150000,,,,,,,,,,,,,,0,,,
2289,session_004_spin_0059,3,2026-09-24T04:29:11.117+00:00,CREDITS,1.0,,NEUTRAL,75000,,,,,,,,,,,,,,0,,,
2290,session_004_spin_0060,1,2026-09-24T04:29:30.516+00:00,CAR,0.78,,PURPLE,,2017,VOLKSWAGEN,ANDRETTI RALLY CROSS BEC IDRETTI R ALLV BE BEE 7 VOLKSWAI RALL,VW BEETLE,,,0,,0,1,SELL,1.0,SELL,1,,1.0,0
2291,session_004_spin_0060,2,2026-09-24T04:29:30.516+00:00,CAR,0.78,,OTHER,,2019,BMW,Z4 ROADSTER,BMW Z4 19,,,0,,0,1,SELL,1.0,SELL,1,19000,1.0,0
2292,session_004_spin_0060,3,2026-09-24T04:29:30.516+00:00,CREDITS,1.0,,OTHER,12000,,,,,,,,,,,,,,0,,,
2293,session_004_spin_0061,1,2026-09-24T04:29:49.004+00:00,CREDITS,1.0,,GREEN,920000,,,,,,,,,,,,,,0,,,
2294,session_004_spin_0061,2,2026-09-24T04:29:49.004+00:00,CREDITS,1.0,,GREEN,95000,,,,,,,,,,,,,,0,,,
2295,session_004_spin_0061,3,2026-09-24T04:29:49.004+00:00,CAR,0.78,,GREEN,,1994,HONDA,ACTY 994 HONDAG Y,HONDA ACTY 94,,,0,,0,1,SELL,1.0,SELL,1,4500,1.0,0
2296,session_004_spin_0062,1,2026-09-24T04:30:03.207+00:00,CREDITS,1.0,,NEUTRAL,15000,,,,,,,,,,,,,,0,,,
2297,session_004_spin_0062,2,2026-09-24T04:30:03.207+00:00,CREDITS,1.0,,NEUTRAL,25000,,,,,,,,,,,,,,0,,,
2298,session_004_spin_0062,3,2026-09-24T04:30:03.207+00:00,CREDITS,1.0,,NEUTRAL,100000,,,,,,,,,,,,,,0,,,
2299,session_004_spin_0063,1,2026-09-24T04:30:22.918+00:00,CREDITS,1.0,,GREEN,95000,,,,,,,,,,,,,,0,,,
2300,session_004_spin_0063,2,2026-09-24T04:30:22.918+00:00,CREDITS,1.0,,GREEN,15000,,,,,,,,,,,,,,0,,,
2301,session_004_spin_0063,3,2026-09-24T04:30:22.918+00:00,CREDITS,0.99,,GREEN,8000,,,,,,,,,,,,,,0,,,
2302,session_004_spin_0064,1,2026-09-24T04:30:34.471+00:00,CREDITS,1.0,,NEUTRAL,40000,,,,,,,,,,,,,,0,,,
2303,session_004_spin_0064,2,2026-09-24T04:30:34.471+00:00,CREDITS,1.0,,NEUTRAL,15000,,,,,,,,,,,,,,0,,,
2304,session_004_spin_0064,3,2026-09-24T04:30:34.471+00:00,CREDITS,1.0,,NEUTRAL,10000,,,,,,,,,,,,,,0,,,
2305,session_004_spin_0065,1,2026-09-24T04:30:53.611+00:00,CREDITS,1.0,,NEUTRAL,200000,,,,,,,,,,,,,,0,,,
2306,session_004_spin_0065,2,2026-09-24T04:30:53.611+00:00,CREDITS,1.0,,OTHER,20000,,,,,,,,,,,,,,0,,,
2307,session_004_spin_0065,3,2026-09-24T04:30:53.611+00:00,CREDITS,1.0,,OTHER,15000,,,,,,,,,,,,,,0,,,
2308,session_004_spin_0066,1,2026-09-24T04:31:12.584+00:00,CREDITS,1.0,,OTHER,15000,,,,,,,,,,,,,,0,,,
2309,session_004_spin_0066,2,2026-09-24T04:31:12.585+00:00,CREDITS,1.0,,OTHER,250000,,,,,,,,,,,,,,0,,,
2310,session_004_spin_0066,3,2026-09-24T04:31:12.585+00:00,CREDITS,1.0,,OTHER,20000,,,,,,,,,,,,,,0,,,
2311,session_004_spin_0067,1,2026-09-24T04:31:31.603+00:00,CREDITS,1.0,,NEUTRAL,100000,,,,,,,,,,,,,,0,,,
2312,session_004_spin_0067,2,2026-09-24T04:31:31.603+00:00,CREDITS,1.0,,OTHER,15000,,,,,,,,,,,,,,0,,,
2313,session_004_spin_0067,3,2026-09-24T04:31:31.603+00:00,CREDITS,1.0,,OTHER,20000,,,,,,,,,,,,,,0,,,
2314,session_004_spin_0068,1,2026-09-24T04:31:50.825+00:00,CREDITS,1.0,,PURPLE,200000,,,,,,,,,,,,,,0,,,
2315,session_004_spin_0068,2,2026-09-24T04:31:50.825+00:00,CREDITS,1.0,,OTHER,40000,,,,,,,,,,,,,,0,,,
2316,session_004_spin_0068,3,2026-09-24T04:31:50.825+00:00,CREDITS,1.0,,BLUE,50000,,,,,,,,,,,,,,0,,,
2317,session_004_spin_0069,1,2026-09-24T04:32:09.927+00:00,CAR,0.78,,BLUE,,2015,CHEVROLET,CORVETTE Z06 CORVE 115 CHEVROLVETTE,CORVETTE 15,,,0,,0,1,SELL,1.0,SELL,1,50000,1.0,0
2318,session_004_spin_0069,2,2026-09-24T04:32:09.927+00:00,CREDITS,1.0,,OTHER,45000,,,,,,,,,,,,,,0,,,
2319,session_004_spin_0069,3,2026-09-24T04:32:09.927+00:00,CAR,0.78,,OTHER,,1957,BMW,ISETTA 300 EXPORT 3 NO E,BMW ISETTA,,,0,,0,1,SELL,1.0,SELL,1,42000,1.0,0
2320,session_004_spin_0070,1,2026-09-24T04:32:27.995+00:00,CREDITS,1.0,,PURPLE,175000,,,,,,,,,,,,,,0,,,
2321,session_004_spin_0070,2,2026-09-24T04:32:27.995+00:00,OTHER,0.55,,OTHER,,,,,,,,,,,,,,,0,,,
2322,session_004_spin_0070,3,2026-09-24T04:32:27.995+00:00,CREDITS,1.0,,PURPLE,20000,,,,,,,,,,,,,,0,,,
2323,session_004_spin_0071,1,2026-09-24T04:32:46.838+00:00,CREDITS,1.0,,OTHER,40000,,,,,,,,,,,,,,0,,,
2324,session_004_spin_0071,2,2026-09-24T04:32:46.838+00:00,CREDITS,1.0,,OTHER,20000,,,,,,,,,,,,,,0,,,
2325,session_004_spin_0071,3,2026-09-24T04:32:46.838+00:00,CREDITS,1.0,,OTHER,10000,,,,,,,,,,,,,,0,,,
2326,session_004_spin_0072,1,2026-09-24T04:33:05.803+00:00,CAR,0.78,,OTHER,,2015,HONDA,CIVIC TYPE R 015 HOND IC TY,HONDA CIVIC 16,,,0,,0,1,SELL,1.0,SELL,1,15000,1.0,0
2327,session_004_spin_0072,2,2026-09-24T04:33:05.803+00:00,CREDITS,1.0,,OTHER,10000,,,,,,,,,,,,,,0,,,
2328,session_004_spin_0072,3,2026-09-24T04:33:05.803+00:00,CREDITS,1.0,,OTHER,15000,,,,,,,,,,,,,,0,,,
2329,session_004_spin_0073,1,2026-09-24T04:33:20.215+00:00,CREDITS,1.0,,NEUTRAL,20000,,,,,,,,,,,,,,0,,,
2330,session_004_spin_0073,2,2026-09-24T04:33:20.215+00:00,CAR,0.78,,NEUTRAL,,1997,TOYOTA,SOARER 2 5 GT T TOYOT ER,SOARER 97,,,0,,0,1,SELL,1.0,SELL,1,9000,1.0,0
2331,session_004_spin_0073,3,2026-09-24T04:33:20.215+00:00,CAR,0.78,,NEUTRAL,,1995,NISSAN,GLORIA GRAN TURIS1110 DORIA GR AN TURISMO 1095 NISSMARAN T,GLORIA GT 95,,,0,,0,1,SELL,1.0,SELL,1,7500,1.0,0
2332,session_004_spin_0074,1,2026-09-24T04:33:37.750+00:00,CREDITS,1.0,,PURPLE,15000,,,,,,,,,,,,,,0,,,
2333,session_004_spin_0074,2,2026-09-24T04:33:37.750+00:00,CREDITS,1.0,,PURPLE,80000,,,,,,,,,,,,,,0,,,
2334,session_004_spin_0074,3,2026-09-24T04:33:37.750+00:00,CREDITS,1.0,,PURPLE,200000,,,,,,,,,,,,,,0,,,
2335,session_004_spin_0075,1,2026-09-24T04:33:56.847+00:00,CREDITS,1.0,,OTHER,35000,,,,,,,,,,,,,,0,,,
2336,session_004_spin_0075,2,2026-09-24T04:33:56.847+00:00,CREDITS,1.0,,OTHER,20000,,,,,,,,,,,,,,0,,,
2337,session_004_spin_0075,3,2026-09-24T04:33:56.847+00:00,CREDITS,1.0,,OTHER,20000,,,,,,,,,,,,,,0,,,
2338,session_004_spin_0076,1,2026-09-24T04:34:15.868+00:00,CREDITS,1.0,,OTHER,10000,,,,,,,,,,,,,,0,,,
2339,session_004_spin_0076,2,2026-09-24T04:34:15.868+00:00,CREDITS,1.0,,OTHER,20000,,,,,,,,,,,,,,0,,,
2340,session_004_spin_0076,3,2026-09-24T04:34:15.868+00:00,CREDITS,1.0,,OTHER,10000,,,,,,,,,,,,,,0,,,
2341,session_004_spin_0077,1,2026-09-24T04:34:34.912+00:00,CREDITS,1.0,,PURPLE,175000,,,,,,,,,,,,,,0,,,
2342,session_004_spin_0077,2,2026-09-24T04:34:34.912+00:00,CREDITS,1.0,,PURPLE,50000,,,,,,,,,,,,,,0,,,
2343,session_004_spin_0077,3,2026-09-24T04:34:34.912+00:00,CREDITS,1.0,,OTHER,20000,,,,,,,,,,,,,,0,,,
2344,session_004_spin_0078,1,2026-09-24T04:34:53.934+00:00,CREDITS,1.0,,OTHER,45000,,,,,,,,,,,,,,0,,,
2345,session_004_spin_0078,2,2026-09-24T04:34:53.934+00:00,CREDITS,1.0,,BLUE,50000,,,,,,,,,,,,,,0,,,
2346,session_004_spin_0078,3,2026-09-24T04:34:53.934+00:00,CREDITS,1.0,,OTHER,15000,,,,,,,,,,,,,,0,,,
2347,session_004_spin_0079,1,2026-09-24T04:35:13.123+00:00,OTHER,0.55,,OTHER,,,,,,,,,,,,,,,0,,,
2348,session_004_spin_0079,2,2026-09-24T04:35:13.123+00:00,CREDITS,1.0,,BLUE,50000,,,,,,,,,,,,,,0,,,
2349,session_004_spin_0079,3,2026-09-24T04:35:13.123+00:00,CREDITS,1.0,,OTHER,15000,,,,,,,,,,,,,,0,,,
2350,session_004_spin_0080,1,2026-09-24T04:35:32.025+00:00,CAR,0.78,,NEUTRAL,,2014,BAC,MONO ONO,BAC MONO,,,0,,0,1,SELL,1.0,SELL,1,98000,1.0,0
2351,session_004_spin_0080,2,2026-09-24T04:35:32.025+00:00,CAR,0.78,,OTHER,,1969,CHEVROLET,NOVA SUPER SPORT 396 SUM CHEVROI ER S,CHEVY NOVA 69,,,0,,0,1,SELL,1.0,SELL,1,20000,1.0,0
2352,session_004_spin_0080,3,2026-09-24T04:35:32.025+00:00,CAR,0.78,,NEUTRAL,,2019,TOYOTA,4RUNNER TRD PRO 4RUNNE R 019 TOYOTHER TE,TOYOTA 4RUNNER,,,0,,0,1,SELL,1.0,SELL,1,21000,1.0,0
2353,session_004_spin_0081,1,2026-09-24T04:35:53.605+00:00,CREDITS,1.0,,BLUE,15000,,,,,,,,,,,,,,0,,,
2354,session_004_spin_0081,2,2026-09-24T04:35:53.605+00:00,CREDITS,1.0,,BLUE,50000,,,,,,,,,,,,,,0,,,
2355,session_004_spin_0081,3,2026-09-24T04:35:53.605+00:00,CREDITS,0.99,,BLUE,8000,,,,,,,,,,,,,,0,,,
2356,session_004_spin_0082,1,2026-09-24T04:36:05.413+00:00,CREDITS,1.0,,OTHER,250000,,,,,,,,,,,,,,0,,,
2357,session_004_spin_0082,2,2026-09-24T04:36:05.413+00:00,CREDITS,1.0,,OTHER,10000,,,,,,,,,,,,,,0,,,
2358,session_004_spin_0082,3,2026-09-24T04:36:05.413+00:00,CREDITS,1.0,,OTHER,15000,,,,,,,,,,,,,,0,,,
2359,session_004_spin_0083,1,2026-09-24T04:36:24.606+00:00,CREDITS,1.0,,OTHER,45000,,,,,,,,,,,,,,0,,,
2360,session_004_spin_0083,2,2026-09-24T04:36:24.607+00:00,CAR,0.78,,OTHER,,2007,HONDA,CIVIC TYPE R HOND IC TYP,HONDA CIVIC 07,,,0,,0,1,SELL,1.0,SELL,1,8500,1.0,0
2361,session_004_spin_0083,3,2026-09-24T04:36:24.607+00:00,CAR,0.78,,BLUE,,2011,AUDI,RS 5 COUPE COU,AUDI RS 5,,,0,,0,1,SELL,1.0,SELL,1,,1.0,0
2362,session_004_spin_0084,1,2026-09-24T04:36:42.878+00:00,CREDITS,1.0,,PURPLE,200000,,,,,,,,,,,,,,0,,,
2363,session_004_spin_0084,2,2026-09-24T04:36:42.878+00:00,CREDITS,1.0,,PURPLE,40000,,,,,,,,,,,,,,0,,,
2364,session_004_spin_0084,3,2026-09-24T04:36:42.878+00:00,CREDITS,0.99,,PURPLE,5000,,,,,,,,,,,,,,0,,,
2365,session_004_spin_0085,1,2026-09-24T04:37:01.735+00:00,CREDITS,1.0,,OTHER,20000,,,,,,,,,,,,,,0,,,
2366,session_004_spin_0085,2,2026-09-24T04:37:01.735+00:00,CREDITS,1.0,,OTHER,20000,,,,,,,,,,,,,,0,,,
2367,session_004_spin_0085,3,2026-09-24T04:37:01.735+00:00,CAR,0.78,,OTHER,,2023,FORD,FIESTA ST FIEF FORDESTA E,FORD FIESTA 23,,,0,,0,1,SELL,1.0,SELL,1,13000,1.0,0
2368,session_004_spin_0086,1,2026-09-24T04:37:15.976+00:00,CREDITS,1.0,,OTHER,15000,,,,,,,,,,,,,,0,,,
2369,session_004_spin_0086,2,2026-09-24T04:37:15.977+00:00,CAR,0.78,,NEUTRAL,,2020,WULING,SUNSHINE S FORZA EDITION ISHINE EDITIOT WI ICING CREDITS BOOST 020 WULINIS FOR,SUNSHINE FE,,,1,,0,1,SELL,1.0,SELL,1,250000,1.0,0
2370,session_004_spin_0086,3,2026-09-24T04:37:15.977+00:00,CREDITS,1.0,,OTHER,12000,,,,,,,,,,,,,,0,,,
2371,session_004_spin_0087,1,2026-09-24T04:37:30.210+00:00,CREDITS,1.0,,NEUTRAL,15000,,,,,,,,,,,,,,0,,,
2372,session_004_spin_0087,2,2026-09-24T04:37:30.210+00:00,CAR,0.78,,NEUTRAL,,2005,SUBARU,IMPREZA WRX STI IMPREZ A 005 SUBARZA WI,SUBARU WRX 05,,,0,,0,1,SELL,1.0,SELL,1,17500,1.0,0
2373,session_004_spin_0087,3,2026-09-24T04:37:30.210+00:00,CREDITS,1.0,,NEUTRAL,50000,,,,,,,,,,,,,,0,,,
2374,session_004_spin_0088,1,2026-09-24T04:37:44.660+00:00,CREDITS,1.0,,OTHER,25000,,,,,,,,,,,,,,0,,,
2375,session_004_spin_0088,2,2026-09-24T04:37:44.660+00:00,CREDITS,1.0,,OTHER,20000,,,,,,,,,,,,,,0,,,
2376,session_004_spin_0088,3,2026-09-24T04:37:44.660+00:00,CREDITS,1.0,,OTHER,10000,,,,,,,,,,,,,,0,,,
2377,session_004_spin_0089,1,2026-09-24T04:38:03.794+00:00,CREDITS,1.0,,PURPLE,50000,,,,,,,,,,,,,,0,,,
2378,session_004_spin_0089,2,2026-09-24T04:38:03.794+00:00,CREDITS,1.0,,PURPLE,200000,,,,,,,,,,,,,,0,,,
2379,session_004_spin_0089,3,2026-09-24T04:38:03.794+00:00,CREDITS,1.0,,OTHER,10000,,,,,,,,,,,,,,0,,,
2380,session_004_spin_0090,1,2026-09-24T04:38:22.911+00:00,CREDITS,1.0,,BLUE,50000,,,,,,,,,,,,,,0,,,
2381,session_004_spin_0090,2,2026-09-24T04:38:22.911+00:00,CAR,0.78,,BLUE,,2013,WULING,SUNSHINE S SUNS WI JLIN NSHIRQ,WULING SUNSHINE,,,0,,0,1,SELL,1.0,SELL,1,1000,1.0,0
2382,session_004_spin_0090,3,2026-09-24T04:38:22.911+00:00,CREDITS,1.0,,PURPLE,150000,,,,,,,,,,,,,,0,,,
2383,session_004_spin_0091,1,2026-09-24T04:38:37.566+00:00,CREDITS,1.0,,OTHER,15000,,,,,,,,,,,,,,0,,,
2384,session_004_spin_0091,2,2026-09-24T04:38:37.566+00:00,CAR,0.78,,PURPLE,,2019,FORMULA,DRIFT 11 TOYOTA COROLLA HATCHBA OVOTA ROLLA HATCHB 111 HATCHBAL COROLL,411 FD COROLLA,,,0,,0,1,SELL,1.0,SELL,1,,1.0,0
2385,session_004_spin_0091,3,2026-09-24T04:38:37.567+00:00,CAR,0.78,,PURPLE,,2019,CHEVROLET,CORVETTE ZRI CORVC TTE 19 CHEVROLVETTE,CORVETTE 19,,,0,,0,1,SELL,1.0,SELL,1,125000,1.0,0
2386,session_004_spin_0092,1,2026-09-24T04:38:55.599+00:00,CREDITS,1.0,,NEUTRAL,35000,,,,,,,,,,,,,,0,,,
2387,session_004_spin_0092,2,2026-09-24T04:38:55.601+00:00,CREDITS,1.0,,NEUTRAL,15000,,,,,,,,,,,,,,0,,,
2388,session_004_spin_0092,3,2026-09-24T04:38:55.601+00:00,CAR,0.78,,NEUTRAL,,2023,HYUNDAI,ION IQ5N IONIQ5N 023 HYUNDINIQ 5,IONIQ 5 N 23,,,0,,0,1,SELL,1.0,SELL,1,11000,1.0,0
2389,session_004_spin_0093,1,2026-09-24T04:39:10.002+00:00,CREDITS,1.0,,NEUTRAL,100000,,,,,,,,,,,,,,0,,,
2390,session_004_spin_0093,2,2026-09-24T04:39:10.002+00:00,CREDITS,1.0,,NEUTRAL,200000,,,,,,,,,,,,,,0,,,
2391,session_004_spin_0093,3,2026-09-24T04:39:10.002+00:00,CREDITS,1.0,,NEUTRAL,12000,,,,,,,,,,,,,,0,,,
2392,session_004_spin_0094,1,2026-09-24T04:39:29.097+00:00,CREDITS,1.0,,OTHER,15000,,,,,,,,,,,,,,0,,,
2393,session_004_spin_0094,2,2026-09-24T04:39:29.097+00:00,CAR,0.78,,OTHER,,2002,NISSAN,SILVIA SPEC R SOEC 002,NISSAN SILVIA 02,,,0,,0,1,SELL,1.0,SELL,1,,1.0,0
2394,session_004_spin_0094,3,2026-09-24T04:39:29.097+00:00,CREDITS,1.0,,OTHER,20000,,,,,,,,,,,,,,0,,,
2395,session_004_spin_0095,1,2026-09-24T04:39:43.865+00:00,CAR,1.0,,PURPLE,,1970,Porsche,#3 917 LH Forza Edition,PORSCHE 917 FE,,,1,1,0,1,SELL,1.0,SELL,1,625000,1.0,0
2396,session_004_spin_0095,2,2026-09-24T04:39:43.865+00:00,CREDITS,1.0,,PURPLE,95000,,,,,,,,,,,,,,0,,,
2397,session_004_spin_0095,3,2026-09-24T04:39:43.865+00:00,CREDITS,1.0,,PURPLE,20000,,,,,,,,,,,,,,0,,,
2398,session_004_spin_0096,1,2026-09-24T04:39:58.535+00:00,CREDITS,1.0,,OTHER,10000,,,,,,,,,,,,,,0,,,
2399,session_004_spin_0096,2,2026-09-24T04:39:58.535+00:00,OTHER,0.55,,OTHER,,,,,,,,,,,,,,,0,,,
2400,session_004_spin_0096,3,2026-09-24T04:39:58.535+00:00,CREDITS,1.0,,OTHER,10000,,,,,,,,,,,,,,0,,,
2401,session_004_spin_0097,1,2026-09-24T04:40:17.327+00:00,CREDITS,1.0,,OTHER,15000,,,,,,,,,,,,,,0,,,
2402,session_004_spin_0097,2,2026-09-24T04:40:17.327+00:00,CREDITS,1.0,,OTHER,20000,,,,,,,,,,,,,,0,,,
2403,session_004_spin_0097,3,2026-09-24T04:40:17.327+00:00,CREDITS,1.0,,OTHER,45000,,,,,,,,,,,,,,0,,,
2404,session_004_spin_0098,1,2026-09-24T04:40:36.660+00:00,OTHER,0.55,,OTHER,,,,,,,,,,,,,,,0,,,
2405,session_004_spin_0098,2,2026-09-24T04:40:36.660+00:00,CREDITS,1.0,,OTHER,40000,,,,,,,,,,,,,,0,,,
2406,session_004_spin_0098,3,2026-09-24T04:40:36.660+00:00,CREDITS,1.0,,BLUE,75000,,,,,,,,,,,,,,0,,,
2407,session_004_spin_0099,1,2026-09-24T04:40:55.367+00:00,CREDITS,1.0,,OTHER,20000,,,,,,,,,,,,,,0,,,
2408,session_004_spin_0099,2,2026-09-24T04:40:55.367+00:00,CREDITS,1.0,,OTHER,15000,,,,,,,,,,,,,,0,,,
2409,session_004_spin_0099,3,2026-09-24T04:40:55.367+00:00,CREDITS,1.0,,OTHER,20000,,,,,,,,,,,,,,0,,,
2410,session_004_spin_0100,1,2026-09-24T04:41:14.547+00:00,CREDITS,1.0,,OTHER,250000,,,,,,,,,,,,,,0,,,
2411,session_004_spin_0100,2,2026-09-24T04:41:14.547+00:00,CREDITS,1.0,,OTHER,15000,,,,,,,,,,,,,,0,,,
2412,session_004_spin_0100,3,2026-09-24T04:41:14.547+00:00,CREDITS,1.0,,OTHER,20000,,,,,,,,,,,,,,0,,,
2413,session_004_spin_0101,1,2026-09-24T04:41:33.504+00:00,CAR,0.78,,OTHER,,2016,LAMBORGHINI,CENTENARIO LP 770 4 ENTENAR LAMBORGARIO L,LAMBO CENTENARIO,,,0,,1,1,KEEP,1.0,KEEP,1,,1.0,1
2414,session_004_spin_0101,2,2026-09-24T04:41:33.504+00:00,CREDITS,1.0,,PURPLE,175000,,,,,,,,,,,,,,0,,,
2415,session_004_spin_0101,3,2026-09-24T04:41:33.504+00:00,CREDITS,1.0,,OTHER,20000,,,,,,,,,,,,,,0,,,
2416,session_004_spin_0102,1,2026-09-24T04:41:46.258+00:00,CREDITS,1.0,,NEUTRAL,15000,,,,,,,,,,,,,,0,,,
2417,session_004_spin_0102,2,2026-09-24T04:41:46.258+00:00,CREDITS,1.0,,NEUTRAL,20000,,,,,,,,,,,,,,0,,,
2418,session_004_spin_0102,3,2026-09-24T04:41:46.258+00:00,CREDITS,1.0,,NEUTRAL,35000,,,,,,,,,,,,,,0,,,
2419,session_004_spin_0103,1,2026-09-24T04:42:05.683+00:00,CAR,0.78,,BLUE,,2022,HYUNDAI,N VISION 74 ION 022 HYUNDJISION,N VISION 74 22,,,0,,0,1,SELL,1.0,SELL,1,162500,1.0,0
2420,session_004_spin_0103,2,2026-09-24T04:42:05.683+00:00,CREDITS,1.0,,PURPLE,175000,,,,,,,,,,,,,,0,,,
2421,session_004_spin_0103,3,2026-09-24T04:42:05.683+00:00,CAR,0.78,,OTHER,,1993,FORD,MUSTANG SVT COBRA R USTANA FORDJ,FORD MUSTANG 93,,,0,,0,1,SELL,1.0,SELL,1,42000,1.0,0
2422,session_004_spin_0104,1,2026-09-24T04:42:23.607+00:00,CAR,0.78,,NEUTRAL,,1987,LOERCEDES,BENZ AMG HAMMER COUPE MG HAN IMER VERCEDES MERCEDESAMME,AMG HAMMER COUPE,,,0,,0,1,SELL,1.0,SELL,1,112500,1.0,0
2423,session_004_spin_0104,2,2026-09-24T04:42:23.607+00:00,CREDITS,1.0,,NEUTRAL,15000,,,,,,,,,,,,,,0,,,
2424,session_004_spin_0104,3,2026-09-24T04:42:23.607+00:00,CAR,0.78,,NEUTRAL,,1984,HONDA,CITY E II CIT HONDP ITY EL,CITY E II 84,,,0,,0,1,SELL,1.0,SELL,1,3750,1.0,0
2425,session_004_spin_0105,1,2026-09-24T04:42:42.011+00:00,CREDITS,0.99,,OTHER,5000,,,,,,,,,,,,,,0,,,
2426,session_004_spin_0105,2,2026-09-24T04:42:42.011+00:00,CREDITS,1.0,,PURPLE,200000,,,,,,,,,,,,,,0,,,
2427,session_004_spin_0105,3,2026-09-24T04:42:42.011+00:00,CAR,0.78,,PURPLE,,2022,MAZDA,MX 5 MIATA RF 1 MAZD6 MIAT,MAZDA MX 5 RF,,,0,,0,1,SELL,1.0,SELL,1,14500,1.0,0
2428,session_004_spin_0106,1,2026-09-24T04:42:56.375+00:00,CREDITS,1.0,,OTHER,10000,,,,,,,,,,,,,,0,,,
2429,session_004_spin_0106,2,2026-09-24T04:42:56.375+00:00,CREDITS,1.0,,NEUTRAL,100000,,,,,,,,,,,,,,0,,,
2430,session_004_spin_0106,3,2026-09-24T04:42:56.375+00:00,CAR,0.78,,NEUTRAL,,1991,TOYOTA,SERA TOYOTP,TOYOTA SERA 91,,,0,,0,1,SELL,1.0,SELL,1,5500,1.0,0
2431,session_004_spin_0107,1,2026-09-24T04:43:10.524+00:00,CREDITS,1.0,,NEUTRAL,50000,,,,,,,,,,,,,,0,,,
2432,session_004_spin_0107,2,2026-09-24T04:43:10.524+00:00,CAR,0.55,,OTHER,,,,HONDA S2000,HONDA S2000,,,,,0,1,SELL,1.0,SELL,1,27500,1.0,0
2433,session_004_spin_0107,3,2026-09-24T04:43:10.524+00:00,CREDITS,1.0,,OTHER,15000,,,,,,,,,,,,,,0,,,
2434,session_004_spin_0108,1,2026-09-24T04:43:24.669+00:00,CREDITS,1.0,,NEUTRAL,15000,,,,,,,,,,,,,,0,,,
2435,session_004_spin_0108,2,2026-09-24T04:43:24.669+00:00,CAR,0.45,,NEUTRAL,,1995,M5,BMW M5 95,BMW M5 95,,,0,,0,1,SELL,1.0,SELL,1,,1.0,0
2436,session_004_spin_0108,3,2026-09-24T04:43:24.669+00:00,CREDITS,1.0,,NEUTRAL,20000,,,,,,,,,,,,,,0,,,
2437,session_004_spin_0109,1,2026-09-24T04:43:39.343+00:00,OTHER,0.55,,PURPLE,,,,,,,,,,,,,,,0,,,
2438,session_004_spin_0109,2,2026-09-24T04:43:39.343+00:00,CAR,0.78,,PURPLE,,2022,MAZDA,MX 5 MIATA RF 1 MAZD6 MIAT,MAZDA MX 5 RF,,,0,,0,1,SELL,1.0,SELL,1,14500,1.0,0
2439,session_004_spin_0109,3,2026-09-24T04:43:39.343+00:00,CAR,0.78,,PURPLE,,2010,MAZDA,MAZDASPEED 3 LSPEED MAZDNGYPE,MAZDA 3,,,0,,0,1,SELL,1.0,SELL,1,12500,1.0,0
2440,session_004_spin_0110,1,2026-09-24T04:43:57.329+00:00,CREDITS,1.0,,NEUTRAL,50000,,,,,,,,,,,,,,0,,,
2441,session_004_spin_0110,2,2026-09-24T04:43:57.329+00:00,CREDITS,1.0,,NEUTRAL,250000,,,,,,,,,,,,,,0,,,
2442,session_004_spin_0110,3,2026-09-24T04:43:57.329+00:00,CREDITS,1.0,,NEUTRAL,10000,,,,,,,,,,,,,,0,,,
2443,session_004_spin_0111,1,2026-09-24T04:44:16.601+00:00,CREDITS,1.0,,BLUE,80000,,,,,,,,,,,,,,0,,,
2444,session_004_spin_0111,2,2026-09-24T04:44:16.601+00:00,CREDITS,1.0,,BLUE,20000,,,,,,,,,,,,,,0,,,
2445,session_004_spin_0111,3,2026-09-24T04:44:16.601+00:00,CAR,0.78,,OTHER,,2020,FORD,DUTY F 450 DRW ILTV 45 PLATI ER PLATIN FORD150 DI,FORD SD F 450,,,0,,0,1,SELL,1.0,SELL,1,32500,1.0,0
2446,session_004_spin_0112,1,2026-09-24T04:44:31.587+00:00,CREDITS,1.0,,BLUE,100000,,,,,,,,,,,,,,0,,,
2447,session_004_spin_0112,2,2026-09-24T04:44:31.587+00:00,CREDITS,1.0,,BLUE,95000,,,,,,,,,,,,,,0,,,
2448,session_004_spin_0112,3,2026-09-24T04:44:31.587+00:00,CAR,0.78,,BLUE,,1970,DATSUN,510 970 DATSUB,DATSUN 510,,,0,,0,1,SELL,1.0,SELL,1,,1.0,0
2449,session_004_spin_0113,1,2026-09-24T04:44:45.745+00:00,CREDITS,1.0,,NEUTRAL,25000,,,,,,,,,,,,,,0,,,
2450,session_004_spin_0113,2,2026-09-24T04:44:45.745+00:00,CREDITS,1.0,,NEUTRAL,150000,,,,,,,,,,,,,,0,,,
2451,session_004_spin_0113,3,2026-09-24T04:44:45.745+00:00,CAR,0.78,,NEUTRAL,,2003,TOYOTA,CELICA SPORT SPECIALTY II ICA SOO T SPECIALTV 003 TOYOTJORT,TOYOTA CELICA 03,,,0,,0,1,SELL,1.0,SELL,1,,1.0,0
2452,session_004_spin_0114,1,2026-09-24T04:45:00.125+00:00,CREDITS,1.0,,NEUTRAL,150000,,,,,,,,,,,,,,0,,,
2453,session_004_spin_0114,2,2026-09-24T04:45:00.125+00:00,CREDITS,1.0,,NEUTRAL,20000,,,,,,,,,,,,,,0,,,
2454,session_004_spin_0114,3,2026-09-24T04:45:00.125+00:00,CAR,0.78,,NEUTRAL,,2005,TOYOTA,CROWN SUPER DELUXE TAXI WN SUM TAX 005 TOYOTJPER,T CROWN TAXI,,,0,,0,1,SELL,1.0,SELL,1,5000,1.0,0
2455,session_004_spin_0115,1,2026-09-24T04:45:15.009+00:00,CREDITS,1.0,,ORANGE,250000,,,,,,,,,,,,,,0,,,
2456,session_004_spin_0115,2,2026-09-24T04:45:15.010+00:00,CREDITS,1.0,,ORANGE,95000,,,,,,,,,,,,,,0,,,
2457,session_004_spin_0115,3,2026-09-24T04:45:15.010+00:00,CREDITS,1.0,,ORANGE,150000,,,,,,,,,,,,,,0,,,
2458,session_004_spin_0116,1,2026-09-24T04:45:26.958+00:00,CREDITS,1.0,,OTHER,20000,,,,,,,,,,,,,,0,,,
2459,session_004_spin_0116,2,2026-09-24T04:45:26.958+00:00,CREDITS,1.0,,OTHER,25000,,,,,,,,,,,,,,0,,,
2460,session_004_spin_0116,3,2026-09-24T04:45:26.958+00:00,CREDITS,1.0,,OTHER,45000,,,,,,,,,,,,,,0,,,
2461,session_004_spin_0117,1,2026-09-24T04:45:46.365+00:00,CREDITS,1.0,,BLUE,95000,,,,,,,,,,,,,,0,,,
2462,session_004_spin_0117,2,2026-09-24T04:45:46.365+00:00,CREDITS,1.0,,BLUE,75000,,,,,,,,,,,,,,0,,,
2463,session_004_spin_0117,3,2026-09-24T04:45:46.365+00:00,CREDITS,1.0,,BLUE,10000,,,,,,,,,,,,,,0,,,
2464,session_004_spin_0118,1,2026-09-24T04:45:58.267+00:00,CREDITS,1.0,,PURPLE,35000,,,,,,,,,,,,,,0,,,
2465,session_004_spin_0118,2,2026-09-24T04:45:58.267+00:00,CREDITS,1.0,,PURPLE,200000,,,,,,,,,,,,,,0,,,
2466,session_004_spin_0118,3,2026-09-24T04:45:58.267+00:00,CREDITS,1.0,,PURPLE,40000,,,,,,,,,,,,,,0,,,
2467,session_004_spin_0119,1,2026-09-24T04:46:17.687+00:00,OTHER,0.55,,OTHER,,,,,,,,,,,,,,,0,,,
2468,session_004_spin_0119,2,2026-09-24T04:46:17.687+00:00,CREDITS,1.0,,OTHER,15000,,,,,,,,,,,,,,0,,,
2469,session_004_spin_0119,3,2026-09-24T04:46:17.687+00:00,CAR,0.78,,OTHER,,2019,ZENVO,TSR S ZENVOTSR,ZENVO TSR S,,,0,,0,1,SELL,1.0,SELL,1,600000,1.0,0
2470,session_004_spin_0120,1,2026-09-24T04:46:32.300+00:00,CREDITS,1.0,,NEUTRAL,80000,,,,,,,,,,,,,,0,,,
2471,session_004_spin_0120,2,2026-09-24T04:46:32.300+00:00,CREDITS,1.0,,OTHER,45000,,,,,,,,,,,,,,0,,,
2472,session_004_spin_0120,3,2026-09-24T04:46:32.300+00:00,CREDITS,1.0,,OTHER,45000,,,,,,,,,,,,,,0,,,
2473,session_004_spin_0121,1,2026-09-24T04:46:51.501+00:00,CREDITS,1.0,,OTHER,95000,,,,,,,,,,,,,,0,,,
2474,session_004_spin_0121,2,2026-09-24T04:46:51.501+00:00,CREDITS,1.0,,OTHER,10000,,,,,,,,,,,,,,0,,,
2475,session_004_spin_0121,3,2026-09-24T04:46:51.501+00:00,CREDITS,1.0,,OTHER,10000,,,,,,,,,,,,,,0,,,
2476,session_004_spin_0122,1,2026-09-24T04:47:10.378+00:00,CAR,0.78,,NEUTRAL,,2020,HYUNDAI,130 N BON I30 020 HYUND,HYUNDAI I30 N,,,0,,0,1,SELL,1.0,SELL,1,16000,1.0,0
2477,session_004_spin_0122,2,2026-09-24T04:47:10.378+00:00,CREDITS,1.0,,NEUTRAL,80000,,,,,,,,,,,,,,0,,,
2478,session_004_spin_0122,3,2026-09-24T04:47:10.378+00:00,CREDITS,1.0,,OTHER,45000,,,,,,,,,,,,,,0,,,
2479,session_004_spin_0123,1,2026-09-24T04:47:24.897+00:00,CREDITS,1.0,,PURPLE,150000,,,,,,,,,,,,,,0,,,
2480,session_004_spin_0123,2,2026-09-24T04:47:24.898+00:00,CREDITS,1.0,,PURPLE,95000,,,,,,,,,,,,,,0,,,
2481,session_004_spin_0123,3,2026-09-24T04:47:24.898+00:00,CREDITS,1.0,,PURPLE,75000,,,,,,,,,,,,,,0,,,
2482,session_004_spin_0124,1,2026-09-24T04:47:36.457+00:00,CREDITS,1.0,,NEUTRAL,40000,,,,,,,,,,,,,,0,,,
2483,session_004_spin_0124,2,2026-09-24T04:47:36.457+00:00,CREDITS,1.0,,NEUTRAL,15000,,,,,,,,,,,,,,0,,,
2484,session_004_spin_0124,3,2026-09-24T04:47:36.457+00:00,CREDITS,1.0,,NEUTRAL,15000,,,,,,,,,,,,,,0,,,
2485,session_004_spin_0125,1,2026-09-24T04:47:55.688+00:00,CAR,0.78,,OTHER,,2012,JEEP,WRANGLER RUBICON WRANALF,JEEP WRANGLER,,,0,,0,1,SELL,1.0,SELL,1,8000,1.0,0
2486,session_004_spin_0125,2,2026-09-24T04:47:55.688+00:00,CREDITS,1.0,,OTHER,20000,,,,,,,,,,,,,,0,,,
2487,session_004_spin_0125,3,2026-09-24T04:47:55.688+00:00,CAR,0.78,,OTHER,,1997,MITSUBISHI,GTO ITO 97 MITSUBIS,MITSUBISHI GTO,,,0,,0,1,SELL,1.0,SELL,1,10000,1.0,0
2488,session_004_spin_0126,1,2026-09-24T04:48:13.312+00:00,CREDITS,1.0,,NEUTRAL,10000,,,,,,,,,,,,,,0,,,
2489,session_004_spin_0126,2,2026-09-24T04:48:13.312+00:00,CREDITS,1.0,,NEUTRAL,50000,,,,,,,,,,,,,,0,,,
2490,session_004_spin_0126,3,2026-09-24T04:48:13.313+00:00,CREDITS,1.0,,NEUTRAL,12000,,,,,,,,,,,,,,0,,,
2491,session_004_spin_0127,1,2026-09-24T04:48:32.777+00:00,CREDITS,1.0,,BLUE,80000,,,,,,,,,,,,,,0,,,
2492,session_004_spin_0127,2,2026-09-24T04:48:32.777+00:00,CREDITS,1.0,,BLUE,95000,,,,,,,,,,,,,,0,,,
2493,session_004_spin_0127,3,2026-09-24T04:48:32.777+00:00,CREDITS,1.0,,BLUE,25000,,,,,,,,,,,,,,0,,,
2494,session_004_spin_0128,1,2026-09-24T04:48:51.466+00:00,CREDITS,1.0,,NEUTRAL,75000,,,,,,,,,,,,,,0,,,
2495,session_004_spin_0128,2,2026-09-24T04:48:51.466+00:00,CREDITS,1.0,,NEUTRAL,150000,,,,,,,,,,,,,,0,,,
2496,session_004_spin_0128,3,2026-09-24T04:48:51.466+00:00,CREDITS,1.0,,OTHER,15000,,,,,,,,,,,,,,0,,,
2497,session_004_spin_0129,1,2026-09-24T04:49:10.546+00:00,CREDITS,1.0,,OTHER,250000,,,,,,,,,,,,,,0,,,
2498,session_004_spin_0129,2,2026-09-24T04:49:10.546+00:00,CREDITS,1.0,,OTHER,45000,,,,,,,,,,,,,,0,,,
2499,session_004_spin_0129,3,2026-09-24T04:49:10.546+00:00,CREDITS,1.0,,OTHER,20000,,,,,,,,,,,,,,0,,,
2500,session_004_spin_0130,1,2026-09-24T04:49:29.751+00:00,CREDITS,1.0,,OTHER,15000,,,,,,,,,,,,,,0,,,
2501,session_004_spin_0130,2,2026-09-24T04:49:29.751+00:00,CAR,1.0,,PURPLE,,2012,Lamborghini,Aventador LP700-4,AVENTADOR 12,,,0,1,1,1,KEEP,1.0,KEEP,1,,1.0,1
2502,session_004_spin_0130,3,2026-09-24T04:49:29.751+00:00,CAR,0.78,,BLUE,,1993,JAGUAR,XJ220S TWR XJ22 993 JAGUA120S T,JAGUAR XJ220S,,,0,,0,1,SELL,1.0,SELL,1,270000,1.0,0
2503,session_004_spin_0131,1,2026-09-24T04:49:46.507+00:00,CREDITS,1.0,,BLUE,50000,,,,,,,,,,,,,,0,,,
2504,session_004_spin_0131,2,2026-09-24T04:49:46.507+00:00,OTHER,0.55,,OTHER,,,,,,,,,,,,,,,0,,,
2505,session_004_spin_0131,3,2026-09-24T04:49:46.507+00:00,CREDITS,1.0,,OTHER,35000,,,,,,,,,,,,,,0,,,
2506,session_004_spin_0132,1,2026-09-24T04:50:05.380+00:00,CREDITS,1.0,,OTHER,20000,,,,,,,,,,,,,,0,,,
2507,session_004_spin_0132,2,2026-09-24T04:50:05.380+00:00,CAR,0.78,,OTHER,,1973,MAZDA,RX 3 11973,MAZDA RX 3,,,0,,0,1,SELL,1.0,SELL,1,36500,1.0,0
2508,session_004_spin_0132,3,2026-09-24T04:50:05.382+00:00,CAR,0.78,,NEUTRAL,,2020,FORMULA,DRIFT BMW M2,91 BMW M2,,,0,,0,1,SELL,1.0,SELL,1,,1.0,0
2509,session_004_spin_0133,1,2026-09-24T04:50:23.211+00:00,CREDITS,1.0,,NEUTRAL,250000,,,,,,,,,,,,,,0,,,
2510,session_004_spin_0133,2,2026-09-24T04:50:23.211+00:00,CAR,0.78,,NEUTRAL,,2020,PIERCEDES,AMG SLC 43 FINAL EDITION LC F INAL VERCEDES MG MERCEDES,M AMG SLC 43 20,,,0,,0,1,SELL,1.0,SELL,1,,1.0,0
2511,session_004_spin_0133,3,2026-09-24T04:50:23.211+00:00,CAR,0.78,,NEUTRAL,,2022,ASTON,MARTIN VALKYRIE AMR PRO VALKVRIE M IE ABI,AM VALKYRIE AMR,,,0,,0,1,SELL,1.0,SELL,1,,1.0,0
2512,session_004_spin_0134,1,2026-09-24T04:50:41.664+00:00,CREDITS,1.0,,GREEN,95000,,,,,,,,,,,,,,0,,,
2513,session_004_spin_0134,2,2026-09-24T04:50:41.664+00:00,CREDITS,1.0,,GREEN,20000,,,,,,,,,,,,,,0,,,
2514,session_004_spin_0134,3,2026-09-24T04:50:41.664+00:00,CREDITS,0.99,,GREEN,5000,,,,,,,,,,,,,,0,,,
2515,session_004_spin_0135,1,2026-09-24T04:50:53.550+00:00,CAR,0.78,,OTHER,,1980,SUBARU,BRAT GL 980 SUBARRAT C,SUBARU BRAT,,,0,,0,1,SELL,1.0,SELL,1,10000,1.0,0
2516,session_004_spin_0135,2,2026-09-24T04:50:53.552+00:00,CREDITS,1.0,,PURPLE,20000,,,,,,,,,,,,,,0,,,
2517,session_004_spin_0135,3,2026-09-24T04:50:53.552+00:00,CAR,0.78,,PURPLE,,2015,MCLAREN,570S COUPE MCLARDS COT,MCLAREN 570S,,,0,,0,1,SELL,1.0,SELL,1,65000,1.0,0
2518,session_004_spin_0136,1,2026-09-24T04:51:11.344+00:00,CREDITS,1.0,,NEUTRAL,20000,,,,,,,,,,,,,,0,,,
2519,session_004_spin_0136,2,2026-09-24T04:51:11.344+00:00,CAR,0.78,,NEUTRAL,,1995,VOLKSVVAGEN,CORRADO VR6 CORRA DO 5 VOLKSWAIRADO,VW CORRADO,,,0,,0,1,SELL,1.0,SELL,1,,1.0,0
2520,session_004_spin_0136,3,2026-09-24T04:51:11.344+00:00,CREDITS,1.0,,NEUTRAL,100000,,,,,,,,,,,,,,0,,,
2521,session_004_spin_0137,1,2026-09-24T04:51:26.006+00:00,CREDITS,1.0,,PURPLE,200000,,,,,,,,,,,,,,0,,,
2522,session_004_spin_0137,2,2026-09-24T04:51:26.006+00:00,OTHER,0.55,,OTHER,,,,,,,,,,,,,,,0,,,
2523,session_004_spin_0137,3,2026-09-24T04:51:26.006+00:00,CAR,0.78,,PURPLE,,1993,RENAULT,CLIO WILLIAMS V ILLIAMS 993 RENAUL WILLI,RENAULT CLIO 93,,,0,,0,1,SELL,1.0,SELL,1,15000,1.0,0
2524,session_004_spin_0138,1,2026-09-24T04:51:40.513+00:00,CREDITS,1.0,,OTHER,250000,,,,,,,,,,,,,,0,,,
2525,session_004_spin_0138,2,2026-09-24T04:51:40.513+00:00,CREDITS,1.0,,OTHER,20000,,,,,,,,,,,,,,0,,,
2526,session_004_spin_0138,3,2026-09-24T04:51:40.513+00:00,CREDITS,1.0,,OTHER,10000,,,,,,,,,,,,,,0,,,
2527,session_004_spin_0139,1,2026-09-24T04:51:59.862+00:00,OTHER,0.55,,PURPLE,,,,,,,,,,,,,,,0,,,
2528,session_004_spin_0139,2,2026-09-24T04:51:59.862+00:00,CREDITS,1.0,,PURPLE,200000,,,,,,,,,,,,,,0,,,
2529,session_004_spin_0139,3,2026-09-24T04:51:59.862+00:00,CREDITS,1.0,,PURPLE,20000,,,,,,,,,,,,,,0,,,
2530,session_004_spin_0140,1,2026-09-24T04:52:18.591+00:00,CREDITS,1.0,,NEUTRAL,200000,,,,,,,,,,,,,,0,,,
2531,session_004_spin_0140,2,2026-09-24T04:52:18.591+00:00,CREDITS,1.0,,OTHER,20000,,,,,,,,,,,,,,0,,,
2532,session_004_spin_0140,3,2026-09-24T04:52:18.591+00:00,CREDITS,1.0,,OTHER,20000,,,,,,,,,,,,,,0,,,
2533,session_004_spin_0141,1,2026-09-24T04:52:37.593+00:00,CAR,0.78,,OTHER,,1992,LANCIA,DELTA HF INTEGRALE EVO LANCU INTEG,LANCIA DELTA,,,0,,0,1,SELL,1.0,SELL,1,55000,1.0,0
2534,session_004_spin_0141,2,2026-09-24T04:52:37.593+00:00,CREDITS,1.0,,OTHER,45000,,,,,,,,,,,,,,0,,,
2535,session_004_spin_0141,3,2026-09-24T04:52:37.593+00:00,CREDITS,1.0,,OTHER,15000,,,,,,,,,,,,,,0,,,
2536,session_004_spin_0142,1,2026-09-24T04:52:51.957+00:00,CREDITS,1.0,,NEUTRAL,45000,,,,,,,,,,,,,,0,,,
2537,session_004_spin_0142,2,2026-09-24T04:52:51.957+00:00,CAR,0.78,,NEUTRAL,,2015,CHEVROLET,CORVETTE Z06 CORVE 15 CHC VR01VETTE,CORVETTE 15,,,0,,0,1,SELL,1.0,SELL,1,,1.0,0
2538,session_004_spin_0142,3,2026-09-24T04:52:51.957+00:00,CREDITS,1.0,,NEUTRAL,250000,,,,,,,,,,,,,,0,,,
2539,session_004_spin_0143,1,2026-09-24T04:53:06.352+00:00,CAR,0.78,,OTHER,,1980,ABARTH,FIAT 131 980 ABARTFIAT 13,ABARTH 131,,,0,,0,1,SELL,1.0,SELL,1,62500,1.0,0
2540,session_004_spin_0143,2,2026-09-24T04:53:06.352+00:00,CREDITS,1.0,,OTHER,20000,,,,,,,,,,,,,,0,,,
2541,session_004_spin_0143,3,2026-09-24T04:53:06.352+00:00,CAR,0.78,,NEUTRAL,,1986,LANCIA,DELTA S4 DEI SA LANCI ELTA S,LANCIA DELTA S4,,,0,,0,1,SELL,1.0,SELL,1,27500,1.0,0
2542,session_004_spin_0144,1,2026-09-24T04:53:24.252+00:00,CREDITS,1.0,,NEUTRAL,50000,,,,,,,,,,,,,,0,,,
2543,session_004_spin_0144,2,2026-09-24T04:53:24.252+00:00,CREDITS,1.0,,OTHER,15000,,,,,,,,,,,,,,0,,,
2544,session_004_spin_0144,3,2026-09-24T04:53:24.252+00:00,CAR,0.78,,OTHER,,2005,BMW,M3,BMW M3 05,,,0,,0,1,SELL,1.0,SELL,1,,1.0,0
2545,session_004_spin_0145,1,2026-09-24T04:53:38.685+00:00,CAR,0.78,,NEUTRAL,,2016,AUDI,R8 VIO PLUS R8V 0 DLUS TAA P,AUDI R8 VIO PLUS,,,0,,0,1,SELL,1.0,SELL,1,80000,1.0,0
2546,session_004_spin_0145,2,2026-09-24T04:53:38.685+00:00,CAR,0.45,,NEUTRAL,,2012,BMW,M5,BMW M5 12,,,0,,0,1,SELL,1.0,SELL,1,20000,1.0,0
2547,session_004_spin_0145,3,2026-09-24T04:53:38.685+00:00,CREDITS,1.0,,NEUTRAL,35000,,,,,,,,,,,,,,0,,,
2548,session_004_spin_0146,1,2026-09-24T04:56:52.434+00:00,CREDITS,1.0,,PURPLE,95000,,,,,,,,,,,,,,0,,,
2549,session_004_spin_0146,2,2026-09-24T04:56:52.434+00:00,CREDITS,1.0,,PURPLE,150000,,,,,,,,,,,,,,0,,,
2550,session_004_spin_0146,3,2026-09-24T04:56:52.434+00:00,CREDITS,1.0,,PURPLE,15000,,,,,,,,,,,,,,0,,,
2551,session_004_spin_0147,1,2026-09-24T04:57:03.687+00:00,CREDITS,1.0,,NEUTRAL,15000,,,,,,,,,,,,,,0,,,
2552,session_004_spin_0147,2,2026-09-24T04:57:03.687+00:00,CREDITS,1.0,,NEUTRAL,20000,,,,,,,,,,,,,,0,,,
2553,session_004_spin_0147,3,2026-09-24T04:57:03.687+00:00,CREDITS,1.0,,NEUTRAL,100000,,,,,,,,,,,,,,0,,,
2554,session_004_spin_0148,1,2026-09-24T04:57:22.759+00:00,CREDITS,1.0,,OTHER,45000,,,,,,,,,,,,,,0,,,
2555,session_004_spin_0148,2,2026-09-24T04:57:22.759+00:00,CREDITS,1.0,,NEUTRAL,175000,,,,,,,,,,,,,,0,,,
2556,session_004_spin_0148,3,2026-09-24T04:57:22.759+00:00,CREDITS,1.0,,NEUTRAL,100000,,,,,,,,,,,,,,0,,,
2557,session_004_spin_0149,1,2026-09-24T04:57:42.341+00:00,CREDITS,1.0,,GREEN,15000,,,,,,,,,,,,,,0,,,
2558,session_004_spin_0149,2,2026-09-24T04:57:42.341+00:00,CREDITS,1.0,,GREEN,15000,,,,,,,,,,,,,,0,,,
2559,session_004_spin_0149,3,2026-09-24T04:57:42.341+00:00,CREDITS,0.99,,GREEN,5000,,,,,,,,,,,,,,0,,,
2560,session_004_spin_0150,1,2026-09-24T04:57:53.858+00:00,CREDITS,1.0,,NEUTRAL,200000,,,,,,,,,,,,,,0,,,
2561,session_004_spin_0150,2,2026-09-24T04:57:53.858+00:00,CAR,0.78,,NEUTRAL,,2007,ALFA,8C COTNPETIZIONE CORM IPETIZIONE ROMEO CONUJETIZIONE ROAMPET,ALFA ROMEO 8C,,,0,,0,1,SELL,1.0,,0,156000,1.0,0
2562,session_004_spin_0150,3,2026-09-24T04:57:53.858+00:00,CREDITS,1.0,,NEUTRAL,20000,,,,,,,,,,,,,,0,,,
2563,session_004_spin_0151,1,2026-09-24T05:04:11.372+00:00,CAR,0.78,,NEUTRAL,,1973,FORD,XB FALCON GT ICON FORDFALCOI FORDFALCG,FORD XB FALCON,,,0,,0,1,SELL,1.0,SELL,1,,1.0,0
2564,session_004_spin_0151,2,2026-09-24T05:04:11.374+00:00,CREDITS,1.0,,NEUTRAL,10000,,,,,,,,,,,,,,0,,,
2565,session_004_spin_0151,3,2026-09-24T05:04:11.375+00:00,CREDITS,1.0,,NEUTRAL,200000,,,,,,,,,,,,,,0,,,
2566,session_004_spin_0152,1,2026-09-24T05:04:26.029+00:00,CREDITS,1.0,,OTHER,20000,,,,,,,,,,,,,,0,,,
2567,session_004_spin_0152,2,2026-09-24T05:04:26.029+00:00,CAR,0.78,,OTHER,,2023,ASTON,MARTIN VALKYRIE VAL MAALKVRI,AM VALKYRIE,,,0,,0,1,SELL,1.0,SELL,1,,1.0,0
2568,session_004_spin_0152,3,2026-09-24T05:04:26.032+00:00,OTHER,0.55,,OTHER,,,,,,,,,,,,,,,0,,,
2569,session_004_spin_0153,1,2026-09-24T05:04:41.037+00:00,CAR,0.78,,BLUE,,1968,PLYMOUTH,BARRACUDA FORMULA S ARRACUD A 68 PLYMOULDA FO PLYMOULDAEO,BARRACUDA,,,0,,0,1,SELL,1.0,SELL,1,22500,1.0,0
2570,session_004_spin_0153,2,2026-09-24T05:04:41.037+00:00,CREDITS,1.0,,BLUE,95000,,,,,,,,,,,,,,0,,,
2571,session_004_spin_0153,3,2026-09-24T05:04:41.037+00:00,CREDITS,1.0,,BLUE,10000,,,,,,,,,,,,,,0,,,
2572,session_004_spin_0154,1,2026-09-24T05:04:55.274+00:00,CREDITS,1.0,,OTHER,35000,,,,,,,,,,,,,,0,,,
2573,session_004_spin_0154,2,2026-09-24T05:04:55.274+00:00,CREDITS,1.0,,OTHER,12000,,,,,,,,,,,,,,0,,,
2574,session_004_spin_0154,3,2026-09-24T05:04:55.274+00:00,CREDITS,1.0,,OTHER,15000,,,,,,,,,,,,,,0,,,
2575,session_004_spin_0155,1,2026-09-24T05:05:14.433+00:00,CREDITS,1.0,,NEUTRAL,50000,,,,,,,,,,,,,,0,,,
2576,session_004_spin_0155,2,2026-09-24T05:05:14.433+00:00,CAR,0.78,,OTHER,,2000,FORD,MUSTANG SVT COBRA R FORDJ,FORD MUSTANG 00,,,0,,0,1,SELL,1.0,SELL,1,,1.0,0
2577,session_004_spin_0155,3,2026-09-24T05:05:14.433+00:00,CAR,0.78,,NEUTRAL,,1986,FORD,150 XLT LARIAT FORZA EDITI LARI IAT EDIT EDITIO STUNT SKILLS BOOST FORDIRIAT F RIAT,FORD F 150 FE,,,0,,0,1,SELL,1.0,SELL,1,250000,1.0,0
2578,session_004_spin_0156,1,2026-09-24T05:05:32.092+00:00,CREDITS,1.0,,NEUTRAL,50000,,,,,,,,,,,,,,0,,,
2579,session_004_spin_0156,2,2026-09-24T05:05:32.092+00:00,CREDITS,1.0,,NEUTRAL,25000,,,,,,,,,,,,,,0,,,
2580,session_004_spin_0156,3,2026-09-24T05:05:32.092+00:00,CREDITS,1.0,,NEUTRAL,20000,,,,,,,,,,,,,,0,,,
2581,session_004_spin_0157,1,2026-09-24T05:05:51.072+00:00,CREDITS,1.0,,NEUTRAL,10000,,,,,,,,,,,,,,0,,,
2582,session_004_spin_0157,2,2026-09-24T05:05:51.072+00:00,CREDITS,1.0,,NEUTRAL,25000,,,,,,,,,,,,,,0,,,
2583,session_004_spin_0157,3,2026-09-24T05:05:51.072+00:00,CREDITS,1.0,,NEUTRAL,15000,,,,,,,,,,,,,,0,,,
2584,session_004_spin_0158,1,2026-09-24T05:06:10.282+00:00,CAR,0.78,,OTHER,,2010,FORD,MN VICTORIA POLICE INTERCE LICTORIA INTERCC VVN INTERCEP FORDA POLI,CROWN VICTORIA,,,0,,0,1,SELL,1.0,SELL,1,,1.0,0
2585,session_004_spin_0158,2,2026-09-24T05:06:10.282+00:00,CAR,0.78,,NEUTRAL,,1990,MERCEDES,BENZ 2 5 16 EVOLUTION II FORZA EVOLL ITION CLEAN SKILLS BOOST LUTIOR,MB 190 E FE,,,0,,0,1,SELL,1.0,SELL,1,375000,1.0,0
2586,session_004_spin_0158,3,2026-09-24T05:06:10.282+00:00,CREDITS,1.0,,NEUTRAL,175000,,,,,,,,,,,,,,0,,,
2587,session_004_spin_0159,1,2026-09-24T05:06:28.262+00:00,CREDITS,1.0,,NEUTRAL,40000,,,,,,,,,,,,,,0,,,
2588,session_004_spin_0159,2,2026-09-24T05:06:28.262+00:00,CREDITS,1.0,,NEUTRAL,10000,,,,,,,,,,,,,,0,,,
2589,session_004_spin_0159,3,2026-09-24T05:06:28.262+00:00,CREDITS,1.0,,NEUTRAL,150000,,,,,,,,,,,,,,0,,,
2590,session_004_spin_0160,1,2026-09-24T05:06:47.412+00:00,CREDITS,1.0,,OTHER,15000,,,,,,,,,,,,,,0,,,
2591,session_004_spin_0160,2,2026-09-24T05:06:47.412+00:00,CREDITS,1.0,,OTHER,10000,,,,,,,,,,,,,,0,,,
2592,session_004_spin_0160,3,2026-09-24T05:06:47.412+00:00,CAR,0.78,,NEUTRAL,,2019,FORMULA,DRIFT 11 TOYOTA COROLLA HATCHBA OVOTA C ROLLA HATCHB MI COROLL,411 FD COROLLA,,,0,,0,1,SELL,1.0,SELL,1,75000,1.0,0
2593,session_004_spin_0161,1,2026-09-24T05:07:01.982+00:00,CREDITS,1.0,,NEUTRAL,50000,,,,,,,,,,,,,,0,,,
2594,session_004_spin_0161,2,2026-09-24T05:07:01.982+00:00,CREDITS,1.0,,OTHER,10000,,,,,,,,,,,,,,0,,,
2595,session_004_spin_0161,3,2026-09-24T05:07:01.983+00:00,CREDITS,1.0,,OTHER,10000,,,,,,,,,,,,,,0,,,
2596,session_004_spin_0162,1,2026-09-24T05:07:21.181+00:00,CAR,0.78,,OTHER,,1996,SUBARU,SVX NX 996 SUBAR SUBARI,SUBARU SVX,,,0,,0,1,SELL,1.0,SELL,1,6500,1.0,0
2597,session_004_spin_0162,2,2026-09-24T05:07:21.181+00:00,CREDITS,1.0,,OTHER,15000,,,,,,,,,,,,,,0,,,
2598,session_004_spin_0162,3,2026-09-24T05:07:21.181+00:00,OTHER,0.55,,OTHER,,,,,,,,,,,,,,,0,,,
2599,session_004_spin_0163,1,2026-09-24T05:07:35.669+00:00,CREDITS,1.0,,NEUTRAL,15000,,,,,,,,,,,,,,0,,,
2600,session_004_spin_0163,2,2026-09-24T05:07:35.669+00:00,CREDITS,1.0,,NEUTRAL,10000,,,,,,,,,,,,,,0,,,
2601,session_004_spin_0163,3,2026-09-24T05:07:35.669+00:00,CREDITS,1.0,,NEUTRAL,40000,,,,,,,,,,,,,,0,,,
2602,session_004_spin_0164,1,2026-09-24T05:07:54.850+00:00,CREDITS,1.0,,BLUE,75000,,,,,,,,,,,,,,0,,,
2603,session_004_spin_0164,2,2026-09-24T05:07:54.850+00:00,CREDITS,1.0,,OTHER,35000,,,,,,,,,,,,,,0,,,
2604,session_004_spin_0164,3,2026-09-24T05:07:54.850+00:00,CREDITS,1.0,,BLUE,80000,,,,,,,,,,,,,,0,,,
2605,session_004_spin_0165,1,2026-09-24T05:08:14.003+00:00,CREDITS,1.0,,OTHER,35000,,,,,,,,,,,,,,0,,,
2606,session_004_spin_0165,2,2026-09-24T05:08:14.003+00:00,OTHER,0.55,,OTHER,,,,,,,,,,,,,,,0,,,
2607,session_004_spin_0165,3,2026-09-24T05:08:14.003+00:00,CREDITS,1.0,,BLUE,50000,,,,,,,,,,,,,,0,,,
2608,session_004_spin_0166,1,2026-09-24T05:08:32.721+00:00,CAR,0.78,,NEUTRAL,,2020,FORD,69 PERFORMANCE BRON I9 PERFORTNANCE BROR ORD PERL ORTNANCE BRO PERFONNANCE FORC RFORNI,2069 BRONCO R,,,0,,0,1,SELL,1.0,SELL,1,225000,1.0,0
2609,session_004_spin_0166,2,2026-09-24T05:08:32.721+00:00,CREDITS,1.0,,NEUTRAL,200000,,,,,,,,,,,,,,0,,,
2610,session_004_spin_0166,3,2026-09-24T05:08:32.721+00:00,CAR,0.78,,NEUTRAL,,2015,AUDI,S1 S1,AUDI S1,,,0,,0,1,SELL,1.0,SELL,1,10500,1.0,0
2611,session_004_spin_0167,1,2026-09-24T05:12:40.051+00:00,CAR,0.78,,ORANGE,,2021,LAMBORGHINI,COUNTACH LPI 800 4 OUNTAC 1 LAMBORGCH LP,L COUNTACH 21,,,0,,1,1,KEEP,1.0,KEEP,1,,1.0,1
2612,session_004_spin_0167,2,2026-09-24T05:12:40.051+00:00,CAR,0.78,,ORANGE,,1957,BMW,ISETTA 300 EXPORT 3 3003,BMW ISETTA,,,0,,0,1,SELL,1.0,SELL,1,42000,1.0,0
2613,session_004_spin_0167,3,2026-09-24T05:12:40.051+00:00,CREDITS,1.0,,ORANGE,250000,,,,,,,,,,,,,,0,,,
2614,session_004_spin_0168,1,2026-09-24T05:12:56.718+00:00,CAR,0.78,,OTHER,,1972,RELIANT,SUPERVAN ILL SUOE 972 RELIANJERVAI RELIANJERVA,RELIANT SUPERVAN,,,0,,0,1,SELL,1.0,SELL,1,19500,1.0,0
2615,session_004_spin_0168,2,2026-09-24T05:12:56.718+00:00,CAR,0.78,,OTHER,,1932,FORD,E LUXE FIVE WINDOW COUPC COUP IXE COW WIN,FORD COUPE 32,,,0,,0,1,SELL,1.0,SELL,1,18000,1.0,0
2616,session_004_spin_0168,3,2026-09-24T05:12:56.718+00:00,CREDITS,1.0,,OTHER,10000,,,,,,,,,,,,,,0,,,
2617,session_004_spin_0169,1,2026-09-24T05:14:46.092+00:00,CREDITS,1.0,,GREEN,920000,,,,,,,,,,,,,,0,,,
2618,session_004_spin_0169,2,2026-09-24T05:14:46.092+00:00,CREDITS,1.0,,GREEN,20000,,,,,,,,,,,,,,0,,,
2619,session_004_spin_0169,3,2026-09-24T05:14:46.092+00:00,CREDITS,0.99,,GREEN,5000,,,,,,,,,,,,,,0,,,
2620,session_004_spin_0170,1,2026-09-24T05:14:57.407+00:00,CREDITS,1.0,,NEUTRAL,10000,,,,,,,,,,,,,,0,,,
2621,session_004_spin_0170,2,2026-09-24T05:14:57.407+00:00,CREDITS,1.0,,NEUTRAL,20000,,,,,,,,,,,,,,0,,,
2622,session_004_spin_0170,3,2026-09-24T05:14:57.407+00:00,CREDITS,1.0,,NEUTRAL,250000,,,,,,,,,,,,,,0,,,
2623,session_004_spin_0171,1,2026-09-24T05:15:16.500+00:00,CREDITS,1.0,,OTHER,25000,,,,,,,,,,,,,,0,,,
2624,session_004_spin_0171,2,2026-09-24T05:15:16.500+00:00,CREDITS,1.0,,OTHER,15000,,,,,,,,,,,,,,0,,,
2625,session_004_spin_0171,3,2026-09-24T05:15:16.500+00:00,CREDITS,1.0,,OTHER,15000,,,,,,,,,,,,,,0,,,
2626,session_004_spin_0172,1,2026-09-24T05:15:35.639+00:00,CAR,0.78,,NEUTRAL,,2018,DEBERTI,JEEP WRANGLER UNLIMITED WRAN UNLIMITEC 018 DEBER NGIER DEBER1NQLER,JEEP WRANGLER DD,,,0,,0,1,SELL,1.0,SELL,1,75000,1.0,0
2627,session_004_spin_0172,2,2026-09-24T05:15:35.640+00:00,CREDITS,1.0,,OTHER,20000,,,,,,,,,,,,,,0,,,
2628,session_004_spin_0172,3,2026-09-24T05:15:35.640+00:00,CREDITS,1.0,,OTHER,25000,,,,,,,,,,,,,,0,,,
2629,session_004_spin_0173,1,2026-09-24T05:15:50.211+00:00,CREDITS,1.0,,OTHER,10000,,,,,,,,,,,,,,0,,,
2630,session_004_spin_0173,2,2026-09-24T05:15:50.211+00:00,CREDITS,1.0,,OTHER,40000,,,,,,,,,,,,,,0,,,
2631,session_004_spin_0173,3,2026-09-24T05:15:50.212+00:00,CREDITS,1.0,,OTHER,20000,,,,,,,,,,,,,,0,,,
2632,session_004_spin_0174,1,2026-09-24T05:16:09.854+00:00,CAR,0.78,,PURPLE,,2019,DEBERTI,ER DUTY F 250 LARIAT TRAN UTV 2 50 TRA DEBER1250 L,DEBERTI F 250,,,0,,0,1,SELL,1.0,SELL,1,137500,1.0,0
2633,session_004_spin_0174,2,2026-09-24T05:16:09.855+00:00,CREDITS,1.0,,PURPLE,15000,,,,,,,,,,,,,,0,,,
2634,session_004_spin_0174,3,2026-09-24T05:16:09.855+00:00,CREDITS,0.99,,PURPLE,5000,,,,,,,,,,,,,,0,,,
2635,session_004_spin_0175,1,2026-09-24T05:16:24.562+00:00,CREDITS,1.0,,OTHER,10000,,,,,,,,,,,,,,0,,,
2636,session_004_spin_0175,2,2026-09-24T05:16:24.562+00:00,CREDITS,1.0,,NEUTRAL,50000,,,,,,,,,,,,,,0,,,
2637,session_004_spin_0175,3,2026-09-24T05:16:24.562+00:00,CAR,0.78,,NEUTRAL,,1992,MITSUBISHI,GALANT VR 4 MITSUBISANT VI MITSUBIFANT,GALANT VR 4,,,0,,0,1,SELL,1.0,SELL,1,12500,1.0,0
2638,session_004_spin_0176,1,2026-09-24T05:16:39.085+00:00,CREDITS,1.0,,NEUTRAL,45000,,,,,,,,,,,,,,0,,,
2639,session_004_spin_0176,2,2026-09-24T05:16:39.085+00:00,CREDITS,1.0,,NEUTRAL,15000,,,,,,,,,,,,,,0,,,
2640,session_004_spin_0176,3,2026-09-24T05:16:39.085+00:00,CAR,0.78,,NEUTRAL,,2020,WULING,SUNSHINE S FORZA EDITION ISHINE EDITIOT CREDITS BOOST 1020 WULIN FOR 020,SUNSHINE FE,,,1,,0,1,SELL,1.0,SELL,1,250000,1.0,0
2641,session_004_spin_0177,1,2026-09-24T05:16:53.399+00:00,CREDITS,1.0,,NEUTRAL,12000,,,,,,,,,,,,,,0,,,
2642,session_004_spin_0177,2,2026-09-24T05:16:53.399+00:00,CREDITS,1.0,,NEUTRAL,150000,,,,,,,,,,,,,,0,,,
2643,session_004_spin_0177,3,2026-09-24T05:16:53.399+00:00,CREDITS,1.0,,NEUTRAL,15000,,,,,,,,,,,,,,0,,,
2644,session_004_spin_0178,1,2026-09-24T05:17:12.766+00:00,CAR,0.78,,OTHER,,2007,HONDA,CIVIC TYPE R 007 HOND IC TY TYP,HONDA CIVIC 07,,,0,,0,1,SELL,1.0,SELL,1,8500,1.0,0
2645,session_004_spin_0178,2,2026-09-24T05:17:12.766+00:00,CAR,0.78,,OTHER,,2019,DEBERTI,NMA TRD THE PERFORMAR P ICOMA PERFORMAN DEBERI,DD TACOMA TRD,,,0,,0,1,SELL,1.0,SELL,1,125000,1.0,0
2646,session_004_spin_0178,3,2026-09-24T05:17:12.766+00:00,CREDITS,1.0,,OTHER,15000,,,,,,,,,,,,,,0,,,
2647,session_004_spin_0179,1,2026-09-24T05:17:30.811+00:00,CREDITS,1.0,,PURPLE,10000,,,,,,,,,,,,,,0,,,
2648,session_004_spin_0179,2,2026-09-24T05:17:30.812+00:00,CREDITS,1.0,,PURPLE,40000,,,,,,,,,,,,,,0,,,
2649,session_004_spin_0179,3,2026-09-24T05:17:30.812+00:00,CREDITS,1.0,,PURPLE,200000,,,,,,,,,,,,,,0,,,
2650,session_004_spin_0180,1,2026-09-24T05:17:49.968+00:00,CREDITS,1.0,,OTHER,12000,,,,,,,,,,,,,,0,,,
2651,session_004_spin_0180,2,2026-09-24T05:17:49.968+00:00,CREDITS,1.0,,PURPLE,200000,,,,,,,,,,,,,,0,,,
2652,session_004_spin_0180,3,2026-09-24T05:17:49.968+00:00,CREDITS,1.0,,PURPLE,175000,,,,,,,,,,,,,,0,,,
2653,session_004_spin_0181,1,2026-09-24T05:18:09.081+00:00,CAR,0.78,,OTHER,,2002,CHEVROLET,CORVETTE Z06 CORVE 02 CHEVROLVETTE,CORVETTE 02,,,0,,0,1,SELL,1.0,SELL,1,,1.0,0
2654,session_004_spin_0181,2,2026-09-24T05:18:09.081+00:00,CREDITS,1.0,,OTHER,10000,,,,,,,,,,,,,,0,,,
2655,session_004_spin_0181,3,2026-09-24T05:18:09.081+00:00,CREDITS,1.0,,OTHER,20000,,,,,,,,,,,,,,0,,,
2656,session_004_spin_0182,1,2026-09-24T05:18:23.666+00:00,CREDITS,0.99,,OTHER,5000,,,,,,,,,,,,,,0,,,
2657,session_004_spin_0182,2,2026-09-24T05:18:23.666+00:00,CREDITS,1.0,,OTHER,15000,,,,,,,,,,,,,,0,,,
2658,session_004_spin_0182,3,2026-09-24T05:18:23.667+00:00,CREDITS,1.0,,OTHER,20000,,,,,,,,,,,,,,0,,,
2659,session_004_spin_0183,1,2026-09-24T05:18:42.580+00:00,OTHER,0.55,,OTHER,,,,,,,,,,,,,,,0,,,
2660,session_004_spin_0183,2,2026-09-24T05:18:42.581+00:00,CREDITS,1.0,,NEUTRAL,150000,,,,,,,,,,,,,,0,,,
2661,session_004_spin_0183,3,2026-09-24T05:18:42.581+00:00,CREDITS,1.0,,NEUTRAL,100000,,,,,,,,,,,,,,0,,,
2662,session_004_spin_0184,1,2026-09-24T05:19:01.648+00:00,CAR,0.78,,OTHER,,2015,HONDA,CIVIC TYPE R HOND IC TYP 015 TYB,HONDA CIVIC 16,,,0,,0,1,SELL,1.0,SELL,1,15000,1.0,0
2663,session_004_spin_0184,2,2026-09-24T05:19:01.648+00:00,CREDITS,1.0,,OTHER,15000,,,,,,,,,,,,,,0,,,
2664,session_004_spin_0184,3,2026-09-24T05:19:01.648+00:00,CREDITS,1.0,,OTHER,20000,,,,,,,,,,,,,,0,,,
2665,session_004_spin_0185,1,2026-09-24T05:19:16.059+00:00,CAR,0.78,,NEUTRAL,,1971,PLYMOUTH,CUDA 426 HEMI 1071 PLYVOLITH 71 PLYMOIJI PLYMOIYI,PLYMOUTH CUDA,,,0,,0,1,SELL,1.0,SELL,1,62500,1.0,0
2666,session_004_spin_0185,2,2026-09-24T05:19:16.059+00:00,CREDITS,1.0,,NEUTRAL,98000,,,,,,,,,,,,,,0,,,
2667,session_004_spin_0185,3,2026-09-24T05:19:16.059+00:00,CAR,0.78,,NEUTRAL,,2022,DODGE,CHALLENGER SRT SUPER STOC ENQER SL RT STOT CHALLENGER STOCK DODGESRT S,CHALLENGER 22,,,0,,0,1,SELL,1.0,SELL,1,43500,1.0,0
2668,session_004_spin_0186,1,2026-09-24T05:20:36.238+00:00,CAR,0.78,,BLUE,,1968,PLYMOUTH,BARRACUDA FORMULA S ARRACUD A 68 PLYMOULDA FO PLYMOULDAEO,BARRACUDA,,,0,,0,1,SELL,1.0,SELL,1,,1.0,0
2669,session_004_spin_0186,2,2026-09-24T05:20:36.239+00:00,CREDITS,1.0,,BLUE,45000,,,,,,,,,,,,,,0,,,
2670,session_004_spin_0186,3,2026-09-24T05:20:36.239+00:00,CREDITS,1.0,,BLUE,50000,,,,,,,,,,,,,,0,,,
2671,session_004_spin_0187,1,2026-09-24T05:20:50.892+00:00,CREDITS,0.99,,OTHER,5000,,,,,,,,,,,,,,0,,,
2672,session_004_spin_0187,2,2026-09-24T05:20:50.892+00:00,CREDITS,1.0,,OTHER,15000,,,,,,,,,,,,,,0,,,
2673,session_004_spin_0187,3,2026-09-24T05:20:50.894+00:00,CREDITS,1.0,,BLUE,100000,,,,,,,,,,,,,,0,,,
2674,session_004_spin_0188,1,2026-09-24T05:21:09.798+00:00,CREDITS,1.0,,OTHER,45000,,,,,,,,,,,,,,0,,,
2675,session_004_spin_0188,2,2026-09-24T05:21:09.798+00:00,CREDITS,1.0,,PURPLE,200000,,,,,,,,,,,,,,0,,,
2676,session_004_spin_0188,3,2026-09-24T05:21:09.798+00:00,CREDITS,1.0,,OTHER,15000,,,,,,,,,,,,,,0,,,
2677,session_004_spin_0189,1,2026-09-24T05:21:28.776+00:00,CAR,0.78,,PURPLE,,2019,FERRARI,488 PISTA FERRAB8 PIS 019,488 PISTA 19,,,0,,0,1,SELL,1.0,SELL,1,358000,1.0,0
2678,session_004_spin_0189,2,2026-09-24T05:21:28.778+00:00,CREDITS,1.0,,OTHER,10000,,,,,,,,,,,,,,0,,,
2679,session_004_spin_0189,3,2026-09-24T05:21:28.778+00:00,CREDITS,1.0,,OTHER,10000,,,,,,,,,,,,,,0,,,
2680,session_004_spin_0190,1,2026-09-24T05:21:43.309+00:00,CREDITS,1.0,,OTHER,15000,,,,,,,,,,,,,,0,,,
2681,session_004_spin_0190,2,2026-09-24T05:21:43.309+00:00,CREDITS,1.0,,OTHER,10000,,,,,,,,,,,,,,0,,,
2682,session_004_spin_0190,3,2026-09-24T05:21:43.309+00:00,CREDITS,1.0,,NEUTRAL,100000,,,,,,,,,,,,,,0,,,
2683,session_004_spin_0191,1,2026-09-24T05:22:02.890+00:00,CREDITS,1.0,,ORANGE,95000,,,,,,,,,,,,,,0,,,
2684,session_004_spin_0191,2,2026-09-24T05:22:02.890+00:00,CREDITS,1.0,,ORANGE,250000,,,,,,,,,,,,,,0,,,
2685,session_004_spin_0191,3,2026-09-24T05:22:02.890+00:00,CREDITS,0.99,,ORANGE,5000,,,,,,,,,,,,,,0,,,
2686,session_004_spin_0192,1,2026-09-24T05:22:15.149+00:00,CAR,0.78,,GREEN,,2001,AUDI,RS 4 AVANT,AUDI RS 4 01,,,0,,0,1,SELL,1.0,SELL,1,87500,1.0,0
2687,session_004_spin_0192,2,2026-09-24T05:22:15.149+00:00,CREDITS,1.0,,GREEN,95000,,,,,,,,,,,,,,0,,,
2688,session_004_spin_0192,3,2026-09-24T05:22:15.149+00:00,CREDITS,0.99,,GREEN,5000,,,,,,,,,,,,,,0,,,
2689,session_004_spin_0193,1,2026-09-24T05:22:29.546+00:00,CAR,0.78,,NEUTRAL,,2022,CADILLAC,CT4 V BLACKWING E QIACKWIN 022 CADILL BLAC CADILUI,CADILLAC CT4 V,,,0,,0,1,SELL,1.0,SELL,1,27500,1.0,0
2690,session_004_spin_0193,2,2026-09-24T05:22:29.546+00:00,CREDITS,1.0,,NEUTRAL,15000,,,,,,,,,,,,,,0,,,
2691,session_004_spin_0193,3,2026-09-24T05:22:29.546+00:00,CREDITS,1.0,,NEUTRAL,45000,,,,,,,,,,,,,,0,,,
2692,session_004_spin_0194,1,2026-09-24T05:22:44.298+00:00,CAR,0.78,,OTHER,,2023,FORD,FIESTA ST FORDESTA ESTA,FORD FIESTA 23,,,0,,0,1,SELL,1.0,SELL,1,13000,1.0,0
2693,session_004_spin_0194,2,2026-09-24T05:22:44.298+00:00,CREDITS,1.0,,OTHER,15000,,,,,,,,,,,,,,0,,,
2694,session_004_spin_0194,3,2026-09-24T05:22:44.298+00:00,CREDITS,1.0,,NEUTRAL,75000,,,,,,,,,,,,,,0,,,
2695,session_004_spin_0195,1,2026-09-24T05:22:58.636+00:00,CREDITS,1.0,,NEUTRAL,35000,,,,,,,,,,,,,,0,,,
2696,session_004_spin_0195,2,2026-09-24T05:22:58.636+00:00,CREDITS,1.0,,NEUTRAL,15000,,,,,,,,,,,,,,0,,,
2697,session_004_spin_0195,3,2026-09-24T05:22:58.636+00:00,CAR,0.78,,NEUTRAL,,2023,FORD,F 150 RAPTOR R RAPI,FORD RAPTOR R,,,0,,0,1,SELL,1.0,SELL,1,55000,1.0,0
2698,session_004_spin_0196,1,2026-09-24T05:23:13.049+00:00,CREDITS,1.0,,PURPLE,20000,,,,,,,,,,,,,,0,,,
2699,session_004_spin_0196,2,2026-09-24T05:23:13.049+00:00,CREDITS,1.0,,PURPLE,50000,,,,,,,,,,,,,,0,,,
2700,session_004_spin_0196,3,2026-09-24T05:23:13.049+00:00,CREDITS,1.0,,PURPLE,175000,,,,,,,,,,,,,,0,,,
2701,session_004_spin_0197,1,2026-09-24T05:23:32.105+00:00,CREDITS,1.0,,OTHER,40000,,,,,,,,,,,,,,0,,,
2702,session_004_spin_0197,2,2026-09-24T05:23:32.105+00:00,CREDITS,1.0,,OTHER,20000,,,,,,,,,,,,,,0,,,
2703,session_004_spin_0197,3,2026-09-24T05:23:32.105+00:00,CREDITS,1.0,,OTHER,45000,,,,,,,,,,,,,,0,,,
2704,session_004_spin_0198,1,2026-09-24T05:23:51.268+00:00,CAR,0.78,,PURPLE,,2012,NISSAN,EDITION R35 FORZA K EDITIOR BLACK 835 E SPEED SKILLS BOOST NISSATON RT 012,2012 NISSAN EDITION R35 FORZA K EDITIOR BLACK 835 E SPEED SKILLS BOOST NISSATON RT 012,,,0,,0,,,,,0,,,0
2705,session_004_spin_0198,2,2026-09-24T05:23:51.270+00:00,CREDITS,1.0,,OTHER,20000,,,,,,,,,,,,,,0,,,
2706,session_004_spin_0198,3,2026-09-24T05:23:51.270+00:00,CAR,0.78,,BLUE,,2019,PORSCHE,911 CARRERA S C ARRERA 019 PORSCFCARRE PORSCHCARRE,PORSCHE 911 19,,,0,,0,1,SELL,1.0,SELL,1,72500,1.0,0
2707,session_004_spin_0199,1,2026-09-24T05:24:07.970+00:00,CREDITS,1.0,,OTHER,20000,,,,,,,,,,,,,,0,,,
2708,session_004_spin_0199,2,2026-09-24T05:24:07.970+00:00,CAR,0.78,,BLUE,,2013,WULING,SUNSHINE S SUNS WULLN NSHINC NSBIPI,WULING SUNSHINE,,,0,,0,1,SELL,1.0,SELL,1,,1.0,0
2709,session_004_spin_0199,3,2026-09-24T05:24:07.970+00:00,OTHER,0.55,,OTHER,,,,,,,,,,,,,,,0,,,
2710,session_004_spin_0200,1,2026-09-24T05:24:22.536+00:00,CREDITS,1.0,,PURPLE,200000,,,,,,,,,,,,,,0,,,
2711,session_004_spin_0200,2,2026-09-24T05:24:22.538+00:00,CAR,0.78,,PURPLE,,2012,BMW,M5,BMW M5 12,,,0,,0,1,SELL,1.0,SELL,1,20000,1.0,0
2712,session_004_spin_0200,3,2026-09-24T05:24:22.538+00:00,CREDITS,1.0,,PURPLE,20000,,,,,,,,,,,,,,0,,,
2713,session_004_spin_0201,1,2026-09-24T05:24:37.085+00:00,CREDITS,1.0,,NEUTRAL,50000,,,,,,,,,,,,,,0,,,
2714,session_004_spin_0201,2,2026-09-24T05:24:37.085+00:00,CAR,0.78,,NEUTRAL,,2022,WULING,HONGGUANG MINI EV 100 022 WIJLLJYUMG J WIJLLNUANQ,WULING MINI EV,,,0,,0,1,SELL,1.0,SELL,1,2500,1.0,0
2715,session_004_spin_0201,3,2026-09-24T05:24:37.085+00:00,CREDITS,1.0,,OTHER,25000,,,,,,,,,,,,,,0,,,
2716,session_004_spin_0202,1,2026-09-24T05:24:52.076+00:00,CREDITS,1.0,,PURPLE,20000,,,,,,,,,,,,,,0,,,
2717,session_004_spin_0202,2,2026-09-24T05:24:52.076+00:00,CREDITS,1.0,,PURPLE,20000,,,,,,,,,,,,,,0,,,
2718,session_004_spin_0202,3,2026-09-24T05:24:52.076+00:00,CREDITS,1.0,,PURPLE,150000,,,,,,,,,,,,,,0,,,
2719,session_004_spin_0203,1,2026-09-24T05:25:11.139+00:00,CREDITS,1.0,,OTHER,10000,,,,,,,,,,,,,,0,,,
2720,session_004_spin_0203,2,2026-09-24T05:25:11.139+00:00,CAR,0.78,,OTHER,,1973,MAZDA,RX 3 11973,MAZDA RX 3,,,0,,0,1,SELL,1.0,SELL,1,36500,1.0,0
2721,session_004_spin_0203,3,2026-09-24T05:25:11.139+00:00,CREDITS,1.0,,OTHER,250000,,,,,,,,,,,,,,0,,,
2722,session_004_spin_0204,1,2026-09-24T05:25:25.278+00:00,CAR,0.78,,NEUTRAL,,1994,NISSAN,SILVIA K S SILV NISSATILVIA NISSATLLVIA,SILVIA 94,,,0,,0,1,SELL,1.0,SELL,1,,1.0,0
2723,session_004_spin_0204,2,2026-09-24T05:25:25.278+00:00,CREDITS,1.0,,NEUTRAL,50000,,,,,,,,,,,,,,0,,,
2724,session_004_spin_0204,3,2026-09-24T05:25:25.278+00:00,CREDITS,1.0,,NEUTRAL,80000,,,,,,,,,,,,,,0,,,
2725,session_004_spin_0205,1,2026-09-24T05:25:39.593+00:00,CREDITS,1.0,,NEUTRAL,15000,,,,,,,,,,,,,,0,,,
2726,session_004_spin_0205,2,2026-09-24T05:25:39.593+00:00,CAR,0.78,,NEUTRAL,,2005,FERRARI,FXX 005,FERRARI FXX,,,0,,0,1,SELL,1.0,SELL,1,,1.0,0
2727,session_004_spin_0205,3,2026-09-24T05:25:39.593+00:00,CREDITS,1.0,,NEUTRAL,150000,,,,,,,,,,,,,,0,,,
2728,session_004_spin_0206,1,2026-09-24T05:25:53.912+00:00,CREDITS,1.0,,NEUTRAL,40000,,,,,,,,,,,,,,0,,,
2729,session_004_spin_0206,2,2026-09-24T05:25:53.912+00:00,CREDITS,1.0,,NEUTRAL,150000,,,,,,,,,,,,,,0,,,
2730,session_004_spin_0206,3,2026-09-24T05:25:53.912+00:00,CREDITS,1.0,,NEUTRAL,10000,,,,,,,,,,,,,,0,,,
2731,session_004_spin_0207,1,2026-09-24T05:26:12.950+00:00,CREDITS,1.0,,OTHER,100000,,,,,,,,,,,,,,0,,,
2732,session_004_spin_0207,2,2026-09-24T05:26:12.950+00:00,CREDITS,1.0,,OTHER,250000,,,,,,,,,,,,,,0,,,
2733,session_004_spin_0207,3,2026-09-24T05:26:12.950+00:00,CREDITS,1.0,,OTHER,15000,,,,,,,,,,,,,,0,,,
2734,session_004_spin_0208,1,2026-09-24T05:26:32.246+00:00,CAR,0.78,,OTHER,,2008,MASERATI,MC12 VERSIONE CORSA C12 VER SIONE MASER ERSIOH,MC12 CORSA 08,,,0,,0,1,SELL,1.0,SELL,1,,1.0,0
2735,session_004_spin_0208,2,2026-09-24T05:26:32.246+00:00,CREDITS,1.0,,OTHER,20000,,,,,,,,,,,,,,0,,,
2736,session_004_spin_0208,3,2026-09-24T05:26:32.246+00:00,CREDITS,1.0,,OTHER,15000,,,,,,,,,,,,,,0,,,
2737,session_004_spin_0209,1,2026-09-24T05:26:47.449+00:00,CAR,0.78,,BLUE,,1958,PLYMOUTH,FURY 58 PLYMOU FU,PLYMOUTH FURY,,,0,,0,1,SELL,1.0,SELL,1,26500,1.0,0
2738,session_004_spin_0209,2,2026-09-24T05:26:47.449+00:00,CREDITS,1.0,,BLUE,75000,,,,,,,,,,,,,,0,,,
2739,session_004_spin_0209,3,2026-09-24T05:26:47.449+00:00,CREDITS,0.99,,BLUE,5000,,,,,,,,,,,,,,0,,,
2740,session_004_spin_0210,1,2026-09-24T05:27:01.723+00:00,CREDITS,1.0,,NEUTRAL,100000,,,,,,,,,,,,,,0,,,
2741,session_004_spin_0210,2,2026-09-24T05:27:01.723+00:00,CREDITS,1.0,,NEUTRAL,25000,,,,,,,,,,,,,,0,,,
2742,session_004_spin_0210,3,2026-09-24T05:27:01.723+00:00,CAR,0.78,,NEUTRAL,,2005,SAGARIS,GARIS TYR ARI AQARL,TVR SAGARIS,,,0,,0,1,SELL,1.0,SELL,1,57500,1.0,0
2743,session_004_spin_0211,1,2026-09-24T05:27:16.142+00:00,CREDITS,1.0,,NEUTRAL,50000,,,,,,,,,,,,,,0,,,
2744,session_004_spin_0211,2,2026-09-24T05:27:16.142+00:00,CREDITS,1.0,,NEUTRAL,75000,,,,,,,,,,,,,,0,,,
2745,session_004_spin_0211,3,2026-09-24T05:27:16.142+00:00,CREDITS,1.0,,NEUTRAL,15000,,,,,,,,,,,,,,0,,,
2746,session_004_spin_0212,1,2026-09-24T05:27:35.413+00:00,CAR,0.78,,OTHER,,1973,MAZDA,RX 3 11973 MAZD,MAZDA RX 3,,,0,,0,1,SELL,1.0,SELL,1,36500,1.0,0
2747,session_004_spin_0212,2,2026-09-24T05:27:35.413+00:00,CREDITS,1.0,,PURPLE,150000,,,,,,,,,,,,,,0,,,
2748,session_004_spin_0212,3,2026-09-24T05:27:35.413+00:00,CREDITS,1.0,,OTHER,45000,,,,,,,,,,,,,,0,,,
2749,session_004_spin_0213,1,2026-09-24T05:27:49.961+00:00,CAR,0.78,,NEUTRAL,,1999,LOTUS,ELISE SERIES I SPORT 190 ESERIE LOGO 1 LOTUSIES S,LOTUS ELISE 99,,,0,,0,1,SELL,1.0,SELL,1,23500,1.0,0
2750,session_004_spin_0213,2,2026-09-24T05:27:49.961+00:00,CREDITS,1.0,,NEUTRAL,15000,,,,,,,,,,,,,,0,,,
2751,session_004_spin_0213,3,2026-09-24T05:27:49.961+00:00,CREDITS,1.0,,NEUTRAL,40000,,,,,,,,,,,,,,0,,,
2752,session_004_spin_0214,1,2026-09-24T05:28:04.702+00:00,CREDITS,0.99,,GREEN,5000,,,,,,,,,,,,,,0,,,
2753,session_004_spin_0214,2,2026-09-24T05:28:04.702+00:00,CREDITS,1.0,,GREEN,20000,,,,,,,,,,,,,,0,,,
2754,session_004_spin_0214,3,2026-09-24T05:28:04.702+00:00,CREDITS,1.0,,GREEN,15000,,,,,,,,,,,,,,0,,,
2755,session_004_spin_0215,1,2026-09-24T05:28:24.231+00:00,CAR,0.55,,BLUE,,,,BMW M3 05,BMW M3 05,,,,,0,1,SELL,1.0,SELL,1,,1.0,0
2756,session_004_spin_0215,2,2026-09-24T05:28:24.231+00:00,CREDITS,1.0,,BLUE,95000,,,,,,,,,,,,,,0,,,
2757,session_004_spin_0215,3,2026-09-24T05:28:24.231+00:00,CAR,0.78,,BLUE,,2015,CHEVROLET,Z 28 CAMA RP CAMARO Z128 15 CHEVROHARO,CHEVY CAMARO 15,,,0,,0,1,SELL,1.0,SELL,1,32500,1.0,0
2758,session_004_spin_0216,1,2026-09-24T05:28:42.200+00:00,CREDITS,1.0,,NEUTRAL,15000,,,,,,,,,,,,,,0,,,
2759,session_004_spin_0216,2,2026-09-24T05:28:42.200+00:00,CREDITS,1.0,,NEUTRAL,45000,,,,,,,,,,,,,,0,,,
2760,session_004_spin_0216,3,2026-09-24T05:28:42.200+00:00,CREDITS,1.0,,NEUTRAL,10000,,,,,,,,,,,,,,0,,,
2761,session_004_spin_0217,1,2026-09-24T05:29:01.824+00:00,CAR,0.78,,PURPLE,,1968,FORD,I NG GT 2 FASTBACK FORZA G T F FORZ DRIFT SKILLS BOOST FASTB,MUSTANG FE 68,,,0,,0,1,SELL,1.0,SELL,1,250000,1.0,0
2762,session_004_spin_0217,2,2026-09-24T05:29:01.826+00:00,CREDITS,1.0,,PURPLE,10000,,,,,,,,,,,,,,0,,,
2763,session_004_spin_0217,3,2026-09-24T05:29:01.826+00:00,CREDITS,0.99,,PURPLE,8000,,,,,,,,,,,,,,0,,,
2764,session_004_spin_0218,1,2026-09-24T05:30:47.376+00:00,CREDITS,1.0,,BLUE,50000,,,,,,,,,,,,,,0,,,
2765,session_004_spin_0218,2,2026-09-24T05:30:47.376+00:00,CREDITS,1.0,,BLUE,50000,,,,,,,,,,,,,,0,,,
2766,session_004_spin_0218,3,2026-09-24T05:30:47.376+00:00,CREDITS,1.0,,BLUE,20000,,,,,,,,,,,,,,0,,,
2767,session_004_spin_0219,1,2026-09-24T05:30:59.151+00:00,CREDITS,0.99,,OTHER,5000,,,,,,,,,,,,,,0,,,
2768,session_004_spin_0219,2,2026-09-24T05:30:59.151+00:00,CREDITS,1.0,,OTHER,15000,,,,,,,,,,,,,,0,,,
2769,session_004_spin_0219,3,2026-09-24T05:30:59.151+00:00,CREDITS,1.0,,OTHER,12000,,,,,,,,,,,,,,0,,,
2770,session_004_spin_0220,1,2026-09-24T05:31:18.313+00:00,CREDITS,1.0,,OTHER,10000,,,,,,,,,,,,,,0,,,
2771,session_004_spin_0220,2,2026-09-24T05:31:18.313+00:00,CAR,0.78,,OTHER,,1972,RELIANT,SUPERVAN ILL SUDE 972 RELIAN ERVAR,RELIANT SUPERVAN,,,0,,0,1,SELL,1.0,SELL,1,19500,1.0,0
2772,session_004_spin_0220,3,2026-09-24T05:31:18.313+00:00,CREDITS,1.0,,OTHER,250000,,,,,,,,,,,,,,0,,,
2773,session_004_spin_0221,1,2026-09-24T05:31:32.669+00:00,CREDITS,1.0,,NEUTRAL,50000,,,,,,,,,,,,,,0,,,
2774,session_004_spin_0221,2,2026-09-24T05:31:32.669+00:00,CREDITS,1.0,,NEUTRAL,10000,,,,,,,,,,,,,,0,,,
2775,session_004_spin_0221,3,2026-09-24T05:31:32.669+00:00,CREDITS,1.0,,NEUTRAL,200000,,,,,,,,,,,,,,0,,,
2776,session_004_spin_0222,1,2026-09-24T05:31:52.506+00:00,CAR,0.78,,PURPLE,,2020,TOYOTA,GR SUPRA TOYOTRSYP TOYOTR SUD,TOYOTA SUPRA 20,,,0,,0,1,SELL,1.0,SELL,1,22500,1.0,0
2777,session_004_spin_0222,2,2026-09-24T05:31:52.507+00:00,CREDITS,1.0,,PURPLE,200000,,,,,,,,,,,,,,0,,,
2778,session_004_spin_0222,3,2026-09-24T05:31:52.507+00:00,CREDITS,0.99,,PURPLE,5000,,,,,,,,,,,,,,0,,,
2779,session_004_spin_0223,1,2026-09-24T05:32:36.147+00:00,CREDITS,1.0,,PURPLE,95000,,,,,,,,,,,,,,0,,,
2780,session_004_spin_0223,2,2026-09-24T05:32:36.147+00:00,CAR,0.78,,PURPLE,,2011,BMW,X5M X5 M,BMW X5 M,,,0,,0,1,SELL,1.0,SELL,1,12000,1.0,0
2781,session_004_spin_0223,3,2026-09-24T05:32:36.147+00:00,CREDITS,1.0,,PURPLE,150000,,,,,,,,,,,,,,0,,,
2782,session_004_spin_0224,1,2026-09-24T05:34:30.240+00:00,CREDITS,1.0,,BLUE,80000,,,,,,,,,,,,,,0,,,
2783,session_004_spin_0224,2,2026-09-24T05:34:30.240+00:00,CREDITS,1.0,,PURPLE,175000,,,,,,,,,,,,,,0,,,
2784,session_004_spin_0224,3,2026-09-24T05:34:30.240+00:00,CAR,0.78,,PURPLE,,2016,MERCEDES,AMG C 63 S COUPE MERCEDES3 CO MERCEDESI,M B AMG C 63 16,,,0,,0,1,SELL,1.0,SELL,1,17000,1.0,0
2785,session_004_spin_0225,1,2026-09-24T05:35:23.879+00:00,CREDITS,0.99,,GREEN,8000,,,,,,,,,,,,,,0,,,
2786,session_004_spin_0225,2,2026-09-24T05:35:23.879+00:00,CREDITS,1.0,,GREEN,20000,,,,,,,,,,,,,,0,,,
2787,session_004_spin_0225,3,2026-09-24T05:35:23.879+00:00,CREDITS,1.0,,GREEN,20000,,,,,,,,,,,,,,0,,,
2788,session_004_spin_0226,1,2026-09-24T05:35:35.347+00:00,CREDITS,1.0,,OTHER,35000,,,,,,,,,,,,,,0,,,
2789,session_004_spin_0226,2,2026-09-24T05:35:35.347+00:00,CREDITS,1.0,,PURPLE,25000,,,,,,,,,,,,,,0,,,
2790,session_004_spin_0226,3,2026-09-24T05:35:35.347+00:00,CAR,0.78,,PURPLE,,2018,PORSCHE,MACAN LPR RALLY RAID ACAN LP R RALLV PORSCHPR RC 018,PORSCHE MACAN RR,,,0,,0,1,SELL,1.0,SELL,1,125000,1.0,0
2791,session_004_spin_0227,1,2026-09-24T05:35:50.401+00:00,CREDITS,1.0,,NEUTRAL,15000,,,,,,,,,,,,,,0,,,
2792,session_004_spin_0227,2,2026-09-24T05:35:50.401+00:00,CAR,0.78,,NEUTRAL,,1998,NISSAN,SILVIA KIS AERO S K 998 NISS 0A NISSMA,SILVIA 98,,,0,,0,1,SELL,1.0,SELL,1,11000,1.0,0
2793,session_004_spin_0227,3,2026-09-24T05:35:50.401+00:00,CAR,0.78,,NEUTRAL,,1982,VOLKSWAGEN,PICKUP LX PIC14 2 VOLKSW CKUP I VOLKSWACKUP,VW PICKUP 82,,,0,,0,1,SELL,1.0,SELL,1,8000,1.0,0
2794,session_004_spin_0228,1,2026-09-24T05:36:09.307+00:00,CAR,0.78,,PURPLE,,2016,FORMULA,DRIFT 530 HSV MALOO GEN F 30 V MALL TV MAL,530 HSV MALOO,,,0,,0,1,SELL,1.0,SELL,1,75000,1.0,0
2795,session_004_spin_0228,2,2026-09-24T05:36:09.307+00:00,CAR,0.78,,PURPLE,,2020,WI,JLING SUNSHINE S FORZA EDITION ISHINE EDITIOR WULING CREDITS BOOST 020 WULINIS FOR WIJLINIS,SUNSHINE FE,,,1,,0,1,SELL,1.0,SELL,1,250000,1.0,0
2796,session_004_spin_0228,3,2026-09-24T05:36:09.307+00:00,CREDITS,1.0,,OTHER,10000,,,,,,,,,,,,,,0,,,
2797,session_004_spin_0229,1,2026-09-24T05:36:27.642+00:00,CREDITS,1.0,,NEUTRAL,100000,,,,,,,,,,,,,,0,,,
2798,session_004_spin_0229,2,2026-09-24T05:36:27.642+00:00,CAR,0.78,,NEUTRAL,,1995,MITSUBISHI,MONTERO EXCEED 2800 TD ONTERO ITERO EN TT VITSUBISHI 05 MITSUBISXCEED 95,MONTERO 95,,,0,,0,1,SELL,1.0,SELL,1,12500,1.0,0
2799,session_004_spin_0229,3,2026-09-24T05:36:27.643+00:00,CREDITS,1.0,,NEUTRAL,200000,,,,,,,,,,,,,,0,,,
2800,session_004_spin_0230,1,2026-09-24T05:37:33.239+00:00,CREDITS,1.0,,GREEN,12000,,,,,,,,,,,,,,0,,,
2801,session_004_spin_0230,2,2026-09-24T05:37:33.239+00:00,CREDITS,1.0,,GREEN,20000,,,,,,,,,,,,,,0,,,
2802,session_004_spin_0230,3,2026-09-24T05:37:33.239+00:00,CREDITS,1.0,,GREEN,20000,,,,,,,,,,,,,,0,,,
2803,session_004_spin_0231,1,2026-09-24T05:37:44.542+00:00,CREDITS,1.0,,NEUTRAL,50000,,,,,,,,,,,,,,0,,,
2804,session_004_spin_0231,2,2026-09-24T05:37:44.542+00:00,CREDITS,1.0,,NEUTRAL,250000,,,,,,,,,,,,,,0,,,
2805,session_004_spin_0231,3,2026-09-24T05:37:44.542+00:00,CREDITS,1.0,,NEUTRAL,45000,,,,,,,,,,,,,,0,,,
2806,session_004_spin_0232,1,2026-09-24T05:38:04.190+00:00,CREDITS,1.0,,GREEN,35000,,,,,,,,,,,,,,0,,,
2807,session_004_spin_0232,2,2026-09-24T05:38:04.190+00:00,CREDITS,1.0,,GREEN,20000,,,,,,,,,,,,,,0,,,
2808,session_004_spin_0232,3,2026-09-24T05:38:04.191+00:00,CREDITS,0.99,,GREEN,5000,,,,,,,,,,,,,,0,,,
2809,session_004_spin_0233,1,2026-09-24T05:38:15.904+00:00,CAR,0.78,,NEUTRAL,,2009,MERCEDES,BENZ SL65 AMG BLACK SERIES 65 LIERCEDES MERCEDESIG BIA,M B SL65,,,0,,0,1,SELL,1.0,SELL,1,180000,1.0,0
2810,session_004_spin_0233,2,2026-09-24T05:38:15.904+00:00,CREDITS,1.0,,NEUTRAL,20000,,,,,,,,,,,,,,0,,,
2811,session_004_spin_0233,3,2026-09-24T05:38:15.904+00:00,CREDITS,1.0,,NEUTRAL,175000,,,,,,,,,,,,,,0,,,
2812,session_004_spin_0234,1,2026-09-24T05:39:40.609+00:00,CREDITS,1.0,,BLUE,45000,,,,,,,,,,,,,,0,,,
2813,session_004_spin_0234,2,2026-09-24T05:39:40.610+00:00,CAR,0.78,,BLUE,,2003,NISSAN,FALRLADY Z FAIRLADY FAIR LADV NISSAHIRLADY NISSA LRLADI,FAIRLADY Z 03,,,0,,0,1,SELL,1.0,SELL,1,9000,1.0,0
2814,session_004_spin_0234,3,2026-09-24T05:39:40.610+00:00,CAR,0.78,,BLUE,,2008,BMW,Z4 M COUPE Z4M COT,BMW Z4 08,,,0,,0,1,SELL,1.0,SELL,1,31500,1.0,0
2815,session_004_spin_0235,1,2026-09-24T05:39:59.495+00:00,CREDITS,1.0,,GREEN,95000,,,,,,,,,,,,,,0,,,
2816,session_004_spin_0235,2,2026-09-24T05:39:59.495+00:00,CREDITS,1.0,,GREEN,35000,,,,,,,,,,,,,,0,,,
2817,session_004_spin_0235,3,2026-09-24T05:39:59.495+00:00,CREDITS,1.0,,GREEN,20000,,,,,,,,,,,,,,0,,,
2818,session_004_spin_0236,1,2026-09-24T05:40:18.168+00:00,CAR,0.55,,OTHER,,,,BMW M3 97,BMW M3 97,,,,,0,1,SELL,1.0,SELL,1,15000,1.0,0
2819,session_004_spin_0236,2,2026-09-24T05:40:18.168+00:00,CREDITS,1.0,,PURPLE,150000,,,,,,,,,,,,,,0,,,
2820,session_004_spin_0236,3,2026-09-24T05:40:18.168+00:00,CREDITS,1.0,,OTHER,25000,,,,,,,,,,,,,,0,,,
2821,session_004_spin_0237,1,2026-09-24T05:40:32.991+00:00,CREDITS,1.0,,GREEN,40000,,,,,,,,,,,,,,0,,,
2822,session_004_spin_0237,2,2026-09-24T05:40:32.991+00:00,CREDITS,1.0,,GREEN,95000,,,,,,,,,,,,,,0,,,
2823,session_004_spin_0237,3,2026-09-24T05:40:32.991+00:00,CREDITS,1.0,,GREEN,15000,,,,,,,,,,,,,,0,,,
2824,session_004_spin_0238,1,2026-09-24T05:40:51.637+00:00,CREDITS,1.0,,OTHER,20000,,,,,,,,,,,,,,0,,,
2825,session_004_spin_0238,2,2026-09-24T05:40:51.637+00:00,CREDITS,1.0,,OTHER,250000,,,,,,,,,,,,,,0,,,
2826,session_004_spin_0238,3,2026-09-24T05:40:51.637+00:00,CAR,0.78,,OTHER,,1958,PLYMOUTH,FURY 58 PLYMOU FYYY,PLYMOUTH FURY,,,0,,0,1,SELL,1.0,SELL,1,26500,1.0,0
2827,session_004_spin_0239,1,2026-09-24T05:41:06.130+00:00,CREDITS,1.0,,OTHER,15000,,,,,,,,,,,,,,0,,,
2828,session_004_spin_0239,2,2026-09-24T05:41:06.130+00:00,CREDITS,1.0,,OTHER,15000,,,,,,,,,,,,,,0,,,
2829,session_004_spin_0239,3,2026-09-24T05:41:06.130+00:00,CREDITS,1.0,,OTHER,20000,,,,,,,,,,,,,,0,,,
2830,session_004_spin_0240,1,2026-09-24T05:41:25.106+00:00,CREDITS,1.0,,OTHER,15000,,,,,,,,,,,,,,0,,,
2831,session_004_spin_0240,2,2026-09-24T05:41:25.106+00:00,CREDITS,1.0,,OTHER,10000,,,,,,,,,,,,,,0,,,
2832,session_004_spin_0240,3,2026-09-24T05:41:25.106+00:00,CREDITS,1.0,,OTHER,10000,,,,,,,,,,,,,,0,,,
2833,session_004_spin_0241,1,2026-09-24T05:41:44.297+00:00,CAR,0.78,,OTHER,,2021,VOLKSWAGEN,GOLF R VOLKSWAGOLF II,VW GOLF R 21,,,0,,0,1,SELL,1.0,SELL,1,14500,1.0,0
2834,session_004_spin_0241,2,2026-09-24T05:41:44.297+00:00,CAR,0.78,,NEUTRAL,,2022,SUBARU,BRZ RZ SUBAR,SUBARU BRZ 22,,,0,,0,1,SELL,1.0,SELL,1,14000,1.0,0
2835,session_004_spin_0241,3,2026-09-24T05:41:44.297+00:00,CAR,0.78,,OTHER,,2011,BMW,X5M X5 M,BMW X5 M,,,0,,0,1,SELL,1.0,SELL,1,12000,1.0,0
2836,session_004_spin_0242,1,2026-09-24T05:42:06.598+00:00,CREDITS,1.0,,NEUTRAL,10000,,,,,,,,,,,,,,0,,,
2837,session_004_spin_0242,2,2026-09-24T05:42:06.598+00:00,CREDITS,1.0,,NEUTRAL,45000,,,,,,,,,,,,,,0,,,
2838,session_004_spin_0242,3,2026-09-24T05:42:06.598+00:00,CREDITS,1.0,,NEUTRAL,20000,,,,,,,,,,,,,,0,,,
2839,session_004_spin_0243,1,2026-09-24T05:42:25.803+00:00,CREDITS,1.0,,OTHER,15000,,,,,,,,,,,,,,0,,,
2840,session_004_spin_0243,2,2026-09-24T05:42:25.803+00:00,CREDITS,1.0,,OTHER,15000,,,,,,,,,,,,,,0,,,
2841,session_004_spin_0243,3,2026-09-24T05:42:25.803+00:00,CREDITS,1.0,,OTHER,10000,,,,,,,,,,,,,,0,,,
2842,session_004_spin_0244,1,2026-09-24T05:42:45.004+00:00,CAR,0.78,,OTHER,,2000,FORD,MUSTANG SVT COBRA R USTANQ FORDJ,FORD MUSTANG 00,,,0,,0,1,SELL,1.0,SELL,1,76500,1.0,0
2843,session_004_spin_0244,2,2026-09-24T05:42:45.004+00:00,CAR,1.0,,OTHER,,2021,McLaren,620R,MCLAREN 620R,,,0,1,0,1,SELL,1.0,SELL,1,130000,1.0,0
2844,session_004_spin_0244,3,2026-09-24T05:42:45.004+00:00,CAR,0.78,,OTHER,,2011,KOENIGSEGG,AGERA MQERA I KOENIGSEAGERA,KOENIGSEGG AGERA,,,0,,0,1,SELL,1.0,SELL,1,975000,1.0,0
2845,session_004_spin_0245,1,2026-09-24T05:43:07.398+00:00,CREDITS,0.99,,OTHER,5000,,,,,,,,,,,,,,0,,,
2846,session_004_spin_0245,2,2026-09-24T05:43:07.398+00:00,CREDITS,1.0,,PURPLE,200000,,,,,,,,,,,,,,0,,,
2847,session_004_spin_0245,3,2026-09-24T05:43:07.398+00:00,CREDITS,1.0,,BLUE,50000,,,,,,,,,,,,,,0,,,
2848,session_004_spin_0246,1,2026-09-24T05:43:26.182+00:00,CREDITS,1.0,,OTHER,20000,,,,,,,,,,,,,,0,,,
2849,session_004_spin_0246,2,2026-09-24T05:43:26.182+00:00,CREDITS,1.0,,NEUTRAL,200000,,,,,,,,,,,,,,0,,,
2850,session_004_spin_0246,3,2026-09-24T05:43:26.182+00:00,CREDITS,1.0,,OTHER,15000,,,,,,,,,,,,,,0,,,
2851,session_004_spin_0247,1,2026-09-24T05:43:45.201+00:00,CREDITS,1.0,,NEUTRAL,80000,,,,,,,,,,,,,,0,,,
2852,session_004_spin_0247,2,2026-09-24T05:43:45.201+00:00,CAR,0.78,,OTHER,,2003,FORD,FOCUS RS FOC US CUS,FORD FOCUS 03,,,0,,0,1,SELL,1.0,SELL,1,17500,1.0,0
2853,session_004_spin_0247,3,2026-09-24T05:43:45.201+00:00,CREDITS,1.0,,OTHER,20000,,,,,,,,,,,,,,0,,,
2854,session_004_spin_0248,1,2026-09-24T05:44:00.118+00:00,CREDITS,1.0,,BLUE,50000,,,,,,,,,,,,,,0,,,
2855,session_004_spin_0248,2,2026-09-24T05:44:00.118+00:00,CREDITS,1.0,,BLUE,95000,,,,,,,,,,,,,,0,,,
2856,session_004_spin_0248,3,2026-09-24T05:44:00.118+00:00,CREDITS,1.0,,BLUE,80000,,,,,,,,,,,,,,0,,,
2857,session_004_spin_0249,1,2026-09-24T05:44:11.966+00:00,CREDITS,1.0,,OTHER,250000,,,,,,,,,,,,,,0,,,
2858,session_004_spin_0249,2,2026-09-24T05:44:11.966+00:00,CREDITS,1.0,,OTHER,15000,,,,,,,,,,,,,,0,,,
2859,session_004_spin_0249,3,2026-09-24T05:44:11.966+00:00,CREDITS,1.0,,ORANGE,50000,,,,,,,,,,,,,,0,,,
2860,session_004_spin_0250,1,2026-09-24T05:44:31.199+00:00,CREDITS,1.0,,GREEN,15000,,,,,,,,,,,,,,0,,,
2861,session_004_spin_0250,2,2026-09-24T05:44:31.199+00:00,OTHER,0.55,,GREEN,,,,,,,,,,,,,,,0,,,
2862,session_004_spin_0250,3,2026-09-24T05:44:31.199+00:00,CREDITS,1.0,,GREEN,20000,,,,,,,,,,,,,,0,,,
2863,session_004_spin_0251,1,2026-09-24T05:44:43.045+00:00,CREDITS,1.0,,NEUTRAL,40000,,,,,,,,,,,,,,0,,,
2864,session_004_spin_0251,2,2026-09-24T05:44:43.045+00:00,CAR,0.78,,NEUTRAL,,2020,FORD,DUTY F 450 DRW PLATII UTV 4E PLAT ER PLATIN FORD450 D FORD150,FORD SD F 450,,,0,,0,1,SELL,1.0,SELL,1,32500,1.0,0
2865,session_004_spin_0251,3,2026-09-24T05:44:43.045+00:00,CREDITS,1.0,,NEUTRAL,15000,,,,,,,,,,,,,,0,,,
2866,session_004_spin_0252,1,2026-09-24T05:44:57.886+00:00,CREDITS,1.0,,PURPLE,200000,,,,,,,,,,,,,,0,,,
2867,session_004_spin_0252,2,2026-09-24T05:44:57.886+00:00,CREDITS,1.0,,OTHER,20000,,,,,,,,,,,,,,0,,,
2868,session_004_spin_0252,3,2026-09-24T05:44:57.886+00:00,OTHER,0.55,,OTHER,,,,,,,,,,,,,,,0,,,
2869,session_004_spin_0253,1,2026-09-24T05:45:17.133+00:00,CREDITS,1.0,,OTHER,20000,,,,,,,,,,,,,,0,,,
2870,session_004_spin_0253,2,2026-09-24T05:45:17.133+00:00,CREDITS,1.0,,OTHER,20000,,,,,,,,,,,,,,0,,,
2871,session_004_spin_0253,3,2026-09-24T05:45:17.133+00:00,CREDITS,1.0,,OTHER,45000,,,,,,,,,,,,,,0,,,
2872,session_004_spin_0254,1,2026-09-24T05:45:36.446+00:00,CAR,0.78,,BLUE,,2019,PORSCHE,911 CARRERA S C ARRERA 019 PORSCYCARRE PORSCYCACE,PORSCHE 911 19,,,0,,0,1,SELL,1.0,SELL,1,72500,1.0,0
2873,session_004_spin_0254,2,2026-09-24T05:45:36.446+00:00,CREDITS,1.0,,OTHER,15000,,,,,,,,,,,,,,0,,,
2874,session_004_spin_0254,3,2026-09-24T05:45:36.446+00:00,CAR,0.78,,OTHER,,2010,FORD,JWN VICTORIA POLICE INTERCEP VN INTERCEL LICTORIA INTERCE FORDA POLU,CROWN VICTORIA,,,0,,0,1,SELL,1.0,SELL,1,7500,1.0,0
2875,session_004_spin_0255,1,2026-09-24T05:45:55.391+00:00,CREDITS,1.0,,GREEN,15000,,,,,,,,,,,,,,0,,,
2876,session_004_spin_0255,2,2026-09-24T05:45:55.391+00:00,CREDITS,1.0,,GREEN,35000,,,,,,,,,,,,,,0,,,
2877,session_004_spin_0255,3,2026-09-24T05:45:55.391+00:00,CREDITS,0.99,,GREEN,5000,,,,,,,,,,,,,,0,,,
2878,session_004_spin_0256,1,2026-09-24T05:46:07.433+00:00,CREDITS,1.0,,OTHER,15000,,,,,,,,,,,,,,0,,,
2879,session_004_spin_0256,2,2026-09-24T05:46:07.433+00:00,CREDITS,1.0,,OTHER,20000,,,,,,,,,,,,,,0,,,
2880,session_004_spin_0256,3,2026-09-24T05:46:07.433+00:00,CAR,1.0,,PURPLE,,1989,Nissan,S-Cargo Forza Edition,S CARGO FE,,,1,1,0,1,SELL,1.0,SELL,1,250000,1.0,0
2881,session_004_spin_0257,1,2026-09-24T05:46:22.195+00:00,CREDITS,1.0,,NEUTRAL,200000,,,,,,,,,,,,,,0,,,
2882,session_004_spin_0257,2,2026-09-24T05:46:22.195+00:00,CREDITS,1.0,,NEUTRAL,15000,,,,,,,,,,,,,,0,,,
2883,session_004_spin_0257,3,2026-09-24T05:46:22.195+00:00,CREDITS,1.0,,NEUTRAL,175000,,,,,,,,,,,,,,0,,,
2884,session_004_spin_0258,1,2026-09-24T05:46:41.372+00:00,CREDITS,1.0,,NEUTRAL,50000,,,,,,,,,,,,,,0,,,
2885,session_004_spin_0258,2,2026-09-24T05:46:41.372+00:00,CAR,0.78,,NEUTRAL,,1990,NISSAN,PULSAR GTI R IR NISSATSAR GI,NISSAN PULSAR,,,0,,0,1,SELL,1.0,SELL,1,14000,1.0,0
2886,session_004_spin_0258,3,2026-09-24T05:46:41.372+00:00,CREDITS,1.0,,NEUTRAL,150000,,,,,,,,,,,,,,0,,,
2887,session_004_spin_0259,1,2026-09-24T05:46:56.076+00:00,CAR,0.55,,NEUTRAL,,,,HONDA S2000,HONDA S2000,,,,,0,1,SELL,1.0,SELL,1,27500,1.0,0
2888,session_004_spin_0259,2,2026-09-24T05:46:56.076+00:00,CREDITS,1.0,,NEUTRAL,50000,,,,,,,,,,,,,,0,,,
2889,session_004_spin_0259,3,2026-09-24T05:46:56.077+00:00,CREDITS,1.0,,NEUTRAL,10000,,,,,,,,,,,,,,0,,,
2890,session_004_spin_0260,1,2026-09-24T05:47:10.882+00:00,CREDITS,1.0,,OTHER,15000,,,,,,,,,,,,,,0,,,
2891,session_004_spin_0260,2,2026-09-24T05:47:10.882+00:00,CREDITS,1.0,,BLUE,50000,,,,,,,,,,,,,,0,,,
2892,session_004_spin_0260,3,2026-09-24T05:47:10.882+00:00,OTHER,0.55,,OTHER,,,,,,,,,,,,,,,0,,,
2893,session_004_spin_0261,1,2026-09-24T05:47:29.628+00:00,CREDITS,1.0,,NEUTRAL,250000,,,,,,,,,,,,,,0,,,
2894,session_004_spin_0261,2,2026-09-24T05:47:29.628+00:00,CREDITS,1.0,,NEUTRAL,5000,,,,,,,,,,,,,,0,,,
2895,session_004_spin_0261,3,2026-09-24T05:47:29.628+00:00,CREDITS,1.0,,NEUTRAL,250000,,,,,,,,,,,,,,0,,,
2896,session_004_spin_0262,1,2026-09-24T05:47:49.292+00:00,CREDITS,1.0,,GREEN,15000,,,,,,,,,,,,,,0,,,
2897,session_004_spin_0262,2,2026-09-24T05:47:49.292+00:00,CREDITS,1.0,,GREEN,95000,,,,,,,,,,,,,,0,,,
2898,session_004_spin_0262,3,2026-09-24T05:47:49.292+00:00,CREDITS,1.0,,GREEN,40000,,,,,,,,,,,,,,0,,,
2899,session_004_spin_0263,1,2026-09-24T05:48:01.019+00:00,CREDITS,1.0,,PURPLE,45000,,,,,,,,,,,,,,0,,,
2900,session_004_spin_0263,2,2026-09-24T05:48:01.019+00:00,CREDITS,1.0,,PURPLE,150000,,,,,,,,,,,,,,0,,,
2901,session_004_spin_0263,3,2026-09-24T05:48:01.019+00:00,CAR,0.78,,PURPLE,,2020,PORSCHE,TAYCAN TURBO S TAVCAR PORSCFAN PORSCHAN TLH,PORSCHE TAYCAN S,,,0,,0,1,SELL,1.0,SELL,1,100000,1.0,0
2902,session_004_spin_0264,1,2026-09-24T05:48:15.838+00:00,CAR,0.78,,NEUTRAL,,1970,PORSCHE,917 LH FORZA EDITION 3 SPEED SKILLS BOOST PORSCH FOR PORSCFA,PORSCHE 917 FE,,,1,,0,1,SELL,1.0,SELL,1,625000,1.0,0
2903,session_004_spin_0264,2,2026-09-24T05:48:15.838+00:00,CREDITS,1.0,,NEUTRAL,250000,,,,,,,,,,,,,,0,,,
2904,session_004_spin_0264,3,2026-09-24T05:48:15.838+00:00,CREDITS,1.0,,NEUTRAL,15000,,,,,,,,,,,,,,0,,,
2905,session_004_spin_0265,1,2026-09-24T05:48:31.048+00:00,CAR,0.78,,NEUTRAL,,2023,PORSCHE,911 S 1 URBO TURBO 023 PORSCH TURB,911 TURBO S 23,,,0,,0,1,SELL,1.0,SELL,1,137500,1.0,0
2906,session_004_spin_0265,2,2026-09-24T05:48:31.048+00:00,CREDITS,1.0,,OTHER,45000,,,,,,,,,,,,,,0,,,
2907,session_004_spin_0265,3,2026-09-24T05:48:31.048+00:00,CAR,0.78,,NEUTRAL,,1991,PEUGEOT,205 RALLYE RALLVE 391 PEUGE05 RALL 991,PEUGEOT 205 R,,,0,,0,1,SELL,1.0,SELL,1,11000,1.0,0
2908,session_004_spin_0266,1,2026-09-24T05:48:49.956+00:00,CREDITS,1.0,,PURPLE,10000,,,,,,,,,,,,,,0,,,
2909,session_004_spin_0266,2,2026-09-24T05:48:49.956+00:00,CREDITS,1.0,,PURPLE,15000,,,,,,,,,,,,,,0,,,
2910,session_004_spin_0266,3,2026-09-24T05:48:49.956+00:00,CREDITS,1.0,,PURPLE,200000,,,,,,,,,,,,,,0,,,
2911,session_004_spin_0267,1,2026-09-24T05:49:09.271+00:00,CREDITS,1.0,,PURPLE,150000,,,,,,,,,,,,,,0,,,
2912,session_004_spin_0267,2,2026-09-24T05:49:09.271+00:00,CREDITS,1.0,,PURPLE,35000,,,,,,,,,,,,,,0,,,
2913,session_004_spin_0267,3,2026-09-24T05:49:09.271+00:00,OTHER,0.55,,PURPLE,,,,,,,,,,,,,,,0,,,
2914,session_004_spin_0268,1,2026-09-24T05:49:28.119+00:00,CREDITS,1.0,,PURPLE,200000,,,,,,,,,,,,,,0,,,
2915,session_004_spin_0268,2,2026-09-24T05:49:28.119+00:00,CREDITS,1.0,,PURPLE,50000,,,,,,,,,,,,,,0,,,
2916,session_004_spin_0268,3,2026-09-24T05:49:28.119+00:00,CAR,0.78,,OTHER,,1997,HONDA,CIVIC TYPE R HONDAC TYP,HONDA CIVIC 97,,,0,,0,1,SELL,1.0,SELL,1,15000,1.0,0
2917,session_004_spin_0269,1,2026-09-24T05:49:43.301+00:00,CREDITS,1.0,,GREEN,95000,,,,,,,,,,,,,,0,,,
2918,session_004_spin_0269,2,2026-09-24T05:49:43.301+00:00,CREDITS,1.0,,GREEN,20000,,,,,,,,,,,,,,0,,,
2919,session_004_spin_0269,3,2026-09-24T05:49:43.302+00:00,CAR,0.78,,GREEN,,1957,BMW,ISETTA 300 EXPORT 3 QO E,BMW ISETTA,,,0,,0,1,SELL,1.0,SELL,1,42000,1.0,0
2920,session_004_spin_0270,1,2026-09-24T05:49:58.076+00:00,CREDITS,0.99,,OTHER,5000,,,,,,,,,,,,,,0,,,
2921,session_004_spin_0270,2,2026-09-24T05:49:58.076+00:00,CREDITS,1.0,,OTHER,20000,,,,,,,,,,,,,,0,,,
2922,session_004_spin_0270,3,2026-09-24T05:49:58.076+00:00,CREDITS,1.0,,OTHER,15000,,,,,,,,,,,,,,0,,,
2923,session_004_spin_0271,1,2026-09-24T05:50:16.974+00:00,CREDITS,1.0,,OTHER,10000,,,,,,,,,,,,,,0,,,
2924,session_004_spin_0271,2,2026-09-24T05:50:16.974+00:00,CREDITS,1.0,,NEUTRAL,100000,,,,,,,,,,,,,,0,,,
2925,session_004_spin_0271,3,2026-09-24T05:50:16.974+00:00,CREDITS,1.0,,NEUTRAL,80000,,,,,,,,,,,,,,0,,,
