spin_id,session_id,spin_number,spin_type,started_at,reward_screen_at,completed_at,duration_seconds,slot_count,credits_before,credits_after,credits_delta,status,rewards_committed,collect_sent
session_001_spin_0001,session_001,1,SUPER,2026-09-18T17:37:57.644+00:00,2026-09-18T17:38:02.435+00:00,2026-09-18T17:38:07.739+00:00,10.095016658306122,3,,,,COMPLETE,1,1
session_001_spin_0002,session_001,2,SUPER,2026-09-18T17:38:07.997+00:00,2026-09-18T17:38:08.128+00:00,2026-09-18T17:38:15.083+00:00,7.085980474948883,3,,,,COMPLETE,1,1
session_001_spin_0003,session_001,3,SUPER,2026-09-18T17:38:15.336+00:00,2026-09-18T17:38:15.489+00:00,2026-09-18T17:38:20.266+00:00,4.930007457733154,3,,,,COMPLETE,1,1
session_001_spin_0004,session_001,4,SUPER,2026-09-18T17:38:20.525+00:00,2026-09-18T17:38:20.650+00:00,2026-09-18T17:38:27.754+00:00,7.228969037532806,3,,,,COMPLETE,1,1
session_001_spin_0005,session_001,5,SUPER,2026-09-18T17:38:28.032+00:00,2026-09-18T17:38:28.187+00:00,2026-09-18T17:38:35.278+00:00,7.2459876537323,3,,,,COMPLETE,1,1
session_001_spin_0006,session_001,6,SUPER,2026-09-18T17:38:35.540+00:00,2026-09-18T17:38:35.670+00:00,2026-09-18T17:38:42.645+00:00,7.1049705147743225,3,,,,COMPLETE,1,1
session_001_spin_0007,session_001,7,SUPER,2026-09-18T17:38:42.866+00:00,2026-09-18T17:38:42.993+00:00,2026-09-18T17:38:48.144+00:00,5.278024077415466,3,,,,COMPLETE,1,1
session_001_spin_0008,session_001,8,SUPER,2026-09-18T17:38:48.405+00:00,2026-09-18T17:38:48.575+00:00,2026-09-18T17:38:53.280+00:00,4.875008761882782,3,,,,COMPLETE,1,1
session_001_spin_0009,session_001,9,SUPER,2026-09-18T17:38:53.590+00:00,2026-09-18T17:38:53.734+00:00,2026-09-18T17:39:01.013+00:00,7.422973215579987,3,,,,COMPLETE,1,1
session_001_spin_0010,session_001,10,SUPER,2026-09-18T17:39:01.278+00:00,2026-09-18T17:39:01.420+00:00,2026-09-18T17:39:08.597+00:00,7.31901079416275,3,,,,COMPLETE,1,1
session_001_spin_0011,session_001,11,SUPER,2026-09-18T17:39:08.813+00:00,2026-09-18T17:39:08.965+00:00,2026-09-18T17:39:13.726+00:00,4.913029074668884,3,,,,COMPLETE,1,1
session_001_spin_0012,session_001,12,SUPER,2026-09-18T17:39:13.982+00:00,2026-09-18T17:39:14.108+00:00,2026-09-18T17:39:21.074+00:00,7.091975212097168,3,,,,COMPLETE,1,1
session_001_spin_0013,session_001,13,SUPER,2026-09-18T17:39:21.281+00:00,2026-09-18T17:39:21.425+00:00,2026-09-18T17:39:26.858+00:00,5.5769965052604675,3,,,,COMPLETE,1,1
session_001_spin_0014,session_001,14,SUPER,2026-09-18T17:39:27.124+00:00,2026-09-18T17:39:27.270+00:00,2026-09-18T17:39:34.290+00:00,7.166004180908203,3,,,,COMPLETE,1,1
session_001_spin_0015,session_001,15,SUPER,2026-09-18T17:39:34.572+00:00,2026-09-18T17:39:34.717+00:00,2026-09-18T17:39:41.808+00:00,7.236009836196899,3,,,,COMPLETE,1,1
session_001_spin_0016,session_001,16,SUPER,2026-09-18T17:39:42.073+00:00,2026-09-18T17:39:42.218+00:00,2026-09-18T17:39:49.251+00:00,7.177993655204773,3,,,,COMPLETE,1,1
session_001_spin_0017,session_001,17,SUPER,2026-09-18T17:39:49.509+00:00,2026-09-18T17:39:49.637+00:00,2026-09-18T17:39:56.406+00:00,6.8970054388046265,3,,,,COMPLETE,1,1
session_001_spin_0018,session_001,18,SUPER,2026-09-18T17:39:56.663+00:00,2026-09-18T17:39:56.804+00:00,2026-09-18T17:40:01.946+00:00,5.282972753047943,3,,,,COMPLETE,1,1
session_001_spin_0019,session_001,19,SUPER,2026-09-18T17:40:02.156+00:00,2026-09-18T17:40:02.284+00:00,2026-09-18T17:40:07.192+00:00,5.03598153591156,3,,,,COMPLETE,1,1
session_001_spin_0020,session_001,20,SUPER,2026-09-18T17:40:07.465+00:00,2026-09-18T17:40:07.580+00:00,2026-09-18T17:40:14.590+00:00,7.12500661611557,3,,,,COMPLETE,1,1
session_001_spin_0021,session_001,21,SUPER,2026-09-18T17:40:14.802+00:00,2026-09-18T17:40:14.934+00:00,2026-09-18T17:40:21.610+00:00,6.808009743690491,3,,,,COMPLETE,1,1
session_001_spin_0022,session_001,22,SUPER,2026-09-18T17:40:21.875+00:00,2026-09-18T17:40:22.011+00:00,2026-09-18T17:40:26.917+00:00,5.042016506195068,3,,,,COMPLETE,1,1
session_001_spin_0023,session_001,23,SUPER,2026-09-18T17:40:27.179+00:00,2026-09-18T17:40:27.312+00:00,2026-09-18T17:40:34.293+00:00,7.113982737064362,3,,,,COMPLETE,1,1
session_001_spin_0024,session_001,24,SUPER,2026-09-18T17:40:34.557+00:00,2026-09-18T17:40:34.687+00:00,2026-09-18T17:40:39.854+00:00,5.297014117240906,3,,,,COMPLETE,1,1
session_001_spin_0025,session_001,25,SUPER,2026-09-18T17:40:40.126+00:00,2026-09-18T17:40:40.246+00:00,2026-09-18T17:40:47.234+00:00,7.1080282330513,3,,,,COMPLETE,1,1
session_001_spin_0026,session_001,26,SUPER,2026-09-18T17:40:47.484+00:00,2026-09-18T17:40:47.623+00:00,2026-09-18T17:40:54.651+00:00,7.167010009288788,3,,,,COMPLETE,1,1
session_001_spin_0027,session_001,27,SUPER,2026-09-18T17:40:54.940+00:00,2026-09-18T17:40:55.078+00:00,2026-09-18T17:41:02.118+00:00,7.177993655204773,3,,,,COMPLETE,1,1
session_001_spin_0028,session_001,28,SUPER,2026-09-18T17:41:02.400+00:00,2026-09-18T17:41:02.545+00:00,2026-09-18T17:41:07.673+00:00,5.272994935512543,3,,,,COMPLETE,1,1
session_001_spin_0029,session_001,29,SUPER,2026-09-18T17:41:07.897+00:00,2026-09-18T17:41:08.076+00:00,2026-09-18T17:41:13.071+00:00,5.174021422863007,3,,,,COMPLETE,1,1
session_001_spin_0030,session_001,30,SUPER,2026-09-18T17:41:13.341+00:00,2026-09-18T17:41:13.556+00:00,2026-09-18T17:41:20.696+00:00,7.35497921705246,3,,,,COMPLETE,1,1
session_001_spin_0031,session_001,31,SUPER,2026-09-18T17:41:21.029+00:00,2026-09-18T17:41:21.187+00:00,2026-09-18T17:41:28.182+00:00,7.153008878231049,3,,,,COMPLETE,1,1
session_001_spin_0032,session_001,32,SUPER,2026-09-18T17:41:28.445+00:00,2026-09-18T17:41:28.595+00:00,2026-09-18T17:41:35.338+00:00,6.892982125282288,3,,,,COMPLETE,1,1
session_001_spin_0033,session_001,33,SUPER,2026-09-18T17:41:35.628+00:00,2026-09-18T17:41:35.751+00:00,2026-09-18T17:41:41.006+00:00,5.378003418445587,3,,,,COMPLETE,1,1
session_001_spin_0034,session_001,34,SUPER,2026-09-18T17:41:41.269+00:00,2026-09-18T17:41:41.395+00:00,2026-09-18T17:41:46.476+00:00,5.207012593746185,3,,,,COMPLETE,1,1
session_001_spin_0035,session_001,35,SUPER,2026-09-18T17:41:46.758+00:00,2026-09-18T17:41:46.866+00:00,2026-09-18T17:41:53.786+00:00,7.02800452709198,3,,,,COMPLETE,1,1
session_001_spin_0036,session_001,36,SUPER,2026-09-18T17:41:54.033+00:00,2026-09-18T17:41:54.180+00:00,2026-09-18T17:42:02.558+00:00,8.524999022483826,3,,,,COMPLETE,1,1
session_001_spin_0037,session_001,37,SUPER,2026-09-18T17:42:02.764+00:00,2026-09-18T17:42:02.916+00:00,2026-09-18T17:42:07.849+00:00,5.0849854946136475,3,,,,COMPLETE,1,1
session_001_spin_0038,session_001,38,SUPER,2026-09-18T17:42:08.112+00:00,2026-09-18T17:42:08.255+00:00,2026-09-18T17:42:15.563+00:00,7.4510157108306885,3,,,,COMPLETE,1,1
session_001_spin_0039,session_001,39,SUPER,2026-09-18T17:42:15.842+00:00,2026-09-18T17:42:16.004+00:00,2026-09-18T17:42:20.774+00:00,4.932019114494324,3,,,,COMPLETE,1,1
session_001_spin_0040,session_001,40,SUPER,2026-09-18T17:42:21.050+00:00,2026-09-18T17:42:21.173+00:00,2026-09-18T17:42:29.970+00:00,8.920007944107056,3,,,,COMPLETE,1,1
session_001_spin_0041,session_001,41,SUPER,2026-09-18T17:42:30.218+00:00,2026-09-18T17:42:30.399+00:00,2026-09-18T17:42:35.048+00:00,4.82998788356781,3,,,,COMPLETE,1,1
session_001_spin_0042,session_001,42,SUPER,2026-09-18T17:42:35.340+00:00,2026-09-18T17:42:35.474+00:00,2026-09-18T17:42:46.068+00:00,10.728004574775696,3,,,,COMPLETE,1,1
session_001_spin_0043,session_001,43,SUPER,2026-09-18T17:42:46.370+00:00,2026-09-18T17:42:46.518+00:00,2026-09-18T17:42:51.398+00:00,5.028015375137329,3,,,,COMPLETE,1,1
session_001_spin_0044,session_001,44,SUPER,2026-09-18T17:42:51.674+00:00,2026-09-18T17:42:51.859+00:00,2026-09-18T17:42:58.606+00:00,6.931968033313751,3,,,,COMPLETE,1,1
session_001_spin_0045,session_001,45,SUPER,2026-09-18T17:42:58.878+00:00,2026-09-18T17:42:58.999+00:00,2026-09-18T17:43:04.254+00:00,5.375991761684418,3,,,,COMPLETE,1,1
session_001_spin_0046,session_001,46,SUPER,2026-09-18T17:43:04.545+00:00,2026-09-18T17:43:04.677+00:00,2026-09-18T17:43:09.500+00:00,4.954992234706879,3,,,,COMPLETE,1,1
session_001_spin_0047,session_001,47,SUPER,2026-09-18T17:43:09.757+00:00,2026-09-18T17:43:09.901+00:00,2026-09-18T17:43:18.448+00:00,8.691000938415527,3,,,,COMPLETE,1,1
session_001_spin_0048,session_001,48,SUPER,2026-09-18T17:43:18.698+00:00,2026-09-18T17:43:18.854+00:00,2026-09-18T17:43:26.147+00:00,7.449004054069519,3,,,,COMPLETE,1,1
session_001_spin_0049,session_001,49,SUPER,2026-09-18T17:43:26.409+00:00,2026-09-18T17:43:26.551+00:00,2026-09-18T17:43:31.524+00:00,5.114999413490295,3,,,,COMPLETE,1,1
session_001_spin_0050,session_001,50,SUPER,2026-09-18T17:43:31.751+00:00,2026-09-18T17:43:31.896+00:00,2026-09-18T17:53:40.987+00:00,609.2360034584999,3,,,,COMPLETE,1,1
session_001_spin_0051,session_001,51,SUPER,2026-09-18T17:54:02.586+00:00,2026-09-18T17:54:07.318+00:00,2026-09-18T17:54:14.452+00:00,11.865998804569244,3,,,,COMPLETE,1,1
session_001_spin_0052,session_001,52,SUPER,2026-09-18T17:54:14.731+00:00,2026-09-18T17:54:14.919+00:00,2026-09-18T17:54:23.320+00:00,8.589009940624237,3,,,,COMPLETE,1,1
session_001_spin_0053,session_001,53,SUPER,2026-09-18T17:54:23.619+00:00,2026-09-18T17:54:23.747+00:00,2026-09-18T17:54:30.784+00:00,7.164998352527618,3,,,,COMPLETE,1,1
session_001_spin_0054,session_001,54,SUPER,2026-09-18T17:54:31.049+00:00,2026-09-18T17:54:31.163+00:00,2026-09-18T17:54:36.326+00:00,5.276978015899658,3,,,,COMPLETE,1,1
session_001_spin_0055,session_001,55,SUPER,2026-09-18T17:54:36.606+00:00,2026-09-18T17:54:36.739+00:00,2026-09-18T17:54:45.333+00:00,8.726969361305237,3,,,,COMPLETE,1,1
session_001_spin_0056,session_001,56,SUPER,2026-09-18T17:54:45.606+00:00,2026-09-18T17:54:45.743+00:00,2026-09-18T17:54:51.002+00:00,5.395987629890442,3,,,,COMPLETE,1,1
session_001_spin_0057,session_001,57,SUPER,2026-09-18T17:54:51.227+00:00,2026-09-18T17:54:51.384+00:00,2026-09-18T17:54:58.116+00:00,6.888999044895172,3,,,,COMPLETE,1,1
session_001_spin_0058,session_001,58,SUPER,2026-09-18T17:54:58.394+00:00,2026-09-18T17:54:58.501+00:00,2026-09-18T17:55:03.880+00:00,5.485989153385162,3,,,,COMPLETE,1,1
session_001_spin_0059,session_001,59,SUPER,2026-09-18T17:55:04.180+00:00,2026-09-18T17:55:04.357+00:00,2026-09-18T17:55:09.481+00:00,5.302003026008606,3,,,,COMPLETE,1,1
session_001_spin_0060,session_001,60,SUPER,2026-09-18T17:55:09.738+00:00,2026-09-18T17:55:09.868+00:00,2026-09-18T17:55:14.865+00:00,5.126988887786865,3,,,,COMPLETE,1,1
session_001_spin_0061,session_001,61,SUPER,2026-09-18T17:55:15.174+00:00,2026-09-18T17:55:15.324+00:00,2026-09-18T17:55:22.317+00:00,7.143031060695648,3,,,,COMPLETE,1,1
session_001_spin_0062,session_001,62,SUPER,2026-09-18T17:55:22.633+00:00,2026-09-18T17:55:22.773+00:00,2026-09-18T17:55:27.738+00:00,5.104981362819672,3,,,,COMPLETE,1,1
session_001_spin_0063,session_001,63,SUPER,2026-09-18T17:55:28.025+00:00,2026-09-18T17:55:28.162+00:00,2026-09-18T17:55:35.254+00:00,7.228969037532806,3,,,,COMPLETE,1,1
session_001_spin_0064,session_001,64,SUPER,2026-09-18T17:55:35.520+00:00,2026-09-18T17:55:35.649+00:00,2026-09-18T17:55:42.562+00:00,7.042005658149719,3,,,,COMPLETE,1,1
session_001_spin_0065,session_001,65,SUPER,2026-09-18T17:55:42.835+00:00,2026-09-18T17:55:42.955+00:00,2026-09-18T17:55:48.093+00:00,5.258028209209442,3,,,,COMPLETE,1,1
session_001_spin_0066,session_001,66,SUPER,2026-09-18T17:55:48.352+00:00,2026-09-18T17:55:48.489+00:00,2026-09-18T17:55:53.544+00:00,5.192005634307861,3,,,,COMPLETE,1,1
session_001_spin_0067,session_001,67,SUPER,2026-09-18T17:55:53.808+00:00,2026-09-18T17:55:53.974+00:00,2026-09-18T17:56:00.680+00:00,6.871980428695679,3,,,,COMPLETE,1,1
session_001_spin_0068,session_001,68,SUPER,2026-09-18T17:56:00.930+00:00,2026-09-18T17:56:01.063+00:00,2026-09-18T17:56:07.827+00:00,6.8970054388046265,3,,,,COMPLETE,1,1
session_001_spin_0069,session_001,69,SUPER,2026-09-18T17:56:08.037+00:00,2026-09-18T17:56:08.160+00:00,2026-09-18T17:56:15.072+00:00,7.03500509262085,3,,,,COMPLETE,1,1
session_001_spin_0070,session_001,70,SUPER,2026-09-18T17:56:15.331+00:00,2026-09-18T17:56:15.475+00:00,2026-09-18T17:56:22.484+00:00,7.152968645095825,3,,,,COMPLETE,1,1
session_001_spin_0071,session_001,71,SUPER,2026-09-18T17:56:22.701+00:00,2026-09-18T17:56:22.831+00:00,2026-09-18T17:56:27.985+00:00,5.284018814563751,3,,,,COMPLETE,1,1
session_001_spin_0072,session_001,72,SUPER,2026-09-18T17:56:28.302+00:00,2026-09-18T17:56:28.452+00:00,2026-09-18T17:56:33.434+00:00,5.131977796554565,3,,,,COMPLETE,1,1
session_001_spin_0073,session_001,73,SUPER,2026-09-18T17:56:33.652+00:00,2026-09-18T17:56:33.806+00:00,2026-09-18T17:56:40.892+00:00,7.239992916584015,3,,,,COMPLETE,1,1
session_001_spin_0074,session_001,74,SUPER,2026-09-18T17:56:41.147+00:00,2026-09-18T17:56:41.288+00:00,2026-09-18T17:56:48.379+00:00,7.2319865226745605,3,,,,COMPLETE,1,1
session_001_spin_0075,session_001,75,SUPER,2026-09-18T17:56:48.654+00:00,2026-09-18T17:56:48.776+00:00,2026-09-18T17:56:55.863+00:00,7.209013402462006,3,,,,COMPLETE,1,1
session_001_spin_0076,session_001,76,SUPER,2026-09-18T17:56:56.126+00:00,2026-09-18T17:56:56.281+00:00,2026-09-18T17:57:04.749+00:00,8.623006939888,3,,,,COMPLETE,1,1
session_001_spin_0077,session_001,77,SUPER,2026-09-18T17:57:05.012+00:00,2026-09-18T17:57:05.184+00:00,2026-09-18T17:59:39.665+00:00,154.6529933810234,3,,,,COMPLETE,1,1
session_001_spin_0078,session_001,78,SUPER,2026-09-18T18:00:01.416+00:00,2026-09-18T18:00:06.475+00:00,2026-09-18T18:00:11.314+00:00,9.897994995117188,3,,,,COMPLETE,1,1
session_001_spin_0079,session_001,79,SUPER,2026-09-18T18:00:11.570+00:00,2026-09-18T18:00:11.675+00:00,2026-09-18T18:00:16.952+00:00,5.381986498832703,3,,,,COMPLETE,1,1
session_001_spin_0080,session_001,80,SUPER,2026-09-18T18:00:17.270+00:00,2026-09-18T18:00:17.410+00:00,2026-09-18T18:00:22.267+00:00,4.996995627880096,3,,,,COMPLETE,1,1
session_001_spin_0081,session_001,81,SUPER,2026-09-18T18:00:22.539+00:00,2026-09-18T18:00:22.671+00:00,2026-09-18T18:00:29.709+00:00,7.169987261295319,3,,,,COMPLETE,1,1
session_001_spin_0082,session_001,82,SUPER,2026-09-18T18:00:29.983+00:00,2026-09-18T18:00:30.115+00:00,2026-09-18T18:00:38.770+00:00,8.786997199058533,3,,,,COMPLETE,1,1
session_001_spin_0083,session_001,83,SUPER,2026-09-18T18:00:39.019+00:00,2026-09-18T18:00:39.162+00:00,2026-09-18T18:00:44.284+00:00,5.264988541603088,3,,,,COMPLETE,1,1
session_001_spin_0084,session_001,84,SUPER,2026-09-18T18:00:44.568+00:00,2026-09-18T18:00:44.710+00:00,2026-09-18T18:00:49.585+00:00,5.016991496086121,3,,,,COMPLETE,1,1
session_001_spin_0085,session_001,85,SUPER,2026-09-18T18:00:49.849+00:00,2026-09-18T18:00:49.955+00:00,2026-09-18T18:00:56.885+00:00,7.035970687866211,3,,,,COMPLETE,1,1
session_001_spin_0086,session_001,86,SUPER,2026-09-18T18:00:57.163+00:00,2026-09-18T18:00:57.290+00:00,2026-09-18T18:01:04.312+00:00,7.14898556470871,3,,,,COMPLETE,1,1
session_001_spin_0087,session_001,87,SUPER,2026-09-18T18:01:04.575+00:00,2026-09-18T18:01:04.745+00:00,2026-09-18T18:01:11.703+00:00,7.128024101257324,3,,,,COMPLETE,1,1
session_001_spin_0088,session_001,88,SUPER,2026-09-18T18:01:11.995+00:00,2026-09-18T18:01:12.140+00:00,2026-09-18T18:01:20.985+00:00,8.990013599395752,3,,,,COMPLETE,1,1
session_001_spin_0089,session_001,89,SUPER,2026-09-18T18:01:21.280+00:00,2026-09-18T18:01:21.415+00:00,2026-09-18T18:01:26.368+00:00,5.088002979755402,3,,,,COMPLETE,1,1
session_001_spin_0090,session_001,90,SUPER,2026-09-18T18:01:26.658+00:00,2026-09-18T18:01:26.785+00:00,2026-09-18T18:01:34.170+00:00,7.512009143829346,3,,,,COMPLETE,1,1
session_001_spin_0091,session_001,91,SUPER,2026-09-18T18:01:34.503+00:00,2026-09-18T18:01:34.702+00:00,2026-09-18T18:01:41.902+00:00,7.398994266986847,3,,,,COMPLETE,1,1
session_001_spin_0092,session_001,92,SUPER,2026-09-18T18:01:42.207+00:00,2026-09-18T18:01:42.356+00:00,2026-09-18T18:01:49.329+00:00,7.121989130973816,3,,,,COMPLETE,1,1
session_001_spin_0093,session_001,93,SUPER,2026-09-18T18:01:49.584+00:00,2026-09-18T18:01:49.707+00:00,2026-09-18T18:01:54.870+00:00,5.285990238189697,3,,,,COMPLETE,1,1
session_001_spin_0094,session_001,94,SUPER,2026-09-18T18:01:55.151+00:00,2026-09-18T18:01:55.275+00:00,2026-09-18T18:02:02.120+00:00,6.968982517719269,3,,,,COMPLETE,1,1
session_001_spin_0095,session_001,95,SUPER,2026-09-18T18:02:02.388+00:00,2026-09-18T18:02:02.506+00:00,2026-09-18T18:02:07.677+00:00,5.289007723331451,3,,,,COMPLETE,1,1
session_001_spin_0096,session_001,96,SUPER,2026-09-18T18:02:07.968+00:00,2026-09-18T18:02:08.093+00:00,2026-09-18T18:02:16.645+00:00,8.676999807357788,3,,,,COMPLETE,1,1
session_001_spin_0097,session_001,97,SUPER,2026-09-18T18:02:16.919+00:00,2026-09-18T18:02:17.062+00:00,2026-09-18T18:02:26.236+00:00,9.316988289356232,3,,,,COMPLETE,1,1
session_001_spin_0098,session_001,98,SUPER,2026-09-18T18:02:26.512+00:00,2026-09-18T18:02:26.688+00:00,2026-09-18T18:02:31.582+00:00,5.0699785351753235,3,,,,COMPLETE,1,1
session_001_spin_0099,session_001,99,SUPER,2026-09-18T18:02:31.859+00:00,2026-09-18T18:02:31.990+00:00,2026-09-18T18:02:40.483+00:00,8.624012768268585,3,,,,COMPLETE,1,1
session_001_spin_0100,session_001,100,SUPER,2026-09-18T18:02:40.757+00:00,2026-09-18T18:02:40.879+00:00,2026-09-18T18:02:46.041+00:00,5.283978581428528,3,,,,COMPLETE,1,1
session_001_spin_0101,session_001,101,SUPER,2026-09-18T18:02:46.290+00:00,2026-09-18T18:02:46.426+00:00,2026-09-18T18:02:51.905+00:00,5.61501681804657,3,,,,COMPLETE,1,1
session_001_spin_0102,session_001,102,SUPER,2026-09-18T18:02:52.196+00:00,2026-09-18T18:02:52.394+00:00,2026-09-18T18:02:57.197+00:00,5.000978708267212,3,,,,COMPLETE,1,1
session_001_spin_0103,session_001,103,SUPER,2026-09-18T18:02:57.471+00:00,2026-09-18T18:02:57.609+00:00,2026-09-18T18:03:04.723+00:00,7.251982390880585,3,,,,COMPLETE,1,1
session_001_spin_0104,session_001,104,SUPER,2026-09-18T18:03:04.926+00:00,2026-09-18T18:03:05.048+00:00,2026-09-18T18:03:12.178+00:00,7.251982390880585,3,,,,COMPLETE,1,1
session_001_spin_0105,session_001,105,SUPER,2026-09-18T18:03:12.439+00:00,2026-09-18T18:03:12.591+00:00,2026-09-18T18:03:19.447+00:00,7.008008658885956,3,,,,COMPLETE,1,1
session_001_spin_0106,session_001,106,SUPER,2026-09-18T18:03:19.728+00:00,2026-09-18T18:03:19.856+00:00,2026-09-18T18:03:28.429+00:00,8.701018989086151,3,,,,COMPLETE,1,1
session_001_spin_0107,session_001,107,SUPER,2026-09-18T18:03:28.692+00:00,2026-09-18T18:03:28.848+00:00,2026-09-18T18:03:33.674+00:00,4.9819886684417725,3,,,,COMPLETE,1,1
session_001_spin_0108,session_001,108,SUPER,2026-09-18T18:03:33.967+00:00,2026-09-18T18:03:34.095+00:00,2026-09-18T18:03:41.254+00:00,7.286985218524933,3,,,,COMPLETE,1,1
session_001_spin_0109,session_001,109,SUPER,2026-09-18T18:03:41.504+00:00,2026-09-18T18:03:41.681+00:00,2026-09-18T18:03:48.779+00:00,7.274995744228363,3,,,,COMPLETE,1,1
session_001_spin_0110,session_001,110,SUPER,2026-09-18T18:03:49.083+00:00,2026-09-18T18:03:49.225+00:00,2026-09-18T18:03:57.400+00:00,8.316993713378906,3,,,,COMPLETE,1,1
session_001_spin_0111,session_001,111,SUPER,2026-09-18T18:03:57.658+00:00,2026-09-18T18:03:57.789+00:00,2026-09-18T18:04:02.921+00:00,5.262976884841919,3,,,,COMPLETE,1,1
session_001_spin_0112,session_001,112,SUPER,2026-09-18T18:04:03.148+00:00,2026-09-18T18:04:03.273+00:00,2026-09-18T18:04:08.489+00:00,5.341029167175293,3,,,,COMPLETE,1,1
session_001_spin_0113,session_001,113,SUPER,2026-09-18T18:04:08.733+00:00,2026-09-18T18:04:08.863+00:00,2026-09-18T18:04:17.389+00:00,8.65599811077118,3,,,,COMPLETE,1,1
session_001_spin_0114,session_001,114,SUPER,2026-09-18T18:04:17.691+00:00,2026-09-18T18:04:17.826+00:00,2026-09-18T18:04:26.930+00:00,9.238976240158081,3,,,,COMPLETE,1,1
session_001_spin_0115,session_001,115,SUPER,2026-09-18T18:04:27.195+00:00,2026-09-18T18:04:27.353+00:00,2026-09-18T18:04:32.277+00:00,5.082008242607117,3,,,,COMPLETE,1,1
session_001_spin_0116,session_001,116,SUPER,2026-09-18T18:04:32.562+00:00,2026-09-18T18:04:32.686+00:00,2026-09-18T18:04:39.565+00:00,7.003019750118256,3,,,,COMPLETE,1,1
session_001_spin_0117,session_001,117,SUPER,2026-09-18T18:04:39.819+00:00,2026-09-18T18:04:39.959+00:00,2026-09-18T18:04:47.021+00:00,7.202012836933136,3,,,,COMPLETE,1,1
session_001_spin_0118,session_001,118,SUPER,2026-09-18T18:04:47.285+00:00,2026-09-18T18:04:47.429+00:00,2026-09-18T18:04:52.556+00:00,5.271023511886597,3,,,,COMPLETE,1,1
session_001_spin_0119,session_001,119,SUPER,2026-09-18T18:04:52.816+00:00,2026-09-18T18:04:52.983+00:00,2026-09-18T18:04:57.950+00:00,5.133989453315735,3,,,,COMPLETE,1,1
session_001_spin_0120,session_001,120,SUPER,2026-09-18T18:04:58.166+00:00,2026-09-18T18:04:58.343+00:00,2026-09-18T18:05:03.067+00:00,4.900999367237091,3,,,,COMPLETE,1,1
session_001_spin_0121,session_001,121,SUPER,2026-09-18T18:05:03.328+00:00,2026-09-18T18:05:03.461+00:00,2026-09-18T18:05:10.461+00:00,7.133013010025024,3,,,,COMPLETE,1,1
session_001_spin_0122,session_001,122,SUPER,2026-09-18T18:05:10.681+00:00,2026-09-18T18:05:10.851+00:00,2026-09-18T18:05:17.629+00:00,6.948021054267883,3,,,,COMPLETE,1,1
session_001_spin_0123,session_001,123,SUPER,2026-09-18T18:05:17.879+00:00,2026-09-18T18:05:18.008+00:00,2026-09-18T18:05:23.258+00:00,5.379009246826172,3,,,,COMPLETE,1,1
session_001_spin_0124,session_001,124,SUPER,2026-09-18T18:05:23.493+00:00,2026-09-18T18:05:23.652+00:00,2026-09-18T18:05:30.622+00:00,7.1289896965026855,3,,,,COMPLETE,1,1
session_001_spin_0125,session_001,125,SUPER,2026-09-18T18:05:30.882+00:00,2026-09-18T18:05:31.021+00:00,2026-09-18T18:05:36.294+00:00,5.412000417709351,3,,,,COMPLETE,1,1
session_001_spin_0126,session_001,126,SUPER,2026-09-18T18:05:36.578+00:00,2026-09-18T18:05:36.726+00:00,2026-09-18T18:05:43.778+00:00,7.2000011801719666,3,,,,COMPLETE,1,1
session_001_spin_0127,session_001,127,SUPER,2026-09-18T18:05:44.036+00:00,2026-09-18T18:05:44.178+00:00,2026-09-18T18:05:51.221+00:00,7.184994220733643,3,,,,COMPLETE,1,1
session_001_spin_0128,session_001,128,SUPER,2026-09-18T18:05:51.497+00:00,2026-09-18T18:05:51.649+00:00,2026-09-18T18:05:58.737+00:00,7.239992916584015,3,,,,COMPLETE,1,1
session_001_spin_0129,session_001,129,SUPER,2026-09-18T18:05:58.996+00:00,2026-09-18T18:05:59.136+00:00,2026-09-18T18:06:04.545+00:00,5.548994243144989,3,,,,COMPLETE,1,1
session_001_spin_0130,session_001,130,SUPER,2026-09-18T18:06:04.747+00:00,2026-09-18T18:06:04.900+00:00,2026-09-18T18:06:12.004+00:00,7.257011532783508,3,,,,COMPLETE,1,1
session_001_spin_0131,session_001,131,SUPER,2026-09-18T18:06:12.281+00:00,2026-09-18T18:06:12.416+00:00,2026-09-18T18:06:20.694+00:00,8.413030207157135,3,,,,COMPLETE,1,1
session_001_spin_0132,session_001,132,SUPER,2026-09-18T18:06:20.911+00:00,2026-09-18T18:06:21.039+00:00,2026-09-18T18:06:27.915+00:00,7.00402557849884,3,,,,COMPLETE,1,1
session_001_spin_0133,session_001,133,SUPER,2026-09-18T18:06:28.189+00:00,2026-09-18T18:06:28.309+00:00,2026-09-18T18:06:33.460+00:00,5.270983278751373,3,,,,COMPLETE,1,1
session_001_spin_0134,session_001,134,SUPER,2026-09-18T18:06:33.758+00:00,2026-09-18T18:06:33.881+00:00,2026-09-18T18:06:39.062+00:00,5.304014682769775,3,,,,COMPLETE,1,1
session_001_spin_0135,session_001,135,SUPER,2026-09-18T18:06:39.327+00:00,2026-09-18T18:06:39.459+00:00,2026-09-18T18:06:46.305+00:00,6.978034973144531,3,,,,COMPLETE,1,1
session_001_spin_0136,session_001,136,SUPER,2026-09-18T18:06:46.584+00:00,2026-09-18T18:06:46.691+00:00,2026-09-18T18:06:51.939+00:00,5.354990065097809,3,,,,COMPLETE,1,1
session_001_spin_0137,session_001,137,SUPER,2026-09-18T18:06:52.230+00:00,2026-09-18T18:06:52.392+00:00,2026-09-18T18:07:00.852+00:00,8.622001111507416,3,,,,COMPLETE,1,1
session_001_spin_0138,session_001,138,SUPER,2026-09-18T18:07:01.133+00:00,2026-09-18T18:07:01.254+00:00,2026-09-18T18:07:06.211+00:00,5.078025162220001,3,,,,COMPLETE,1,1
session_001_spin_0139,session_001,139,SUPER,2026-09-18T18:07:06.478+00:00,2026-09-18T18:07:06.598+00:00,2026-09-18T18:07:11.765+00:00,5.286996066570282,3,,,,COMPLETE,1,1
session_001_spin_0140,session_001,140,SUPER,2026-09-18T18:07:12.056+00:00,2026-09-18T18:07:12.188+00:00,2026-09-18T18:07:18.773+00:00,6.7170023918151855,3,,,,COMPLETE,1,1
session_001_spin_0141,session_001,141,SUPER,2026-09-18T18:07:19.038+00:00,2026-09-18T18:07:19.175+00:00,2026-09-18T18:07:26.012+00:00,6.973971426486969,3,,,,COMPLETE,1,1
session_001_spin_0142,session_001,142,SUPER,2026-09-18T18:07:26.282+00:00,2026-09-18T18:07:26.402+00:00,2026-09-18T18:07:31.524+00:00,5.2420154213905334,3,,,,COMPLETE,1,1
session_001_spin_0143,session_001,143,SUPER,2026-09-18T18:07:31.781+00:00,2026-09-18T18:07:31.902+00:00,2026-09-18T18:07:36.923+00:00,5.141995847225189,3,,,,COMPLETE,1,1
session_001_spin_0144,session_001,144,SUPER,2026-09-18T18:07:37.138+00:00,2026-09-18T18:07:37.285+00:00,2026-09-18T18:07:44.295+00:00,7.156991958618164,3,,,,COMPLETE,1,1
session_001_spin_0145,session_001,145,SUPER,2026-09-18T18:07:44.569+00:00,2026-09-18T18:07:44.743+00:00,2026-09-18T18:07:49.293+00:00,4.724013805389404,3,,,,COMPLETE,1,1
session_001_spin_0146,session_001,146,SUPER,2026-09-18T18:07:49.485+00:00,2026-09-18T18:07:49.595+00:00,2026-09-18T18:07:54.836+00:00,5.351006984710693,3,,,,COMPLETE,1,1
session_001_spin_0147,session_001,147,SUPER,2026-09-18T18:07:55.076+00:00,2026-09-18T18:07:55.201+00:00,2026-09-18T18:08:02.313+00:00,7.237015664577484,3,,,,COMPLETE,1,1
session_001_spin_0148,session_001,148,SUPER,2026-09-18T18:08:02.524+00:00,2026-09-18T18:08:02.679+00:00,2026-09-18T18:08:11.489+00:00,8.964988589286804,3,,,,COMPLETE,1,1
session_001_spin_0149,session_001,149,SUPER,2026-09-18T18:08:11.760+00:00,2026-09-18T18:08:11.909+00:00,2026-09-18T18:08:18.940+00:00,7.180005311965942,3,,,,COMPLETE,1,1
session_001_spin_0150,session_001,150,SUPER,2026-09-18T18:08:19.165+00:00,2026-09-18T18:08:19.306+00:00,2026-09-18T18:08:27.507+00:00,8.342018723487854,3,,,,COMPLETE,1,1
session_001_spin_0151,session_001,151,SUPER,2026-09-18T18:08:27.757+00:00,2026-09-18T18:08:27.875+00:00,2026-09-18T18:08:33.056+00:00,5.298985540866852,3,,,,COMPLETE,1,1
session_001_spin_0152,session_001,152,SUPER,2026-09-18T18:08:33.267+00:00,2026-09-18T18:08:33.409+00:00,2026-09-18T18:08:40.561+00:00,7.294026017189026,3,,,,COMPLETE,1,1
session_001_spin_0153,session_001,153,SUPER,2026-09-18T18:08:40.809+00:00,2026-09-18T18:08:40.957+00:00,2026-09-18T18:08:47.950+00:00,7.140979170799255,3,,,,COMPLETE,1,1
session_001_spin_0154,session_001,154,SUPER,2026-09-18T18:08:48.162+00:00,2026-09-18T18:08:48.306+00:00,2026-09-18T18:08:55.054+00:00,6.891976296901703,3,,,,COMPLETE,1,1
session_001_spin_0155,session_001,155,SUPER,2026-09-18T18:08:55.298+00:00,2026-09-18T18:08:55.420+00:00,2026-09-18T18:09:00.672+00:00,5.373980104923248,3,,,,COMPLETE,1,1
session_001_spin_0156,session_001,156,SUPER,2026-09-18T18:09:00.953+00:00,2026-09-18T18:09:01.078+00:00,2026-09-18T18:09:07.920+00:00,6.966970860958099,3,,,,COMPLETE,1,1
session_001_spin_0157,session_001,157,SUPER,2026-09-18T18:09:08.176+00:00,2026-09-18T18:09:08.312+00:00,2026-09-18T18:09:13.461+00:00,5.285024642944336,3,,,,COMPLETE,1,1
session_001_spin_0158,session_001,158,SUPER,2026-09-18T18:09:13.741+00:00,2026-09-18T18:09:13.871+00:00,2026-09-18T18:09:21.319+00:00,7.577991485595703,3,,,,COMPLETE,1,1
session_001_spin_0159,session_001,159,SUPER,2026-09-18T18:09:21.591+00:00,2026-09-18T18:09:21.768+00:00,2026-09-18T18:09:26.740+00:00,5.148996412754059,3,,,,COMPLETE,1,1
session_001_spin_0160,session_001,160,SUPER,2026-09-18T18:09:27.014+00:00,2026-09-18T18:09:27.153+00:00,2026-09-18T18:09:32.044+00:00,5.0300270318984985,3,,,,COMPLETE,1,1
session_001_spin_0161,session_001,161,SUPER,2026-09-18T18:09:32.295+00:00,2026-09-18T18:09:32.444+00:00,2026-09-18T18:09:40.933+00:00,8.638013899326324,3,,,,COMPLETE,1,1
session_001_spin_0162,session_001,162,SUPER,2026-09-18T18:09:41.199+00:00,2026-09-18T18:09:41.372+00:00,2026-09-18T18:09:46.383+00:00,5.18403947353363,3,,,,COMPLETE,1,1
session_001_spin_0163,session_001,163,SUPER,2026-09-18T18:09:46.635+00:00,2026-09-18T18:09:46.781+00:00,2026-09-18T18:09:55.563+00:00,8.92801433801651,3,,,,COMPLETE,1,1
session_001_spin_0164,session_001,164,SUPER,2026-09-18T18:09:55.835+00:00,2026-09-18T18:09:55.961+00:00,2026-09-18T18:10:01.165+00:00,5.3300052881240845,3,,,,COMPLETE,1,1
session_001_spin_0165,session_001,165,SUPER,2026-09-18T18:10:01.418+00:00,2026-09-18T18:10:01.564+00:00,2026-09-18T18:10:08.575+00:00,7.1570321917533875,3,,,,COMPLETE,1,1
session_001_spin_0166,session_001,166,SUPER,2026-09-18T18:10:08.845+00:00,2026-09-18T18:10:08.969+00:00,2026-09-18T18:10:14.292+00:00,5.446963012218475,3,,,,COMPLETE,1,1
session_001_spin_0167,session_001,167,SUPER,2026-09-18T18:10:14.539+00:00,2026-09-18T18:10:14.690+00:00,2026-09-18T18:10:21.755+00:00,7.215973734855652,3,,,,COMPLETE,1,1
session_001_spin_0168,session_001,168,SUPER,2026-09-18T18:10:22.033+00:00,2026-09-18T18:10:22.180+00:00,2026-09-18T18:10:27.114+00:00,5.081002414226532,3,,,,COMPLETE,1,1
session_001_spin_0169,session_001,169,SUPER,2026-09-18T18:10:27.365+00:00,2026-09-18T18:10:27.495+00:00,2026-09-18T18:10:34.846+00:00,7.480989396572113,3,,,,COMPLETE,1,1
session_001_spin_0170,session_001,170,SUPER,2026-09-18T18:10:35.056+00:00,2026-09-18T18:10:35.196+00:00,2026-09-18T18:10:42.513+00:00,7.457010447978973,3,,,,COMPLETE,1,1
session_001_spin_0171,session_001,171,SUPER,2026-09-18T18:10:42.762+00:00,2026-09-18T18:10:42.944+00:00,2026-09-18T18:10:47.762+00:00,5.000013113021851,3,,,,COMPLETE,1,1
session_001_spin_0172,session_001,172,SUPER,2026-09-18T18:10:48.032+00:00,2026-09-18T18:10:48.145+00:00,2026-09-18T18:10:54.622+00:00,6.5899863839149475,3,,,,COMPLETE,1,1
session_001_spin_0173,session_001,173,SUPER,2026-09-18T18:10:54.879+00:00,2026-09-18T18:10:54.994+00:00,2026-09-18T18:11:00.232+00:00,5.352978408336639,3,,,,COMPLETE,1,1
session_001_spin_0174,session_001,174,SUPER,2026-09-18T18:11:00.508+00:00,2026-09-18T18:11:00.633+00:00,2026-09-18T18:11:09.263+00:00,8.755011856555939,3,,,,COMPLETE,1,1
session_001_spin_0175,session_001,175,SUPER,2026-09-18T18:11:09.515+00:00,2026-09-18T18:11:09.641+00:00,2026-09-18T18:11:16.695+00:00,7.179965078830719,3,,,,COMPLETE,1,1
session_001_spin_0176,session_001,176,SUPER,2026-09-18T18:11:16.983+00:00,2026-09-18T18:11:17.131+00:00,2026-09-18T18:11:21.821+00:00,4.837994277477264,3,,,,COMPLETE,1,1
session_001_spin_0177,session_001,177,SUPER,2026-09-18T18:11:22.092+00:00,2026-09-18T18:11:22.208+00:00,2026-09-18T18:11:29.150+00:00,7.0579782128334045,3,,,,COMPLETE,1,1
session_001_spin_0178,session_001,178,SUPER,2026-09-18T18:11:29.383+00:00,2026-09-18T18:11:29.506+00:00,2026-09-18T18:11:36.347+00:00,6.964033842086792,3,,,,COMPLETE,1,1
session_001_spin_0179,session_001,179,SUPER,2026-09-18T18:11:36.604+00:00,2026-09-18T18:11:36.725+00:00,2026-09-18T18:11:43.785+00:00,7.181011140346527,3,,,,COMPLETE,1,1
session_001_spin_0180,session_001,180,SUPER,2026-09-18T18:11:44.054+00:00,2026-09-18T18:11:44.191+00:00,2026-09-18T18:11:51.097+00:00,7.043011486530304,3,,,,COMPLETE,1,1
session_001_spin_0181,session_001,181,SUPER,2026-09-18T18:11:51.355+00:00,2026-09-18T18:11:51.492+00:00,2026-09-18T18:11:57.710+00:00,6.355024874210358,3,,,,COMPLETE,1,1
session_001_spin_0182,session_001,182,SUPER,2026-09-18T18:11:57.980+00:00,2026-09-18T18:11:58.113+00:00,2026-09-18T18:12:03.106+00:00,5.12799471616745,3,,,,COMPLETE,1,1
session_001_spin_0183,session_001,183,SUPER,2026-09-18T18:12:03.365+00:00,2026-09-18T18:12:03.505+00:00,2026-09-18T18:12:08.246+00:00,4.881003499031067,3,,,,COMPLETE,1,1
session_001_spin_0184,session_001,184,SUPER,2026-09-18T18:12:08.458+00:00,2026-09-18T18:12:08.588+00:00,2026-09-18T18:12:13.657+00:00,5.199006199836731,3,,,,COMPLETE,1,1
session_001_spin_0185,session_001,185,SUPER,2026-09-18T18:12:13.942+00:00,2026-09-18T18:12:14.100+00:00,2026-09-18T18:12:21.165+00:00,7.223014533519745,3,,,,COMPLETE,1,1
session_001_spin_0186,session_001,186,SUPER,2026-09-18T18:12:21.450+00:00,2026-09-18T18:12:21.604+00:00,2026-09-18T18:12:26.203+00:00,4.752981662750244,3,,,,COMPLETE,1,1
session_001_spin_0187,session_001,187,SUPER,2026-09-18T18:12:26.485+00:00,2026-09-18T18:12:26.620+00:00,2026-09-18T18:12:32.930+00:00,6.445026397705078,3,,,,COMPLETE,1,1
session_001_spin_0188,session_001,188,SUPER,2026-09-18T18:12:33.145+00:00,2026-09-18T18:12:33.270+00:00,2026-09-18T18:12:38.580+00:00,5.4349735379219055,3,,,,COMPLETE,1,1
session_001_spin_0189,session_001,189,SUPER,2026-09-18T18:12:38.831+00:00,2026-09-18T18:12:39.036+00:00,2026-09-18T18:12:43.807+00:00,4.9759939312934875,3,,,,COMPLETE,1,1
session_001_spin_0190,session_001,190,SUPER,2026-09-18T18:12:44.025+00:00,2026-09-18T18:12:44.152+00:00,2026-09-18T18:12:52.872+00:00,8.847025036811829,3,,,,COMPLETE,1,1
session_001_spin_0191,session_001,191,SUPER,2026-09-18T18:12:53.133+00:00,2026-09-18T18:12:53.265+00:00,2026-09-18T18:13:00.403+00:00,7.270006835460663,3,,,,COMPLETE,1,1
session_001_spin_0192,session_001,192,SUPER,2026-09-18T18:13:00.621+00:00,2026-09-18T18:13:00.786+00:00,2026-09-18T18:13:05.687+00:00,5.065995454788208,3,,,,COMPLETE,1,1
session_001_spin_0193,session_001,193,SUPER,2026-09-18T18:13:05.964+00:00,2026-09-18T18:13:06.125+00:00,2026-09-18T18:13:11.206+00:00,5.2420154213905334,3,,,,COMPLETE,1,1
session_001_spin_0194,session_001,194,SUPER,2026-09-18T18:13:11.468+00:00,2026-09-18T18:13:11.638+00:00,2026-09-18T18:13:16.328+00:00,4.860001802444458,3,,,,COMPLETE,1,1
session_001_spin_0195,session_001,195,SUPER,2026-09-18T18:13:16.615+00:00,2026-09-18T18:13:16.759+00:00,2026-09-18T18:13:25.321+00:00,8.706007897853851,3,,,,COMPLETE,1,1
session_001_spin_0196,session_001,196,SUPER,2026-09-18T18:13:25.608+00:00,2026-09-18T18:13:25.739+00:00,2026-09-18T18:13:32.842+00:00,7.23399817943573,3,,,,COMPLETE,1,1
session_001_spin_0197,session_001,197,SUPER,2026-09-18T18:13:33.115+00:00,2026-09-18T18:13:33.226+00:00,2026-09-18T18:13:40.277+00:00,7.161980867385864,3,,,,COMPLETE,1,1
session_001_spin_0198,session_001,198,SUPER,2026-09-18T18:13:40.485+00:00,2026-09-18T18:13:40.630+00:00,2026-09-18T18:13:45.380+00:00,4.895004630088806,3,,,,COMPLETE,1,1
session_001_spin_0199,session_001,199,SUPER,2026-09-18T18:13:45.649+00:00,2026-09-18T18:13:45.784+00:00,2026-09-18T18:13:54.329+00:00,8.680017292499542,3,,,,COMPLETE,1,1
session_001_spin_0200,session_001,200,SUPER,2026-09-18T18:13:54.544+00:00,2026-09-18T18:13:54.665+00:00,2026-09-18T18:14:01.779+00:00,7.235004007816315,3,,,,COMPLETE,1,1
session_001_spin_0201,session_001,201,SUPER,2026-09-18T18:14:02.049+00:00,2026-09-18T18:14:02.228+00:00,2026-09-18T18:14:09.104+00:00,7.055000960826874,3,,,,COMPLETE,1,1
session_001_spin_0202,session_001,202,SUPER,2026-09-18T18:14:09.371+00:00,2026-09-18T18:14:09.511+00:00,2026-09-18T18:14:17.938+00:00,8.567002415657043,3,,,,COMPLETE,1,1
session_001_spin_0203,session_001,203,SUPER,2026-09-18T18:14:18.194+00:00,2026-09-18T18:14:18.356+00:00,2026-09-18T18:14:25.314+00:00,7.1199774742126465,3,,,,COMPLETE,1,1
session_001_spin_0204,session_001,204,SUPER,2026-09-18T18:14:25.598+00:00,2026-09-18T18:14:25.719+00:00,2026-09-18T18:14:32.649+00:00,7.051017880439758,3,,,,COMPLETE,1,1
session_001_spin_0205,session_001,205,SUPER,2026-09-18T18:14:33.130+00:00,2026-09-18T18:14:33.271+00:00,2026-09-18T18:14:41.900+00:00,8.76997858285904,3,,,,COMPLETE,1,1
session_001_spin_0206,session_001,206,SUPER,2026-09-18T18:14:42.190+00:00,2026-09-18T18:14:42.336+00:00,2026-09-18T18:17:27.926+00:00,165.73601514101028,3,,,,COMPLETE,1,1
session_001_spin_0207,session_001,207,SUPER,2026-09-18T18:17:49.552+00:00,2026-09-18T18:17:54.378+00:00,2026-09-18T18:18:01.218+00:00,11.66599988937378,3,,,,COMPLETE,1,1
session_001_spin_0208,session_001,208,SUPER,2026-09-18T18:18:01.495+00:00,2026-09-18T18:18:01.630+00:00,2026-09-18T18:18:06.524+00:00,5.02898097038269,3,,,,COMPLETE,1,1
session_001_spin_0209,session_001,209,SUPER,2026-09-18T18:18:06.736+00:00,2026-09-18T18:18:06.866+00:00,2026-09-18T18:18:11.854+00:00,5.117976665496826,3,,,,COMPLETE,1,1
session_001_spin_0210,session_001,210,SUPER,2026-09-18T18:18:12.107+00:00,2026-09-18T18:18:12.239+00:00,2026-09-18T18:18:17.426+00:00,5.318981409072876,3,,,,COMPLETE,1,1
session_001_spin_0211,session_001,211,SUPER,2026-09-18T18:18:17.659+00:00,2026-09-18T18:18:17.789+00:00,2026-09-18T18:18:25.050+00:00,7.391028106212616,3,,,,COMPLETE,1,1
session_001_spin_0212,session_001,212,SUPER,2026-09-18T18:18:25.310+00:00,2026-09-18T18:18:25.432+00:00,2026-09-18T18:18:30.340+00:00,5.029986798763275,3,,,,COMPLETE,1,1
session_001_spin_0213,session_001,213,SUPER,2026-09-18T18:18:30.563+00:00,2026-09-18T18:18:30.690+00:00,2026-09-18T18:18:35.931+00:00,5.367985367774963,3,,,,COMPLETE,1,1
session_001_spin_0214,session_001,214,SUPER,2026-09-18T18:18:36.198+00:00,2026-09-18T18:18:36.330+00:00,2026-09-18T18:18:41.362+00:00,5.164003372192383,3,,,,COMPLETE,1,1
session_001_spin_0215,session_001,215,SUPER,2026-09-18T18:18:41.653+00:00,2026-09-18T18:18:41.824+00:00,2026-09-18T18:18:46.584+00:00,4.930973052978516,3,,,,COMPLETE,1,1
session_001_spin_0216,session_001,216,SUPER,2026-09-18T18:18:46.842+00:00,2026-09-18T18:18:46.967+00:00,2026-09-18T18:18:53.988+00:00,7.146008312702179,3,,,,COMPLETE,1,1
session_001_spin_0217,session_001,217,SUPER,2026-09-18T18:18:54.274+00:00,2026-09-18T18:18:54.404+00:00,2026-09-18T18:19:01.618+00:00,7.343995571136475,3,,,,COMPLETE,1,1
session_001_spin_0218,session_001,218,SUPER,2026-09-18T18:19:01.891+00:00,2026-09-18T18:19:02.041+00:00,2026-09-18T18:19:06.976+00:00,5.0849854946136475,3,,,,COMPLETE,1,1
session_001_spin_0219,session_001,219,SUPER,2026-09-18T18:19:07.250+00:00,2026-09-18T18:19:07.378+00:00,2026-09-18T18:19:14.447+00:00,7.197023928165436,3,,,,COMPLETE,1,1
session_001_spin_0220,session_001,220,SUPER,2026-09-18T18:19:14.707+00:00,2026-09-18T18:19:14.863+00:00,2026-09-18T18:19:21.736+00:00,7.029010355472565,3,,,,COMPLETE,1,1
session_001_spin_0221,session_001,221,SUPER,2026-09-18T18:19:22.025+00:00,2026-09-18T18:19:22.152+00:00,2026-09-18T18:19:29.104+00:00,7.079020142555237,3,,,,COMPLETE,1,1
session_001_spin_0222,session_001,222,SUPER,2026-09-18T18:19:29.356+00:00,2026-09-18T18:19:29.482+00:00,2026-09-18T18:19:34.774+00:00,5.4179951548576355,3,,,,COMPLETE,1,1
session_001_spin_0223,session_001,223,SUPER,2026-09-18T18:19:35.001+00:00,2026-09-18T18:19:35.176+00:00,2026-09-18T18:19:42.103+00:00,7.101993262767792,3,,,,COMPLETE,1,1
session_001_spin_0224,session_001,224,SUPER,2026-09-18T18:19:42.356+00:00,2026-09-18T18:19:42.536+00:00,2026-09-18T18:19:49.316+00:00,6.960010528564453,3,,,,COMPLETE,1,1
session_001_spin_0225,session_001,225,SUPER,2026-09-18T18:19:49.586+00:00,2026-09-18T18:19:49.693+00:00,2026-09-18T18:19:56.688+00:00,7.102033495903015,3,,,,COMPLETE,1,1
session_001_spin_0226,session_001,226,SUPER,2026-09-18T18:19:56.938+00:00,2026-09-18T18:19:57.070+00:00,2026-09-18T18:20:04.027+00:00,7.088997960090637,3,,,,COMPLETE,1,1
session_001_spin_0227,session_001,227,SUPER,2026-09-18T18:20:04.314+00:00,2026-09-18T18:20:04.443+00:00,2026-09-18T18:20:13.022+00:00,8.707979321479797,3,,,,COMPLETE,1,1
session_001_spin_0228,session_001,228,SUPER,2026-09-18T18:20:13.287+00:00,2026-09-18T18:20:13.414+00:00,2026-09-18T18:20:20.824+00:00,7.53699392080307,3,,,,COMPLETE,1,1
session_001_spin_0229,session_001,229,SUPER,2026-09-18T18:20:21.093+00:00,2026-09-18T18:20:21.258+00:00,2026-09-18T18:20:25.833+00:00,4.73998636007309,3,,,,COMPLETE,1,1
session_001_spin_0230,session_001,230,SUPER,2026-09-18T18:20:26.089+00:00,2026-09-18T18:20:26.209+00:00,2026-09-18T18:20:31.558+00:00,5.469010770320892,3,,,,COMPLETE,1,1
session_001_spin_0231,session_001,231,SUPER,2026-09-18T18:20:31.860+00:00,2026-09-18T18:20:32.046+00:00,2026-09-18T18:20:37.169+00:00,5.309003591537476,3,,,,COMPLETE,1,1
session_001_spin_0232,session_001,232,SUPER,2026-09-18T18:20:37.411+00:00,2026-09-18T18:20:37.582+00:00,2026-09-18T18:20:42.288+00:00,4.877020418643951,3,,,,COMPLETE,1,1
session_001_spin_0233,session_001,233,SUPER,2026-09-18T18:20:42.561+00:00,2026-09-18T18:20:42.672+00:00,2026-09-18T18:20:49.792+00:00,7.231020927429199,3,,,,COMPLETE,1,1
session_001_spin_0234,session_001,234,SUPER,2026-09-18T18:20:50.072+00:00,2026-09-18T18:20:50.213+00:00,2026-09-18T18:20:55.106+00:00,5.034010112285614,3,,,,COMPLETE,1,1
session_001_spin_0235,session_001,235,SUPER,2026-09-18T18:20:55.322+00:00,2026-09-18T18:20:55.449+00:00,2026-09-18T18:21:02.427+00:00,7.1049705147743225,3,,,,COMPLETE,1,1
session_001_spin_0236,session_001,236,SUPER,2026-09-18T18:21:02.691+00:00,2026-09-18T18:21:02.814+00:00,2026-09-18T18:21:09.640+00:00,6.948986649513245,3,,,,COMPLETE,1,1
session_001_spin_0237,session_001,237,SUPER,2026-09-18T18:21:09.931+00:00,2026-09-18T18:21:10.050+00:00,2026-09-18T18:21:17.206+00:00,7.274995744228363,3,,,,COMPLETE,1,1
session_001_spin_0238,session_001,238,SUPER,2026-09-18T18:21:17.468+00:00,2026-09-18T18:21:17.598+00:00,2026-09-18T18:21:22.711+00:00,5.243021249771118,3,,,,COMPLETE,1,1
session_001_spin_0239,session_001,239,SUPER,2026-09-18T18:21:22.994+00:00,2026-09-18T18:21:23.111+00:00,2026-09-18T18:21:30.258+00:00,7.264012098312378,3,,,,COMPLETE,1,1
session_001_spin_0240,session_001,240,SUPER,2026-09-18T18:21:30.515+00:00,2026-09-18T18:21:30.693+00:00,2026-09-18T18:21:39.477+00:00,8.962011337280273,3,,,,COMPLETE,1,1
session_001_spin_0241,session_001,241,SUPER,2026-09-18T18:21:39.762+00:00,2026-09-18T18:21:39.912+00:00,2026-09-18T18:21:44.657+00:00,4.895004630088806,3,,,,COMPLETE,1,1
session_001_spin_0242,session_001,242,SUPER,2026-09-18T18:21:44.921+00:00,2026-09-18T18:21:45.052+00:00,2026-09-18T18:21:50.210+00:00,5.289007723331451,3,,,,COMPLETE,1,1
session_001_spin_0243,session_001,243,SUPER,2026-09-18T18:21:50.499+00:00,2026-09-18T18:21:50.629+00:00,2026-09-18T18:21:55.782+00:00,5.2830129861831665,3,,,,COMPLETE,1,1
session_001_spin_0244,session_001,244,SUPER,2026-09-18T18:21:56.057+00:00,2026-09-18T18:21:56.200+00:00,2026-09-18T18:22:03.258+00:00,7.201007008552551,3,,,,COMPLETE,1,1
session_001_spin_0245,session_001,245,SUPER,2026-09-18T18:22:03.471+00:00,2026-09-18T18:22:03.602+00:00,2026-09-18T18:22:10.487+00:00,7.01601505279541,3,,,,COMPLETE,1,1
session_001_spin_0246,session_001,246,SUPER,2026-09-18T18:22:10.734+00:00,2026-09-18T18:22:10.853+00:00,2026-09-18T18:22:17.608+00:00,6.873992085456848,3,,,,COMPLETE,1,1
session_001_spin_0247,session_001,247,SUPER,2026-09-18T18:22:17.801+00:00,2026-09-18T18:22:17.915+00:00,2026-09-18T18:22:23.249+00:00,5.4480090737342834,3,,,,COMPLETE,1,1
session_001_spin_0248,session_001,248,SUPER,2026-09-18T18:22:23.501+00:00,2026-09-18T18:22:23.671+00:00,2026-09-18T18:22:31.526+00:00,8.025021851062775,3,,,,COMPLETE,1,1
session_001_spin_0249,session_001,249,SUPER,2026-09-18T18:22:31.858+00:00,2026-09-18T18:22:31.996+00:00,2026-09-18T18:22:40.577+00:00,8.719003200531006,3,,,,COMPLETE,1,1
session_001_spin_0250,session_001,250,SUPER,2026-09-18T18:22:40.841+00:00,2026-09-18T18:22:40.987+00:00,2026-09-18T18:22:47.875+00:00,7.033999264240265,3,,,,COMPLETE,1,1
session_001_spin_0251,session_001,251,SUPER,2026-09-18T18:22:48.105+00:00,2026-09-18T18:22:48.232+00:00,2026-09-18T18:22:53.574+00:00,5.469010770320892,3,,,,COMPLETE,1,1
session_001_spin_0252,session_001,252,SUPER,2026-09-18T18:22:53.852+00:00,2026-09-18T18:22:54.005+00:00,2026-09-18T18:22:58.821+00:00,4.968993365764618,3,,,,COMPLETE,1,1
session_001_spin_0253,session_001,253,SUPER,2026-09-18T18:22:59.103+00:00,2026-09-18T18:22:59.228+00:00,2026-09-18T18:23:06.276+00:00,7.173004746437073,3,,,,COMPLETE,1,1
session_001_spin_0254,session_001,254,SUPER,2026-09-18T18:23:06.541+00:00,2026-09-18T18:23:06.668+00:00,2026-09-18T18:23:11.616+00:00,5.075007677078247,3,,,,COMPLETE,1,1
session_001_spin_0255,session_001,255,SUPER,2026-09-18T18:23:11.895+00:00,2026-09-18T18:23:12.026+00:00,2026-09-18T18:23:16.832+00:00,4.937008023262024,3,,,,COMPLETE,1,1
session_001_spin_0256,session_001,256,SUPER,2026-09-18T18:23:17.070+00:00,2026-09-18T18:23:17.202+00:00,2026-09-18T18:23:24.109+00:00,7.038988173007965,3,,,,COMPLETE,1,1
session_001_spin_0257,session_001,257,SUPER,2026-09-18T18:23:24.313+00:00,2026-09-18T18:23:24.456+00:00,2026-09-18T18:23:31.337+00:00,7.023981213569641,3,,,,COMPLETE,1,1
session_001_spin_0258,session_001,258,SUPER,2026-09-18T18:23:31.589+00:00,2026-09-18T18:23:31.714+00:00,2026-09-18T18:23:36.673+00:00,5.083979666233063,3,,,,COMPLETE,1,1
session_001_spin_0259,session_001,259,SUPER,2026-09-18T18:23:36.956+00:00,2026-09-18T18:23:37.073+00:00,2026-09-18T18:23:42.074+00:00,5.11801689863205,3,,,,COMPLETE,1,1
session_001_spin_0260,session_001,260,SUPER,2026-09-18T18:23:42.329+00:00,2026-09-18T18:23:42.477+00:00,2026-09-18T18:23:51.066+00:00,8.73698741197586,3,,,,COMPLETE,1,1
session_001_spin_0261,session_001,261,SUPER,2026-09-18T18:23:51.340+00:00,2026-09-18T18:23:51.473+00:00,2026-09-18T18:23:58.566+00:00,7.225991785526276,3,,,,COMPLETE,1,1
session_001_spin_0262,session_001,262,SUPER,2026-09-18T18:23:58.831+00:00,2026-09-18T18:23:58.971+00:00,2026-09-18T18:24:05.919+00:00,7.088032364845276,3,,,,COMPLETE,1,1
session_001_spin_0263,session_001,263,SUPER,2026-09-18T18:24:06.126+00:00,2026-09-18T18:24:06.272+00:00,2026-09-18T18:24:11.114+00:00,4.987983405590057,3,,,,COMPLETE,1,1
session_001_spin_0264,session_001,264,SUPER,2026-09-18T18:24:11.400+00:00,2026-09-18T18:24:11.543+00:00,2026-09-18T18:24:19.895+00:00,8.494985103607178,3,,,,COMPLETE,1,1
session_001_spin_0265,session_001,265,SUPER,2026-09-18T18:24:20.157+00:00,2026-09-18T18:24:20.280+00:00,2026-09-18T18:24:25.073+00:00,4.916006326675415,3,,,,COMPLETE,1,1
session_001_spin_0266,session_001,266,SUPER,2026-09-18T18:24:25.351+00:00,2026-09-18T18:24:25.496+00:00,2026-09-18T18:24:33.714+00:00,8.36298018693924,3,,,,COMPLETE,1,1
session_001_spin_0267,session_001,267,SUPER,2026-09-18T18:24:33.917+00:00,2026-09-18T18:24:34.060+00:00,2026-09-18T18:24:42.683+00:00,8.765995502471924,3,,,,COMPLETE,1,1
session_001_spin_0268,session_001,268,SUPER,2026-09-18T18:24:42.955+00:00,2026-09-18T18:24:43.096+00:00,2026-09-18T18:24:48.380+00:00,5.4250359535217285,3,,,,COMPLETE,1,1
session_001_spin_0269,session_001,269,SUPER,2026-09-18T18:24:48.676+00:00,2026-09-18T18:24:48.825+00:00,2026-09-18T18:24:57.344+00:00,8.667987585067749,3,,,,COMPLETE,1,1
session_001_spin_0270,session_001,270,SUPER,2026-09-18T18:24:57.592+00:00,2026-09-18T18:24:57.763+00:00,2026-09-18T18:25:04.641+00:00,7.049006223678589,3,,,,COMPLETE,1,1
session_001_spin_0271,session_001,271,SUPER,2026-09-18T18:25:04.965+00:00,2026-09-18T18:25:05.077+00:00,2026-09-18T18:25:12.119+00:00,7.154014706611633,3,,,,COMPLETE,1,1
session_001_spin_0272,session_001,272,SUPER,2026-09-18T18:25:12.365+00:00,2026-09-18T18:25:12.498+00:00,2026-09-18T18:25:17.697+00:00,5.332016944885254,3,,,,COMPLETE,1,1
session_001_spin_0273,session_001,273,SUPER,2026-09-18T18:25:17.910+00:00,2026-09-18T18:25:18.088+00:00,2026-09-18T18:25:24.964+00:00,7.053995132446289,3,,,,COMPLETE,1,1
session_001_spin_0274,session_001,274,SUPER,2026-09-18T18:25:25.234+00:00,2026-09-18T18:25:25.380+00:00,2026-09-18T18:25:32.194+00:00,6.95997029542923,3,,,,COMPLETE,1,1
session_001_spin_0275,session_001,275,SUPER,2026-09-18T18:25:32.407+00:00,2026-09-18T18:25:32.538+00:00,2026-09-18T18:25:39.501+00:00,7.093986868858337,3,,,,COMPLETE,1,1
session_001_spin_0276,session_001,276,SUPER,2026-09-18T18:25:39.758+00:00,2026-09-18T18:25:39.903+00:00,2026-09-18T18:25:46.935+00:00,7.176987826824188,3,,,,COMPLETE,1,1
session_001_spin_0277,session_001,277,SUPER,2026-09-18T18:25:47.144+00:00,2026-09-18T18:25:47.261+00:00,2026-09-18T18:44:55.834+00:00,1148.6900076270103,3,,,,COMPLETE,1,1
session_001_spin_0278,session_001,278,SUPER,2026-09-18T18:44:56.255+00:00,2026-09-18T18:44:56.536+00:00,2026-09-18T18:45:01.630+00:00,5.374985933303833,3,,,,COMPLETE,1,1
session_001_spin_0279,session_001,279,SUPER,2026-09-18T18:45:01.828+00:00,2026-09-18T18:45:01.992+00:00,2026-09-18T18:45:06.966+00:00,5.138012766838074,3,,,,COMPLETE,1,1
session_001_spin_0280,session_001,280,SUPER,2026-09-18T18:45:07.236+00:00,2026-09-18T18:45:07.406+00:00,2026-09-18T18:45:15.960+00:00,8.723992109298706,3,,,,COMPLETE,1,1
session_001_spin_0281,session_001,281,SUPER,2026-09-18T18:45:16.173+00:00,2026-09-18T18:45:16.309+00:00,2026-09-18T18:45:23.543+00:00,7.369986176490784,3,,,,COMPLETE,1,1
session_001_spin_0282,session_001,282,SUPER,2026-09-18T18:45:23.803+00:00,2026-09-18T18:45:23.937+00:00,2026-09-18T18:45:28.591+00:00,4.787984490394592,3,,,,COMPLETE,1,1
session_001_spin_0283,session_001,283,SUPER,2026-09-18T18:45:28.868+00:00,2026-09-18T18:45:28.969+00:00,2026-09-18T18:45:34.123+00:00,5.255010724067688,3,,,,COMPLETE,1,1
session_001_spin_0284,session_001,284,SUPER,2026-09-18T18:45:34.351+00:00,2026-09-18T18:45:34.458+00:00,2026-09-18T18:45:39.775+00:00,5.42398989200592,3,,,,COMPLETE,1,1
session_001_spin_0285,session_001,285,SUPER,2026-09-18T18:45:40.064+00:00,2026-09-18T18:45:40.254+00:00,2026-09-18T18:45:47.155+00:00,7.091009616851807,3,,,,COMPLETE,1,1
session_001_spin_0286,session_001,286,SUPER,2026-09-18T18:45:47.423+00:00,2026-09-18T18:45:47.554+00:00,2026-09-18T18:45:52.851+00:00,5.428013205528259,3,,,,COMPLETE,1,1
session_001_spin_0287,session_001,287,SUPER,2026-09-18T18:45:53.055+00:00,2026-09-18T18:45:53.207+00:00,2026-09-18T18:46:00.274+00:00,7.218991219997406,3,,,,COMPLETE,1,1
session_001_spin_0288,session_001,288,SUPER,2026-09-18T18:46:00.509+00:00,2026-09-18T18:46:00.616+00:00,2026-09-18T18:46:07.567+00:00,7.058018445968628,3,,,,COMPLETE,1,1
session_001_spin_0289,session_001,289,SUPER,2026-09-18T18:46:07.837+00:00,2026-09-18T18:46:07.956+00:00,2026-09-18T18:46:14.881+00:00,7.043977081775665,3,,,,COMPLETE,1,1
session_001_spin_0290,session_001,290,SUPER,2026-09-18T18:46:15.117+00:00,2026-09-18T18:46:15.254+00:00,2026-09-18T18:46:20.318+00:00,5.2010178565979,3,,,,COMPLETE,1,1
session_001_spin_0291,session_001,291,SUPER,2026-09-18T18:46:20.576+00:00,2026-09-18T18:46:20.707+00:00,2026-09-18T18:46:25.859+00:00,5.2830129861831665,3,,,,COMPLETE,1,1
session_001_spin_0292,session_001,292,SUPER,2026-09-18T18:46:26.101+00:00,2026-09-18T18:46:26.274+00:00,2026-09-18T18:46:31.233+00:00,5.132018029689789,3,,,,COMPLETE,1,1
session_001_spin_0293,session_001,293,SUPER,2026-09-18T18:46:31.441+00:00,2026-09-18T18:46:31.571+00:00,2026-09-18T18:46:39.935+00:00,8.494019508361816,3,,,,COMPLETE,1,1
session_001_spin_0294,session_001,294,SUPER,2026-09-18T18:46:40.185+00:00,2026-09-18T18:46:40.306+00:00,2026-09-18T18:46:45.210+00:00,5.024997889995575,3,,,,COMPLETE,1,1
session_001_spin_0295,session_001,295,SUPER,2026-09-18T18:46:45.454+00:00,2026-09-18T18:46:45.574+00:00,2026-09-18T18:46:52.498+00:00,7.044017314910889,3,,,,COMPLETE,1,1
session_001_spin_0296,session_001,296,SUPER,2026-09-18T18:46:52.776+00:00,2026-09-18T18:46:52.885+00:00,2026-09-18T18:46:57.811+00:00,5.034975707530975,3,,,,COMPLETE,1,1
session_001_spin_0297,session_001,297,SUPER,2026-09-18T18:46:58.095+00:00,2026-09-18T18:46:58.206+00:00,2026-09-18T18:47:06.944+00:00,8.848996460437775,3,,,,COMPLETE,1,1
session_001_spin_0298,session_001,298,SUPER,2026-09-18T18:47:07.180+00:00,2026-09-18T18:47:07.297+00:00,2026-09-18T18:47:14.277+00:00,7.0970043540000916,3,,,,COMPLETE,1,1
session_001_spin_0299,session_001,299,SUPER,2026-09-18T18:47:14.537+00:00,2026-09-18T18:47:14.669+00:00,2026-09-18T18:47:19.983+00:00,5.445997416973114,3,,,,COMPLETE,1,1
session_001_spin_0300,session_001,300,SUPER,2026-09-18T18:47:20.224+00:00,2026-09-18T18:47:20.405+00:00,2026-09-18T18:47:25.099+00:00,4.875008761882782,3,,,,COMPLETE,1,1
session_001_spin_0301,session_001,301,SUPER,2026-09-18T18:47:25.343+00:00,2026-09-18T18:47:25.464+00:00,2026-09-18T18:47:32.267+00:00,6.92400187253952,3,,,,COMPLETE,1,1
session_001_spin_0302,session_001,302,SUPER,2026-09-18T18:47:32.513+00:00,2026-09-18T18:47:32.631+00:00,2026-09-18T18:47:37.503+00:00,4.989995062351227,3,,,,COMPLETE,1,1
session_001_spin_0303,session_001,303,SUPER,2026-09-18T18:47:37.758+00:00,2026-09-18T18:47:37.882+00:00,2026-09-18T18:49:24.003+00:00,106.24500811100006,3,,,,COMPLETE,1,1
session_001_spin_0304,session_001,304,SUPER,2026-09-18T18:49:24.422+00:00,2026-09-18T18:49:24.701+00:00,2026-09-18T18:49:31.547+00:00,7.12500661611557,3,,,,COMPLETE,1,1
session_001_spin_0305,session_001,305,SUPER,2026-09-18T18:49:31.767+00:00,2026-09-18T18:49:31.903+00:00,2026-09-18T18:49:41.519+00:00,9.752029180526733,3,,,,COMPLETE,1,1
session_001_spin_0306,session_001,306,SUPER,2026-09-18T18:49:41.770+00:00,2026-09-18T18:49:41.922+00:00,2026-09-18T18:49:46.800+00:00,5.0300270318984985,3,,,,COMPLETE,1,1
session_001_spin_0307,session_001,307,SUPER,2026-09-18T18:49:47.013+00:00,2026-09-18T18:49:47.157+00:00,2026-09-18T18:49:52.471+00:00,5.457986891269684,3,,,,COMPLETE,1,1
session_001_spin_0308,session_001,308,SUPER,2026-09-18T18:49:52.720+00:00,2026-09-18T18:49:52.868+00:00,2026-09-18T18:49:57.746+00:00,5.02600371837616,3,,,,COMPLETE,1,1
session_001_spin_0309,session_001,309,SUPER,2026-09-18T18:49:58.019+00:00,2026-09-18T18:49:58.149+00:00,2026-09-18T18:52:54.847+00:00,176.82800889015198,3,,,,COMPLETE,1,1
session_001_spin_0310,session_001,310,SUPER,2026-09-18T18:52:55.281+00:00,2026-09-18T18:52:55.604+00:00,2026-09-18T18:53:02.764+00:00,7.4830010533332825,3,,,,COMPLETE,1,1
session_001_spin_0311,session_001,311,SUPER,2026-09-18T18:53:03.020+00:00,2026-09-18T18:53:03.137+00:00,2026-09-18T18:53:08.260+00:00,5.240003764629364,3,,,,COMPLETE,1,1
session_001_spin_0312,session_001,312,SUPER,2026-09-18T18:53:08.543+00:00,2026-09-18T18:53:08.664+00:00,2026-09-18T18:53:17.146+00:00,8.603011071681976,3,,,,COMPLETE,1,1
session_001_spin_0313,session_001,313,SUPER,2026-09-18T18:53:17.423+00:00,2026-09-18T18:53:17.546+00:00,2026-09-18T18:53:24.615+00:00,7.191994786262512,3,,,,COMPLETE,1,1
session_001_spin_0314,session_001,314,SUPER,2026-09-18T18:53:24.834+00:00,2026-09-18T18:53:24.953+00:00,2026-09-18T18:53:31.982+00:00,7.148019969463348,3,,,,COMPLETE,1,1
session_001_spin_0315,session_001,315,SUPER,2026-09-18T18:53:32.227+00:00,2026-09-18T18:53:32.398+00:00,2026-09-18T18:53:39.745+00:00,7.518003880977631,3,,,,COMPLETE,1,1
session_001_spin_0316,session_001,316,SUPER,2026-09-18T18:53:39.966+00:00,2026-09-18T18:53:40.153+00:00,2026-09-18T18:56:29.736+00:00,169.76999044418335,3,,,,COMPLETE,1,1
session_001_spin_0317,session_001,317,SUPER,2026-09-18T18:56:51.385+00:00,2026-09-18T18:56:56.144+00:00,2026-09-18T19:09:05.851+00:00,734.4660222530365,3,,,,COMPLETE,1,1
session_001_spin_0318,session_001,318,SUPER,2026-09-18T19:09:27.478+00:00,2026-09-18T19:09:32.735+00:00,2026-09-18T19:09:38.053+00:00,10.574997961521149,3,,,,COMPLETE,1,1
session_001_spin_0319,session_001,319,SUPER,2026-09-18T19:09:38.324+00:00,2026-09-18T19:09:38.459+00:00,2026-09-18T19:12:14.459+00:00,156.13502115011215,3,,,,COMPLETE,1,1
session_001_spin_0320,session_001,320,SUPER,2026-09-18T19:12:36.180+00:00,2026-09-18T19:12:40.970+00:00,2026-09-18T19:12:48.035+00:00,11.85501515865326,3,,,,COMPLETE,1,1
session_001_spin_0321,session_001,321,SUPER,2026-09-18T19:12:48.312+00:00,2026-09-18T19:12:48.450+00:00,2026-09-18T19:12:55.393+00:00,7.080991566181183,3,,,,COMPLETE,1,1
session_001_spin_0322,session_001,322,SUPER,2026-09-18T19:12:55.634+00:00,2026-09-18T19:12:55.776+00:00,2026-09-18T19:13:02.729+00:00,7.094992697238922,3,,,,COMPLETE,1,1
session_001_spin_0323,session_001,323,SUPER,2026-09-18T19:13:02.988+00:00,2026-09-18T19:13:03.109+00:00,2026-09-18T19:13:08.440+00:00,5.451992154121399,3,,,,COMPLETE,1,1
session_001_spin_0324,session_001,324,SUPER,2026-09-18T19:13:08.745+00:00,2026-09-18T19:13:08.904+00:00,2026-09-18T19:13:15.833+00:00,7.0879921317100525,3,,,,COMPLETE,1,1
session_001_spin_0325,session_001,325,SUPER,2026-09-18T19:13:16.087+00:00,2026-09-18T19:13:16.321+00:00,2026-09-18T19:13:23.306+00:00,7.218991219997406,3,,,,COMPLETE,1,1
session_001_spin_0326,session_001,326,SUPER,2026-09-18T19:13:23.514+00:00,2026-09-18T19:13:23.629+00:00,2026-09-18T19:13:28.746+00:00,5.23199737071991,3,,,,COMPLETE,1,1
session_001_spin_0327,session_001,327,SUPER,2026-09-18T19:13:29.004+00:00,2026-09-18T19:13:29.128+00:00,2026-09-18T19:13:35.963+00:00,6.959004700183868,3,,,,COMPLETE,1,1
session_001_spin_0328,session_001,328,SUPER,2026-09-18T19:13:36.180+00:00,2026-09-18T19:13:36.346+00:00,2026-09-18T19:13:42.790+00:00,6.610022485256195,3,,,,COMPLETE,1,1
session_001_spin_0329,session_001,329,SUPER,2026-09-18T19:13:43.053+00:00,2026-09-18T19:13:43.184+00:00,2026-09-18T19:13:51.766+00:00,8.712968230247498,3,,,,COMPLETE,1,1
session_001_spin_0330,session_001,330,SUPER,2026-09-18T19:13:51.999+00:00,2026-09-18T19:13:52.197+00:00,2026-09-18T19:13:59.005+00:00,7.005997002124786,3,,,,COMPLETE,1,1
session_001_spin_0331,session_001,331,SUPER,2026-09-18T19:13:59.262+00:00,2026-09-18T19:13:59.393+00:00,2026-09-18T19:14:04.331+00:00,5.069012939929962,3,,,,COMPLETE,1,1
session_001_spin_0332,session_001,332,SUPER,2026-09-18T19:14:04.537+00:00,2026-09-18T19:14:04.676+00:00,2026-09-18T19:14:09.810+00:00,5.272994935512543,3,,,,COMPLETE,1,1
session_001_spin_0333,session_001,333,SUPER,2026-09-18T19:14:10.050+00:00,2026-09-18T19:14:10.158+00:00,2026-09-18T19:14:15.487+00:00,5.436985194683075,3,,,,COMPLETE,1,1
session_001_spin_0334,session_001,334,SUPER,2026-09-18T19:14:15.743+00:00,2026-09-18T19:14:15.910+00:00,2026-09-18T19:14:20.657+00:00,4.913994669914246,3,,,,COMPLETE,1,1
session_001_spin_0335,session_001,335,SUPER,2026-09-18T19:14:20.911+00:00,2026-09-18T19:14:21.054+00:00,2026-09-18T19:14:27.936+00:00,7.025027275085449,3,,,,COMPLETE,1,1
session_001_spin_0336,session_001,336,SUPER,2026-09-18T19:14:28.212+00:00,2026-09-18T19:14:28.329+00:00,2026-09-18T19:14:33.530+00:00,5.317975580692291,3,,,,COMPLETE,1,1
session_001_spin_0337,session_001,337,SUPER,2026-09-18T19:14:33.780+00:00,2026-09-18T19:14:33.917+00:00,2026-09-18T19:14:40.870+00:00,7.090003788471222,3,,,,COMPLETE,1,1
session_001_spin_0338,session_001,338,SUPER,2026-09-18T19:14:41.075+00:00,2026-09-18T19:14:41.207+00:00,2026-09-18T19:25:52.654+00:00,671.5790167450905,3,,,,COMPLETE,1,1
session_001_spin_0339,session_001,339,SUPER,2026-09-18T19:25:53.082+00:00,2026-09-18T19:25:53.352+00:00,2026-09-18T19:25:58.328+00:00,5.245998501777649,3,,,,COMPLETE,1,1
session_001_spin_0340,session_001,340,SUPER,2026-09-18T19:25:58.588+00:00,2026-09-18T19:25:58.718+00:00,2026-09-18T19:26:05.778+00:00,7.190023362636566,3,,,,COMPLETE,1,1
session_001_spin_0341,session_001,341,SUPER,2026-09-18T19:26:06.057+00:00,2026-09-18T19:26:06.169+00:00,2026-09-18T19:26:11.269+00:00,5.2120015025138855,3,,,,COMPLETE,1,1
session_001_spin_0342,session_001,342,SUPER,2026-09-18T19:26:11.537+00:00,2026-09-18T19:26:11.665+00:00,2026-09-18T19:26:18.758+00:00,7.221002876758575,3,,,,COMPLETE,1,1
session_001_spin_0343,session_001,343,SUPER,2026-09-18T19:26:19.039+00:00,2026-09-18T19:26:19.168+00:00,2026-09-18T19:26:27.522+00:00,8.482995629310608,3,,,,COMPLETE,1,1
session_001_spin_0344,session_001,344,SUPER,2026-09-18T19:26:27.768+00:00,2026-09-18T19:26:27.893+00:00,2026-09-18T19:26:33.146+00:00,5.378003418445587,3,,,,COMPLETE,1,1
session_001_spin_0345,session_001,345,SUPER,2026-09-18T19:26:33.380+00:00,2026-09-18T19:26:33.513+00:00,2026-09-18T19:26:40.473+00:00,7.093021273612976,3,,,,COMPLETE,1,1
session_001_spin_0346,session_001,346,SUPER,2026-09-18T19:26:40.727+00:00,2026-09-18T19:26:40.881+00:00,2026-09-18T19:26:49.437+00:00,8.709990978240967,3,,,,COMPLETE,1,1
session_001_spin_0347,session_001,347,SUPER,2026-09-18T19:26:49.716+00:00,2026-09-18T19:26:49.846+00:00,2026-09-18T19:26:54.914+00:00,5.198000371456146,3,,,,COMPLETE,1,1
session_001_spin_0348,session_001,348,SUPER,2026-09-18T19:26:55.158+00:00,2026-09-18T19:26:55.306+00:00,2026-09-18T19:27:02.228+00:00,7.070007920265198,3,,,,COMPLETE,1,1
session_001_spin_0349,session_001,349,SUPER,2026-09-18T19:27:02.515+00:00,2026-09-18T19:27:02.642+00:00,2026-09-18T19:27:07.596+00:00,5.081002414226532,3,,,,COMPLETE,1,1
session_001_spin_0350,session_001,350,SUPER,2026-09-18T19:27:07.844+00:00,2026-09-18T19:27:07.972+00:00,2026-09-18T19:27:15.097+00:00,7.253028452396393,3,,,,COMPLETE,1,1
session_001_spin_0351,session_001,351,SUPER,2026-09-18T19:27:15.349+00:00,2026-09-18T19:27:15.537+00:00,2026-09-18T19:27:20.385+00:00,5.0360217690467834,3,,,,COMPLETE,1,1
session_001_spin_0352,session_001,352,SUPER,2026-09-18T19:27:20.635+00:00,2026-09-18T19:27:20.761+00:00,2026-09-18T19:27:26.072+00:00,5.437025427818298,3,,,,COMPLETE,1,1
session_001_spin_0353,session_001,353,SUPER,2026-09-18T19:27:26.348+00:00,2026-09-18T19:27:26.478+00:00,2026-09-18T19:27:36.370+00:00,10.021993517875671,3,,,,COMPLETE,1,1
session_001_spin_0354,session_001,354,SUPER,2026-09-18T19:27:36.639+00:00,2026-09-18T19:27:36.782+00:00,2026-09-18T19:27:43.785+00:00,7.146008312702179,3,,,,COMPLETE,1,1
session_001_spin_0355,session_001,355,SUPER,2026-09-18T19:27:43.986+00:00,2026-09-18T19:27:44.149+00:00,2026-09-18T19:27:51.202+00:00,7.215973734855652,3,,,,COMPLETE,1,1
session_001_spin_0356,session_001,356,SUPER,2026-09-18T19:27:51.473+00:00,2026-09-18T19:27:51.607+00:00,2026-09-18T19:27:58.487+00:00,7.014003396034241,3,,,,COMPLETE,1,1
session_001_spin_0357,session_001,357,SUPER,2026-09-18T19:27:58.742+00:00,2026-09-18T19:27:58.885+00:00,2026-09-18T19:28:05.890+00:00,7.148019969463348,3,,,,COMPLETE,1,1
session_001_spin_0358,session_001,358,SUPER,2026-09-18T19:28:06.144+00:00,2026-09-18T19:28:06.278+00:00,2026-09-18T19:28:12.956+00:00,6.811992824077606,3,,,,COMPLETE,1,1
session_001_spin_0359,session_001,359,SUPER,2026-09-18T19:28:13.171+00:00,2026-09-18T19:28:13.304+00:00,2026-09-18T19:28:18.464+00:00,5.292990803718567,3,,,,COMPLETE,1,1
session_001_spin_0360,session_001,360,SUPER,2026-09-18T19:28:18.718+00:00,2026-09-18T19:28:18.834+00:00,2026-09-18T19:28:23.853+00:00,5.13499528169632,3,,,,COMPLETE,1,1
session_001_spin_0361,session_001,361,SUPER,2026-09-18T19:28:24.089+00:00,2026-09-18T19:28:24.241+00:00,2026-09-18T19:28:31.429+00:00,7.340012490749359,3,,,,COMPLETE,1,1
session_001_spin_0362,session_001,362,SUPER,2026-09-18T19:28:31.683+00:00,2026-09-18T19:28:31.840+00:00,2026-09-18T19:28:40.483+00:00,8.799992501735687,3,,,,COMPLETE,1,1
session_001_spin_0363,session_001,363,SUPER,2026-09-18T19:28:40.790+00:00,2026-09-18T19:28:40.902+00:00,2026-09-18T19:28:47.824+00:00,7.033999264240265,3,,,,COMPLETE,1,1
session_001_spin_0364,session_001,364,SUPER,2026-09-18T19:28:48.095+00:00,2026-09-18T19:28:48.241+00:00,2026-09-18T19:28:53.088+00:00,4.992972314357758,3,,,,COMPLETE,1,1
session_001_spin_0365,session_001,365,SUPER,2026-09-18T19:28:53.312+00:00,2026-09-18T19:28:53.440+00:00,2026-09-18T19:29:00.498+00:00,7.186000049114227,3,,,,COMPLETE,1,1
session_001_spin_0366,session_001,366,SUPER,2026-09-18T19:29:00.780+00:00,2026-09-18T19:29:00.913+00:00,2026-09-18T19:29:05.708+00:00,4.927995800971985,3,,,,COMPLETE,1,1
session_001_spin_0367,session_001,367,SUPER,2026-09-18T19:29:05.984+00:00,2026-09-18T19:29:06.104+00:00,2026-09-18T19:29:11.488+00:00,5.5040135979652405,3,,,,COMPLETE,1,1
session_001_spin_0368,session_001,368,SUPER,2026-09-18T19:29:11.763+00:00,2026-09-18T19:29:11.972+00:00,2026-09-18T19:29:19.023+00:00,7.259988784790039,3,,,,COMPLETE,1,1
session_001_spin_0369,session_001,369,SUPER,2026-09-18T19:29:19.251+00:00,2026-09-18T19:29:19.396+00:00,2026-09-18T19:42:49.850+00:00,810.599023103714,3,,,,COMPLETE,1,1
session_001_spin_0370,session_001,370,SUPER,2026-09-18T19:42:50.259+00:00,2026-09-18T19:42:50.547+00:00,2026-09-18T19:42:55.448+00:00,5.189028382301331,3,,,,COMPLETE,1,1
session_001_spin_0371,session_001,371,SUPER,2026-09-18T19:42:55.718+00:00,2026-09-18T19:42:55.828+00:00,2026-09-18T19:43:00.986+00:00,5.2680060267448425,3,,,,COMPLETE,1,1
session_001_spin_0372,session_001,372,SUPER,2026-09-18T19:43:01.271+00:00,2026-09-18T19:43:01.413+00:00,2026-09-18T19:43:08.629+00:00,7.357996702194214,3,,,,COMPLETE,1,1
session_001_spin_0373,session_001,373,SUPER,2026-09-18T19:43:08.903+00:00,2026-09-18T19:43:09.044+00:00,2026-09-18T19:54:07.488+00:00,658.5850015282631,3,,,,COMPLETE,1,1
session_001_spin_0374,session_001,374,SUPER,2026-09-18T19:54:29.104+00:00,2026-09-18T19:54:33.887+00:00,2026-09-18T19:54:41.006+00:00,11.902007460594177,3,,,,COMPLETE,1,1
session_001_spin_0375,session_001,375,SUPER,2026-09-18T19:54:41.325+00:00,2026-09-18T19:54:41.461+00:00,2026-09-18T19:54:46.511+00:00,5.185970664024353,3,,,,COMPLETE,1,1
session_001_spin_0376,session_001,376,SUPER,2026-09-18T19:54:46.832+00:00,2026-09-18T19:54:46.962+00:00,2026-09-18T19:54:57.041+00:00,10.208997130393982,3,,,,COMPLETE,1,1
session_001_spin_0377,session_001,377,SUPER,2026-09-18T19:54:57.355+00:00,2026-09-18T19:54:57.542+00:00,2026-09-18T19:55:02.290+00:00,4.9349963665008545,3,,,,COMPLETE,1,1
session_001_spin_0378,session_001,378,SUPER,2026-09-18T19:55:02.602+00:00,2026-09-18T19:55:02.722+00:00,2026-09-18T19:55:10.114+00:00,7.512009143829346,3,,,,COMPLETE,1,1
session_001_spin_0379,session_001,379,SUPER,2026-09-18T19:55:10.387+00:00,2026-09-18T19:55:10.590+00:00,2026-09-18T19:55:15.434+00:00,5.046965181827545,3,,,,COMPLETE,1,1
session_001_spin_0380,session_001,380,SUPER,2026-09-18T19:55:15.731+00:00,2026-09-18T19:55:15.868+00:00,2026-09-18T19:55:20.794+00:00,5.063018202781677,3,,,,COMPLETE,1,1
session_001_spin_0381,session_001,381,SUPER,2026-09-18T19:55:21.064+00:00,2026-09-18T19:55:21.174+00:00,2026-09-18T19:55:28.380+00:00,7.315993309020996,3,,,,COMPLETE,1,1
session_001_spin_0382,session_001,382,SUPER,2026-09-18T19:55:28.677+00:00,2026-09-18T19:55:28.807+00:00,2026-09-18T19:55:33.835+00:00,5.158008635044098,3,,,,COMPLETE,1,1
session_001_spin_0383,session_001,383,SUPER,2026-09-18T19:55:34.144+00:00,2026-09-18T19:55:34.274+00:00,2026-09-18T19:55:39.175+00:00,5.03099262714386,3,,,,COMPLETE,1,1
session_001_spin_0384,session_001,384,SUPER,2026-09-18T19:55:39.482+00:00,2026-09-18T19:55:39.633+00:00,2026-09-18T19:55:46.495+00:00,7.012997567653656,3,,,,COMPLETE,1,1
session_001_spin_0385,session_001,385,SUPER,2026-09-18T19:55:46.785+00:00,2026-09-18T19:55:46.922+00:00,2026-09-18T19:55:53.894+00:00,7.108993828296661,3,,,,COMPLETE,1,1
session_001_spin_0386,session_001,386,SUPER,2026-09-18T19:55:54.125+00:00,2026-09-18T19:55:54.251+00:00,2026-09-18T19:56:01.371+00:00,7.246027886867523,3,,,,COMPLETE,1,1
session_001_spin_0387,session_001,387,SUPER,2026-09-18T19:56:01.652+00:00,2026-09-18T19:56:01.797+00:00,2026-09-18T19:56:06.826+00:00,5.173981189727783,3,,,,COMPLETE,1,1
session_001_spin_0388,session_001,388,SUPER,2026-09-18T19:56:07.079+00:00,2026-09-18T19:56:07.228+00:00,2026-09-18T19:56:12.105+00:00,5.02600371837616,3,,,,COMPLETE,1,1
session_001_spin_0389,session_001,389,SUPER,2026-09-18T19:56:12.390+00:00,2026-09-18T19:56:12.552+00:00,2026-09-18T19:56:19.694+00:00,7.304003834724426,3,,,,COMPLETE,1,1
session_001_spin_0390,session_001,390,SUPER,2026-09-18T19:56:19.984+00:00,2026-09-18T19:56:20.109+00:00,2026-09-18T19:56:25.355+00:00,5.3710028529167175,3,,,,COMPLETE,1,1
session_001_spin_0391,session_001,391,SUPER,2026-09-18T19:56:25.624+00:00,2026-09-18T19:56:25.760+00:00,2026-09-18T19:56:33.060+00:00,7.4360087513923645,3,,,,COMPLETE,1,1
session_001_spin_0392,session_001,392,SUPER,2026-09-18T19:56:33.334+00:00,2026-09-18T19:56:33.481+00:00,2026-09-18T19:56:40.669+00:00,7.335023581981659,3,,,,COMPLETE,1,1
session_001_spin_0393,session_001,393,SUPER,2026-09-18T19:56:40.960+00:00,2026-09-18T19:56:41.118+00:00,2026-09-18T19:56:45.988+00:00,5.027975142002106,3,,,,COMPLETE,1,1
session_001_spin_0394,session_001,394,SUPER,2026-09-18T19:56:46.285+00:00,2026-09-18T19:56:46.433+00:00,2026-09-18T20:00:21.591+00:00,215.30601382255554,3,,,,COMPLETE,1,1
session_001_spin_0395,session_001,395,SUPER,2026-09-18T20:00:21.983+00:00,2026-09-18T20:00:22.249+00:00,2026-09-18T20:00:27.181+00:00,5.198000371456146,3,,,,COMPLETE,1,1
session_001_spin_0396,session_001,396,SUPER,2026-09-18T20:00:27.435+00:00,2026-09-18T20:00:27.554+00:00,2026-09-18T20:00:32.754+00:00,5.319021642208099,3,,,,COMPLETE,1,1
session_001_spin_0397,session_001,397,SUPER,2026-09-18T20:00:33.047+00:00,2026-09-18T20:00:33.212+00:00,2026-09-18T20:00:38.091+00:00,5.044028162956238,3,,,,COMPLETE,1,1
session_001_spin_0398,session_001,398,SUPER,2026-09-18T20:00:38.371+00:00,2026-09-18T20:00:38.524+00:00,2026-09-18T20:00:45.645+00:00,7.273989915847778,3,,,,COMPLETE,1,1
session_001_spin_0399,session_001,399,SUPER,2026-09-18T20:00:45.914+00:00,2026-09-18T20:00:46.042+00:00,2026-09-18T20:00:53.006+00:00,7.092015445232391,3,,,,COMPLETE,1,1
session_001_spin_0400,session_001,400,SUPER,2026-09-18T20:00:53.256+00:00,2026-09-18T20:00:53.374+00:00,2026-09-18T20:00:58.474+00:00,5.21799623966217,3,,,,COMPLETE,1,1
session_001_spin_0401,session_001,401,SUPER,2026-09-18T20:00:58.682+00:00,2026-09-18T20:00:58.820+00:00,2026-09-18T20:01:03.926+00:00,5.2439868450164795,3,,,,COMPLETE,1,1
session_001_spin_0402,session_001,402,SUPER,2026-09-18T20:01:04.183+00:00,2026-09-18T20:01:04.314+00:00,2026-09-18T20:01:10.614+00:00,6.4309850335121155,3,,,,COMPLETE,1,1
session_001_spin_0403,session_001,403,SUPER,2026-09-18T20:01:10.831+00:00,2026-09-18T20:01:10.968+00:00,2026-09-18T20:01:16.014+00:00,5.182993412017822,3,,,,COMPLETE,1,1
session_001_spin_0404,session_001,404,SUPER,2026-09-18T20:01:16.274+00:00,2026-09-18T20:01:16.377+00:00,2026-09-18T20:01:21.510+00:00,5.2360206842422485,3,,,,COMPLETE,1,1
session_001_spin_0405,session_001,405,SUPER,2026-09-18T20:01:21.729+00:00,2026-09-18T20:01:21.910+00:00,2026-09-18T20:01:29.058+00:00,7.328988611698151,3,,,,COMPLETE,1,1
session_001_spin_0406,session_001,406,SUPER,2026-09-18T20:01:29.316+00:00,2026-09-18T20:01:29.449+00:00,2026-09-18T20:01:37.621+00:00,8.305004239082336,3,,,,COMPLETE,1,1
session_001_spin_0407,session_001,407,SUPER,2026-09-18T20:01:37.890+00:00,2026-09-18T20:01:38.024+00:00,2026-09-18T20:01:44.932+00:00,7.042005658149719,3,,,,COMPLETE,1,1
session_001_spin_0408,session_001,408,SUPER,2026-09-18T20:01:45.190+00:00,2026-09-18T20:01:45.329+00:00,2026-09-18T20:01:52.312+00:00,7.122029364109039,3,,,,COMPLETE,1,1
session_001_spin_0409,session_001,409,SUPER,2026-09-18T20:01:52.575+00:00,2026-09-18T20:01:52.703+00:00,2026-09-18T20:01:57.754+00:00,5.179010331630707,3,,,,COMPLETE,1,1
session_001_spin_0410,session_001,410,SUPER,2026-09-18T20:01:58.013+00:00,2026-09-18T20:01:58.126+00:00,2026-09-18T20:02:03.204+00:00,5.190999805927277,3,,,,COMPLETE,1,1
session_001_spin_0411,session_001,411,SUPER,2026-09-18T20:02:03.407+00:00,2026-09-18T20:02:03.516+00:00,2026-09-18T20:02:08.804+00:00,5.396993458271027,3,,,,COMPLETE,1,1
session_001_spin_0412,session_001,412,SUPER,2026-09-18T20:02:09.074+00:00,2026-09-18T20:02:09.201+00:00,2026-09-18T20:02:17.631+00:00,8.557024598121643,3,,,,COMPLETE,1,1
session_001_spin_0413,session_001,413,SUPER,2026-09-18T20:02:17.836+00:00,2026-09-18T20:02:17.968+00:00,2026-09-18T20:02:23.099+00:00,5.263017117977142,3,,,,COMPLETE,1,1
session_001_spin_0414,session_001,414,SUPER,2026-09-18T20:02:23.351+00:00,2026-09-18T20:02:23.484+00:00,2026-09-18T20:02:30.324+00:00,6.973005831241608,3,,,,COMPLETE,1,1
session_001_spin_0415,session_001,415,SUPER,2026-09-18T20:02:30.539+00:00,2026-09-18T20:02:30.662+00:00,2026-09-18T20:02:39.527+00:00,8.988001942634583,3,,,,COMPLETE,1,1
session_001_spin_0416,session_001,416,SUPER,2026-09-18T20:02:39.809+00:00,2026-09-18T20:02:39.959+00:00,2026-09-18T20:02:45.088+00:00,5.278989672660828,3,,,,COMPLETE,1,1
session_001_spin_0417,session_001,417,SUPER,2026-09-18T20:02:45.307+00:00,2026-09-18T20:02:45.451+00:00,2026-09-18T20:02:53.969+00:00,8.662033081054688,3,,,,COMPLETE,1,1
session_001_spin_0418,session_001,418,SUPER,2026-09-18T20:02:54.222+00:00,2026-09-18T20:02:54.356+00:00,2026-09-18T20:03:01.455+00:00,7.232992351055145,3,,,,COMPLETE,1,1
session_001_spin_0419,session_001,419,SUPER,2026-09-18T20:03:01.744+00:00,2026-09-18T20:03:01.867+00:00,2026-09-18T20:03:08.693+00:00,6.949026882648468,3,,,,COMPLETE,1,1
session_001_spin_0420,session_001,420,SUPER,2026-09-18T20:03:08.946+00:00,2026-09-18T20:03:09.071+00:00,2026-09-18T20:03:14.198+00:00,5.251993238925934,3,,,,COMPLETE,1,1
session_001_spin_0421,session_001,421,SUPER,2026-09-18T20:03:14.416+00:00,2026-09-18T20:03:14.592+00:00,2026-09-18T20:03:19.496+00:00,5.079996585845947,3,,,,COMPLETE,1,1
session_001_spin_0422,session_001,422,SUPER,2026-09-18T20:03:19.767+00:00,2026-09-18T20:03:19.904+00:00,2026-09-18T20:03:26.908+00:00,7.141019403934479,3,,,,COMPLETE,1,1
session_001_spin_0423,session_001,423,SUPER,2026-09-18T20:03:27.189+00:00,2026-09-18T20:03:27.324+00:00,2026-09-18T20:03:34.511+00:00,7.321988046169281,3,,,,COMPLETE,1,1
session_001_spin_0424,session_001,424,SUPER,2026-09-18T20:03:34.790+00:00,2026-09-18T20:03:34.924+00:00,2026-09-18T20:03:43.064+00:00,8.273984491825104,3,,,,COMPLETE,1,1
session_001_spin_0425,session_001,425,SUPER,2026-09-18T20:03:43.359+00:00,2026-09-18T20:03:43.492+00:00,2026-09-18T20:03:48.607+00:00,5.247969925403595,3,,,,COMPLETE,1,1
session_001_spin_0426,session_001,426,SUPER,2026-09-18T20:03:48.890+00:00,2026-09-18T20:03:49.039+00:00,2026-09-18T20:03:56.034+00:00,7.144036889076233,3,,,,COMPLETE,1,1
session_001_spin_0427,session_001,427,SUPER,2026-09-18T20:03:56.273+00:00,2026-09-18T20:03:56.418+00:00,2026-09-18T20:04:03.393+00:00,7.1199774742126465,3,,,,COMPLETE,1,1
session_001_spin_0428,session_001,428,SUPER,2026-09-18T20:04:03.666+00:00,2026-09-18T20:04:03.811+00:00,2026-09-18T20:04:08.659+00:00,4.993012547492981,3,,,,COMPLETE,1,1
session_001_spin_0429,session_001,429,SUPER,2026-09-18T20:04:08.874+00:00,2026-09-18T20:04:09.027+00:00,2026-09-18T20:04:15.912+00:00,7.038022577762604,3,,,,COMPLETE,1,1
session_001_spin_0430,session_001,430,SUPER,2026-09-18T20:04:16.192+00:00,2026-09-18T20:04:16.302+00:00,2026-09-18T20:04:21.315+00:00,5.12300580739975,3,,,,COMPLETE,1,1
session_001_spin_0431,session_001,431,SUPER,2026-09-18T20:04:21.604+00:00,2026-09-18T20:04:21.740+00:00,2026-09-18T20:04:28.538+00:00,6.934019923210144,3,,,,COMPLETE,1,1
session_001_spin_0432,session_001,432,SUPER,2026-09-18T20:04:28.814+00:00,2026-09-18T20:04:28.946+00:00,2026-09-18T20:04:36.374+00:00,7.560007274150848,3,,,,COMPLETE,1,1
session_001_spin_0433,session_001,433,SUPER,2026-09-18T20:04:36.670+00:00,2026-09-18T20:04:36.846+00:00,2026-09-18T20:04:41.917+00:00,5.247004330158234,3,,,,COMPLETE,1,1
session_001_spin_0434,session_001,434,SUPER,2026-09-18T20:04:42.181+00:00,2026-09-18T20:04:42.350+00:00,2026-09-18T20:04:47.143+00:00,4.962033033370972,3,,,,COMPLETE,1,1
session_001_spin_0435,session_001,435,SUPER,2026-09-18T20:04:47.367+00:00,2026-09-18T20:04:47.488+00:00,2026-09-18T20:04:54.670+00:00,7.3029980063438416,3,,,,COMPLETE,1,1
session_001_spin_0436,session_001,436,SUPER,2026-09-18T20:04:54.947+00:00,2026-09-18T20:04:55.070+00:00,2026-09-18T20:05:00.001+00:00,5.054005980491638,3,,,,COMPLETE,1,1
session_001_spin_0437,session_001,437,SUPER,2026-09-18T20:05:00.301+00:00,2026-09-18T20:05:00.446+00:00,2026-09-18T20:05:08.931+00:00,8.629967272281647,3,,,,COMPLETE,1,1
session_001_spin_0438,session_001,438,SUPER,2026-09-18T20:05:09.203+00:00,2026-09-18T20:05:09.386+00:00,2026-09-18T20:05:16.224+00:00,7.02100396156311,3,,,,COMPLETE,1,1
session_001_spin_0439,session_001,439,SUPER,2026-09-18T20:05:16.503+00:00,2026-09-18T20:05:16.634+00:00,2026-09-18T20:05:25.329+00:00,8.82602334022522,3,,,,COMPLETE,1,1
session_001_spin_0440,session_001,440,SUPER,2026-09-18T20:05:25.592+00:00,2026-09-18T20:05:25.736+00:00,2026-09-18T20:05:30.653+00:00,5.061006546020508,3,,,,COMPLETE,1,1
session_001_spin_0441,session_001,441,SUPER,2026-09-18T20:05:30.924+00:00,2026-09-18T20:05:31.052+00:00,2026-09-18T20:05:36.403+00:00,5.479028820991516,3,,,,COMPLETE,1,1
session_001_spin_0442,session_001,442,SUPER,2026-09-18T20:05:36.673+00:00,2026-09-18T20:05:36.814+00:00,2026-09-18T20:05:43.955+00:00,7.282036542892456,3,,,,COMPLETE,1,1
session_001_spin_0443,session_001,443,SUPER,2026-09-18T20:05:44.185+00:00,2026-09-18T20:05:44.331+00:00,2026-09-18T20:05:51.455+00:00,7.270006835460663,3,,,,COMPLETE,1,1
session_001_spin_0444,session_001,444,SUPER,2026-09-18T20:05:51.757+00:00,2026-09-18T20:05:51.911+00:00,2026-09-18T20:05:59.120+00:00,7.3630258440971375,3,,,,COMPLETE,1,1
session_001_spin_0445,session_001,445,SUPER,2026-09-18T20:05:59.364+00:00,2026-09-18T20:05:59.486+00:00,2026-09-18T20:06:06.420+00:00,7.0560067892074585,3,,,,COMPLETE,1,1
session_001_spin_0446,session_001,446,SUPER,2026-09-18T20:06:06.706+00:00,2026-09-18T20:06:06.844+00:00,2026-09-18T20:06:15.545+00:00,8.83897840976715,3,,,,COMPLETE,1,1
session_001_spin_0447,session_001,447,SUPER,2026-09-18T20:06:15.762+00:00,2026-09-18T20:06:15.937+00:00,2026-09-18T20:06:20.634+00:00,4.871991276741028,3,,,,COMPLETE,1,1
session_001_spin_0448,session_001,448,SUPER,2026-09-18T20:06:20.884+00:00,2026-09-18T20:06:21.006+00:00,2026-09-18T20:06:27.989+00:00,7.105010747909546,3,,,,COMPLETE,1,1
session_001_spin_0449,session_001,449,SUPER,2026-09-18T20:06:28.276+00:00,2026-09-18T20:06:28.407+00:00,2026-09-18T20:06:35.321+00:00,7.04498291015625,3,,,,COMPLETE,1,1
session_001_spin_0450,session_001,450,SUPER,2026-09-18T20:06:35.579+00:00,2026-09-18T20:06:35.726+00:00,2026-09-18T20:06:44.278+00:00,8.699007332324982,3,,,,COMPLETE,1,1
session_001_spin_0451,session_001,451,SUPER,2026-09-18T20:06:44.486+00:00,2026-09-18T20:06:44.609+00:00,2026-09-18T20:06:51.627+00:00,7.140979170799255,3,,,,COMPLETE,1,1
session_001_spin_0452,session_001,452,SUPER,2026-09-18T20:06:51.885+00:00,2026-09-18T20:06:52.033+00:00,2026-09-18T20:06:59.161+00:00,7.276001572608948,3,,,,COMPLETE,1,1
session_001_spin_0453,session_001,453,SUPER,2026-09-18T20:06:59.435+00:00,2026-09-18T20:06:59.583+00:00,2026-09-18T20:07:04.774+00:00,5.3390175104141235,3,,,,COMPLETE,1,1
session_001_spin_0454,session_001,454,SUPER,2026-09-18T20:07:05.031+00:00,2026-09-18T20:07:05.177+00:00,2026-09-18T20:07:09.855+00:00,4.8240333795547485,3,,,,COMPLETE,1,1
session_001_spin_0455,session_001,455,SUPER,2026-09-18T20:07:10.125+00:00,2026-09-18T20:07:10.225+00:00,2026-09-18T20:07:15.202+00:00,5.076979100704193,3,,,,COMPLETE,1,1
session_001_spin_0456,session_001,456,SUPER,2026-09-18T20:07:15.454+00:00,2026-09-18T20:07:15.595+00:00,2026-09-18T20:07:22.532+00:00,7.077974081039429,3,,,,COMPLETE,1,1
session_001_spin_0457,session_001,457,SUPER,2026-09-18T20:07:22.813+00:00,2026-09-18T20:07:22.937+00:00,2026-09-18T20:07:28.253+00:00,5.440002679824829,3,,,,COMPLETE,1,1
session_001_spin_0458,session_001,458,SUPER,2026-09-18T20:07:28.512+00:00,2026-09-18T20:07:28.663+00:00,2026-09-18T20:07:34.009+00:00,5.497013032436371,3,,,,COMPLETE,1,1
session_001_spin_0459,session_001,459,SUPER,2026-09-18T20:07:34.295+00:00,2026-09-18T20:07:34.475+00:00,2026-09-18T20:07:41.701+00:00,7.4059948325157166,3,,,,COMPLETE,1,1
session_001_spin_0460,session_001,460,SUPER,2026-09-18T20:07:41.964+00:00,2026-09-18T20:07:42.108+00:00,2026-09-18T20:07:52.437+00:00,10.473006963729858,3,,,,COMPLETE,1,1
session_001_spin_0461,session_001,461,SUPER,2026-09-18T20:07:52.707+00:00,2026-09-18T20:07:52.835+00:00,2026-09-18T20:07:57.978+00:00,5.270983278751373,3,,,,COMPLETE,1,1
session_001_spin_0462,session_001,462,SUPER,2026-09-18T20:07:58.273+00:00,2026-09-18T20:07:58.391+00:00,2026-09-18T20:08:06.958+00:00,8.684965968132019,3,,,,COMPLETE,1,1
session_001_spin_0463,session_001,463,SUPER,2026-09-18T20:08:07.243+00:00,2026-09-18T20:08:07.388+00:00,2026-09-18T20:08:12.315+00:00,5.071990191936493,3,,,,COMPLETE,1,1
session_001_spin_0464,session_001,464,SUPER,2026-09-18T20:08:12.538+00:00,2026-09-18T20:08:12.687+00:00,2026-09-18T20:08:17.847+00:00,5.309003591537476,3,,,,COMPLETE,1,1
session_001_spin_0465,session_001,465,SUPER,2026-09-18T20:08:18.105+00:00,2026-09-18T20:08:18.233+00:00,2026-09-18T20:08:23.461+00:00,5.3559958934783936,3,,,,COMPLETE,1,1
session_001_spin_0466,session_001,466,SUPER,2026-09-18T20:08:23.733+00:00,2026-09-18T20:08:23.875+00:00,2026-09-18T20:08:30.325+00:00,6.593003869056702,3,,,,COMPLETE,1,1
session_001_spin_0467,session_001,467,SUPER,2026-09-18T20:08:30.563+00:00,2026-09-18T20:08:30.702+00:00,2026-09-18T20:08:36.047+00:00,5.483977496623993,3,,,,COMPLETE,1,1
session_001_spin_0468,session_001,468,SUPER,2026-09-18T20:08:36.260+00:00,2026-09-18T20:08:36.406+00:00,2026-09-18T20:08:43.369+00:00,7.108993828296661,3,,,,COMPLETE,1,1
session_001_spin_0469,session_001,469,SUPER,2026-09-18T20:08:43.621+00:00,2026-09-18T20:08:43.757+00:00,2026-09-18T20:08:50.691+00:00,7.070007920265198,3,,,,COMPLETE,1,1
session_001_spin_0470,session_001,470,SUPER,2026-09-18T20:08:50.972+00:00,2026-09-18T20:08:51.101+00:00,2026-09-18T20:08:56.082+00:00,5.110010504722595,3,,,,COMPLETE,1,1
session_001_spin_0471,session_001,471,SUPER,2026-09-18T20:08:56.344+00:00,2026-09-18T20:08:56.483+00:00,2026-09-18T20:09:01.549+00:00,5.205000936985016,3,,,,COMPLETE,1,1
session_001_spin_0472,session_001,472,SUPER,2026-09-18T20:09:01.824+00:00,2026-09-18T20:09:01.952+00:00,2026-09-18T20:09:08.930+00:00,7.106016576290131,3,,,,COMPLETE,1,1
session_001_spin_0473,session_001,473,SUPER,2026-09-18T20:09:09.186+00:00,2026-09-18T20:09:09.317+00:00,2026-09-18T20:09:14.434+00:00,5.247969925403595,3,,,,COMPLETE,1,1
session_001_spin_0474,session_001,474,SUPER,2026-09-18T20:09:14.706+00:00,2026-09-18T20:09:14.831+00:00,2026-09-18T20:09:20.161+00:00,5.455009639263153,3,,,,COMPLETE,1,1
session_001_spin_0475,session_001,475,SUPER,2026-09-18T20:09:20.416+00:00,2026-09-18T20:09:20.557+00:00,2026-09-18T20:09:27.726+00:00,7.309998571872711,3,,,,COMPLETE,1,1
session_001_spin_0476,session_001,476,SUPER,2026-09-18T20:09:27.943+00:00,2026-09-18T20:09:28.112+00:00,2026-09-18T20:09:32.858+00:00,4.91500049829483,3,,,,COMPLETE,1,1
session_001_spin_0477,session_001,477,SUPER,2026-09-18T20:09:33.127+00:00,2026-09-18T20:09:33.288+00:00,2026-09-18T20:09:40.657+00:00,7.5299933552742,3,,,,COMPLETE,1,1
session_001_spin_0478,session_001,478,SUPER,2026-09-18T20:09:40.935+00:00,2026-09-18T20:09:41.085+00:00,2026-09-18T20:09:48.155+00:00,7.219997048377991,3,,,,COMPLETE,1,1
session_001_spin_0479,session_001,479,SUPER,2026-09-18T20:09:48.464+00:00,2026-09-18T20:09:48.620+00:00,2026-09-18T20:09:53.765+00:00,5.300997197628021,3,,,,COMPLETE,1,1
session_001_spin_0480,session_001,480,SUPER,2026-09-18T20:09:54.047+00:00,2026-09-18T20:09:54.187+00:00,2026-09-18T20:12:27.511+00:00,153.4639835357666,3,,,,COMPLETE,1,1
session_001_spin_0481,session_001,481,SUPER,2026-09-18T20:12:59.517+00:00,2026-09-18T20:13:04.535+00:00,2026-09-18T20:13:11.447+00:00,11.930009722709656,3,,,,COMPLETE,1,1
session_001_spin_0482,session_001,482,SUPER,2026-09-18T20:13:11.727+00:00,2026-09-18T20:13:11.870+00:00,2026-09-18T20:13:18.771+00:00,7.044017314910889,3,,,,COMPLETE,1,1
session_001_spin_0483,session_001,483,SUPER,2026-09-18T20:13:19.059+00:00,2026-09-18T20:13:19.174+00:00,2026-09-18T20:13:23.979+00:00,4.9199894070625305,3,,,,COMPLETE,1,1
session_001_spin_0484,session_001,484,SUPER,2026-09-18T20:13:24.244+00:00,2026-09-18T20:13:24.355+00:00,2026-09-18T20:13:29.744+00:00,5.499990284442902,3,,,,COMPLETE,1,1
session_001_spin_0485,session_001,485,SUPER,2026-09-18T20:13:29.964+00:00,2026-09-18T20:13:30.120+00:00,2026-09-18T20:13:37.182+00:00,7.217985391616821,3,,,,COMPLETE,1,1
session_001_spin_0486,session_001,486,SUPER,2026-09-18T20:13:37.444+00:00,2026-09-18T20:13:37.569+00:00,2026-09-18T20:13:42.851+00:00,5.40701150894165,3,,,,COMPLETE,1,1
session_001_spin_0487,session_001,487,SUPER,2026-09-18T20:13:43.070+00:00,2026-09-18T20:13:43.214+00:00,2026-09-18T20:13:48.042+00:00,4.972010850906372,3,,,,COMPLETE,1,1
session_001_spin_0488,session_001,488,SUPER,2026-09-18T20:13:48.291+00:00,2026-09-18T20:13:48.411+00:00,2026-09-18T20:13:55.550+00:00,7.259023189544678,3,,,,COMPLETE,1,1
session_001_spin_0489,session_001,489,SUPER,2026-09-18T20:13:55.865+00:00,2026-09-18T20:13:56.007+00:00,2026-09-18T20:14:00.782+00:00,4.917012155056,3,,,,COMPLETE,1,1
session_001_spin_0490,session_001,490,SUPER,2026-09-18T20:14:01.047+00:00,2026-09-18T20:14:01.166+00:00,2026-09-18T20:14:08.300+00:00,7.253028452396393,3,,,,COMPLETE,1,1
session_001_spin_0491,session_001,491,SUPER,2026-09-18T20:14:08.581+00:00,2026-09-18T20:14:08.726+00:00,2026-09-18T20:14:17.221+00:00,8.63998532295227,3,,,,COMPLETE,1,1
session_001_spin_0492,session_001,492,SUPER,2026-09-18T20:14:17.479+00:00,2026-09-18T20:14:17.611+00:00,2026-09-18T20:14:24.848+00:00,7.368980348110199,3,,,,COMPLETE,1,1
session_001_spin_0493,session_001,493,SUPER,2026-09-18T20:14:25.061+00:00,2026-09-18T20:14:25.227+00:00,2026-09-18T20:14:30.417+00:00,5.356036126613617,3,,,,COMPLETE,1,1
session_001_spin_0494,session_001,494,SUPER,2026-09-18T20:14:30.705+00:00,2026-09-18T20:14:30.904+00:00,2026-09-18T20:14:35.771+00:00,5.065995454788208,3,,,,COMPLETE,1,1
session_001_spin_0495,session_001,495,SUPER,2026-09-18T20:14:36.060+00:00,2026-09-18T20:14:36.186+00:00,2026-09-18T20:14:43.084+00:00,7.0240214467048645,3,,,,COMPLETE,1,1
session_001_spin_0496,session_001,496,SUPER,2026-09-18T20:14:43.341+00:00,2026-09-18T20:14:43.461+00:00,2026-09-18T20:14:48.389+00:00,5.048011243343353,3,,,,COMPLETE,1,1
session_001_spin_0497,session_001,497,SUPER,2026-09-18T20:14:48.683+00:00,2026-09-18T20:14:48.793+00:00,2026-09-18T20:14:54.017+00:00,5.334028601646423,3,,,,COMPLETE,1,1
session_001_spin_0498,session_001,498,SUPER,2026-09-18T20:14:54.335+00:00,2026-09-18T20:14:54.497+00:00,2026-09-18T20:15:03.080+00:00,8.744993805885315,3,,,,COMPLETE,1,1
session_001_spin_0499,session_001,499,SUPER,2026-09-18T20:15:03.381+00:00,2026-09-18T20:15:03.501+00:00,2026-09-18T20:15:08.579+00:00,5.198000371456146,3,,,,COMPLETE,1,1
session_001_spin_0500,session_001,500,SUPER,2026-09-18T20:15:08.833+00:00,2026-09-18T20:15:08.947+00:00,2026-09-18T20:15:53.481+00:00,44.64799761772156,3,,,,COMPLETE,1,1
session_002_spin_0001,session_002,1,SUPER,2026-09-23T17:09:36.465+00:00,2026-09-23T17:09:41.595+00:00,2026-09-23T17:09:48.367+00:00,11.902007460594177,3,,,,COMPLETE,1,1
session_002_spin_0002,session_002,2,SUPER,2026-09-23T17:09:48.501+00:00,2026-09-23T17:09:48.714+00:00,2026-09-23T17:09:53.904+00:00,5.403028428554535,3,,,,COMPLETE,1,1
session_002_spin_0003,session_002,3,SUPER,2026-09-23T17:09:54.025+00:00,2026-09-23T17:09:54.194+00:00,2026-09-23T17:09:59.543+00:00,5.51801472902298,3,,,,COMPLETE,1,1
session_002_spin_0004,session_002,4,SUPER,2026-09-23T17:09:59.741+00:00,2026-09-23T17:09:59.905+00:00,2026-09-23T17:10:05.054+00:00,5.312986671924591,3,,,,COMPLETE,1,1
session_002_spin_0005,session_002,5,SUPER,2026-09-23T17:10:05.207+00:00,2026-09-23T17:10:05.371+00:00,2026-09-23T17:10:10.593+00:00,5.3860098123550415,3,,,,COMPLETE,1,1
session_002_spin_0006,session_002,6,SUPER,2026-09-23T17:10:10.803+00:00,2026-09-23T17:10:11.002+00:00,2026-09-23T17:10:17.640+00:00,6.836977601051331,3,,,,COMPLETE,1,1
session_002_spin_0007,session_002,7,SUPER,2026-09-23T17:10:17.777+00:00,2026-09-23T17:10:17.925+00:00,2026-09-23T17:10:23.386+00:00,5.609022080898285,3,,,,COMPLETE,1,1
session_002_spin_0008,session_002,8,SUPER,2026-09-23T17:10:23.553+00:00,2026-09-23T17:10:23.704+00:00,2026-09-23T17:10:30.132+00:00,6.578962504863739,3,,,,COMPLETE,1,1
session_002_spin_0009,session_002,9,SUPER,2026-09-23T17:10:30.277+00:00,2026-09-23T17:10:30.415+00:00,2026-09-23T17:10:35.985+00:00,5.708035826683044,3,,,,COMPLETE,1,1
session_002_spin_0010,session_002,10,SUPER,2026-09-23T17:10:36.166+00:00,2026-09-23T17:10:36.332+00:00,2026-09-23T17:10:49.952+00:00,13.786004483699799,3,,,,COMPLETE,1,1
session_002_spin_0011,session_002,11,SUPER,2026-09-23T17:10:53.957+00:00,2026-09-23T17:10:59.280+00:00,2026-09-23T17:11:12.683+00:00,18.725989758968353,3,,,,COMPLETE,1,1
session_002_spin_0012,session_002,12,SUPER,2026-09-23T17:11:12.950+00:00,2026-09-23T17:11:13.274+00:00,2026-09-23T17:11:20.174+00:00,7.223980128765106,3,,,,COMPLETE,1,1
session_002_spin_0013,session_002,13,SUPER,2026-09-23T17:11:20.312+00:00,2026-09-23T17:11:20.527+00:00,2026-09-23T17:47:45.876+00:00,2185.5640053749084,3,,,,COMPLETE,1,1
session_002_spin_0014,session_002,14,SUPER,2026-09-23T17:48:08.180+00:00,2026-09-23T17:48:13.260+00:00,2026-09-23T17:48:18.897+00:00,10.716980695724487,3,,,,COMPLETE,1,1
session_002_spin_0015,session_002,15,SUPER,2026-09-23T17:48:19.107+00:00,2026-09-23T17:48:19.283+00:00,2026-09-23T17:48:26.687+00:00,7.580003142356873,3,,,,COMPLETE,1,1
session_002_spin_0016,session_002,16,SUPER,2026-09-23T17:48:26.880+00:00,2026-09-23T17:48:27.065+00:00,2026-09-23T17:48:36.250+00:00,9.370015561580658,3,,,,COMPLETE,1,1
session_002_spin_0017,session_002,17,SUPER,2026-09-23T17:48:36.435+00:00,2026-09-23T17:48:36.562+00:00,2026-09-23T17:48:41.508+00:00,5.072996020317078,3,,,,COMPLETE,1,1
session_002_spin_0018,session_002,18,SUPER,2026-09-23T17:48:41.630+00:00,2026-09-23T17:48:41.816+00:00,2026-09-23T17:48:49.326+00:00,7.695995271205902,3,,,,COMPLETE,1,1
session_002_spin_0019,session_002,19,SUPER,2026-09-23T17:48:49.546+00:00,2026-09-23T17:48:49.702+00:00,2026-09-23T17:48:56.926+00:00,7.3800042271614075,3,,,,COMPLETE,1,1
session_002_spin_0020,session_002,20,SUPER,2026-09-23T17:48:57.074+00:00,2026-09-23T17:48:57.185+00:00,2026-09-23T18:04:19.888+00:00,922.8139847517014,3,,,,COMPLETE,1,1
session_002_spin_0021,session_002,21,SUPER,2026-09-23T18:04:20.154+00:00,2026-09-23T18:04:20.449+00:00,2026-09-23T18:04:29.557+00:00,9.403006732463837,3,,,,COMPLETE,1,1
session_002_spin_0022,session_002,22,SUPER,2026-09-23T18:04:29.744+00:00,2026-09-23T18:04:29.877+00:00,2026-09-23T18:04:34.819+00:00,5.075007677078247,3,,,,COMPLETE,1,1
session_002_spin_0023,session_002,23,SUPER,2026-09-23T18:04:34.965+00:00,2026-09-23T18:04:35.082+00:00,2026-09-23T18:04:40.172+00:00,5.207012593746185,3,,,,COMPLETE,1,1
session_002_spin_0024,session_002,24,SUPER,2026-09-23T18:04:40.352+00:00,2026-09-23T18:04:40.496+00:00,2026-09-23T18:05:05.788+00:00,25.43599158525467,3,,,,COMPLETE,1,1
session_002_spin_0025,session_002,25,SUPER,2026-09-23T18:05:05.974+00:00,2026-09-23T18:05:06.503+00:00,2026-09-23T18:05:11.403+00:00,5.429019033908844,3,,,,COMPLETE,1,1
session_002_spin_0026,session_002,26,SUPER,2026-09-23T18:05:11.554+00:00,2026-09-23T18:05:11.680+00:00,2026-09-23T18:05:16.635+00:00,5.081002414226532,3,,,,COMPLETE,1,1
session_002_spin_0027,session_002,27,SUPER,2026-09-23T18:05:16.750+00:00,2026-09-23T18:05:16.889+00:00,2026-09-23T18:05:24.126+00:00,7.375980913639069,3,,,,COMPLETE,1,1
session_002_spin_0028,session_002,28,SUPER,2026-09-23T18:05:24.280+00:00,2026-09-23T18:05:24.414+00:00,2026-09-23T18:05:29.483+00:00,5.202989280223846,3,,,,COMPLETE,1,1
session_002_spin_0029,session_002,29,SUPER,2026-09-23T18:05:29.623+00:00,2026-09-23T18:05:29.755+00:00,2026-09-23T18:05:34.745+00:00,5.121999979019165,3,,,,COMPLETE,1,1
session_002_spin_0030,session_002,30,SUPER,2026-09-23T18:05:34.860+00:00,2026-09-23T18:05:35.005+00:00,2026-09-23T18:06:08.656+00:00,33.7960347533226,3,,,,COMPLETE,1,1
session_002_spin_0031,session_002,31,SUPER,2026-09-23T18:06:08.923+00:00,2026-09-23T18:06:09.206+00:00,2026-09-23T18:06:16.538+00:00,7.615005970001221,3,,,,COMPLETE,1,1
session_002_spin_0032,session_002,32,SUPER,2026-09-23T18:06:16.653+00:00,2026-09-23T18:06:16.812+00:00,2026-09-23T18:06:22.066+00:00,5.413006246089935,3,,,,COMPLETE,1,1
session_002_spin_0033,session_002,33,SUPER,2026-09-23T18:06:22.217+00:00,2026-09-23T18:06:22.403+00:00,2026-09-23T18:06:27.342+00:00,5.125017464160919,3,,,,COMPLETE,1,1
session_002_spin_0034,session_002,34,SUPER,2026-09-23T18:06:27.492+00:00,2026-09-23T18:06:27.657+00:00,2026-09-23T18:08:24.549+00:00,117.05697923898697,3,,,,COMPLETE,1,1
session_002_spin_0035,session_002,35,SUPER,2026-09-23T18:08:24.824+00:00,2026-09-23T18:08:25.122+00:00,2026-09-23T18:08:32.415+00:00,7.590986788272858,3,,,,COMPLETE,1,1
session_002_spin_0036,session_002,36,SUPER,2026-09-23T18:08:32.609+00:00,2026-09-23T18:08:32.733+00:00,2026-09-23T18:08:40.036+00:00,7.426996529102325,3,,,,COMPLETE,1,1
session_002_spin_0037,session_002,37,SUPER,2026-09-23T18:08:40.153+00:00,2026-09-23T18:08:40.305+00:00,2026-09-23T18:08:45.255+00:00,5.102004110813141,3,,,,COMPLETE,1,1
session_002_spin_0038,session_002,38,SUPER,2026-09-23T18:08:45.395+00:00,2026-09-23T18:08:45.530+00:00,2026-09-23T18:08:50.560+00:00,5.164968967437744,3,,,,COMPLETE,1,1
session_002_spin_0039,session_002,39,SUPER,2026-09-23T18:08:50.709+00:00,2026-09-23T18:08:50.840+00:00,2026-09-23T18:08:56.226+00:00,5.517008900642395,3,,,,COMPLETE,1,1
session_002_spin_0040,session_002,40,SUPER,2026-09-23T18:08:56.425+00:00,2026-09-23T18:08:56.550+00:00,2026-09-23T18:09:01.532+00:00,5.106993019580841,3,,,,COMPLETE,1,1
session_002_spin_0041,session_002,41,SUPER,2026-09-23T18:09:01.684+00:00,2026-09-23T18:09:01.816+00:00,2026-09-23T18:09:10.998+00:00,9.314011037349701,3,,,,COMPLETE,1,1
session_002_spin_0042,session_002,42,SUPER,2026-09-23T18:09:11.195+00:00,2026-09-23T18:09:11.341+00:00,2026-09-23T18:09:42.795+00:00,31.599989533424377,3,,,,COMPLETE,1,1
session_002_spin_0043,session_002,43,SUPER,2026-09-23T18:09:43.057+00:00,2026-09-23T18:09:43.355+00:00,2026-09-23T18:09:50.469+00:00,7.412029802799225,3,,,,COMPLETE,1,1
session_002_spin_0044,session_002,44,SUPER,2026-09-23T18:09:50.655+00:00,2026-09-23T18:09:50.795+00:00,2026-09-23T18:14:36.819+00:00,286.1639678478241,3,,,,COMPLETE,1,1
session_002_spin_0045,session_002,45,SUPER,2026-09-23T18:14:37.101+00:00,2026-09-23T18:14:37.431+00:00,2026-09-23T18:16:14.848+00:00,97.7469652891159,3,,,,COMPLETE,1,1
session_002_spin_0046,session_002,46,SUPER,2026-09-23T18:16:15.106+00:00,2026-09-23T18:16:15.426+00:00,2026-09-23T18:16:20.136+00:00,5.029986798763275,3,,,,COMPLETE,1,1
session_002_spin_0047,session_002,47,SUPER,2026-09-23T18:16:20.283+00:00,2026-09-23T18:16:20.431+00:00,2026-09-23T18:16:25.995+00:00,5.71201890707016,3,,,,COMPLETE,1,1
session_002_spin_0048,session_002,48,SUPER,2026-09-23T18:16:26.118+00:00,2026-09-23T18:16:26.283+00:00,2026-09-23T18:16:33.991+00:00,7.872980833053589,3,,,,COMPLETE,1,1
session_002_spin_0049,session_002,49,SUPER,2026-09-23T18:16:34.130+00:00,2026-09-23T18:16:34.298+00:00,2026-09-23T18:17:41.343+00:00,67.21299290657043,3,,,,COMPLETE,1,1
session_002_spin_0050,session_002,50,SUPER,2026-09-23T18:17:41.635+00:00,2026-09-23T18:17:42.111+00:00,2026-09-23T18:17:47.168+00:00,5.53499311208725,3,,,,COMPLETE,1,1
session_002_spin_0051,session_002,51,SUPER,2026-09-23T18:17:47.350+00:00,2026-09-23T18:17:47.572+00:00,2026-09-23T18:17:52.633+00:00,5.2830129861831665,3,,,,COMPLETE,1,1
session_002_spin_0052,session_002,52,SUPER,2026-09-23T18:17:52.828+00:00,2026-09-23T18:17:52.967+00:00,2026-09-23T18:21:07.443+00:00,194.61499750614166,3,,,,COMPLETE,1,1
session_002_spin_0053,session_002,53,SUPER,2026-09-23T18:21:07.704+00:00,2026-09-23T18:21:08.020+00:00,2026-09-23T18:21:12.851+00:00,5.146984755992889,3,,,,COMPLETE,1,1
session_002_spin_0054,session_002,54,SUPER,2026-09-23T18:21:13.031+00:00,2026-09-23T18:21:13.185+00:00,2026-09-23T18:21:22.693+00:00,9.66198742389679,3,,,,COMPLETE,1,1
session_002_spin_0055,session_002,55,SUPER,2026-09-23T18:21:22.859+00:00,2026-09-23T18:21:22.989+00:00,2026-09-23T18:21:28.220+00:00,5.361025035381317,3,,,,COMPLETE,1,1
session_002_spin_0056,session_002,56,SUPER,2026-09-23T18:21:28.413+00:00,2026-09-23T18:21:28.597+00:00,2026-09-23T18:26:03.435+00:00,275.02200454473495,3,,,,COMPLETE,1,1
session_002_spin_0057,session_002,57,SUPER,2026-09-23T18:26:03.750+00:00,2026-09-23T18:26:04.050+00:00,2026-09-23T18:26:13.346+00:00,9.596005082130432,3,,,,COMPLETE,1,1
session_002_spin_0058,session_002,58,SUPER,2026-09-23T18:26:13.478+00:00,2026-09-23T18:26:13.672+00:00,2026-09-23T18:26:18.685+00:00,5.207012593746185,3,,,,COMPLETE,1,1
session_002_spin_0059,session_002,59,SUPER,2026-09-23T18:26:19.239+00:00,2026-09-23T18:26:19.448+00:00,2026-09-23T18:26:24.791+00:00,5.552011728286743,3,,,,COMPLETE,1,1
session_002_spin_0060,session_002,60,SUPER,2026-09-23T18:26:24.970+00:00,2026-09-23T18:26:25.096+00:00,2026-09-23T18:28:28.148+00:00,123.1780081987381,3,,,,COMPLETE,1,1
session_002_spin_0061,session_002,61,SUPER,2026-09-23T18:28:28.403+00:00,2026-09-23T18:28:28.705+00:00,2026-09-23T18:28:33.613+00:00,5.209989845752716,3,,,,COMPLETE,1,1
session_002_spin_0062,session_002,62,SUPER,2026-09-23T18:28:33.741+00:00,2026-09-23T18:28:33.881+00:00,2026-09-23T18:28:39.134+00:00,5.392970144748688,3,,,,COMPLETE,1,1
session_002_spin_0063,session_002,63,SUPER,2026-09-23T18:28:39.284+00:00,2026-09-23T18:28:39.438+00:00,2026-09-23T18:28:48.498+00:00,9.213991463184357,3,,,,COMPLETE,1,1
session_002_spin_0064,session_002,64,SUPER,2026-09-23T18:28:48.647+00:00,2026-09-23T18:28:48.798+00:00,2026-09-23T18:28:55.856+00:00,7.209013402462006,3,,,,COMPLETE,1,1
session_002_spin_0065,session_002,65,SUPER,2026-09-23T18:28:56.048+00:00,2026-09-23T18:28:56.171+00:00,2026-09-23T18:29:01.301+00:00,5.2529990673065186,3,,,,COMPLETE,1,1
session_002_spin_0066,session_002,66,SUPER,2026-09-23T18:29:01.457+00:00,2026-09-23T18:29:01.605+00:00,2026-09-23T18:30:22.885+00:00,81.427963078022,3,,,,COMPLETE,1,1
session_002_spin_0067,session_002,67,SUPER,2026-09-23T18:30:23.223+00:00,2026-09-23T18:30:23.515+00:00,2026-09-23T18:30:30.771+00:00,7.548017799854279,3,,,,COMPLETE,1,1
session_002_spin_0068,session_002,68,SUPER,2026-09-23T18:30:30.928+00:00,2026-09-23T18:30:31.050+00:00,2026-09-23T18:30:36.269+00:00,5.341029167175293,3,,,,COMPLETE,1,1
session_002_spin_0069,session_002,69,SUPER,2026-09-23T18:30:36.449+00:00,2026-09-23T18:30:36.597+00:00,2026-09-23T18:30:41.522+00:00,5.073036253452301,3,,,,COMPLETE,1,1
session_002_spin_0070,session_002,70,SUPER,2026-09-23T18:30:41.655+00:00,2026-09-23T18:30:41.769+00:00,2026-09-23T18:30:47.116+00:00,5.461004376411438,3,,,,COMPLETE,1,1
session_002_spin_0071,session_002,71,SUPER,2026-09-23T18:30:47.305+00:00,2026-09-23T18:30:47.435+00:00,2026-09-23T18:30:54.600+00:00,7.294991612434387,3,,,,COMPLETE,1,1
session_002_spin_0072,session_002,72,SUPER,2026-09-23T18:30:54.752+00:00,2026-09-23T18:30:54.886+00:00,2026-09-23T18:31:00.031+00:00,5.278989672660828,3,,,,COMPLETE,1,1
session_002_spin_0073,session_002,73,SUPER,2026-09-23T18:31:00.187+00:00,2026-09-23T18:31:00.335+00:00,2026-09-23T18:31:07.525+00:00,7.33800083398819,3,,,,COMPLETE,1,1
session_002_spin_0074,session_002,74,SUPER,2026-09-23T18:31:07.649+00:00,2026-09-23T18:31:07.771+00:00,2026-09-23T18:31:13.142+00:00,5.492989718914032,3,,,,COMPLETE,1,1
session_002_spin_0075,session_002,75,SUPER,2026-09-23T18:31:13.328+00:00,2026-09-23T18:31:13.461+00:00,2026-09-23T18:31:20.745+00:00,7.417018711566925,3,,,,COMPLETE,1,1
session_002_spin_0076,session_002,76,SUPER,2026-09-23T18:31:20.911+00:00,2026-09-23T18:31:21.047+00:00,2026-09-23T18:31:49.588+00:00,28.677012026309967,3,,,,COMPLETE,1,1
session_002_spin_0077,session_002,77,SUPER,2026-09-23T18:31:49.823+00:00,2026-09-23T18:31:50.103+00:00,2026-09-23T18:31:55.091+00:00,5.2680060267448425,3,,,,COMPLETE,1,1
session_002_spin_0078,session_002,78,SUPER,2026-09-23T18:31:55.232+00:00,2026-09-23T18:31:55.347+00:00,2026-09-23T18:32:00.757+00:00,5.524975061416626,3,,,,COMPLETE,1,1
session_002_spin_0079,session_002,79,SUPER,2026-09-23T18:32:00.880+00:00,2026-09-23T18:32:01.037+00:00,2026-09-23T18:32:08.222+00:00,7.342024147510529,3,,,,COMPLETE,1,1
session_002_spin_0080,session_002,80,SUPER,2026-09-23T18:32:08.380+00:00,2026-09-23T18:32:08.550+00:00,2026-09-23T18:39:03.090+00:00,414.7100016474724,3,,,,COMPLETE,1,1
session_002_spin_0081,session_002,81,SUPER,2026-09-23T18:39:03.375+00:00,2026-09-23T18:39:03.754+00:00,2026-09-23T18:57:10.340+00:00,1086.964975297451,3,,,,COMPLETE,1,1
session_002_spin_0082,session_002,82,SUPER,2026-09-23T18:57:10.616+00:00,2026-09-23T18:57:10.912+00:00,2026-09-23T18:57:18.392+00:00,7.776018977165222,3,,,,COMPLETE,1,1
session_002_spin_0083,session_002,83,SUPER,2026-09-23T18:57:18.571+00:00,2026-09-23T18:57:18.712+00:00,2026-09-23T18:57:25.940+00:00,7.368980348110199,3,,,,COMPLETE,1,1
session_002_spin_0084,session_002,84,SUPER,2026-09-23T18:57:26.099+00:00,2026-09-23T18:57:26.235+00:00,2026-09-23T18:57:31.195+00:00,5.096009373664856,3,,,,COMPLETE,1,1
session_002_spin_0085,session_002,85,SUPER,2026-09-23T18:57:31.378+00:00,2026-09-23T18:57:31.498+00:00,2026-09-23T18:57:36.981+00:00,5.60302734375,3,,,,COMPLETE,1,1
session_002_spin_0086,session_002,86,SUPER,2026-09-23T18:57:37.109+00:00,2026-09-23T18:57:37.258+00:00,2026-09-23T18:57:46.587+00:00,9.478001296520233,3,,,,COMPLETE,1,1
session_002_spin_0087,session_002,87,SUPER,2026-09-23T18:57:46.788+00:00,2026-09-23T18:57:46.956+00:00,2026-09-23T18:57:51.939+00:00,5.151008069515228,3,,,,COMPLETE,1,1
session_002_spin_0088,session_002,88,SUPER,2026-09-23T18:57:52.088+00:00,2026-09-23T18:57:52.217+00:00,2026-09-23T18:57:57.527+00:00,5.438996851444244,3,,,,COMPLETE,1,1
session_002_spin_0089,session_002,89,SUPER,2026-09-23T18:57:57.651+00:00,2026-09-23T18:57:57.784+00:00,2026-09-23T18:58:05.064+00:00,7.41303563117981,3,,,,COMPLETE,1,1
session_002_spin_0090,session_002,90,SUPER,2026-09-23T18:58:05.240+00:00,2026-09-23T18:58:05.366+00:00,2026-09-23T18:59:58.629+00:00,113.38900476694107,3,,,,COMPLETE,1,1
session_002_spin_0091,session_002,91,SUPER,2026-09-23T18:59:58.907+00:00,2026-09-23T18:59:59.205+00:00,2026-09-23T19:00:06.617+00:00,7.709996402263641,3,,,,COMPLETE,1,1
session_002_spin_0092,session_002,92,SUPER,2026-09-23T19:00:06.795+00:00,2026-09-23T19:00:07.029+00:00,2026-09-23T19:00:12.033+00:00,5.237992107868195,3,,,,COMPLETE,1,1
session_002_spin_0093,session_002,93,SUPER,2026-09-23T19:00:12.183+00:00,2026-09-23T19:00:12.369+00:00,2026-09-23T19:01:16.421+00:00,64.2380341887474,3,,,,COMPLETE,1,1
session_002_spin_0094,session_002,94,SUPER,2026-09-23T19:01:16.700+00:00,2026-09-23T19:01:17.057+00:00,2026-09-23T19:01:24.334+00:00,7.63399600982666,3,,,,COMPLETE,1,1
session_002_spin_0095,session_002,95,SUPER,2026-09-23T19:01:24.522+00:00,2026-09-23T19:01:24.671+00:00,2026-09-23T19:01:31.970+00:00,7.447998225688934,3,,,,COMPLETE,1,1
session_002_spin_0096,session_002,96,SUPER,2026-09-23T19:01:32.123+00:00,2026-09-23T19:01:32.277+00:00,2026-09-23T19:01:37.271+00:00,5.147990584373474,3,,,,COMPLETE,1,1
session_002_spin_0097,session_002,97,SUPER,2026-09-23T19:01:37.431+00:00,2026-09-23T19:01:37.567+00:00,2026-09-23T19:01:44.692+00:00,7.260994613170624,3,,,,COMPLETE,1,1
session_002_spin_0098,session_002,98,SUPER,2026-09-23T19:01:44.821+00:00,2026-09-23T19:01:44.959+00:00,2026-09-23T19:03:11.693+00:00,86.8720293045044,3,,,,COMPLETE,1,1
session_002_spin_0099,session_002,99,SUPER,2026-09-23T19:03:12.010+00:00,2026-09-23T19:03:12.324+00:00,2026-09-23T19:03:21.365+00:00,9.355008602142334,3,,,,COMPLETE,1,1
session_002_spin_0100,session_002,100,SUPER,2026-09-23T19:03:21.554+00:00,2026-09-23T19:03:21.680+00:00,2026-09-23T19:04:06.076+00:00,44.521987438201904,3,,,,COMPLETE,1,1
session_003_spin_0001,session_003,1,SUPER,2026-09-23T19:08:45.793+00:00,2026-09-23T19:08:51.219+00:00,2026-09-23T19:08:59.089+00:00,13.296005129814148,3,,,,COMPLETE,1,1
session_003_spin_0002,session_003,2,SUPER,2026-09-23T19:08:59.405+00:00,2026-09-23T19:08:59.751+00:00,2026-09-23T19:09:07.126+00:00,7.72102028131485,3,,,,COMPLETE,1,1
session_003_spin_0003,session_003,3,SUPER,2026-09-23T19:09:07.319+00:00,2026-09-23T19:09:07.480+00:00,2026-09-23T19:09:12.588+00:00,5.269011855125427,3,,,,COMPLETE,1,1
session_003_spin_0004,session_003,4,SUPER,2026-09-23T19:09:12.743+00:00,2026-09-23T19:09:12.935+00:00,2026-09-23T19:09:18.054+00:00,5.311015248298645,3,,,,COMPLETE,1,1
session_003_spin_0005,session_003,5,SUPER,2026-09-23T19:09:18.222+00:00,2026-09-23T19:09:18.383+00:00,2026-09-23T19:15:24.080+00:00,365.8580034971237,3,,,,COMPLETE,1,1
session_003_spin_0006,session_003,6,SUPER,2026-09-23T19:15:24.368+00:00,2026-09-23T19:15:24.721+00:00,2026-09-23T19:15:30.798+00:00,6.429979205131531,3,,,,COMPLETE,1,1
session_003_spin_0007,session_003,7,SUPER,2026-09-23T19:15:31.121+00:00,2026-09-23T19:15:31.447+00:00,2026-09-23T19:15:40.823+00:00,9.702019393444061,3,,,,COMPLETE,1,1
session_003_spin_0008,session_003,8,SUPER,2026-09-23T19:15:41.021+00:00,2026-09-23T19:15:41.193+00:00,2026-09-23T19:53:55.188+00:00,2294.166997075081,3,,,,COMPLETE,1,1
session_003_spin_0009,session_003,9,SUPER,2026-09-23T19:54:57.537+00:00,2026-09-23T19:55:02.491+00:00,2026-09-23T19:58:02.232+00:00,184.69499498605728,3,,,,COMPLETE,1,1
session_003_spin_0010,session_003,10,SUPER,2026-09-23T19:58:02.475+00:00,2026-09-23T19:58:02.756+00:00,2026-09-23T19:58:07.791+00:00,5.316004157066345,3,,,,COMPLETE,1,1
session_003_spin_0011,session_003,11,SUPER,2026-09-23T19:58:07.935+00:00,2026-09-23T19:58:08.088+00:00,2026-09-23T19:58:15.545+00:00,7.6100170612335205,3,,,,COMPLETE,1,1
session_003_spin_0012,session_003,12,SUPER,2026-09-23T19:58:15.662+00:00,2026-09-23T19:58:15.810+00:00,2026-09-23T19:58:22.902+00:00,7.239992916584015,3,,,,COMPLETE,1,1
session_003_spin_0013,session_003,13,SUPER,2026-09-23T19:58:23.046+00:00,2026-09-23T19:58:23.192+00:00,2026-09-23T19:58:30.596+00:00,7.549989223480225,3,,,,COMPLETE,1,1
session_003_spin_0014,session_003,14,SUPER,2026-09-23T19:58:30.745+00:00,2026-09-23T19:58:30.894+00:00,2026-09-23T19:58:35.919+00:00,5.173981189727783,3,,,,COMPLETE,1,1
session_003_spin_0015,session_003,15,SUPER,2026-09-23T19:58:36.090+00:00,2026-09-23T19:58:36.220+00:00,2026-09-23T19:58:43.323+00:00,7.232992351055145,3,,,,COMPLETE,1,1
session_003_spin_0016,session_003,16,SUPER,2026-09-23T19:58:43.467+00:00,2026-09-23T19:58:43.599+00:00,2026-09-23T19:58:48.939+00:00,5.471988022327423,3,,,,COMPLETE,1,1
session_003_spin_0017,session_003,17,SUPER,2026-09-23T19:58:49.083+00:00,2026-09-23T19:58:49.199+00:00,2026-09-23T19:58:54.462+00:00,5.379009246826172,3,,,,COMPLETE,1,1
session_003_spin_0018,session_003,18,SUPER,2026-09-23T19:58:54.605+00:00,2026-09-23T19:58:54.725+00:00,2026-09-23T19:59:01.934+00:00,7.328988611698151,3,,,,COMPLETE,1,1
session_003_spin_0019,session_003,19,SUPER,2026-09-23T19:59:02.071+00:00,2026-09-23T19:59:02.214+00:00,2026-09-23T19:59:09.332+00:00,7.260994613170624,3,,,,COMPLETE,1,1
session_003_spin_0020,session_003,20,SUPER,2026-09-23T19:59:09.471+00:00,2026-09-23T19:59:09.587+00:00,2026-09-23T19:59:15.201+00:00,5.729962885379791,3,,,,COMPLETE,1,1
session_003_spin_0021,session_003,21,SUPER,2026-09-23T19:59:15.304+00:00,2026-09-23T19:59:15.497+00:00,2026-09-23T19:59:22.791+00:00,7.486984133720398,3,,,,COMPLETE,1,1
session_003_spin_0022,session_003,22,SUPER,2026-09-23T19:59:22.905+00:00,2026-09-23T19:59:23.059+00:00,2026-09-23T19:59:28.073+00:00,5.168026685714722,3,,,,COMPLETE,1,1
session_003_spin_0023,session_003,23,SUPER,2026-09-23T19:59:28.247+00:00,2026-09-23T19:59:28.375+00:00,2026-09-23T19:59:33.478+00:00,5.230991542339325,3,,,,COMPLETE,1,1
session_003_spin_0024,session_003,24,SUPER,2026-09-23T19:59:33.598+00:00,2026-09-23T19:59:33.735+00:00,2026-09-23T19:59:38.932+00:00,5.334028601646423,3,,,,COMPLETE,1,1
session_003_spin_0025,session_003,25,SUPER,2026-09-23T19:59:39.118+00:00,2026-09-23T19:59:39.273+00:00,2026-09-23T19:59:44.385+00:00,5.267000198364258,3,,,,COMPLETE,1,1
session_003_spin_0026,session_003,26,SUPER,2026-09-23T19:59:44.522+00:00,2026-09-23T19:59:44.628+00:00,2026-09-23T19:59:50.030+00:00,5.507996678352356,3,,,,COMPLETE,1,1
session_003_spin_0027,session_003,27,SUPER,2026-09-23T19:59:50.194+00:00,2026-09-23T19:59:50.333+00:00,2026-09-23T20:10:18.292+00:00,628.0980214476585,3,,,,COMPLETE,1,1
session_003_spin_0028,session_003,28,SUPER,2026-09-23T20:10:18.522+00:00,2026-09-23T20:10:18.802+00:00,2026-09-23T20:10:23.776+00:00,5.254004895687103,3,,,,COMPLETE,1,1
session_003_spin_0029,session_003,29,SUPER,2026-09-23T20:10:23.943+00:00,2026-09-23T20:10:24.058+00:00,2026-09-23T20:10:29.693+00:00,5.749998986721039,3,,,,COMPLETE,1,1
session_003_spin_0030,session_003,30,SUPER,2026-09-23T20:10:29.829+00:00,2026-09-23T20:10:30.024+00:00,2026-09-23T20:10:37.550+00:00,7.72102028131485,3,,,,COMPLETE,1,1
session_003_spin_0031,session_003,31,SUPER,2026-09-23T20:10:37.702+00:00,2026-09-23T20:10:37.903+00:00,2026-09-23T20:10:47.015+00:00,9.313005208969116,3,,,,COMPLETE,1,1
session_003_spin_0032,session_003,32,SUPER,2026-09-23T20:10:47.156+00:00,2026-09-23T20:10:47.304+00:00,2026-09-23T20:13:47.149+00:00,179.9930289387703,3,,,,COMPLETE,1,1
session_003_spin_0033,session_003,33,SUPER,2026-09-23T20:13:47.445+00:00,2026-09-23T20:13:47.791+00:00,2026-09-23T20:17:41.324+00:00,233.87899696826935,3,,,,COMPLETE,1,1
session_003_spin_0034,session_003,34,SUPER,2026-09-23T20:17:41.580+00:00,2026-09-23T20:17:41.978+00:00,2026-09-24T02:27:34.923+00:00,22193.34298968315,3,,,,COMPLETE,1,1
session_003_spin_0035,session_003,35,SUPER,2026-09-24T02:27:35.157+00:00,2026-09-24T02:27:35.468+00:00,2026-09-24T02:27:40.470+00:00,5.312986671924591,3,,,,COMPLETE,1,1
session_003_spin_0036,session_003,36,SUPER,2026-09-24T02:27:40.593+00:00,2026-09-24T02:27:40.755+00:00,2026-09-24T02:27:45.897+00:00,5.303974449634552,3,,,,COMPLETE,1,1
session_003_spin_0037,session_003,37,SUPER,2026-09-24T02:27:46.046+00:00,2026-09-24T02:27:46.192+00:00,2026-09-24T02:27:51.551+00:00,5.504979193210602,3,,,,COMPLETE,1,1
session_003_spin_0038,session_003,38,SUPER,2026-09-24T02:27:51.698+00:00,2026-09-24T02:27:51.876+00:00,2026-09-24T02:29:27.746+00:00,96.04800045490265,3,,,,COMPLETE,1,1
session_003_spin_0039,session_003,39,SUPER,2026-09-24T02:29:27.991+00:00,2026-09-24T02:29:28.268+00:00,2026-09-24T02:29:33.667+00:00,5.676010251045227,3,,,,COMPLETE,1,1
session_003_spin_0040,session_003,40,SUPER,2026-09-24T02:29:33.847+00:00,2026-09-24T02:29:34.005+00:00,2026-09-24T02:29:38.861+00:00,5.01401424407959,3,,,,COMPLETE,1,1
session_003_spin_0041,session_003,41,SUPER,2026-09-24T02:29:39.014+00:00,2026-09-24T02:29:39.152+00:00,2026-09-24T02:29:44.499+00:00,5.485023558139801,3,,,,COMPLETE,1,1
session_003_spin_0042,session_003,42,SUPER,2026-09-24T02:29:44.679+00:00,2026-09-24T02:29:44.834+00:00,2026-09-24T02:29:52.493+00:00,7.813999056816101,3,,,,COMPLETE,1,1
session_003_spin_0043,session_003,43,SUPER,2026-09-24T02:29:52.642+00:00,2026-09-24T02:29:52.843+00:00,2026-09-24T02:30:00.194+00:00,7.552000880241394,3,,,,COMPLETE,1,1
session_003_spin_0044,session_003,44,SUPER,2026-09-24T02:30:00.321+00:00,2026-09-24T02:30:00.449+00:00,2026-09-24T02:30:07.856+00:00,7.534982264041901,3,,,,COMPLETE,1,1
session_003_spin_0045,session_003,45,SUPER,2026-09-24T02:30:07.959+00:00,2026-09-24T02:30:08.097+00:00,2026-09-24T02:30:13.485+00:00,5.526021122932434,3,,,,COMPLETE,1,1
session_003_spin_0046,session_003,46,SUPER,2026-09-24T02:30:13.672+00:00,2026-09-24T02:30:13.869+00:00,2026-09-24T02:30:18.803+00:00,5.130971968173981,3,,,,COMPLETE,1,1
session_003_spin_0047,session_003,47,SUPER,2026-09-24T02:30:18.962+00:00,2026-09-24T02:30:19.154+00:00,2026-09-24T02:34:59.212+00:00,280.25001883506775,3,,,,COMPLETE,1,1
session_003_spin_0048,session_003,48,SUPER,2026-09-24T02:35:21.933+00:00,2026-09-24T02:35:27.100+00:00,2026-09-24T02:35:34.754+00:00,12.821012735366821,3,,,,COMPLETE,1,1
session_003_spin_0049,session_003,49,SUPER,2026-09-24T02:35:34.967+00:00,2026-09-24T02:35:35.132+00:00,2026-09-24T02:35:39.989+00:00,5.022020637989044,3,,,,COMPLETE,1,1
session_003_spin_0050,session_003,50,SUPER,2026-09-24T02:35:40.121+00:00,2026-09-24T02:35:40.262+00:00,2026-09-24T02:35:48.044+00:00,7.922990620136261,3,,,,COMPLETE,1,1
session_003_spin_0051,session_003,51,SUPER,2026-09-24T02:35:48.250+00:00,2026-09-24T02:35:48.450+00:00,2026-09-24T02:35:53.401+00:00,5.151008069515228,3,,,,COMPLETE,1,1
session_003_spin_0052,session_003,52,SUPER,2026-09-24T02:35:53.555+00:00,2026-09-24T02:35:53.694+00:00,2026-09-24T02:35:59.037+00:00,5.4819658398628235,3,,,,COMPLETE,1,1
session_003_spin_0053,session_003,53,SUPER,2026-09-24T02:35:59.195+00:00,2026-09-24T02:35:59.417+00:00,2026-09-24T02:36:07.024+00:00,7.829006016254425,3,,,,COMPLETE,1,1
session_003_spin_0054,session_003,54,SUPER,2026-09-24T02:36:07.187+00:00,2026-09-24T02:36:07.321+00:00,2026-09-24T02:39:43.423+00:00,216.23700857162476,3,,,,COMPLETE,1,1
session_003_spin_0055,session_003,55,SUPER,2026-09-24T02:39:43.698+00:00,2026-09-24T02:39:44.432+00:00,2026-09-24T02:39:51.924+00:00,8.225986361503601,3,,,,COMPLETE,1,1
session_003_spin_0056,session_003,56,SUPER,2026-09-24T02:39:52.103+00:00,2026-09-24T02:39:52.231+00:00,2026-09-24T02:39:57.471+00:00,5.368025600910187,3,,,,COMPLETE,1,1
session_003_spin_0057,session_003,57,SUPER,2026-09-24T02:39:57.619+00:00,2026-09-24T02:39:57.788+00:00,2026-09-24T02:40:05.450+00:00,7.8310176730155945,3,,,,COMPLETE,1,1
session_003_spin_0058,session_003,58,SUPER,2026-09-24T02:40:05.632+00:00,2026-09-24T02:40:05.791+00:00,2026-09-24T02:40:13.406+00:00,7.774007320404053,3,,,,COMPLETE,1,1
session_003_spin_0059,session_003,59,SUPER,2026-09-24T02:40:13.532+00:00,2026-09-24T02:40:13.679+00:00,2026-09-24T02:40:21.599+00:00,8.066985011100769,3,,,,COMPLETE,1,1
session_003_spin_0060,session_003,60,SUPER,2026-09-24T02:40:21.737+00:00,2026-09-24T02:40:21.923+00:00,2026-09-24T02:40:27.103+00:00,5.366013944149017,3,,,,COMPLETE,1,1
session_003_spin_0061,session_003,61,SUPER,2026-09-24T02:40:27.262+00:00,2026-09-24T02:40:27.405+00:00,2026-09-24T02:40:32.596+00:00,5.3339883685112,3,,,,COMPLETE,1,1
session_003_spin_0062,session_003,62,SUPER,2026-09-24T02:40:32.787+00:00,2026-09-24T02:40:32.955+00:00,2026-09-24T02:40:38.146+00:00,5.358973145484924,3,,,,COMPLETE,1,1
session_003_spin_0063,session_003,63,SUPER,2026-09-24T02:40:38.269+00:00,2026-09-24T02:40:38.407+00:00,2026-09-24T02:40:43.919+00:00,5.650019645690918,3,,,,COMPLETE,1,1
session_003_spin_0064,session_003,64,SUPER,2026-09-24T02:40:44.056+00:00,2026-09-24T02:40:44.257+00:00,2026-09-24T02:42:27.403+00:00,103.34701538085938,3,,,,COMPLETE,1,1
session_003_spin_0065,session_003,65,SUPER,2026-09-24T02:42:27.640+00:00,2026-09-24T02:42:28.304+00:00,2026-09-24T02:42:33.090+00:00,5.450020730495453,3,,,,COMPLETE,1,1
session_003_spin_0066,session_003,66,SUPER,2026-09-24T02:42:33.260+00:00,2026-09-24T02:42:33.377+00:00,2026-09-24T02:45:26.346+00:00,173.08600544929504,3,,,,COMPLETE,1,1
session_003_spin_0067,session_003,67,SUPER,2026-09-24T02:45:26.484+00:00,2026-09-24T02:45:26.667+00:00,2026-09-24T02:45:34.329+00:00,7.845018804073334,3,,,,COMPLETE,1,1
session_003_spin_0068,session_003,68,SUPER,2026-09-24T02:45:34.503+00:00,2026-09-24T02:45:34.711+00:00,2026-09-24T02:45:42.320+00:00,7.817016541957855,3,,,,COMPLETE,1,1
session_003_spin_0069,session_003,69,SUPER,2026-09-24T02:45:42.437+00:00,2026-09-24T02:45:42.707+00:00,2026-09-24T02:45:53.013+00:00,10.576003789901733,3,,,,COMPLETE,1,1
session_003_spin_0070,session_003,70,SUPER,2026-09-24T02:45:53.155+00:00,2026-09-24T02:45:53.308+00:00,2026-09-24T02:45:58.120+00:00,4.965010285377502,3,,,,COMPLETE,1,1
session_003_spin_0071,session_003,71,SUPER,2026-09-24T02:45:58.264+00:00,2026-09-24T02:45:58.396+00:00,2026-09-24T02:46:03.641+00:00,5.376997590065002,3,,,,COMPLETE,1,1
session_003_spin_0072,session_003,72,SUPER,2026-09-24T02:46:03.763+00:00,2026-09-24T02:46:04.061+00:00,2026-09-24T02:46:08.920+00:00,5.157002806663513,3,,,,COMPLETE,1,1
session_003_spin_0073,session_003,73,SUPER,2026-09-24T02:46:09.044+00:00,2026-09-24T02:46:09.199+00:00,2026-09-24T02:46:16.685+00:00,7.64099657535553,3,,,,COMPLETE,1,1
session_003_spin_0074,session_003,74,SUPER,2026-09-24T02:46:16.937+00:00,2026-09-24T02:46:17.110+00:00,2026-09-24T02:46:24.671+00:00,7.734015583992004,3,,,,COMPLETE,1,1
session_003_spin_0075,session_003,75,SUPER,2026-09-24T02:46:24.822+00:00,2026-09-24T02:46:24.981+00:00,2026-09-24T02:48:33.377+00:00,128.5550057888031,3,,,,COMPLETE,1,1
session_003_spin_0076,session_003,76,SUPER,2026-09-24T02:48:33.635+00:00,2026-09-24T02:48:34.372+00:00,2026-09-24T02:48:39.436+00:00,5.801014602184296,3,,,,COMPLETE,1,1
session_003_spin_0077,session_003,77,SUPER,2026-09-24T02:48:39.575+00:00,2026-09-24T02:48:39.772+00:00,2026-09-24T02:48:44.904+00:00,5.3289994597435,3,,,,COMPLETE,1,1
session_003_spin_0078,session_003,78,SUPER,2026-09-24T02:48:45.032+00:00,2026-09-24T02:48:45.162+00:00,2026-09-24T02:48:50.279+00:00,5.247004330158234,3,,,,COMPLETE,1,1
session_003_spin_0079,session_003,79,SUPER,2026-09-24T02:48:50.462+00:00,2026-09-24T02:48:50.590+00:00,2026-09-24T02:48:56.017+00:00,5.554988980293274,3,,,,COMPLETE,1,1
session_003_spin_0080,session_003,80,SUPER,2026-09-24T02:48:56.174+00:00,2026-09-24T02:48:56.332+00:00,2026-09-24T02:49:01.444+00:00,5.270017683506012,3,,,,COMPLETE,1,1
session_003_spin_0081,session_003,81,SUPER,2026-09-24T02:49:01.635+00:00,2026-09-24T02:49:01.766+00:00,2026-09-24T02:49:09.355+00:00,7.720014452934265,3,,,,COMPLETE,1,1
session_003_spin_0082,session_003,82,SUPER,2026-09-24T02:49:09.494+00:00,2026-09-24T02:49:09.648+00:00,2026-09-24T02:49:15.117+00:00,5.622982978820801,3,,,,COMPLETE,1,1
session_003_spin_0083,session_003,83,SUPER,2026-09-24T02:49:15.267+00:00,2026-09-24T02:49:15.428+00:00,2026-09-24T02:49:20.675+00:00,5.408017337322235,3,,,,COMPLETE,1,1
session_003_spin_0084,session_003,84,SUPER,2026-09-24T02:49:20.814+00:00,2026-09-24T02:49:20.961+00:00,2026-09-24T02:50:42.415+00:00,81.6010057926178,3,,,,COMPLETE,1,1
session_003_spin_0085,session_003,85,SUPER,2026-09-24T02:50:42.702+00:00,2026-09-24T02:50:43.570+00:00,2026-09-24T02:50:53.157+00:00,10.455022752285004,3,,,,COMPLETE,1,1
session_003_spin_0086,session_003,86,SUPER,2026-09-24T02:50:53.384+00:00,2026-09-24T02:50:53.571+00:00,2026-09-24T02:51:03.422+00:00,10.037966072559357,3,,,,COMPLETE,1,1
session_003_spin_0087,session_003,87,SUPER,2026-09-24T02:51:03.607+00:00,2026-09-24T02:51:03.783+00:00,2026-09-24T02:51:11.173+00:00,7.566002011299133,3,,,,COMPLETE,1,1
session_003_spin_0088,session_003,88,SUPER,2026-09-24T02:51:11.313+00:00,2026-09-24T02:51:11.435+00:00,2026-09-24T02:51:16.956+00:00,5.643019080162048,3,,,,COMPLETE,1,1
session_003_spin_0089,session_003,89,SUPER,2026-09-24T02:51:17.164+00:00,2026-09-24T02:51:17.384+00:00,2026-09-24T02:51:24.938+00:00,7.774007320404053,3,,,,COMPLETE,1,1
session_003_spin_0090,session_003,90,SUPER,2026-09-24T02:51:25.107+00:00,2026-09-24T02:51:25.286+00:00,2026-09-24T02:54:38.911+00:00,193.80401819944382,3,,,,COMPLETE,1,1
session_003_spin_0091,session_003,91,SUPER,2026-09-24T02:54:39.222+00:00,2026-09-24T02:54:39.956+00:00,2026-09-24T02:54:47.592+00:00,8.36998075246811,3,,,,COMPLETE,1,1
session_003_spin_0092,session_003,92,SUPER,2026-09-24T02:54:47.779+00:00,2026-09-24T02:54:47.935+00:00,2026-09-24T02:54:55.803+00:00,8.02401602268219,3,,,,COMPLETE,1,1
session_003_spin_0093,session_003,93,SUPER,2026-09-24T02:54:55.959+00:00,2026-09-24T02:54:56.181+00:00,2026-09-24T02:55:01.133+00:00,5.173981189727783,3,,,,COMPLETE,1,1
session_003_spin_0094,session_003,94,SUPER,2026-09-24T02:55:01.321+00:00,2026-09-24T02:55:01.480+00:00,2026-09-24T02:55:09.221+00:00,7.900017499923706,3,,,,COMPLETE,1,1
session_003_spin_0095,session_003,95,SUPER,2026-09-24T02:55:09.372+00:00,2026-09-24T02:55:09.560+00:00,2026-09-24T02:55:17.390+00:00,8.017981052398682,3,,,,COMPLETE,1,1
session_003_spin_0096,session_003,96,SUPER,2026-09-24T02:55:17.577+00:00,2026-09-24T02:55:17.756+00:00,2026-09-24T02:55:25.215+00:00,7.638019323348999,3,,,,COMPLETE,1,1
session_003_spin_0097,session_003,97,SUPER,2026-09-24T02:55:25.363+00:00,2026-09-24T02:55:25.477+00:00,2026-09-24T02:55:30.747+00:00,5.383998155593872,3,,,,COMPLETE,1,1
session_003_spin_0098,session_003,98,SUPER,2026-09-24T02:55:30.877+00:00,2026-09-24T02:55:31.025+00:00,2026-09-24T02:56:29.358+00:00,58.480994403362274,3,,,,COMPLETE,1,1
session_003_spin_0099,session_003,99,SUPER,2026-09-24T02:56:29.644+00:00,2026-09-24T02:56:30.392+00:00,2026-09-24T02:56:39.132+00:00,9.488019347190857,3,,,,COMPLETE,1,1
session_003_spin_0100,session_003,100,SUPER,2026-09-24T02:56:39.268+00:00,2026-09-24T02:56:39.412+00:00,2026-09-24T02:56:45.006+00:00,5.738009512424469,3,,,,COMPLETE,1,1
session_003_spin_0101,session_003,101,SUPER,2026-09-24T02:56:45.153+00:00,2026-09-24T02:56:45.358+00:00,2026-09-24T02:56:52.950+00:00,7.796980440616608,3,,,,COMPLETE,1,1
session_003_spin_0102,session_003,102,SUPER,2026-09-24T02:56:53.090+00:00,2026-09-24T02:56:53.242+00:00,2026-09-24T02:56:58.138+00:00,5.04797101020813,3,,,,COMPLETE,1,1
session_003_spin_0103,session_003,103,SUPER,2026-09-24T02:56:58.294+00:00,2026-09-24T02:56:58.449+00:00,2026-09-24T02:57:07.876+00:00,9.582003951072693,3,,,,COMPLETE,1,1
session_003_spin_0104,session_003,104,SUPER,2026-09-24T02:57:08.045+00:00,2026-09-24T02:57:08.211+00:00,,,3,,,,COLLECT_SENT,1,1
session_004_spin_0001,session_004,1,SUPER,2026-09-24T03:00:25.229+00:00,2026-09-24T03:00:25.995+00:00,2026-09-24T03:00:33.646+00:00,8.41701328754425,3,,,,COMPLETE,1,1
session_004_spin_0002,session_004,2,SUPER,2026-09-24T03:00:33.796+00:00,2026-09-24T03:00:33.953+00:00,2026-09-24T03:00:39.097+00:00,5.300997197628021,3,,,,COMPLETE,1,1
session_004_spin_0003,session_004,3,SUPER,2026-09-24T03:00:39.255+00:00,2026-09-24T03:00:39.510+00:00,2026-09-24T03:00:47.023+00:00,7.768012583255768,3,,,,COMPLETE,1,1
session_004_spin_0004,session_004,4,SUPER,2026-09-24T03:00:47.166+00:00,2026-09-24T03:00:47.342+00:00,2026-09-24T03:00:56.726+00:00,9.5599964261055,3,,,,COMPLETE,1,1
session_004_spin_0005,session_004,5,SUPER,2026-09-24T03:00:56.844+00:00,2026-09-24T03:00:57.429+00:00,2026-09-24T03:01:04.601+00:00,7.757028937339783,3,,,,COMPLETE,1,1
session_004_spin_0006,session_004,6,SUPER,2026-09-24T03:01:04.757+00:00,2026-09-24T03:01:04.896+00:00,2026-09-24T03:01:10.558+00:00,5.801014602184296,3,,,,COMPLETE,1,1
session_004_spin_0007,session_004,7,SUPER,2026-09-24T03:01:10.807+00:00,2026-09-24T03:01:11.004+00:00,2026-09-24T03:01:15.923+00:00,5.115965008735657,3,,,,COMPLETE,1,1
session_004_spin_0008,session_004,8,SUPER,2026-09-24T03:01:16.070+00:00,2026-09-24T03:01:16.302+00:00,2026-09-24T04:06:55.340+00:00,3939.2700031399727,3,,,,COMPLETE,1,1
session_004_spin_0009,session_004,9,SUPER,2026-09-24T04:06:55.679+00:00,2026-09-24T04:06:56.473+00:00,2026-09-24T04:07:07.589+00:00,11.910013854503632,3,,,,COMPLETE,1,1
session_004_spin_0010,session_004,10,SUPER,2026-09-24T04:07:07.753+00:00,2026-09-24T04:07:07.867+00:00,2026-09-24T04:07:26.655+00:00,18.90200972557068,3,,,,COMPLETE,1,1
session_004_spin_0011,session_004,11,SUPER,2026-09-24T04:07:26.797+00:00,2026-09-24T04:07:26.907+00:00,2026-09-24T04:07:45.671+00:00,18.8740074634552,3,,,,COMPLETE,1,1
session_004_spin_0012,session_004,12,SUPER,2026-09-24T04:07:45.829+00:00,2026-09-24T04:07:45.947+00:00,2026-09-24T04:08:04.754+00:00,18.924982845783234,3,,,,COMPLETE,1,1
session_004_spin_0013,session_004,13,SUPER,2026-09-24T04:08:04.919+00:00,2026-09-24T04:08:05.043+00:00,2026-09-24T04:08:23.698+00:00,18.77901703119278,3,,,,COMPLETE,1,1
session_004_spin_0014,session_004,14,SUPER,2026-09-24T04:08:23.843+00:00,2026-09-24T04:08:23.963+00:00,2026-09-24T04:08:37.874+00:00,14.030984044075012,3,,,,COMPLETE,1,1
session_004_spin_0015,session_004,15,SUPER,2026-09-24T04:08:38.044+00:00,2026-09-24T04:08:38.163+00:00,2026-09-24T04:08:52.200+00:00,14.15598839521408,3,,,,COMPLETE,1,1
session_004_spin_0016,session_004,16,SUPER,2026-09-24T04:08:52.362+00:00,2026-09-24T04:08:52.488+00:00,2026-09-24T04:10:15.324+00:00,82.96197205781937,3,,,,COMPLETE,1,1
session_004_spin_0017,session_004,17,SUPER,2026-09-24T04:10:15.679+00:00,2026-09-24T04:10:16.494+00:00,2026-09-24T04:10:33.967+00:00,18.288011848926544,3,,,,COMPLETE,1,1
session_004_spin_0018,session_004,18,SUPER,2026-09-24T04:10:34.100+00:00,2026-09-24T04:10:34.220+00:00,2026-09-24T04:10:53.080+00:00,18.98002177476883,3,,,,COMPLETE,1,1
session_004_spin_0019,session_004,19,SUPER,2026-09-24T04:10:53.211+00:00,2026-09-24T04:10:53.345+00:00,2026-09-24T04:11:47.315+00:00,54.1039913892746,3,,,,COMPLETE,1,1
session_004_spin_0020,session_004,20,SUPER,2026-09-24T04:11:47.644+00:00,2026-09-24T04:11:48.459+00:00,2026-09-24T04:12:00.798+00:00,13.15402239561081,3,,,,COMPLETE,1,1
session_004_spin_0021,session_004,21,SUPER,2026-09-24T04:12:00.982+00:00,2026-09-24T04:12:01.169+00:00,2026-09-24T04:12:14.964+00:00,13.982020318508148,3,,,,COMPLETE,1,1
session_004_spin_0022,session_004,22,SUPER,2026-09-24T04:12:15.108+00:00,2026-09-24T04:12:15.226+00:00,2026-09-24T04:12:34.658+00:00,19.550004601478577,3,,,,COMPLETE,1,1
session_004_spin_0023,session_004,23,SUPER,2026-09-24T04:12:34.811+00:00,2026-09-24T04:12:34.969+00:00,2026-09-24T04:12:48.834+00:00,14.023017883300781,3,,,,COMPLETE,1,1
session_004_spin_0024,session_004,24,SUPER,2026-09-24T04:12:48.993+00:00,2026-09-24T04:12:49.124+00:00,2026-09-24T04:13:03.170+00:00,14.17699009180069,3,,,,COMPLETE,1,1
session_004_spin_0025,session_004,25,SUPER,2026-09-24T04:13:03.320+00:00,2026-09-24T04:13:03.433+00:00,2026-09-24T04:13:22.362+00:00,19.041980803012848,3,,,,COMPLETE,1,1
session_004_spin_0026,session_004,26,SUPER,2026-09-24T04:13:22.516+00:00,2026-09-24T04:13:22.638+00:00,2026-09-24T04:13:41.393+00:00,18.87698471546173,3,,,,COMPLETE,1,1
session_004_spin_0027,session_004,27,SUPER,2026-09-24T04:13:41.543+00:00,2026-09-24T04:13:41.692+00:00,2026-09-24T04:13:58.967+00:00,17.425011098384857,3,,,,COMPLETE,1,1
session_004_spin_0028,session_004,28,SUPER,2026-09-24T04:13:59.123+00:00,2026-09-24T04:13:59.245+00:00,2026-09-24T04:14:18.511+00:00,19.38798576593399,3,,,,COMPLETE,1,1
session_004_spin_0029,session_004,29,SUPER,2026-09-24T04:14:18.675+00:00,2026-09-24T04:14:18.887+00:00,2026-09-24T04:14:30.217+00:00,11.542001366615295,3,,,,COMPLETE,1,1
session_004_spin_0030,session_004,30,SUPER,2026-09-24T04:14:30.450+00:00,2026-09-24T04:14:30.733+00:00,2026-09-24T04:14:45.112+00:00,14.66200053691864,3,,,,COMPLETE,1,1
session_004_spin_0031,session_004,31,SUPER,2026-09-24T04:14:45.231+00:00,2026-09-24T04:14:45.637+00:00,2026-09-24T04:15:03.372+00:00,18.140999972820282,3,,,,COMPLETE,1,1
session_004_spin_0032,session_004,32,SUPER,2026-09-24T04:15:03.619+00:00,2026-09-24T04:15:03.790+00:00,2026-09-24T04:15:17.907+00:00,14.288033545017242,3,,,,COMPLETE,1,1
session_004_spin_0033,session_004,33,SUPER,2026-09-24T04:15:18.088+00:00,2026-09-24T04:15:18.231+00:00,2026-09-24T04:15:36.994+00:00,18.906033039093018,3,,,,COMPLETE,1,1
session_004_spin_0034,session_004,34,SUPER,2026-09-24T04:15:37.175+00:00,2026-09-24T04:15:37.327+00:00,2026-09-24T04:15:51.305+00:00,14.129997789859772,3,,,,COMPLETE,1,1
session_004_spin_0035,session_004,35,SUPER,2026-09-24T04:15:51.464+00:00,2026-09-24T04:15:51.610+00:00,2026-09-24T04:16:05.535+00:00,14.071016013622284,3,,,,COMPLETE,1,1
session_004_spin_0036,session_004,36,SUPER,2026-09-24T04:16:05.684+00:00,2026-09-24T04:16:05.805+00:00,2026-09-24T04:16:19.699+00:00,14.015011489391327,3,,,,COMPLETE,1,1
session_004_spin_0037,session_004,37,SUPER,2026-09-24T04:16:19.883+00:00,2026-09-24T04:16:19.986+00:00,2026-09-24T04:16:38.703+00:00,18.820014595985413,3,,,,COMPLETE,1,1
session_004_spin_0038,session_004,38,SUPER,2026-09-24T04:16:38.857+00:00,2026-09-24T04:16:38.984+00:00,2026-09-24T04:20:10.110+00:00,211.2530082464218,3,,,,COMPLETE,1,1
session_004_spin_0039,session_004,39,SUPER,2026-09-24T04:20:10.251+00:00,2026-09-24T04:20:10.378+00:00,2026-09-24T04:20:24.289+00:00,14.037984609603882,3,,,,COMPLETE,1,1
session_004_spin_0040,session_004,40,SUPER,2026-09-24T04:20:24.433+00:00,2026-09-24T04:20:24.547+00:00,2026-09-24T04:20:43.373+00:00,18.939989805221558,3,,,,COMPLETE,1,1
session_004_spin_0041,session_004,41,SUPER,2026-09-24T04:20:43.522+00:00,2026-09-24T04:20:43.637+00:00,2026-09-24T04:21:02.936+00:00,19.414016604423523,3,,,,COMPLETE,1,1
session_004_spin_0042,session_004,42,SUPER,2026-09-24T04:21:03.079+00:00,2026-09-24T04:21:03.224+00:00,2026-09-24T04:21:14.570+00:00,11.491025984287262,3,,,,COMPLETE,1,1
session_004_spin_0043,session_004,43,SUPER,2026-09-24T04:21:14.752+00:00,2026-09-24T04:21:14.937+00:00,2026-09-24T04:21:34.410+00:00,19.657990336418152,3,,,,COMPLETE,1,1
session_004_spin_0044,session_004,44,SUPER,2026-09-24T04:21:34.590+00:00,2026-09-24T04:21:34.770+00:00,2026-09-24T04:21:49.231+00:00,14.640998840332031,3,,,,COMPLETE,1,1
session_004_spin_0045,session_004,45,SUPER,2026-09-24T04:21:49.423+00:00,2026-09-24T04:21:49.609+00:00,2026-09-24T04:22:07.100+00:00,17.67699122428894,3,,,,COMPLETE,1,1
session_004_spin_0046,session_004,46,SUPER,2026-09-24T04:22:07.262+00:00,2026-09-24T04:22:07.411+00:00,2026-09-24T04:22:25.999+00:00,18.73701363801956,3,,,,COMPLETE,1,1
session_004_spin_0047,session_004,47,SUPER,2026-09-24T04:22:26.164+00:00,2026-09-24T04:22:26.286+00:00,2026-09-24T04:22:44.912+00:00,18.747997283935547,3,,,,COMPLETE,1,1
session_004_spin_0048,session_004,48,SUPER,2026-09-24T04:22:45.071+00:00,2026-09-24T04:22:45.189+00:00,2026-09-24T04:24:32.842+00:00,107.77101069688797,3,,,,COMPLETE,1,1
session_004_spin_0049,session_004,49,SUPER,2026-09-24T04:24:33.114+00:00,2026-09-24T04:24:33.930+00:00,2026-09-24T04:24:47.750+00:00,14.636009931564331,3,,,,COMPLETE,1,1
session_004_spin_0050,session_004,50,SUPER,2026-09-24T04:24:47.902+00:00,2026-09-24T04:24:48.052+00:00,2026-09-24T04:25:01.978+00:00,14.076004922389984,3,,,,COMPLETE,1,1
session_004_spin_0051,session_004,51,SUPER,2026-09-24T04:25:02.140+00:00,2026-09-24T04:25:02.254+00:00,2026-09-24T04:25:21.137+00:00,18.9970001578331,3,,,,COMPLETE,1,1
session_004_spin_0052,session_004,52,SUPER,2026-09-24T04:25:21.323+00:00,2026-09-24T04:25:21.505+00:00,2026-09-24T04:27:01.443+00:00,100.11999607086182,3,,,,COMPLETE,1,1
session_004_spin_0053,session_004,53,SUPER,2026-09-24T04:27:01.795+00:00,2026-09-24T04:27:02.787+00:00,2026-09-24T04:27:23.759+00:00,21.963992714881897,3,,,,COMPLETE,1,1
session_004_spin_0054,session_004,54,SUPER,2026-09-24T04:27:23.914+00:00,2026-09-24T04:27:24.039+00:00,2026-09-24T04:27:38.199+00:00,14.285016059875488,3,,,,COMPLETE,1,1
session_004_spin_0055,session_004,55,SUPER,2026-09-24T04:27:38.387+00:00,2026-09-24T04:27:38.542+00:00,2026-09-24T04:27:52.481+00:00,14.093989133834839,3,,,,COMPLETE,1,1
session_004_spin_0056,session_004,56,SUPER,2026-09-24T04:27:52.652+00:00,2026-09-24T04:27:52.764+00:00,2026-09-24T04:28:40.877+00:00,48.225004971027374,3,,,,COMPLETE,1,1
session_004_spin_0057,session_004,57,SUPER,2026-09-24T04:28:40.995+00:00,2026-09-24T04:28:41.163+00:00,2026-09-24T04:28:59.083+00:00,18.08801293373108,3,,,,COMPLETE,1,1
session_004_spin_0058,session_004,58,SUPER,2026-09-24T04:28:59.233+00:00,2026-09-24T04:28:59.376+00:00,2026-09-24T04:29:10.840+00:00,11.607018113136292,3,,,,COMPLETE,1,1
session_004_spin_0059,session_004,59,SUPER,2026-09-24T04:29:10.994+00:00,2026-09-24T04:29:11.117+00:00,2026-09-24T04:29:30.135+00:00,19.140994548797607,3,,,,COMPLETE,1,1
session_004_spin_0060,session_004,60,SUPER,2026-09-24T04:29:30.305+00:00,2026-09-24T04:29:30.516+00:00,2026-09-24T04:29:48.698+00:00,18.392980098724365,3,,,,COMPLETE,1,1
session_004_spin_0061,session_004,61,SUPER,2026-09-24T04:29:48.845+00:00,2026-09-24T04:29:49.004+00:00,2026-09-24T04:30:02.932+00:00,14.08698856830597,3,,,,COMPLETE,1,1
session_004_spin_0062,session_004,62,SUPER,2026-09-24T04:30:03.093+00:00,2026-09-24T04:30:03.207+00:00,2026-09-24T04:30:22.553+00:00,19.460003077983856,3,,,,COMPLETE,1,1
session_004_spin_0063,session_004,63,SUPER,2026-09-24T04:30:22.734+00:00,2026-09-24T04:30:22.918+00:00,2026-09-24T04:30:34.188+00:00,11.453971266746521,3,,,,COMPLETE,1,1
session_004_spin_0064,session_004,64,SUPER,2026-09-24T04:30:34.348+00:00,2026-09-24T04:30:34.471+00:00,2026-09-24T04:30:53.332+00:00,18.984004855155945,3,,,,COMPLETE,1,1
session_004_spin_0065,session_004,65,SUPER,2026-09-24T04:30:53.485+00:00,2026-09-24T04:30:53.611+00:00,2026-09-24T04:31:12.310+00:00,18.825003504753113,3,,,,COMPLETE,1,1
session_004_spin_0066,session_004,66,SUPER,2026-09-24T04:31:12.458+00:00,2026-09-24T04:31:12.585+00:00,2026-09-24T04:31:31.321+00:00,18.863023817539215,3,,,,COMPLETE,1,1
session_004_spin_0067,session_004,67,SUPER,2026-09-24T04:31:31.475+00:00,2026-09-24T04:31:31.603+00:00,2026-09-24T04:31:50.518+00:00,19.043026864528656,3,,,,COMPLETE,1,1
session_004_spin_0068,session_004,68,SUPER,2026-09-24T04:31:50.678+00:00,2026-09-24T04:31:50.825+00:00,2026-09-24T04:32:09.568+00:00,18.889980018138885,3,,,,COMPLETE,1,1
session_004_spin_0069,session_004,69,SUPER,2026-09-24T04:32:09.745+00:00,2026-09-24T04:32:09.927+00:00,2026-09-24T04:32:27.650+00:00,17.905032634735107,3,,,,COMPLETE,1,1
session_004_spin_0070,session_004,70,SUPER,2026-09-24T04:32:27.836+00:00,2026-09-24T04:32:27.995+00:00,2026-09-24T04:32:46.549+00:00,18.714000284671783,3,,,,COMPLETE,1,1
session_004_spin_0071,session_004,71,SUPER,2026-09-24T04:32:46.701+00:00,2026-09-24T04:32:46.838+00:00,2026-09-24T04:33:05.506+00:00,18.80500763654709,3,,,,COMPLETE,1,1
session_004_spin_0072,session_004,72,SUPER,2026-09-24T04:33:05.651+00:00,2026-09-24T04:33:05.803+00:00,2026-09-24T04:33:19.874+00:00,14.222976565361023,3,,,,COMPLETE,1,1
session_004_spin_0073,session_004,73,SUPER,2026-09-24T04:33:20.059+00:00,2026-09-24T04:33:20.215+00:00,2026-09-24T04:33:37.464+00:00,17.405015230178833,3,,,,COMPLETE,1,1
session_004_spin_0074,session_004,74,SUPER,2026-09-24T04:33:37.609+00:00,2026-09-24T04:33:37.750+00:00,2026-09-24T04:33:56.543+00:00,18.933995068073273,3,,,,COMPLETE,1,1
session_004_spin_0075,session_004,75,SUPER,2026-09-24T04:33:56.701+00:00,2026-09-24T04:33:56.847+00:00,2026-09-24T04:34:15.565+00:00,18.8640296459198,3,,,,COMPLETE,1,1
session_004_spin_0076,session_004,76,SUPER,2026-09-24T04:34:15.743+00:00,2026-09-24T04:34:15.868+00:00,2026-09-24T04:34:34.628+00:00,18.884991109371185,3,,,,COMPLETE,1,1
session_004_spin_0077,session_004,77,SUPER,2026-09-24T04:34:34.779+00:00,2026-09-24T04:34:34.912+00:00,2026-09-24T04:34:53.642+00:00,18.86298358440399,3,,,,COMPLETE,1,1
session_004_spin_0078,session_004,78,SUPER,2026-09-24T04:34:53.799+00:00,2026-09-24T04:34:53.934+00:00,2026-09-24T04:35:12.777+00:00,18.97801011800766,3,,,,COMPLETE,1,1
session_004_spin_0079,session_004,79,SUPER,2026-09-24T04:35:12.964+00:00,2026-09-24T04:35:13.123+00:00,2026-09-24T04:35:31.652+00:00,18.688009679317474,3,,,,COMPLETE,1,1
session_004_spin_0080,session_004,80,SUPER,2026-09-24T04:35:31.839+00:00,2026-09-24T04:35:32.025+00:00,2026-09-24T04:35:53.248+00:00,21.409016847610474,3,,,,COMPLETE,1,1
session_004_spin_0081,session_004,81,SUPER,2026-09-24T04:35:53.434+00:00,2026-09-24T04:35:53.605+00:00,2026-09-24T04:36:05.126+00:00,11.691990494728088,3,,,,COMPLETE,1,1
session_004_spin_0082,session_004,82,SUPER,2026-09-24T04:36:05.286+00:00,2026-09-24T04:36:05.414+00:00,2026-09-24T04:36:24.255+00:00,18.96899789571762,3,,,,COMPLETE,1,1
session_004_spin_0083,session_004,83,SUPER,2026-09-24T04:36:24.442+00:00,2026-09-24T04:36:24.607+00:00,2026-09-24T04:36:42.509+00:00,18.066971004009247,3,,,,COMPLETE,1,1
session_004_spin_0084,session_004,84,SUPER,2026-09-24T04:36:42.693+00:00,2026-09-24T04:36:42.878+00:00,2026-09-24T04:37:01.437+00:00,18.743973970413208,3,,,,COMPLETE,1,1
session_004_spin_0085,session_004,85,SUPER,2026-09-24T04:37:01.584+00:00,2026-09-24T04:37:01.735+00:00,2026-09-24T04:37:15.682+00:00,14.098012447357178,3,,,,COMPLETE,1,1
session_004_spin_0086,session_004,86,SUPER,2026-09-24T04:37:15.833+00:00,2026-09-24T04:37:15.977+00:00,2026-09-24T04:37:29.931+00:00,14.098012447357178,3,,,,COMPLETE,1,1
session_004_spin_0087,session_004,87,SUPER,2026-09-24T04:37:30.077+00:00,2026-09-24T04:37:30.210+00:00,2026-09-24T04:37:44.382+00:00,14.304971694946289,3,,,,COMPLETE,1,1
session_004_spin_0088,session_004,88,SUPER,2026-09-24T04:37:44.534+00:00,2026-09-24T04:37:44.660+00:00,2026-09-24T04:38:03.485+00:00,18.951013684272766,3,,,,COMPLETE,1,1
session_004_spin_0089,session_004,89,SUPER,2026-09-24T04:38:03.655+00:00,2026-09-24T04:38:03.794+00:00,2026-09-24T04:38:22.600+00:00,18.94501894712448,3,,,,COMPLETE,1,1
session_004_spin_0090,session_004,90,SUPER,2026-09-24T04:38:22.753+00:00,2026-09-24T04:38:22.911+00:00,2026-09-24T04:38:37.217+00:00,14.463973045349121,3,,,,COMPLETE,1,1
session_004_spin_0091,session_004,91,SUPER,2026-09-24T04:38:37.384+00:00,2026-09-24T04:38:37.567+00:00,2026-09-24T04:38:55.309+00:00,17.924988269805908,3,,,,COMPLETE,1,1
session_004_spin_0092,session_004,92,SUPER,2026-09-24T04:38:55.467+00:00,2026-09-24T04:38:55.601+00:00,2026-09-24T04:39:09.727+00:00,14.260031282901764,3,,,,COMPLETE,1,1
session_004_spin_0093,session_004,93,SUPER,2026-09-24T04:39:09.877+00:00,2026-09-24T04:39:10.002+00:00,2026-09-24T04:39:28.810+00:00,18.932989239692688,3,,,,COMPLETE,1,1
session_004_spin_0094,session_004,94,SUPER,2026-09-24T04:39:28.957+00:00,2026-09-24T04:39:29.097+00:00,2026-09-24T04:39:43.497+00:00,14.540013670921326,3,,,,COMPLETE,1,1
session_004_spin_0095,session_004,95,SUPER,2026-09-24T04:39:43.677+00:00,2026-09-24T04:39:43.865+00:00,2026-09-24T04:39:58.217+00:00,14.539973437786102,3,,,,COMPLETE,1,1
session_004_spin_0096,session_004,96,SUPER,2026-09-24T04:39:58.371+00:00,2026-09-24T04:39:58.535+00:00,2026-09-24T04:40:17.055+00:00,18.683986365795135,3,,,,COMPLETE,1,1
session_004_spin_0097,session_004,97,SUPER,2026-09-24T04:40:17.203+00:00,2026-09-24T04:40:17.327+00:00,2026-09-24T04:40:36.299+00:00,19.095973670482635,3,,,,COMPLETE,1,1
session_004_spin_0098,session_004,98,SUPER,2026-09-24T04:40:36.489+00:00,2026-09-24T04:40:36.660+00:00,2026-09-24T04:40:55.083+00:00,18.594990670681,3,,,,COMPLETE,1,1
session_004_spin_0099,session_004,99,SUPER,2026-09-24T04:40:55.239+00:00,2026-09-24T04:40:55.367+00:00,2026-09-24T04:41:14.257+00:00,19.01800185441971,3,,,,COMPLETE,1,1
session_004_spin_0100,session_004,100,SUPER,2026-09-24T04:41:14.411+00:00,2026-09-24T04:41:14.547+00:00,2026-09-24T04:41:33.182+00:00,18.771010637283325,3,,,,COMPLETE,1,1
session_004_spin_0101,session_004,101,SUPER,2026-09-24T04:41:33.342+00:00,2026-09-24T04:41:33.504+00:00,2026-09-24T04:41:45.991+00:00,12.648975849151611,3,,,,COMPLETE,1,1
session_004_spin_0102,session_004,102,SUPER,2026-09-24T04:41:46.141+00:00,2026-09-24T04:41:46.258+00:00,2026-09-24T04:42:05.315+00:00,19.173985719680786,3,,,,COMPLETE,1,1
session_004_spin_0103,session_004,103,SUPER,2026-09-24T04:42:05.501+00:00,2026-09-24T04:42:05.683+00:00,2026-09-24T04:42:23.253+00:00,17.75202602148056,3,,,,COMPLETE,1,1
session_004_spin_0104,session_004,104,SUPER,2026-09-24T04:42:23.445+00:00,2026-09-24T04:42:23.607+00:00,2026-09-24T04:42:41.649+00:00,18.20400506258011,3,,,,COMPLETE,1,1
session_004_spin_0105,session_004,105,SUPER,2026-09-24T04:42:41.829+00:00,2026-09-24T04:42:42.011+00:00,2026-09-24T04:42:56.084+00:00,14.254961907863617,3,,,,COMPLETE,1,1
session_004_spin_0106,session_004,106,SUPER,2026-09-24T04:42:56.232+00:00,2026-09-24T04:42:56.375+00:00,2026-09-24T04:43:10.213+00:00,13.981014490127563,3,,,,COMPLETE,1,1
session_004_spin_0107,session_004,107,SUPER,2026-09-24T04:43:10.365+00:00,2026-09-24T04:43:10.524+00:00,2026-09-24T04:43:24.397+00:00,14.031989872455597,3,,,,COMPLETE,1,1
session_004_spin_0108,session_004,108,SUPER,2026-09-24T04:43:24.542+00:00,2026-09-24T04:43:24.669+00:00,2026-09-24T04:43:38.983+00:00,14.440999925136566,3,,,,COMPLETE,1,1
session_004_spin_0109,session_004,109,SUPER,2026-09-24T04:43:39.134+00:00,2026-09-24T04:43:39.343+00:00,2026-09-24T04:43:57.058+00:00,17.923982441425323,3,,,,COMPLETE,1,1
session_004_spin_0110,session_004,110,SUPER,2026-09-24T04:43:57.209+00:00,2026-09-24T04:43:57.329+00:00,2026-09-24T04:44:16.302+00:00,19.092996418476105,3,,,,COMPLETE,1,1
session_004_spin_0111,session_004,111,SUPER,2026-09-24T04:44:16.452+00:00,2026-09-24T04:44:16.601+00:00,2026-09-24T04:44:31.267+00:00,14.815007150173187,3,,,,COMPLETE,1,1
session_004_spin_0112,session_004,112,SUPER,2026-09-24T04:44:31.425+00:00,2026-09-24T04:44:31.587+00:00,2026-09-24T04:44:45.448+00:00,14.022977650165558,3,,,,COMPLETE,1,1
session_004_spin_0113,session_004,113,SUPER,2026-09-24T04:44:45.605+00:00,2026-09-24T04:44:45.745+00:00,2026-09-24T04:44:59.830+00:00,14.224988222122192,3,,,,COMPLETE,1,1
session_004_spin_0114,session_004,114,SUPER,2026-09-24T04:44:59.990+00:00,2026-09-24T04:45:00.125+00:00,2026-09-24T04:45:14.705+00:00,14.714987576007843,3,,,,COMPLETE,1,1
session_004_spin_0115,session_004,115,SUPER,2026-09-24T04:45:14.867+00:00,2026-09-24T04:45:15.010+00:00,2026-09-24T04:45:26.675+00:00,11.807982623577118,3,,,,COMPLETE,1,1
session_004_spin_0116,session_004,116,SUPER,2026-09-24T04:45:26.835+00:00,2026-09-24T04:45:26.958+00:00,2026-09-24T04:45:46.039+00:00,19.203999638557434,3,,,,COMPLETE,1,1
session_004_spin_0117,session_004,117,SUPER,2026-09-24T04:45:46.178+00:00,2026-09-24T04:45:46.365+00:00,2026-09-24T04:45:57.966+00:00,11.787986755371094,3,,,,COMPLETE,1,1
session_004_spin_0118,session_004,118,SUPER,2026-09-24T04:45:58.133+00:00,2026-09-24T04:45:58.267+00:00,2026-09-24T04:46:17.198+00:00,19.064994156360626,3,,,,COMPLETE,1,1
session_004_spin_0119,session_004,119,SUPER,2026-09-24T04:46:17.378+00:00,2026-09-24T04:46:17.687+00:00,2026-09-24T04:46:32.016+00:00,14.637981355190277,3,,,,COMPLETE,1,1
session_004_spin_0120,session_004,120,SUPER,2026-09-24T04:46:32.179+00:00,2026-09-24T04:46:32.300+00:00,2026-09-24T04:46:51.219+00:00,19.040009379386902,3,,,,COMPLETE,1,1
session_004_spin_0121,session_004,121,SUPER,2026-09-24T04:46:51.367+00:00,2026-09-24T04:46:51.501+00:00,2026-09-24T04:47:10.092+00:00,18.725024163722992,3,,,,COMPLETE,1,1
session_004_spin_0122,session_004,122,SUPER,2026-09-24T04:47:10.242+00:00,2026-09-24T04:47:10.378+00:00,2026-09-24T04:47:24.599+00:00,14.35699313879013,3,,,,COMPLETE,1,1
session_004_spin_0123,session_004,123,SUPER,2026-09-24T04:47:24.752+00:00,2026-09-24T04:47:24.898+00:00,2026-09-24T04:47:36.184+00:00,11.43200397491455,3,,,,COMPLETE,1,1
session_004_spin_0124,session_004,124,SUPER,2026-09-24T04:47:36.340+00:00,2026-09-24T04:47:36.457+00:00,2026-09-24T04:47:55.381+00:00,19.041015207767487,3,,,,COMPLETE,1,1
session_004_spin_0125,session_004,125,SUPER,2026-09-24T04:47:55.534+00:00,2026-09-24T04:47:55.688+00:00,2026-09-24T04:48:13.040+00:00,17.50600039958954,3,,,,COMPLETE,1,1
session_004_spin_0126,session_004,126,SUPER,2026-09-24T04:48:13.198+00:00,2026-09-24T04:48:13.313+00:00,2026-09-24T04:48:32.477+00:00,19.27899420261383,3,,,,COMPLETE,1,1
session_004_spin_0127,session_004,127,SUPER,2026-09-24T04:48:32.628+00:00,2026-09-24T04:48:32.777+00:00,2026-09-24T04:48:51.184+00:00,18.556004762649536,3,,,,COMPLETE,1,1
session_004_spin_0128,session_004,128,SUPER,2026-09-24T04:48:51.335+00:00,2026-09-24T04:48:51.466+00:00,2026-09-24T04:49:10.253+00:00,18.917982280254364,3,,,,COMPLETE,1,1
session_004_spin_0129,session_004,129,SUPER,2026-09-24T04:49:10.411+00:00,2026-09-24T04:49:10.546+00:00,2026-09-24T04:49:29.390+00:00,18.979015946388245,3,,,,COMPLETE,1,1
session_004_spin_0130,session_004,130,SUPER,2026-09-24T04:49:29.567+00:00,2026-09-24T04:49:29.751+00:00,2026-09-24T04:49:46.196+00:00,16.628998517990112,3,,,,COMPLETE,1,1
session_004_spin_0131,session_004,131,SUPER,2026-09-24T04:49:46.347+00:00,2026-09-24T04:49:46.507+00:00,2026-09-24T04:50:05.087+00:00,18.739990890026093,3,,,,COMPLETE,1,1
session_004_spin_0132,session_004,132,SUPER,2026-09-24T04:50:05.211+00:00,2026-09-24T04:50:05.382+00:00,2026-09-24T04:50:22.844+00:00,17.632976174354553,3,,,,COMPLETE,1,1
session_004_spin_0133,session_004,133,SUPER,2026-09-24T04:50:23.040+00:00,2026-09-24T04:50:23.211+00:00,2026-09-24T04:50:41.358+00:00,18.31798553466797,3,,,,COMPLETE,1,1
session_004_spin_0134,session_004,134,SUPER,2026-09-24T04:50:41.500+00:00,2026-09-24T04:50:41.664+00:00,2026-09-24T04:50:53.200+00:00,11.699996888637543,3,,,,COMPLETE,1,1
session_004_spin_0135,session_004,135,SUPER,2026-09-24T04:50:53.381+00:00,2026-09-24T04:50:53.552+00:00,2026-09-24T04:51:11.068+00:00,17.68696904182434,3,,,,COMPLETE,1,1
session_004_spin_0136,session_004,136,SUPER,2026-09-24T04:51:11.210+00:00,2026-09-24T04:51:11.344+00:00,2026-09-24T04:51:25.624+00:00,14.414003491401672,3,,,,COMPLETE,1,1
session_004_spin_0137,session_004,137,SUPER,2026-09-24T04:51:25.833+00:00,2026-09-24T04:51:26.006+00:00,2026-09-24T04:51:40.227+00:00,14.393967390060425,3,,,,COMPLETE,1,1
session_004_spin_0138,session_004,138,SUPER,2026-09-24T04:51:40.382+00:00,2026-09-24T04:51:40.513+00:00,2026-09-24T04:51:59.508+00:00,19.125987589359283,3,,,,COMPLETE,1,1
session_004_spin_0139,session_004,139,SUPER,2026-09-24T04:51:59.692+00:00,2026-09-24T04:51:59.862+00:00,2026-09-24T04:52:18.261+00:00,18.56900006532669,3,,,,COMPLETE,1,1
session_004_spin_0140,session_004,140,SUPER,2026-09-24T04:52:18.432+00:00,2026-09-24T04:52:18.591+00:00,2026-09-24T04:52:37.280+00:00,18.847976624965668,3,,,,COMPLETE,1,1
session_004_spin_0141,session_004,141,SUPER,2026-09-24T04:52:37.437+00:00,2026-09-24T04:52:37.593+00:00,2026-09-24T04:52:51.683+00:00,14.245989918708801,3,,,,COMPLETE,1,1
session_004_spin_0142,session_004,142,SUPER,2026-09-24T04:52:51.821+00:00,2026-09-24T04:52:51.957+00:00,2026-09-24T04:53:06.049+00:00,14.228005707263947,3,,,,COMPLETE,1,1
session_004_spin_0143,session_004,143,SUPER,2026-09-24T04:53:06.198+00:00,2026-09-24T04:53:06.352+00:00,2026-09-24T04:53:23.967+00:00,17.76900440454483,3,,,,COMPLETE,1,1
session_004_spin_0144,session_004,144,SUPER,2026-09-24T04:53:24.115+00:00,2026-09-24T04:53:24.252+00:00,2026-09-24T04:53:38.326+00:00,14.210987091064453,3,,,,COMPLETE,1,1
session_004_spin_0145,session_004,145,SUPER,2026-09-24T04:53:38.527+00:00,2026-09-24T04:53:38.685+00:00,2026-09-24T04:56:51.372+00:00,192.8449809551239,3,,,,COMPLETE,1,1
session_004_spin_0146,session_004,146,SUPER,2026-09-24T04:56:51.661+00:00,2026-09-24T04:56:52.434+00:00,2026-09-24T04:57:03.317+00:00,11.656022071838379,3,,,,COMPLETE,1,1
session_004_spin_0147,session_004,147,SUPER,2026-09-24T04:57:03.470+00:00,2026-09-24T04:57:03.687+00:00,2026-09-24T04:57:22.435+00:00,18.964974582195282,3,,,,COMPLETE,1,1
session_004_spin_0148,session_004,148,SUPER,2026-09-24T04:57:22.585+00:00,2026-09-24T04:57:22.759+00:00,2026-09-24T04:57:41.962+00:00,19.377002120018005,3,,,,COMPLETE,1,1
session_004_spin_0149,session_004,149,SUPER,2026-09-24T04:57:42.162+00:00,2026-09-24T04:57:42.341+00:00,2026-09-24T04:57:53.545+00:00,11.383000016212463,3,,,,COMPLETE,1,1
session_004_spin_0150,session_004,150,SUPER,2026-09-24T04:57:53.694+00:00,2026-09-24T04:57:53.858+00:00,2026-09-24T05:03:09.741+00:00,316.04700833559036,3,,,,COMPLETE,1,1
session_004_spin_0151,session_004,151,SUPER,2026-09-24T05:04:00.319+00:00,2026-09-24T05:04:11.375+00:00,2026-09-24T05:04:25.658+00:00,25.33898949623108,3,,,,COMPLETE,1,1
session_004_spin_0152,session_004,152,SUPER,2026-09-24T05:04:25.835+00:00,2026-09-24T05:04:26.032+00:00,2026-09-24T05:04:40.681+00:00,14.84602689743042,3,,,,COMPLETE,1,1
session_004_spin_0153,session_004,153,SUPER,2026-09-24T05:04:40.856+00:00,2026-09-24T05:04:41.037+00:00,2026-09-24T05:04:54.992+00:00,14.13603276014328,3,,,,COMPLETE,1,1
session_004_spin_0154,session_004,154,SUPER,2026-09-24T05:04:55.147+00:00,2026-09-24T05:04:55.274+00:00,2026-09-24T05:05:14.067+00:00,18.919993937015533,3,,,,COMPLETE,1,1
session_004_spin_0155,session_004,155,SUPER,2026-09-24T05:05:14.228+00:00,2026-09-24T05:05:14.433+00:00,2026-09-24T05:05:31.807+00:00,17.578983306884766,3,,,,COMPLETE,1,1
session_004_spin_0156,session_004,156,SUPER,2026-09-24T05:05:31.972+00:00,2026-09-24T05:05:32.092+00:00,2026-09-24T05:05:50.813+00:00,18.84101629257202,3,,,,COMPLETE,1,1
session_004_spin_0157,session_004,157,SUPER,2026-09-24T05:05:50.948+00:00,2026-09-24T05:05:51.072+00:00,2026-09-24T05:06:09.929+00:00,18.98098737001419,3,,,,COMPLETE,1,1
session_004_spin_0158,session_004,158,SUPER,2026-09-24T05:06:10.104+00:00,2026-09-24T05:06:10.282+00:00,2026-09-24T05:06:27.963+00:00,17.85900592803955,3,,,,COMPLETE,1,1
session_004_spin_0159,session_004,159,SUPER,2026-09-24T05:06:28.130+00:00,2026-09-24T05:06:28.262+00:00,2026-09-24T05:06:47.047+00:00,18.917016685009003,3,,,,COMPLETE,1,1
session_004_spin_0160,session_004,160,SUPER,2026-09-24T05:06:47.249+00:00,2026-09-24T05:06:47.412+00:00,2026-09-24T05:07:01.708+00:00,14.459024369716644,3,,,,COMPLETE,1,1
session_004_spin_0161,session_004,161,SUPER,2026-09-24T05:07:01.856+00:00,2026-09-24T05:07:01.983+00:00,2026-09-24T05:07:20.821+00:00,18.965014815330505,3,,,,COMPLETE,1,1
session_004_spin_0162,session_004,162,SUPER,2026-09-24T05:07:21.003+00:00,2026-09-24T05:07:21.181+00:00,2026-09-24T05:07:35.392+00:00,14.388978481292725,3,,,,COMPLETE,1,1
session_004_spin_0163,session_004,163,SUPER,2026-09-24T05:07:35.549+00:00,2026-09-24T05:07:35.670+00:00,2026-09-24T05:07:54.553+00:00,19.00400072336197,3,,,,COMPLETE,1,1
session_004_spin_0164,session_004,164,SUPER,2026-09-24T05:07:54.713+00:00,2026-09-24T05:07:54.850+00:00,2026-09-24T05:08:13.633+00:00,18.919993937015533,3,,,,COMPLETE,1,1
session_004_spin_0165,session_004,165,SUPER,2026-09-24T05:08:13.837+00:00,2026-09-24T05:08:14.003+00:00,2026-09-24T05:08:32.382+00:00,18.544980883598328,3,,,,COMPLETE,1,1
session_004_spin_0166,session_004,166,SUPER,2026-09-24T05:08:32.563+00:00,2026-09-24T05:08:32.721+00:00,2026-09-24T05:12:38.762+00:00,246.1989864706993,3,,,,COMPLETE,1,1
session_004_spin_0167,session_004,167,SUPER,2026-09-24T05:12:39.104+00:00,2026-09-24T05:12:40.051+00:00,2026-09-24T05:12:56.355+00:00,17.2510027885437,3,,,,COMPLETE,1,1
session_004_spin_0168,session_004,168,SUPER,2026-09-24T05:12:56.508+00:00,2026-09-24T05:12:56.718+00:00,2026-09-24T05:14:44.992+00:00,108.48398208618164,3,,,,COMPLETE,1,1
session_004_spin_0169,session_004,169,SUPER,2026-09-24T05:14:45.259+00:00,2026-09-24T05:14:46.092+00:00,2026-09-24T05:14:57.146+00:00,11.887000501155853,3,,,,COMPLETE,1,1
session_004_spin_0170,session_004,170,SUPER,2026-09-24T05:14:57.286+00:00,2026-09-24T05:14:57.407+00:00,2026-09-24T05:15:16.227+00:00,18.940995633602142,3,,,,COMPLETE,1,1
session_004_spin_0171,session_004,171,SUPER,2026-09-24T05:15:16.375+00:00,2026-09-24T05:15:16.500+00:00,2026-09-24T05:15:35.283+00:00,18.908004462718964,3,,,,COMPLETE,1,1
session_004_spin_0172,session_004,172,SUPER,2026-09-24T05:15:35.465+00:00,2026-09-24T05:15:35.640+00:00,2026-09-24T05:15:49.932+00:00,14.467030763626099,3,,,,COMPLETE,1,1
session_004_spin_0173,session_004,173,SUPER,2026-09-24T05:15:50.083+00:00,2026-09-24T05:15:50.212+00:00,2026-09-24T05:16:09.467+00:00,19.384002685546875,3,,,,COMPLETE,1,1
session_004_spin_0174,session_004,174,SUPER,2026-09-24T05:16:09.627+00:00,2026-09-24T05:16:09.855+00:00,2026-09-24T05:16:24.203+00:00,14.576022326946259,3,,,,COMPLETE,1,1
session_004_spin_0175,session_004,175,SUPER,2026-09-24T05:16:24.380+00:00,2026-09-24T05:16:24.562+00:00,2026-09-24T05:16:38.733+00:00,14.353010058403015,3,,,,COMPLETE,1,1
session_004_spin_0176,session_004,176,SUPER,2026-09-24T05:16:38.933+00:00,2026-09-24T05:16:39.085+00:00,2026-09-24T05:16:53.124+00:00,14.190991222858429,3,,,,COMPLETE,1,1
session_004_spin_0177,session_004,177,SUPER,2026-09-24T05:16:53.278+00:00,2026-09-24T05:16:53.399+00:00,2026-09-24T05:17:12.398+00:00,19.119992852211,3,,,,COMPLETE,1,1
session_004_spin_0178,session_004,178,SUPER,2026-09-24T05:17:12.549+00:00,2026-09-24T05:17:12.768+00:00,2026-09-24T05:17:30.521+00:00,17.97202080488205,3,,,,COMPLETE,1,1
session_004_spin_0179,session_004,179,SUPER,2026-09-24T05:17:30.672+00:00,2026-09-24T05:17:30.812+00:00,2026-09-24T05:17:49.659+00:00,18.986982107162476,3,,,,COMPLETE,1,1
session_004_spin_0180,session_004,180,SUPER,2026-09-24T05:17:49.824+00:00,2026-09-24T05:17:49.968+00:00,2026-09-24T05:18:08.683+00:00,18.859000504016876,3,,,,COMPLETE,1,1
session_004_spin_0181,session_004,181,SUPER,2026-09-24T05:18:08.900+00:00,2026-09-24T05:18:09.081+00:00,2026-09-24T05:18:23.357+00:00,14.457012712955475,3,,,,COMPLETE,1,1
session_004_spin_0182,session_004,182,SUPER,2026-09-24T05:18:23.511+00:00,2026-09-24T05:18:23.667+00:00,2026-09-24T05:18:42.271+00:00,18.76002699136734,3,,,,COMPLETE,1,1
session_004_spin_0183,session_004,183,SUPER,2026-09-24T05:18:42.428+00:00,2026-09-24T05:18:42.581+00:00,2026-09-24T05:19:01.331+00:00,18.903015553951263,3,,,,COMPLETE,1,1
session_004_spin_0184,session_004,184,SUPER,2026-09-24T05:19:01.483+00:00,2026-09-24T05:19:01.648+00:00,2026-09-24T05:19:15.692+00:00,14.208975434303284,3,,,,COMPLETE,1,1
session_004_spin_0185,session_004,185,SUPER,2026-09-24T05:19:15.855+00:00,2026-09-24T05:19:16.059+00:00,2026-09-24T05:20:35.062+00:00,79.20697331428528,3,,,,COMPLETE,1,1
session_004_spin_0186,session_004,186,SUPER,2026-09-24T05:20:35.371+00:00,2026-09-24T05:20:36.239+00:00,2026-09-24T05:20:50.547+00:00,15.176019072532654,3,,,,COMPLETE,1,1
session_004_spin_0187,session_004,187,SUPER,2026-09-24T05:20:50.728+00:00,2026-09-24T05:20:50.894+00:00,2026-09-24T05:21:09.499+00:00,18.770970404148102,3,,,,COMPLETE,1,1
session_004_spin_0188,session_004,188,SUPER,2026-09-24T05:21:09.652+00:00,2026-09-24T05:21:09.798+00:00,2026-09-24T05:21:28.422+00:00,18.77000480890274,3,,,,COMPLETE,1,1
session_004_spin_0189,session_004,189,SUPER,2026-09-24T05:21:28.609+00:00,2026-09-24T05:21:28.778+00:00,2026-09-24T05:21:43.023+00:00,14.414003491401672,3,,,,COMPLETE,1,1
session_004_spin_0190,session_004,190,SUPER,2026-09-24T05:21:43.178+00:00,2026-09-24T05:21:43.309+00:00,2026-09-24T05:22:02.531+00:00,19.352982938289642,3,,,,COMPLETE,1,1
session_004_spin_0191,session_004,191,SUPER,2026-09-24T05:22:02.712+00:00,2026-09-24T05:22:02.890+00:00,2026-09-24T05:22:14.786+00:00,12.074004113674164,3,,,,COMPLETE,1,1
session_004_spin_0192,session_004,192,SUPER,2026-09-24T05:22:14.937+00:00,2026-09-24T05:22:15.149+00:00,2026-09-24T05:22:29.156+00:00,14.218993484973907,3,,,,COMPLETE,1,1
session_004_spin_0193,session_004,193,SUPER,2026-09-24T05:22:29.355+00:00,2026-09-24T05:22:29.546+00:00,2026-09-24T05:22:43.989+00:00,14.633998274803162,3,,,,COMPLETE,1,1
session_004_spin_0194,session_004,194,SUPER,2026-09-24T05:22:44.139+00:00,2026-09-24T05:22:44.298+00:00,2026-09-24T05:22:58.328+00:00,14.189019799232483,3,,,,COMPLETE,1,1
session_004_spin_0195,session_004,195,SUPER,2026-09-24T05:22:58.479+00:00,2026-09-24T05:22:58.636+00:00,2026-09-24T05:23:12.768+00:00,14.288999140262604,3,,,,COMPLETE,1,1
session_004_spin_0196,session_004,196,SUPER,2026-09-24T05:23:12.920+00:00,2026-09-24T05:23:13.049+00:00,2026-09-24T05:23:31.810+00:00,18.89002025127411,3,,,,COMPLETE,1,1
session_004_spin_0197,session_004,197,SUPER,2026-09-24T05:23:31.976+00:00,2026-09-24T05:23:32.105+00:00,2026-09-24T05:23:50.896+00:00,18.919993937015533,3,,,,COMPLETE,1,1
session_004_spin_0198,session_004,198,SUPER,2026-09-24T05:23:51.056+00:00,2026-09-24T05:23:51.270+00:00,2026-09-24T05:24:07.602+00:00,16.546037793159485,3,,,,COMPLETE,1,1
session_004_spin_0199,session_004,199,SUPER,2026-09-24T05:24:07.768+00:00,2026-09-24T05:24:07.970+00:00,2026-09-24T05:24:22.202+00:00,14.43403959274292,3,,,,COMPLETE,1,1
session_004_spin_0200,session_004,200,SUPER,2026-09-24T05:24:22.386+00:00,2026-09-24T05:24:22.538+00:00,2026-09-24T05:24:36.632+00:00,14.245989918708801,3,,,,COMPLETE,1,1
session_004_spin_0201,session_004,201,SUPER,2026-09-24T05:24:36.831+00:00,2026-09-24T05:24:37.085+00:00,2026-09-24T05:24:51.797+00:00,14.966002106666565,3,,,,COMPLETE,1,1
session_004_spin_0202,session_004,202,SUPER,2026-09-24T05:24:51.943+00:00,2026-09-24T05:24:52.076+00:00,2026-09-24T05:25:10.826+00:00,18.88301968574524,3,,,,COMPLETE,1,1
session_004_spin_0203,session_004,203,SUPER,2026-09-24T05:25:10.980+00:00,2026-09-24T05:25:11.139+00:00,2026-09-24T05:25:24.989+00:00,14.009016752243042,3,,,,COMPLETE,1,1
session_004_spin_0204,session_004,204,SUPER,2026-09-24T05:25:25.127+00:00,2026-09-24T05:25:25.278+00:00,2026-09-24T05:25:39.299+00:00,14.17200118303299,3,,,,COMPLETE,1,1
session_004_spin_0205,session_004,205,SUPER,2026-09-24T05:25:39.444+00:00,2026-09-24T05:25:39.593+00:00,2026-09-24T05:25:53.606+00:00,14.161983132362366,3,,,,COMPLETE,1,1
session_004_spin_0206,session_004,206,SUPER,2026-09-24T05:25:53.766+00:00,2026-09-24T05:25:53.912+00:00,2026-09-24T05:26:12.666+00:00,18.89999806880951,3,,,,COMPLETE,1,1
session_004_spin_0207,session_004,207,SUPER,2026-09-24T05:26:12.818+00:00,2026-09-24T05:26:12.950+00:00,2026-09-24T05:26:31.868+00:00,19.049987196922302,3,,,,COMPLETE,1,1
session_004_spin_0208,session_004,208,SUPER,2026-09-24T05:26:32.047+00:00,2026-09-24T05:26:32.246+00:00,2026-09-24T05:26:47.076+00:00,15.029007196426392,3,,,,COMPLETE,1,1
session_004_spin_0209,session_004,209,SUPER,2026-09-24T05:26:47.239+00:00,2026-09-24T05:26:47.449+00:00,2026-09-24T05:27:01.428+00:00,14.18897956609726,3,,,,COMPLETE,1,1
session_004_spin_0210,session_004,210,SUPER,2026-09-24T05:27:01.577+00:00,2026-09-24T05:27:01.723+00:00,2026-09-24T05:27:15.861+00:00,14.28396999835968,3,,,,COMPLETE,1,1
session_004_spin_0211,session_004,211,SUPER,2026-09-24T05:27:16.015+00:00,2026-09-24T05:27:16.142+00:00,2026-09-24T05:27:35.061+00:00,19.046004116535187,3,,,,COMPLETE,1,1
session_004_spin_0212,session_004,212,SUPER,2026-09-24T05:27:35.246+00:00,2026-09-24T05:27:35.413+00:00,2026-09-24T05:27:49.542+00:00,14.295999705791473,3,,,,COMPLETE,1,1
session_004_spin_0213,session_004,213,SUPER,2026-09-24T05:27:49.749+00:00,2026-09-24T05:27:49.961+00:00,2026-09-24T05:28:04.347+00:00,14.597989618778229,3,,,,COMPLETE,1,1
session_004_spin_0214,session_004,214,SUPER,2026-09-24T05:28:04.533+00:00,2026-09-24T05:28:04.702+00:00,2026-09-24T05:28:23.792+00:00,19.25903856754303,3,,,,COMPLETE,1,1
session_004_spin_0215,session_004,215,SUPER,2026-09-24T05:28:23.973+00:00,2026-09-24T05:28:24.231+00:00,2026-09-24T05:28:41.861+00:00,17.888014018535614,3,,,,COMPLETE,1,1
session_004_spin_0216,session_004,216,SUPER,2026-09-24T05:28:42.020+00:00,2026-09-24T05:28:42.200+00:00,2026-09-24T05:29:01.347+00:00,19.326992332935333,3,,,,COMPLETE,1,1
session_004_spin_0217,session_004,217,SUPER,2026-09-24T05:29:01.583+00:00,2026-09-24T05:29:01.826+00:00,2026-09-24T05:30:46.273+00:00,104.68999743461609,3,,,,COMPLETE,1,1
session_004_spin_0218,session_004,218,SUPER,2026-09-24T05:30:46.610+00:00,2026-09-24T05:30:47.376+00:00,2026-09-24T05:30:58.832+00:00,12.222987413406372,3,,,,COMPLETE,1,1
session_004_spin_0219,session_004,219,SUPER,2026-09-24T05:30:58.993+00:00,2026-09-24T05:30:59.151+00:00,2026-09-24T05:31:17.953+00:00,18.960025906562805,3,,,,COMPLETE,1,1
session_004_spin_0220,session_004,220,SUPER,2026-09-24T05:31:18.131+00:00,2026-09-24T05:31:18.313+00:00,2026-09-24T05:31:32.390+00:00,14.258985221385956,3,,,,COMPLETE,1,1
session_004_spin_0221,session_004,221,SUPER,2026-09-24T05:31:32.548+00:00,2026-09-24T05:31:32.669+00:00,2026-09-24T05:31:52.083+00:00,19.534997642040253,3,,,,COMPLETE,1,1
session_004_spin_0222,session_004,222,SUPER,2026-09-24T05:31:52.272+00:00,2026-09-24T05:31:52.507+00:00,2026-09-24T05:32:34.990+00:00,42.7180141210556,3,,,,COMPLETE,1,1
session_004_spin_0223,session_004,223,SUPER,2026-09-24T05:32:35.318+00:00,2026-09-24T05:32:36.147+00:00,2026-09-24T05:34:28.991+00:00,113.67301046848297,3,,,,COMPLETE,1,1
session_004_spin_0224,session_004,224,SUPER,2026-09-24T05:34:29.355+00:00,2026-09-24T05:34:30.240+00:00,2026-09-24T05:35:22.759+00:00,53.40401530265808,3,,,,COMPLETE,1,1
session_004_spin_0225,session_004,225,SUPER,2026-09-24T05:35:23.038+00:00,2026-09-24T05:35:23.879+00:00,2026-09-24T05:35:34.996+00:00,11.958011984825134,3,,,,COMPLETE,1,1
session_004_spin_0226,session_004,226,SUPER,2026-09-24T05:35:35.162+00:00,2026-09-24T05:35:35.347+00:00,2026-09-24T05:35:50.023+00:00,14.86099362373352,3,,,,COMPLETE,1,1
session_004_spin_0227,session_004,227,SUPER,2026-09-24T05:35:50.206+00:00,2026-09-24T05:35:50.401+00:00,2026-09-24T05:36:08.888+00:00,18.681974709033966,3,,,,COMPLETE,1,1
session_004_spin_0228,session_004,228,SUPER,2026-09-24T05:36:09.079+00:00,2026-09-24T05:36:09.307+00:00,2026-09-24T05:36:27.269+00:00,18.19000393152237,3,,,,COMPLETE,1,1
session_004_spin_0229,session_004,229,SUPER,2026-09-24T05:36:27.464+00:00,2026-09-24T05:36:27.643+00:00,2026-09-24T05:37:32.139+00:00,64.67500627040863,3,,,,COMPLETE,1,1
session_004_spin_0230,session_004,230,SUPER,2026-09-24T05:37:32.449+00:00,2026-09-24T05:37:33.239+00:00,2026-09-24T05:37:44.273+00:00,11.823995411396027,3,,,,COMPLETE,1,1
session_004_spin_0231,session_004,231,SUPER,2026-09-24T05:37:44.418+00:00,2026-09-24T05:37:44.542+00:00,2026-09-24T05:38:03.841+00:00,19.423028826713562,3,,,,COMPLETE,1,1
session_004_spin_0232,session_004,232,SUPER,2026-09-24T05:38:04.024+00:00,2026-09-24T05:38:04.191+00:00,2026-09-24T05:38:15.543+00:00,11.518988013267517,3,,,,COMPLETE,1,1
session_004_spin_0233,session_004,233,SUPER,2026-09-24T05:38:15.726+00:00,2026-09-24T05:38:15.904+00:00,2026-09-24T05:39:39.349+00:00,83.62300246953964,3,,,,COMPLETE,1,1
session_004_spin_0234,session_004,234,SUPER,2026-09-24T05:39:39.689+00:00,2026-09-24T05:39:40.610+00:00,2026-09-24T05:39:59.185+00:00,19.495971500873566,3,,,,COMPLETE,1,1
session_004_spin_0235,session_004,235,SUPER,2026-09-24T05:39:59.341+00:00,2026-09-24T05:39:59.495+00:00,2026-09-24T05:40:17.822+00:00,18.480969965457916,3,,,,COMPLETE,1,1
session_004_spin_0236,session_004,236,SUPER,2026-09-24T05:40:17.978+00:00,2026-09-24T05:40:18.168+00:00,2026-09-24T05:40:32.646+00:00,14.667995274066925,3,,,,COMPLETE,1,1
session_004_spin_0237,session_004,237,SUPER,2026-09-24T05:40:32.845+00:00,2026-09-24T05:40:32.991+00:00,2026-09-24T05:40:51.327+00:00,18.482016026973724,3,,,,COMPLETE,1,1
session_004_spin_0238,session_004,238,SUPER,2026-09-24T05:40:51.481+00:00,2026-09-24T05:40:51.637+00:00,2026-09-24T05:41:05.854+00:00,14.37300592660904,3,,,,COMPLETE,1,1
session_004_spin_0239,session_004,239,SUPER,2026-09-24T05:41:06.003+00:00,2026-09-24T05:41:06.130+00:00,2026-09-24T05:41:24.837+00:00,18.83397549390793,3,,,,COMPLETE,1,1
session_004_spin_0240,session_004,240,SUPER,2026-09-24T05:41:24.983+00:00,2026-09-24T05:41:25.106+00:00,2026-09-24T05:41:43.930+00:00,18.946990370750427,3,,,,COMPLETE,1,1
session_004_spin_0241,session_004,241,SUPER,2026-09-24T05:41:44.094+00:00,2026-09-24T05:41:44.298+00:00,2026-09-24T05:42:06.340+00:00,22.245986759662628,3,,,,COMPLETE,1,1
session_004_spin_0242,session_004,242,SUPER,2026-09-24T05:42:06.478+00:00,2026-09-24T05:42:06.598+00:00,2026-09-24T05:42:25.506+00:00,19.02797967195511,3,,,,COMPLETE,1,1
session_004_spin_0243,session_004,243,SUPER,2026-09-24T05:42:25.661+00:00,2026-09-24T05:42:25.803+00:00,2026-09-24T05:42:44.553+00:00,18.891991674900055,3,,,,COMPLETE,1,1
session_004_spin_0244,session_004,244,SUPER,2026-09-24T05:42:44.756+00:00,2026-09-24T05:42:45.004+00:00,2026-09-24T05:43:07.041+00:00,22.284972667694092,3,,,,COMPLETE,1,1
session_004_spin_0245,session_004,245,SUPER,2026-09-24T05:43:07.222+00:00,2026-09-24T05:43:07.398+00:00,2026-09-24T05:43:25.845+00:00,18.62299293279648,3,,,,COMPLETE,1,1
session_004_spin_0246,session_004,246,SUPER,2026-09-24T05:43:25.981+00:00,2026-09-24T05:43:26.182+00:00,2026-09-24T05:43:44.861+00:00,18.880002200603485,3,,,,COMPLETE,1,1
session_004_spin_0247,session_004,247,SUPER,2026-09-24T05:43:45.028+00:00,2026-09-24T05:43:45.201+00:00,2026-09-24T05:43:59.807+00:00,14.779038727283478,3,,,,COMPLETE,1,1
session_004_spin_0248,session_004,248,SUPER,2026-09-24T05:43:59.969+00:00,2026-09-24T05:44:00.118+00:00,2026-09-24T05:44:11.686+00:00,11.717015504837036,3,,,,COMPLETE,1,1
session_004_spin_0249,session_004,249,SUPER,2026-09-24T05:44:11.832+00:00,2026-09-24T05:44:11.966+00:00,2026-09-24T05:44:30.846+00:00,19.01397854089737,3,,,,COMPLETE,1,1
session_004_spin_0250,session_004,250,SUPER,2026-09-24T05:44:31.026+00:00,2026-09-24T05:44:31.200+00:00,2026-09-24T05:44:42.753+00:00,11.726993322372437,3,,,,COMPLETE,1,1
session_004_spin_0251,session_004,251,SUPER,2026-09-24T05:44:42.871+00:00,2026-09-24T05:44:43.045+00:00,2026-09-24T05:44:57.538+00:00,14.66698944568634,3,,,,COMPLETE,1,1
session_004_spin_0252,session_004,252,SUPER,2026-09-24T05:44:57.729+00:00,2026-09-24T05:44:57.886+00:00,2026-09-24T05:45:16.857+00:00,19.127999246120453,3,,,,COMPLETE,1,1
session_004_spin_0253,session_004,253,SUPER,2026-09-24T05:45:17.004+00:00,2026-09-24T05:45:17.133+00:00,2026-09-24T05:45:36.074+00:00,19.07002329826355,3,,,,COMPLETE,1,1
session_004_spin_0254,session_004,254,SUPER,2026-09-24T05:45:36.226+00:00,2026-09-24T05:45:36.446+00:00,2026-09-24T05:45:55.038+00:00,18.81200820207596,3,,,,COMPLETE,1,1
session_004_spin_0255,session_004,255,SUPER,2026-09-24T05:45:55.220+00:00,2026-09-24T05:45:55.391+00:00,2026-09-24T05:46:07.022+00:00,11.802028119564056,3,,,,COMPLETE,1,1
session_004_spin_0256,session_004,256,SUPER,2026-09-24T05:46:07.244+00:00,2026-09-24T05:46:07.433+00:00,2026-09-24T05:46:21.912+00:00,14.667995274066925,3,,,,COMPLETE,1,1
session_004_spin_0257,session_004,257,SUPER,2026-09-24T05:46:22.069+00:00,2026-09-24T05:46:22.195+00:00,2026-09-24T05:46:41.017+00:00,18.947996199131012,3,,,,COMPLETE,1,1
session_004_spin_0258,session_004,258,SUPER,2026-09-24T05:46:41.196+00:00,2026-09-24T05:46:41.372+00:00,2026-09-24T05:46:55.733+00:00,14.536996185779572,3,,,,COMPLETE,1,1
session_004_spin_0259,session_004,259,SUPER,2026-09-24T05:46:55.914+00:00,2026-09-24T05:46:56.077+00:00,2026-09-24T05:47:10.539+00:00,14.624986052513123,3,,,,COMPLETE,1,1
session_004_spin_0260,session_004,260,SUPER,2026-09-24T05:47:10.735+00:00,2026-09-24T05:47:10.882+00:00,2026-09-24T05:47:29.326+00:00,18.591007590293884,3,,,,COMPLETE,1,1
session_004_spin_0261,session_004,261,SUPER,2026-09-24T05:47:29.472+00:00,2026-09-24T05:47:29.628+00:00,2026-09-24T05:47:48.897+00:00,19.425000250339508,3,,,,COMPLETE,1,1
session_004_spin_0262,session_004,262,SUPER,2026-09-24T05:47:49.146+00:00,2026-09-24T05:47:49.292+00:00,2026-09-24T05:48:00.608+00:00,11.462017893791199,3,,,,COMPLETE,1,1
session_004_spin_0263,session_004,263,SUPER,2026-09-24T05:48:00.746+00:00,2026-09-24T05:48:01.019+00:00,2026-09-24T05:48:15.529+00:00,14.78298157453537,3,,,,COMPLETE,1,1
session_004_spin_0264,session_004,264,SUPER,2026-09-24T05:48:15.686+00:00,2026-09-24T05:48:15.838+00:00,2026-09-24T05:48:30.565+00:00,14.878977835178375,3,,,,COMPLETE,1,1
session_004_spin_0265,session_004,265,SUPER,2026-09-24T05:48:30.749+00:00,2026-09-24T05:48:31.048+00:00,2026-09-24T05:48:49.665+00:00,18.916010856628418,3,,,,COMPLETE,1,1
session_004_spin_0266,session_004,266,SUPER,2026-09-24T05:48:49.830+00:00,2026-09-24T05:48:49.956+00:00,2026-09-24T05:49:08.918+00:00,19.088007509708405,3,,,,COMPLETE,1,1
session_004_spin_0267,session_004,267,SUPER,2026-09-24T05:49:09.098+00:00,2026-09-24T05:49:09.271+00:00,2026-09-24T05:49:27.757+00:00,18.65900158882141,3,,,,COMPLETE,1,1
session_004_spin_0268,session_004,268,SUPER,2026-09-24T05:49:27.957+00:00,2026-09-24T05:49:28.119+00:00,2026-09-24T05:49:42.996+00:00,15.038985013961792,3,,,,COMPLETE,1,1
session_004_spin_0269,session_004,269,SUPER,2026-09-24T05:49:43.121+00:00,2026-09-24T05:49:43.302+00:00,2026-09-24T05:49:57.772+00:00,14.651016891002655,3,,,,COMPLETE,1,1
session_004_spin_0270,session_004,270,SUPER,2026-09-24T05:49:57.926+00:00,2026-09-24T05:49:58.076+00:00,2026-09-24T05:50:16.688+00:00,18.761998414993286,3,,,,COMPLETE,1,1
session_004_spin_0271,session_004,271,SUPER,2026-09-24T05:50:16.849+00:00,2026-09-24T05:50:16.974+00:00,2026-09-24T05:54:34.585+00:00,257.7359989285469,3,,,,COMPLETE,1,1
